Gene name,CP number,CP_t,CP_exp,state
0610039H22Rik,1,0,0,initial
0610039H22Rik,2,19.070950288638,2.27096193628171,intermediate
0610039H22Rik,3,60,0.947,final
1500015O10Rik,1,0,0,initial
1500015O10Rik,2,20.4332348330664,1.83623112324377,intermediate
1500015O10Rik,3,60,0,final
2010001M09Rik,1,0,0,initial
2010001M09Rik,2,18.7707026023034,5.08427035251093,intermediate
2010001M09Rik,3,60,2.83,final
2010309G21Rik,1,0,0,initial
2010309G21Rik,2,18,2.686,final
2310043J07Rik,1,0,0,initial
2310043J07Rik,2,17.4746792070406,2.59176512946732,intermediate
2310043J07Rik,3,60,1.4095,final
4933400F03Rik,1,0,0,initial
4933400F03Rik,2,20.0718573043759,0.835079978102101,intermediate
4933400F03Rik,3,60,0.783,final
5031425E22Rik,1,0,0,initial
5031425E22Rik,2,13.0508067650784,-1.11970559168643,intermediate
5031425E22Rik,3,32.9220433974493,2.27644187681701,intermediate
5031425E22Rik,4,60,0.745,final
Adarb2,1,0,0,initial
Adarb2,2,17.9595373218892,3.20362991602448,intermediate
Adarb2,3,60,1.514,final
AI324046,1,0,0,initial
AI324046,2,14,6.983,final
Aicda,1,0,0,initial
Aicda,2,23.3657865976755,3.87755122059294,intermediate
Aicda,3,60,0,final
Alox12e,1,0,0,initial
Alox12e,2,30,3.537,final
Ankrd24,1,0,0,initial
Ankrd24,2,2.87441997942145,-2.98995501837549,intermediate
Ankrd24,3,9.00356486859725,3.16228832291691,intermediate
Ankrd24,4,46.6528252214466,-1.50608167474307,intermediate
Ankrd24,5,60,0.631,final
Aqp3,1,0,0,initial
Aqp3,2,21.7677796711748,6.19417997579514,intermediate
Aqp3,3,60,3.615,final
Asb2,1,0,0,initial
Asb2,2,25.777438480703,4.38888483117039,intermediate
Asb2,3,60,0.9435,final
Bhlha15,1,0,0,initial
Bhlha15,2,60,1.385,final
Blnk,1,0,0,initial
Blnk,2,19.1908139905769,2.73624657076118,intermediate
Blnk,3,60,1.34,final
Cacna1s,1,0,0,initial
Cacna1s,2,20.9729050202038,2.35703621877205,intermediate
Cacna1s,3,60,1.639,final
Ccnk,1,0,0,initial
Ccnk,2,21.9496885501508,3.67864483497821,intermediate
Ccnk,3,60,2.372,final
Cd74,1,0,0,initial
Cd74,2,18.0160477463587,2.06898100501469,intermediate
Cd74,3,40,0.847,final
Cdk19,N/A,N/A,N/A,N/A
Ces2a,1,0,0,initial
Ces2a,2,22.041510378092,1.74465123703126,intermediate
Ces2a,3,60,1.355,final
Cilp,1,0,0,initial
Cilp,2,19.0831139878284,2.62357847566843,intermediate
Cilp,3,60,0,final
Dapl1,1,0,0,initial
Dapl1,2,19.2605549609736,2.5764802392597,intermediate
Dapl1,3,60,1.154,final
Dclk1,1,0,0,initial
Dclk1,2,9.42893117880028,1.40529880828168,intermediate
Dclk1,3,60,0.8455,final
Derl3,1,0,0,initial
Derl3,2,19.9829066168351,2.96795237517723,intermediate
Derl3,3,60,2.397,final
Eaf2,1,0,0,initial
Eaf2,2,18.125462276181,3.73935861625742,intermediate
Eaf2,3,60,2.358,final
F730002C09Rik,N/A,N/A,N/A,N/A
Fcrla,1,0,0,initial
Fcrla,2,16.550449422613,2.14367811152528,intermediate
Fcrla,3,60,0,final
Fxyd4,1,0,0,initial
Fxyd4,2,60,2.5,final
Fzd10,1,0,0,initial
Fzd10,2,19.692964288764,0.63628296211066,intermediate
Fzd10,3,33.395978220708,1.69258787187985,intermediate
Fzd10,4,60,0,final
Galnt12,1,0,0,initial
Galnt12,2,10,0.899,final
Gm1499,1,0,0,initial
Gm1499,2,20.9092496449446,4.83825659376977,intermediate
Gm1499,3,60,3.283,final
Gm1502,1,0,0,initial
Gm1502,2,18,4.86,final
Gm1524,1,0,0,initial
Gm1524,2,18,4.447,final
Gm5222,1,0,0,initial
Gm5222,2,24.0932909701008,-0.046683078913178,intermediate
Gm5222,3,30.4998608057051,2.06897926540127,intermediate
Gm5222,4,60,0,final
Gm5571,1,0,0,initial
Gm5571,2,18.4297147812835,4.50360667687531,intermediate
Gm5571,3,60,2.014,final
Gm10879,1,0,0,initial
Gm10879,2,18.6720226742329,4.2671601428536,intermediate
Gm10879,3,60,3.658,final
Gng13,1,0,0,initial
Gng13,2,22.7881273272278,1.80035982611879,intermediate
Gng13,3,60,0.907,final
H2-DMb2,1,0,0,initial
H2-DMb2,2,20.0558695722452,2.17038506405229,intermediate
H2-DMb2,3,60,0.754,final
Igh-V10,1,0,0,initial
Igh-V10,2,40,4.606,final
Igh-V7183,1,0,0,initial
Igh-V7183,2,22,3.808,final
Igh-VJ558,1,0,0,initial
Igh-VJ558,2,18,4.327,final
Igh-VX24,1,0,0,initial
Igh-VX24,2,18.4928940409265,2.91510457135491,intermediate
Igh-VX24,3,60,2.015,final
Ighg,1,0,0,initial
Ighg,2,18,4.908,final
Ighm,1,0,0,initial
Ighm,2,30,5.356,final
Ighv1-77,1,0,0,initial
Ighv1-77,2,18,3.908,final
Ighv1-54,1,0,0,initial
Ighv1-54,2,22,4.325,final
Igj,1,0,0,initial
Igj,2,18,5.2835,final
Igk-V1,1,0,0,initial
Igk-V1,2,15.4743422862271,4.50062593650253,intermediate
Igk-V1,3,40,3.6225,final
Igk-V19-20,1,0,0,initial
Igk-V19-20,2,21.809763987976,2.89071151445981,intermediate
Igk-V19-20,3,60,2.066,final
Igk-V38,1,0,0,initial
Igk-V38,2,20.3988964005819,4.89780602070902,intermediate
Igk-V38,3,60,4.211,final
Igk-V,1,0,0,initial
Igk-V,2,18.584593398079,6.18762715579231,intermediate
Igk-V,3,60,3.262,final
Igkv3-4,1,0,0,initial
Igkv3-4,2,24.1337655136275,7.30171388203711,intermediate
Igkv3-4,3,60,4.709,final
Igkv6-14,1,0,0,initial
Igkv6-14,2,20.4777544712717,4.84544931892652,intermediate
Igkv6-14,3,60,4.124,final
Igkv13-84,1,0,0,initial
Igkv13-84,2,22.5526452689366,3.1979864630035,intermediate
Igkv13-84,3,60,2.408,final
Iglv1,1,0,0,initial
Iglv1,2,26,4.005,final
Klk4,1,0,0,initial
Klk4,2,20.8827766385269,2.20035466564343,intermediate
Klk4,3,60,1.206,final
Krt5,1,0,0,initial
Krt5,2,5.541473763539,6.91585234084071,intermediate
Krt5,3,60,4.415,final
Krt14,1,0,0,initial
Krt14,2,8.38309472706436,6.06306880558665,intermediate
Krt14,3,60,3.986,final
LOC544905,1,0,0,initial
LOC544905,2,21.6162968917721,8.13749153757159,intermediate
LOC544905,3,60,4.964,final
LOC672291,1,0,0,initial
LOC672291,2,30,4.107,final
LOC672450,1,0,0,initial
LOC672450,2,30,4.5,final
Ltbp2,1,0,0,initial
Ltbp2,2,10.0980377425617,0.470350739735908,intermediate
Ltbp2,3,34.9998601433913,2.22465850178197,intermediate
Ltbp2,4,60,0,final
Ly6d,1,0,0,initial
Ly6d,2,14.297824621243,2.78573298231621,intermediate
Ly6d,3,60,1.619,final
Mef2b,1,0,0,initial
Mef2b,2,22.6444400475307,2.16729234137865,intermediate
Mef2b,3,60,0.721,final
Mpzl2,1,0,0,initial
Mpzl2,2,22.8188029403201,1.5966273143522,intermediate
Mpzl2,3,60,0.808,final
Msln,1,0,0,initial
Msln,2,24.829270337272,1.5787931561316,intermediate
Msln,3,60,0,final
Ngfr,1,0,0,initial
Ngfr,2,21.6795839145641,2.78379820157436,intermediate
Ngfr,3,60,1.066,final
Nxph3,N/A,N/A,N/A,N/A
Oit1,1,0,0,initial
Oit1,2,11.0954302687276,1.59123968622417,intermediate
Oit1,3,60,1.115,final
Olfr978,1,0,0,initial
Olfr978,2,18.9644462418568,2.18794223043452,intermediate
Olfr978,3,60,1.542,final
Oosp1,1,0,0,initial
Oosp1,2,26,2.6955,final
Pglyrp1,1,0,0,initial
Pglyrp1,2,22.9162340256682,4.69206171426932,intermediate
Pglyrp1,3,60,1.912,final
Pla2g2d,1,0,0,initial
Pla2g2d,2,30,2.044,final
Pla2g5,1,0,0,initial
Pla2g5,2,25.45156905688,1.66485595150587,intermediate
Pla2g5,3,60,0,final
Pou2af1,1,0,0,initial
Pou2af1,2,19.6204403019719,4.13041641966275,intermediate
Pou2af1,3,60,2.673,final
Prg2,1,0,0,initial
Prg2,2,60,4.368,final
Prnd,1,0,0,initial
Prnd,2,40,2.322,final
Rab30,1,0,0,initial
Rab30,2,17.3632314330673,1.32103183025077,intermediate
Rab30,3,40,0.864,final
Rab42-ps,N/A,N/A,N/A,N/A
Rgs13,1,0,0,initial
Rgs13,2,25.7130731115823,2.2874726246389,intermediate
Rgs13,3,60,0,final
Sh3gl3,N/A,N/A,N/A,N/A
Shisa4,1,0,0,initial
Shisa4,2,17.0112067664725,1.10065353022913,intermediate
Shisa4,3,40,0.641,final
Slc24a6,1,0,0,initial
Slc24a6,2,60,1.301,final
Sorbs2,1,0,0,initial
Sorbs2,2,40,1.138,final
Sox9,1,0,0,initial
Sox9,2,12.5230299545107,1.07546761224391,intermediate
Sox9,3,60,0.762,final
Sp5,1,0,0,initial
Sp5,2,20.9584337277116,0.840812520669287,intermediate
Sp5,3,60,0.898,final
Sprr2a1,1,0,0,initial
Sprr2a1,2,16.8864595039792,5.89388694150997,intermediate
Sprr2a1,3,40,3.703,final
Sprr2b,1,0,0,initial
Sprr2b,2,18.7714700567282,2.64233978251278,intermediate
Sprr2b,3,60,1.591,final
Sprr2e,1,0,0,initial
Sprr2e,2,21.8419867455106,1.5239003159342,intermediate
Sprr2e,3,60,1.037,final
St8sia6,1,0,0,initial
St8sia6,2,16.8186238456376,1.82472404208628,intermediate
St8sia6,3,60,1.329,final
Tnfrsf13c,1,0,0,initial
Tnfrsf13c,2,20.7030222607809,4.2305255341907,intermediate
Tnfrsf13c,3,60,1.146,final
Tnfrsf17,1,0,0,initial
Tnfrsf17,2,26,2.382,final
Tprn,1,0,0,initial
Tprn,2,24.919893817907,1.33405862680728,intermediate
Tprn,3,60,0.896,final
Trp53,N/A,N/A,N/A,N/A
Trp63,1,0,0,initial
Trp63,2,22.2807144237812,3.98952019487906,intermediate
Trp63,3,60,2.359,final
Tspan33,1,0,0,initial
Tspan33,2,19.5090843322948,1.99770013355628,intermediate
Tspan33,3,60,0.909,final
Unc5b,N/A,N/A,N/A,N/A
Upk3a,1,0,0,initial
Upk3a,2,18.9198427815239,2.39493354693485,intermediate
Upk3a,3,60,0,final
Wdfy4,1,0,0,initial
Wdfy4,2,26,0.964,final
Apoe,N/A,N/A,N/A,N/A
Apol7c,1,0,0,initial
Apol7c,2,11.7734502841915,1.43206300285918,intermediate
Apol7c,3,26,1.072,final
Bank1,N/A,N/A,N/A,N/A
Bcl11a,N/A,N/A,N/A,N/A
Bfsp2,1,0,0,initial
Bfsp2,2,20.9085308319017,2.96035332021232,intermediate
Bfsp2,3,60,0,final
Btla,N/A,N/A,N/A,N/A
Ccr6,1,0,0,initial
Ccr6,2,17.7087077492354,3.55492293008243,intermediate
Ccr6,3,60,1.086,final
Cd19,1,0,0,initial
Cd19,2,8.71512366698866,-1.20728346200389,intermediate
Cd19,3,17.4830226080613,6.13236520089432,intermediate
Cd19,4,42.2614498583452,-2.65851523094052,intermediate
Cd19,5,60,0,final
Cd22,N/A,N/A,N/A,N/A
Cd79b,1,0,0,initial
Cd79b,2,17.685359157043,2.60497506412957,intermediate
Cd79b,3,60,0,final
Clec11a,N/A,N/A,N/A,N/A
Cr2,1,0,0,initial
Cr2,2,11.6206298488192,-0.184469826530167,intermediate
Cr2,3,19.0388877551294,3.99421594449278,intermediate
Cr2,4,26.7452562523167,-0.939423470831592,intermediate
Cr2,5,40,0,final
Cxcr5,1,0,0,initial
Cxcr5,2,16.2666898401978,2.35993583194772,intermediate
Cxcr5,3,60,0,final
Eln,1,0,0,initial
Eln,2,16.7686550034437,3.91055192104958,intermediate
Eln,3,60,-0.705,final
Enpp1,1,0,0,initial
Enpp1,2,11.3935779487145,1.13863327521601,intermediate
Enpp1,3,60,0.848,final
Faim3,1,0,0,initial
Faim3,2,10.4895595094589,-0.84833905311004,intermediate
Faim3,3,12.3755957980156,4.56837016644163,intermediate
Faim3,4,44.5298996944978,-1.05553236067216,intermediate
Faim3,5,60,0,final
Fam167b,1,0,0,initial
Fam167b,2,14.4113232292238,1.59911247797493,intermediate
Fam167b,3,60,0.538,final
Fcrl1,1,0,0,initial
Fcrl1,2,17.3175300479285,1.93816464610686,intermediate
Fcrl1,3,60,0,final
H2-Oa,1,0,0,initial
H2-Oa,2,20.0701616605701,3.02885587797378,intermediate
H2-Oa,3,60,0,final
H2-Ob,1,0,0,initial
H2-Ob,2,18.2713718180861,2.20986832090025,intermediate
H2-Ob,3,60,0,final
Hbb-bh1,1,0,0,initial
Hbb-bh1,2,12.9338360208184,-0.631535412596455,intermediate
Hbb-bh1,3,13.2026721470951,3.84965052023788,intermediate
Hbb-bh1,4,30.106905671073,-1.19802690462278,intermediate
Hbb-bh1,5,40,0,final
Irf4,1,0,0,initial
Irf4,2,13.800499245507,2.93692764413555,intermediate
Irf4,3,38.9732691683436,-1.21230000740972,intermediate
Irf4,4,60,1.166,final
Itgae,1,0,0,initial
Itgae,2,6.76597674494006,-0.464258355491443,intermediate
Itgae,3,12.1934028251541,2.9274148001836,intermediate
Itgae,4,22,1.152,final
Kcnj10,1,0,0,initial
Kcnj10,2,22.1984477281495,2.44622982817473,intermediate
Kcnj10,3,60,0,final
Krt17,1,0,0,initial
Krt17,2,18.5847218310118,6.3116728606904,intermediate
Krt17,3,60,2.239,final
Lta,1,0,0,initial
Lta,2,14.9442306279165,2.94837437571496,intermediate
Lta,3,40,0.871,final
Mex3a,1,0,0,initial
Mex3a,2,7.70550499093961,-1.2146122228533,intermediate
Mex3a,3,15.0153867375472,4.26969945859853,intermediate
Mex3a,4,28.1197362415767,-1.2657583379321,intermediate
Mex3a,5,40,0,final
Mfap5,1,0,0,initial
Mfap5,2,6.51596997594858,-2.13215190362558,intermediate
Mfap5,3,23.0900851729128,5.68431950253707,intermediate
Mfap5,4,24.9511413958116,-1.29594969361881,intermediate
Mfap5,5,40,0,final
Ms4a1,1,0,0,initial
Ms4a1,2,17.1499288193486,2.38249022368581,intermediate
Ms4a1,3,60,0,final
Nrcam,1,0,0,initial
Nrcam,2,7.28107089877441,-2.38076092308178,intermediate
Nrcam,3,11.9087226598903,8.08415472575621,intermediate
Nrcam,4,33.0053288904633,-5.89726751757792,intermediate
Nrcam,5,40.4128050683,2.96715272365092,intermediate
Nrcam,6,60,0,final
Prp2,1,0,0,initial
Prp2,2,2.34463386750134,-1.01930679460498,intermediate
Prp2,3,29.6367955202841,3.91796358285748,intermediate
Prp2,4,37.1326722834566,-1.75211621887761,intermediate
Prp2,5,60,0.565,final
Spib,1,0,0,initial
Spib,2,19.6365017640891,3.76099637503969,intermediate
Spib,3,60,0.706,final
Wnt10a,1,0,0,initial
Wnt10a,2,17.3406559781057,5.65193271901317,intermediate
Wnt10a,3,60,2.39,final
Xcr1,N/A,N/A,N/A,N/A
Acsf2,N/A,N/A,N/A,N/A
Gzmd,N/A,N/A,N/A,N/A
Olfr430,N/A,N/A,N/A,N/A
1190002F15Rik,1,0,0,initial
1190002F15Rik,2,9.85356962760266,3.15101941216943,intermediate
1190002F15Rik,3,22,0,final
1500009L16Rik,N/A,N/A,N/A,N/A
1700017B05Rik,1,0,0,initial
1700017B05Rik,2,8.73524720871318,1.63225291778653,intermediate
1700017B05Rik,3,22,0,final
2310014H01Rik,N/A,N/A,N/A,N/A
2610036A22Rik,1,0,0,initial
2610036A22Rik,2,9.41291158277108,1.95278135585152,intermediate
2610036A22Rik,3,22,0,final
2810417H13Rik,1,0,0,initial
2810417H13Rik,2,7.24440850586953,5.49257842111018,intermediate
2810417H13Rik,3,23.1381451066756,-0.888143729680457,intermediate
2810417H13Rik,4,40,0,final
3200002M19Rik,1,0,0,initial
3200002M19Rik,2,9.11733124282074,2.44097558260898,intermediate
3200002M19Rik,3,22,0,final
4930427A07Rik,1,0,0,initial
4930427A07Rik,2,9.71585148971146,1.63106519491981,intermediate
4930427A07Rik,3,22,0,final
4930539N22Rik,N/A,N/A,N/A,N/A
4930547N16Rik,1,0,0,initial
4930547N16Rik,2,9.74584330901959,2.20008693609261,intermediate
4930547N16Rik,3,22,0,final
5430427O19Rik,1,0,0,initial
5430427O19Rik,2,8.35742958729721,4.01950275836638,intermediate
5430427O19Rik,3,21.429017299359,-1.28758009062672,intermediate
5430427O19Rik,4,40,0,final
5430435G22Rik,1,0,0,initial
5430435G22Rik,2,7.95398669578255,2.03772373882227,intermediate
5430435G22Rik,3,18.9482211423555,-0.0944804157697179,intermediate
5430435G22Rik,4,30,0,final
5730416F02Rik,1,0,0,initial
5730416F02Rik,2,9.06010641782203,1.97488641846544,intermediate
5730416F02Rik,3,22,0,final
5830405N20Rik,1,0,0,initial
5830405N20Rik,2,8.22564229948246,2.71000682529685,intermediate
5830405N20Rik,3,34.8470174476228,-0.851545509956714,intermediate
5830405N20Rik,4,60,0.577,final
5830416P10Rik,N/A,N/A,N/A,N/A
8030431J09Rik,N/A,N/A,N/A,N/A
8430428J23Rik,N/A,N/A,N/A,N/A
9130206I24Rik,N/A,N/A,N/A,N/A
9930013L23Rik,1,0,0,initial
9930013L23Rik,2,9.14400562976423,3.40440352264921,intermediate
9930013L23Rik,3,22.6743085353419,-0.385286875600011,intermediate
9930013L23Rik,4,40,0,final
9030425E11Rik,N/A,N/A,N/A,N/A
6330578E17Rik,N/A,N/A,N/A,N/A
A530032D15Rik,1,0,0,initial
A530032D15Rik,2,1.14229497420321,4.90644625997151,intermediate
A530032D15Rik,3,36.9167754592001,-0.00141267156309988,intermediate
A530032D15Rik,4,60,0.92,final
A630001G21Rik,1,0,0,initial
A630001G21Rik,2,10.3202283769903,2.23402343823423,intermediate
A630001G21Rik,3,30,0.755,final
A430068E04Rik,1,0,0,initial
A430068E04Rik,2,2.12311015976878,-1.40923524344389,intermediate
A430068E04Rik,3,10.8548942686725,4.34467760381843,intermediate
A430068E04Rik,4,18.8146581677945,-0.900868994498657,intermediate
A430068E04Rik,5,26,0,final
Acap1,1,0,0,initial
Acap1,2,4.25877537075689,0.847868391849388,intermediate
Acap1,3,19.9275790719073,2.77728197057092,intermediate
Acap1,4,24.6456611179874,-1.22277884159778,intermediate
Acap1,5,40,0,final
Acp2,1,0,0,initial
Acp2,2,8.87474080238325,2.01841796943687,intermediate
Acp2,3,22,0,final
Acp5,1,0,0,initial
Acp5,2,7.10854889951891,2.67149978867734,intermediate
Acp5,3,34.0163279366183,-0.325345239671661,intermediate
Acp5,4,60,0.584,final
Acsbg1,N/A,N/A,N/A,N/A
Adap1,1,0,0,initial
Adap1,2,9.10553241197979,2.82312957703448,intermediate
Adap1,3,22,0,final
Adm,N/A,N/A,N/A,N/A
Adora2a,1,0,0,initial
Adora2a,2,8.53406910371884,2.40993146416383,intermediate
Adora2a,3,22,0,final
AF251705,1,0,0,initial
AF251705,2,9.73298713950653,3.78481634385978,intermediate
AF251705,3,19.8630719099689,-1.20743106076779,intermediate
AF251705,4,40,0,final
Agap2,1,0,0,initial
Agap2,2,9.99918550003568,3.36898568673084,intermediate
Agap2,3,26,1.063,final
AI662270,1,0,0,initial
AI662270,2,6.41254890087396,3.81151520084122,intermediate
AI662270,3,21.8464476584784,-0.244842579846158,intermediate
AI662270,4,40,0.656,final
AI848285,1,0,0,initial
AI848285,2,7.94401352151103,1.84791197059745,intermediate
AI848285,3,22,0,final
Aif1,1,0,0,initial
Aif1,2,4.91049972738083,7.61020363586269,intermediate
Aif1,3,23.3397003313341,-0.915272791772441,intermediate
Aif1,4,40,1.2035,final
Amica1,1,0,0,initial
Amica1,2,5.33614022629573,5.01187449332076,intermediate
Amica1,3,33.0571895049905,-1.71175583659776,intermediate
Amica1,4,60,0,final
Ankle1,1,0,0,initial
Ankle1,2,11.53069608754,2.46237801020255,intermediate
Ankle1,3,22,0,final
Ankrd37,N/A,N/A,N/A,N/A
Aoah,1,0,0,initial
Aoah,2,5.77651973219376,3.80364800019418,intermediate
Aoah,3,24.3901392327479,-0.502268804300144,intermediate
Aoah,4,40,0,final
Ap2s1,1,0,0,initial
Ap2s1,2,9.46258969947192,1.68726756123577,intermediate
Ap2s1,3,22,0,final
Apbb1ip,1,0,0,initial
Apbb1ip,2,8.89012147468107,3.18075146019922,intermediate
Apbb1ip,3,33.0216791624839,-1.96258615622122,intermediate
Apbb1ip,4,60,-0.487,final
Apitd1,1,0,0,initial
Apitd1,2,9.8452889466665,2.05975908945558,intermediate
Apitd1,3,22,0,final
Apobec1,1,0,0,initial
Apobec1,2,6.46167942086765,3.97329338132122,intermediate
Apobec1,3,18.0451172212967,-0.869226832353557,intermediate
Apobec1,4,30,0,final
Apoc2,1,0,0,initial
Apoc2,2,8.94287957013348,5.47723784363466,intermediate
Apoc2,3,22,0,final
Apol10b,1,0,0,initial
Apol10b,2,6.63785535206032,2.45777557449628,intermediate
Apol10b,3,18,0,final
Arhgap4,1,0,0,initial
Arhgap4,2,10.5888453355891,2.69264693464303,intermediate
Arhgap4,3,22,0,final
Arhgap9,1,0,0,initial
Arhgap9,2,10.0461709725792,3.04430060854365,intermediate
Arhgap9,3,26,0,final
Arhgap11a,1,0,0,initial
Arhgap11a,2,7.12322442631972,2.6301640308829,intermediate
Arhgap11a,3,33.5750942906515,0.0838380137474919,intermediate
Arhgap11a,4,60,0.671,final
Arhgap15,N/A,N/A,N/A,N/A
Arhgap25,1,0,0,initial
Arhgap25,2,14.0019585389171,1.72379102234245,intermediate
Arhgap25,3,30,0,final
Arhgap30,1,0,0,initial
Arhgap30,2,4.84049829420556,3.50345175778726,intermediate
Arhgap30,3,33.8268992594425,-0.707655916697888,intermediate
Arhgap30,4,60,0.865,final
Arhgdib,1,0,0,initial
Arhgdib,2,9.72123622801751,3.15243370864815,intermediate
Arhgdib,3,17.0385945797468,-0.368735426975393,intermediate
Arhgdib,4,30,0,final
Arid3a,1,0,0,initial
Arid3a,2,11.8828442877924,2.06049139989464,intermediate
Arid3a,3,33.8013139222172,-0.219619108025046,intermediate
Arid3a,4,60,0,final
Arl4c,N/A,N/A,N/A,N/A
Arl5c,1,0,0,initial
Arl5c,2,5.70606458861552,4.00066192750169,intermediate
Arl5c,3,25.1936607787924,-0.574610958147544,intermediate
Arl5c,4,40,0,final
Arl11,1,0,0,initial
Arl11,2,9.47595953193711,2.0697724993232,intermediate
Arl11,3,22,0,final
Armc7,1,0,0,initial
Armc7,2,9.2967704036248,2.06072383871115,intermediate
Armc7,3,22,0,final
Arpc4,N/A,N/A,N/A,N/A
Asf1b,1,0,0,initial
Asf1b,2,6.7407385814698,5.22471204421685,intermediate
Asf1b,3,23.9058845703925,-0.618211371633423,intermediate
Asf1b,4,40,0,final
Atad2,1,0,0,initial
Atad2,2,9.7755715482716,1.91430528115351,intermediate
Atad2,3,22,0,final
Auh,N/A,N/A,N/A,N/A
Aurka,1,0,0,initial
Aurka,2,11.3228726722461,3.98697098773468,intermediate
Aurka,3,30,0,final
Aurkb,1,0,0,initial
Aurkb,2,11.4948049256454,3.07180489772651,intermediate
Aurkb,3,30,0,final
AW112010,1,0,0,initial
AW112010,2,5.72069088623245,5.48393019643956,intermediate
AW112010,3,21.2464537200023,-1.99460144765674,intermediate
AW112010,4,40,0,final
B2m,1,0,0,initial
B2m,2,8.52118529502976,2.69542825648381,intermediate
B2m,3,21.692543324261,-0.849801860027048,intermediate
B2m,4,40,0,final
B3gnt8,1,0,0,initial
B3gnt8,2,9.35506765479043,1.98006456778023,intermediate
B3gnt8,3,22,0,final
B4galnt4,N/A,N/A,N/A,N/A
Batf3,1,0,0,initial
Batf3,2,6.76127296547563,4.84126989662407,intermediate
Batf3,3,33.0743690829806,-2.45599694818583,intermediate
Batf3,4,60,0.581,final
Batf,1,0,0,initial
Batf,2,8.12020441891088,3.55260430844735,intermediate
Batf,3,16.7263688790442,-0.625922367752706,intermediate
Batf,4,30,0,final
BC017612,N/A,N/A,N/A,N/A
BC030867,1,0,0,initial
BC030867,2,10.8021418606041,4.04779913626079,intermediate
BC030867,3,20.1933350000442,-1.4513942868916,intermediate
BC030867,4,40,0,final
BC048355,1,0,0,initial
BC048355,2,9.85640209236444,1.93389869339102,intermediate
BC048355,3,22,0,final
BC055004,1,0,0,initial
BC055004,2,8.22829080637369,1.87386697366584,intermediate
BC055004,3,22,0,final
BC055324,1,0,0,initial
BC055324,2,9.80290633343828,2.30844224092804,intermediate
BC055324,3,22,0,final
Bcat1,1,0,0,initial
Bcat1,2,6.92943194641282,2.97719827189529,intermediate
Bcat1,3,16.9190073284034,-0.491185131045105,intermediate
Bcat1,4,30,0,final
Bcl2a1b,1,0,0,initial
Bcl2a1b,2,8.88453402655842,3.91745690599566,intermediate
Bcl2a1b,3,21.2158551338552,-1.33718226864858,intermediate
Bcl2a1b,4,40,0,final
Bcl2a1c,1,0,0,initial
Bcl2a1c,2,8.23828542728077,2.60880174270938,intermediate
Bcl2a1c,3,22,0,final
Bcl3,N/A,N/A,N/A,N/A
Bcl11b,N/A,N/A,N/A,N/A
Bid,1,0,0,initial
Bid,2,1.95207790498516,2.63751188747402,intermediate
Bid,3,38.8584184373898,0.470040468774124,intermediate
Bid,4,60,0,final
Birc5,1,0,0,initial
Birc5,2,7.79991341600183,6.07136713760903,intermediate
Birc5,3,22.320074434471,-1.22468163359627,intermediate
Birc5,4,40,0,final
Brca1,1,0,0,initial
Brca1,2,10.2648676056189,3.16262934793299,intermediate
Brca1,3,26,0,final
Bri3bp,1,0,0,initial
Bri3bp,2,12.6929758169555,1.62446189426524,intermediate
Bri3bp,3,30,0,final
Brip1,1,0,0,initial
Brip1,2,9.5621787380155,2.1870098551564,intermediate
Brip1,3,22,0,final
Btk,1,0,0,initial
Btk,2,9.78707152224973,1.91783090201289,intermediate
Btk,3,26,0,final
Bub1b,1,0,0,initial
Bub1b,2,10.8647260335979,2.40177504072414,intermediate
Bub1b,3,22,0,final
Bzw1,N/A,N/A,N/A,N/A
C1qa,1,0,0,initial
C1qa,2,5.38394178011222,6.3154404262668,intermediate
C1qa,3,34.8214063097021,-0.983359463745056,intermediate
C1qa,4,60,0.951,final
C1qb,1,0,0,initial
C1qb,2,5.49926235331798,6.57036963280304,intermediate
C1qb,3,35.2310488898242,-0.899204270433323,intermediate
C1qb,4,60,0.877,final
C1qc,1,0,0,initial
C1qc,2,5.99374453907052,5.98667862243605,intermediate
C1qc,3,34.9923256375459,-0.90077987461188,intermediate
C1qc,4,60,0.796,final
C1qtnf6,N/A,N/A,N/A,N/A
C3ar1,1,0,0,initial
C3ar1,2,6.19217837035323,4.13825029483753,intermediate
C3ar1,3,14.3896655283452,0.140842145677573,intermediate
C3ar1,4,26,0,final
C330027C09Rik,1,0,0,initial
C330027C09Rik,2,10.0527243230429,2.16087301684861,intermediate
C330027C09Rik,3,22,0,final
Calm3,1,0,0,initial
Calm3,2,10.1286053264327,1.55112429995702,intermediate
Calm3,3,30,0.883,final
Capg,1,0,0,initial
Capg,2,9.68347055810464,2.00018941592297,intermediate
Capg,3,22,0,final
Casp1,1,0,0,initial
Casp1,2,8.885219847587,3.12417858116316,intermediate
Casp1,3,22,0,final
Ccdc69,N/A,N/A,N/A,N/A
Ccdc88b,1,0,0,initial
Ccdc88b,2,4.47951506405681,3.24595064251929,intermediate
Ccdc88b,3,36.2975953872462,0.066937114277466,intermediate
Ccdc88b,4,60,0,final
Ccdc99,1,0,0,initial
Ccdc99,2,9.26074153306661,1.57592168518967,intermediate
Ccdc99,3,22,0,final
Ccl5,1,0,0,initial
Ccl5,2,7.27109862424252,6.01948881672705,intermediate
Ccl5,3,31.4923207003145,-1.30542536695168,intermediate
Ccl5,4,60,0,final
Ccl8,1,0,0,initial
Ccl8,2,5.6101892754749,8.58712696814754,intermediate
Ccl8,3,23.5142547758876,-0.721911780864172,intermediate
Ccl8,4,40,2.032,final
Ccl9,1,0,0,initial
Ccl9,2,3.41060644996305,4.00926966072375,intermediate
Ccl9,3,35.4904047103965,-1.51835254078669,intermediate
Ccl9,4,60,0.722,final
Ccl19,1,0,0,initial
Ccl19,2,3.23767882777737,3.76709244518702,intermediate
Ccl19,3,35.955683537923,-0.871751183856439,intermediate
Ccl19,4,60,0,final
Ccna2,1,0,0,initial
Ccna2,2,8.58022973879429,5.7620720573581,intermediate
Ccna2,3,21.7339352687249,-1.19735366133828,intermediate
Ccna2,4,40,0,final
Ccnb1,1,0,0,initial
Ccnb1,2,9.13032245500204,4.04266944800743,intermediate
Ccnb1,3,33.3416600515462,-1.83489711561717,intermediate
Ccnb1,4,60,-0.386,final
Ccnb2,1,0,0,initial
Ccnb2,2,11.6892574241816,4.10779223445763,intermediate
Ccnb2,3,30,0,final
Ccne1,1,0,0,initial
Ccne1,2,11.1018354047896,3.64559169128989,intermediate
Ccne1,3,30,0,final
Ccnf,1,0,0,initial
Ccnf,2,10.2151355360178,2.71070460941358,intermediate
Ccnf,3,22,0,final
Ccr2,1,0,0,initial
Ccr2,2,4.05614367298702,3.15390808328996,intermediate
Ccr2,3,14.3184147087258,-0.39050905818348,intermediate
Ccr2,4,42.200893195828,-0.166205927157037,intermediate
Ccr2,5,60,-0.557,final
Ccr5,1,0,0,initial
Ccr5,2,3.51794731824683,8.48077994892673,intermediate
Ccr5,3,33.4690423340998,-2.53121911490912,intermediate
Ccr5,4,60,0.705,final
Ccr7,1,0,0,initial
Ccr7,2,7.68182317082193,2.14202289516761,intermediate
Ccr7,3,36.3787002936152,-0.918528664962368,intermediate
Ccr7,4,60,-0.533,final
Cd2bp2,1,0,0,initial
Cd2bp2,2,11.4056233127723,3.18130773417688,intermediate
Cd2bp2,3,12.5435093514958,-3.44893014090108,intermediate
Cd2bp2,4,42.7603678545721,1.42962745492966,intermediate
Cd2bp2,5,60,-0.436,final
Cd3d,1,0,0,initial
Cd3d,2,7.98195849093372,5.81038912470899,intermediate
Cd3d,3,11.5723041723495,1.73506050447471,intermediate
Cd3d,4,45.7226623720753,0.0755339251800064,intermediate
Cd3d,5,60,0,final
Cd3g,N/A,N/A,N/A,N/A
Cd5,N/A,N/A,N/A,N/A
Cd5l,1,0,0,initial
Cd5l,2,5.60751770077713,2.87226739906891,intermediate
Cd5l,3,18,0,final
Cd6,1,0,0,initial
Cd6,2,7.22751256556487,4.56481990005805,intermediate
Cd6,3,32.3085385413264,0.232048768305385,intermediate
Cd6,4,60,0.819,final
Cd7,1,0,0,initial
Cd7,2,8.92726683080136,3.54527513617994,intermediate
Cd7,3,22,0,final
Cd8a,1,0,0,initial
Cd8a,2,7.06679468290151,7.46229247208676,intermediate
Cd8a,3,33.2338980973034,-1.3530991225893,intermediate
Cd8a,4,60,0,final
Cd8b1,1,0,0,initial
Cd8b1,2,7.99956093754693,8.36686256016548,intermediate
Cd8b1,3,32.9101534111031,-1.56817802579413,intermediate
Cd8b1,4,60,0.95,final
Cd27,1,0,0,initial
Cd27,2,8.29459130048342,3.1576763727022,intermediate
Cd27,3,11.4294891199093,0.891951107611991,intermediate
Cd27,4,22,0,final
Cd28,N/A,N/A,N/A,N/A
Cd37,1,0,0,initial
Cd37,2,17.0366935422011,1.74666665071271,intermediate
Cd37,3,40,0,final
Cd48,1,0,0,initial
Cd48,2,6.86373864020027,3.04767256453574,intermediate
Cd48,3,23.0004118235845,-0.625264172794201,intermediate
Cd48,4,40,0,final
Cd52,1,0,0,initial
Cd52,2,6.52681879299634,5.11932590049393,intermediate
Cd52,3,35.8411196465363,-0.766166217506235,intermediate
Cd52,4,60,0,final
Cd53,1,0,0,initial
Cd53,2,8.04093287122349,2.6038874662406,intermediate
Cd53,3,22,0,final
Cd68,1,0,0,initial
Cd68,2,6.75605633535779,4.03514056138548,intermediate
Cd68,3,31.3446970535912,-2.7492388411449,intermediate
Cd68,4,60,0.725,final
Cd72,1,0,0,initial
Cd72,2,2.50572509930102,8.46728290945947,intermediate
Cd72,3,35.7315672592849,-1.25577152259698,intermediate
Cd72,4,60,0.8675,final
Cd83,1,0,0,initial
Cd83,2,17.1767430548303,2.55806239788925,intermediate
Cd83,3,60,0,final
Cd84,1,0,0,initial
Cd84,2,4.9608970063309,3.8810199872758,intermediate
Cd84,3,33.3165658278975,-1.08403716629405,intermediate
Cd84,4,60,0.936,final
Cd86,1,0,0,initial
Cd86,2,3.26485811060975,4.075616976937,intermediate
Cd86,3,24.5255049961974,-0.646318951201836,intermediate
Cd86,4,40,0,final
Cd96,1,0,0,initial
Cd96,2,10.0481039856172,4.36990700644799,intermediate
Cd96,3,21.4213625648332,-1.23550146735674,intermediate
Cd96,4,40,0,final
Cd180,N/A,N/A,N/A,N/A
Cd247,1,0,0,initial
Cd247,2,9.27255221650175,2.90615426078926,intermediate
Cd247,3,22,0,final
Cdc6,1,0,0,initial
Cdc6,2,10.3593429997352,2.24157616006499,intermediate
Cdc6,3,26,0,final
Cdc20,1,0,0,initial
Cdc20,2,10.6299158387652,4.86697321565243,intermediate
Cdc20,3,11.3060242218761,-0.994297420079758,intermediate
Cdc20,4,42.0510350286849,-0.284782291368531,intermediate
Cdc20,5,60,-0.523,final
Cdc45,1,0,0,initial
Cdc45,2,9.51786060804989,2.02935367755926,intermediate
Cdc45,3,22,0,final
Cdca2,1,0,0,initial
Cdca2,2,10.1164223290716,2.26884701465724,intermediate
Cdca2,3,22,0,final
Cdca3,1,0,0,initial
Cdca3,2,11.5349463925169,3.30714445708623,intermediate
Cdca3,3,30,0,final
Cdca5,1,0,0,initial
Cdca5,2,7.30893585604829,4.00220576819635,intermediate
Cdca5,3,24.1626982370137,-0.262673935000718,intermediate
Cdca5,4,40,0,final
Cdca8,1,0,0,initial
Cdca8,2,7.22930753811105,4.42134757334304,intermediate
Cdca8,3,24.2727199856016,-0.360315124953211,intermediate
Cdca8,4,40,0,final
Cdcp1,N/A,N/A,N/A,N/A
Cdk1,1,0,0,initial
Cdk1,2,10.0514146939255,3.49900131494962,intermediate
Cdk1,3,22,0,final
Cdk5r2,N/A,N/A,N/A,N/A
Cdkn3,1,0,0,initial
Cdkn3,2,14.2063366440883,4.61138978948851,intermediate
Cdkn3,3,25.4776354053229,-2.34803348259742,intermediate
Cdkn3,4,60,-0.513,final
Cdt1,1,0,0,initial
Cdt1,2,10.1307902093309,2.60961184071838,intermediate
Cdt1,3,26,0,final
Cenpe,1,0,0,initial
Cenpe,2,6.72572777319377,4.34930488557357,intermediate
Cenpe,3,34.7120085162361,-1.19272105423361,intermediate
Cenpe,4,60,0,final
Cenph,1,0,0,initial
Cenph,2,9.4857810134779,2.88023581892385,intermediate
Cenph,3,22,0,final
Cenpi,1,0,0,initial
Cenpi,2,9.68843386630634,2.95163356385997,intermediate
Cenpi,3,22,0,final
Cenpk,1,0,0,initial
Cenpk,2,9.53530859787471,3.08377562894005,intermediate
Cenpk,3,22,0,final
Cenpl,1,0,0,initial
Cenpl,2,10.2045175236332,1.59108932890963,intermediate
Cenpl,3,22,0,final
Cenpm,1,0,0,initial
Cenpm,2,10.5502602547081,2.31785885448658,intermediate
Cenpm,3,22,0,final
Cenpn,1,0,0,initial
Cenpn,2,10.4479066744574,1.81162965776042,intermediate
Cenpn,3,22,0,final
Cenpp,1,0,0,initial
Cenpp,2,9.81946298154335,2.60540257864722,intermediate
Cenpp,3,22,0,final
Cenpq,1,0,0,initial
Cenpq,2,10.0844443331815,1.71089736464213,intermediate
Cenpq,3,22,0,final
Cenpw,1,0,0,initial
Cenpw,2,9.59431059848187,2.58126302305132,intermediate
Cenpw,3,22,0,final
Cep55,1,0,0,initial
Cep55,2,10.0332394531319,3.55903361064226,intermediate
Cep55,3,26,0,final
Cfp,1,0,0,initial
Cfp,2,9.57765699685985,1.65754285267912,intermediate
Cfp,3,22,0,final
Chaf1a,1,0,0,initial
Chaf1a,2,9.68383917458347,2.2463976929863,intermediate
Chaf1a,3,22,0,final
Chaf1b,1,0,0,initial
Chaf1b,2,11.4080877996898,2.37998482176316,intermediate
Chaf1b,3,30,0,final
Chek1,1,0,0,initial
Chek1,2,9.4419822116856,1.84514591561841,intermediate
Chek1,3,22,0,final
Chrne,1,0,0,initial
Chrne,2,9.8688588936372,-2.07711618190609,intermediate
Chrne,3,12.5180685638508,7.46005422390376,intermediate
Chrne,4,13.3456405048679,-5.86712893376147,intermediate
Chrne,5,47.6312454082802,1.48669393458123,intermediate
Chrne,6,60,-0.277,final
Chst10,1,0,0,initial
Chst10,2,10.0671905541208,2.42488426134095,intermediate
Chst10,3,33.9432336925604,-0.391929805385981,intermediate
Chst10,4,60,0,final
Chtf18,1,0,0,initial
Chtf18,2,9.92966870161138,2.82098237447711,intermediate
Chtf18,3,22,0,final
Ciita,1,0,0,initial
Ciita,2,11.7298563306952,2.47384241699687,intermediate
Ciita,3,23.8555298873976,-2.09219010676113,intermediate
Ciita,4,60,-0.903,final
Ckap2,1,0,0,initial
Ckap2,2,11.0607029615793,2.88735358908465,intermediate
Ckap2,3,22,0,final
Ckap2l,1,0,0,initial
Ckap2l,2,9.67696089353688,2.63053477102143,intermediate
Ckap2l,3,22,0,final
Cks1b,1,0,0,initial
Cks1b,2,8.734932358522,3.68500191070094,intermediate
Cks1b,3,17.6177147842622,-0.495709371731219,intermediate
Cks1b,4,30,0,final
Cks2,1,0,0,initial
Cks2,2,7.34808544351724,3.91998024414285,intermediate
Cks2,3,23.9130019228333,-0.402560142462241,intermediate
Cks2,4,40,0,final
Clca1,1,0,0,initial
Clca1,2,7.01682290599482,3.0830800071132,intermediate
Clca1,3,18,0.991,final
Clca2,N/A,N/A,N/A,N/A
Cldn4,1,0,0,initial
Cldn4,2,3.54426899247942,2.0901395370299,intermediate
Cldn4,3,8.03782090805003,3.50826484985516,intermediate
Cldn4,4,28.8936325069099,-5.3143199984095,intermediate
Cldn4,5,40.3258998144702,3.1162401513827,intermediate
Cldn4,6,60,0.846,final
Clec4a2,1,0,0,initial
Clec4a2,2,8.62052731932817,2.83042432650565,intermediate
Clec4a2,3,22,0,final
Clec5a,1,0,0,initial
Clec5a,2,6.46753853164267,2.39178460428014,intermediate
Clec5a,3,18,1.053,final
Clec7a,1,0,0,initial
Clec7a,2,10.184447873413,3.83544933239874,intermediate
Clec7a,3,24.7651586361932,-2.1604871287665,intermediate
Clec7a,4,60,0.676,final
Cmtm7,N/A,N/A,N/A,N/A
Col1a1,N/A,N/A,N/A,N/A
Col2a1,1,0,0,initial
Col2a1,2,15.367979329923,2.0631988809278,intermediate
Col2a1,3,40,0,final
Col5a2,1,0,0,initial
Col5a2,2,5.81618320892978,2.06980277865879,intermediate
Col5a2,3,27.8866164726355,0.203849722739236,intermediate
Col5a2,4,40,0,final
Coro1a,1,0,0,initial
Coro1a,2,6.3538744209077,3.93756666074103,intermediate
Coro1a,3,34.6841331341138,-0.454542381157269,intermediate
Coro1a,4,60,0,final
Coro7,N/A,N/A,N/A,N/A
Cotl1,1,0,0,initial
Cotl1,2,7.24499474925944,3.49893104355107,intermediate
Cotl1,3,24.1625466972291,-0.0219834899933049,intermediate
Cotl1,4,40,0,final
Cpxm1,1,0,0,initial
Cpxm1,2,15.9085563213243,2.65047097072908,intermediate
Cpxm1,3,40,0,final
Creg2,1,0,0,initial
Creg2,2,7.36639611583786,2.96495387990284,intermediate
Creg2,3,10.6916771478912,0.863957447393602,intermediate
Creg2,4,22,0.668,final
Crtam,1,0,0,initial
Crtam,2,7.24283538142063,4.93856130248462,intermediate
Crtam,3,16.2155154409936,-0.32713717571199,intermediate
Crtam,4,30,0,final
Csf2rb2,1,0,0,initial
Csf2rb2,2,8.49678438461064,2.51243609058133,intermediate
Csf2rb2,3,22,0,final
Cst7,1,0,0,initial
Cst7,2,7.43228132822761,5.86769083097775,intermediate
Cst7,3,22.5588059726548,-1.3328266535985,intermediate
Cst7,4,40,0,final
Cstb,1,0,0,initial
Cstb,2,8.32406606497253,2.19558837381793,intermediate
Cstb,3,22,0,final
Ctsb,1,0,0,initial
Ctsb,2,8.8577071979005,1.98000321949401,intermediate
Ctsb,3,22,0,final
Ctsc,N/A,N/A,N/A,N/A
Ctss,1,0,0,initial
Ctss,2,2.9387396534999,4.40822522598338,intermediate
Ctss,3,35.3872658125429,-0.629273270894567,intermediate
Ctss,4,60,0.69,final
Ctsw,1,0,0,initial
Ctsw,2,6.23111176460547,7.0313457699203,intermediate
Ctsw,3,33.921477490795,-1.62353280933707,intermediate
Ctsw,4,60,0,final
Ctsz,1,0,0,initial
Ctsz,2,8.69638747401475,1.77426977002699,intermediate
Ctsz,3,22,0,final
Cxcl9,1,0,0,initial
Cxcl9,2,1.67288618217177,13.8026460853765,intermediate
Cxcl9,3,34.6825845871993,-2.84296365756436,intermediate
Cxcl9,4,60,1.294,final
Cxcl13,1,0,0,initial
Cxcl13,2,3.40487444702584,8.92455194853249,intermediate
Cxcl13,3,23.8472764259784,-1.57227001790434,intermediate
Cxcl13,4,40,1.374,final
Cxcl16,1,0,0,initial
Cxcl16,2,3.47995300972209,3.06631028127325,intermediate
Cxcl16,3,33.8368904139866,-0.0717778655633553,intermediate
Cxcl16,4,60,0.813,final
Cxcr3,1,0,0,initial
Cxcr3,2,7.74194533734891,7.66153746149148,intermediate
Cxcr3,3,34.2296242737291,0.173087124375737,intermediate
Cxcr3,4,60,1.317,final
Cxcr6,N/A,N/A,N/A,N/A
Cyba,1,0,0,initial
Cyba,2,9.63646079114452,3.13188326998531,intermediate
Cyba,3,29.0402111120097,-1.32973638571294,intermediate
Cyba,4,60,0,final
Cybb,1,0,0,initial
Cybb,2,10.6444863367687,2.71831600646798,intermediate
Cybb,3,26,0,final
Cyfip2,1,0,0,initial
Cyfip2,2,7.63110671308212,2.1217990239694,intermediate
Cyfip2,3,34.6564377683395,0.343233025461453,intermediate
Cyfip2,4,60,0,final
Cyp4f18,1,0,0,initial
Cyp4f18,2,8.27865901510921,3.86701471872633,intermediate
Cyp4f18,3,22,0,final
Cyth4,1,0,0,initial
Cyth4,2,9.76269571404077,2.96854506381938,intermediate
Cyth4,3,26,0,final
D2Ertd750e,1,0,0,initial
D2Ertd750e,2,10.1284053776075,2.07124000581325,intermediate
D2Ertd750e,3,22,0,final
D16Ertd472e,N/A,N/A,N/A,N/A
Darc,N/A,N/A,N/A,N/A
Dbf4,1,0,0,initial
Dbf4,2,9.42388847427581,3.10942854451665,intermediate
Dbf4,3,31.2845435917177,-1.52092965924407,intermediate
Dbf4,4,60,0.566,final
Dck,1,0,0,initial
Dck,2,4.46297305407205,4.0952482832046,intermediate
Dck,3,24.7657144444942,-0.592031423102454,intermediate
Dck,4,40,0,final
Dctpp1,1,0,0,initial
Dctpp1,2,11.9352337606705,2.17013585462909,intermediate
Dctpp1,3,30,0,final
Ddx39,1,0,0,initial
Ddx39,2,7.84712184938311,1.98522891271015,intermediate
Ddx39,3,18,0,final
Def6,N/A,N/A,N/A,N/A
Dennd1b,N/A,N/A,N/A,N/A
Dennd1c,1,0,0,initial
Dennd1c,2,9.88237601674375,2.58103758633632,intermediate
Dennd1c,3,30,0,final
Depdc1b,1,0,0,initial
Depdc1b,2,10.2195482917763,3.27705436001125,intermediate
Depdc1b,3,22,0,final
Dhfr,N/A,N/A,N/A,N/A
Diap3,1,0,0,initial
Diap3,2,9.5153734261316,1.75540810700558,intermediate
Diap3,3,22,0,final
Dlgap5,1,0,0,initial
Dlgap5,2,9.73608269381544,2.24146746901605,intermediate
Dlgap5,3,22,0,final
Dnase1l3,1,0,0,initial
Dnase1l3,2,5.15143234145155,5.18597764932741,intermediate
Dnase1l3,3,37.9299715121799,0.385329431012116,intermediate
Dnase1l3,4,60,0.997,final
Dock2,1,0,0,initial
Dock2,2,6.54790355547304,2.2602991368016,intermediate
Dock2,3,22.2307368128231,0.179785853478301,intermediate
Dock2,4,40,0.701,final
Dock8,N/A,N/A,N/A,N/A
Dok2,1,0,0,initial
Dok2,2,9.12770751428252,3.65354598953785,intermediate
Dok2,3,23.9778753968795,-2.65518039008615,intermediate
Dok2,4,60,0.622,final
Dok3,1,0,0,initial
Dok3,2,10.3135567560171,2.26070034545631,intermediate
Dok3,3,26,0,final
Dppa3,1,0,0,initial
Dppa3,2,9.0457240867302,1.91479561713362,intermediate
Dppa3,3,22,0,final
Dscc1,1,0,0,initial
Dscc1,2,11.3279830787653,2.2135823702327,intermediate
Dscc1,3,30,0,final
Dsn1,1,0,0,initial
Dsn1,2,9.3375294736234,2.02140121533522,intermediate
Dsn1,3,22,0,final
Dtl,1,0,0,initial
Dtl,2,10.8612692615406,3.06873539575406,intermediate
Dtl,3,30,0,final
Dusp2,1,0,0,initial
Dusp2,2,4.74782343530893,6.7621043508097,intermediate
Dusp2,3,34.9576566783167,-0.904699951215841,intermediate
Dusp2,4,60,1.004,final
Dut,1,0,0,initial
Dut,2,10.8127407069294,2.93844802978329,intermediate
Dut,3,22.5054688757637,-0.71061388185065,intermediate
Dut,4,40,0,final
E2f1,1,0,0,initial
E2f1,2,9.67974692571461,1.54043721121033,intermediate
E2f1,3,22,0,final
E2f7,1,0,0,initial
E2f7,2,10.6640931251868,2.67323048369139,intermediate
E2f7,3,26,0,final
E2f8,1,0,0,initial
E2f8,2,9.51538586870675,2.92960783209824,intermediate
E2f8,3,22,0,final
E130306D19Rik,1,0,0,initial
E130306D19Rik,2,11.0833590470435,2.2492193262043,intermediate
E130306D19Rik,3,22,0,final
Ebi3,1,0,0,initial
Ebi3,2,6.77611635085257,2.61786167887663,intermediate
Ebi3,3,25.7344666133834,-0.0127609343197735,intermediate
Ebi3,4,40,0,final
Ect2,1,0,0,initial
Ect2,2,10.152326612726,3.08553950513481,intermediate
Ect2,3,22,0,final
Efhd2,1,0,0,initial
Efhd2,2,8.77495450724162,2.10061807314814,intermediate
Efhd2,3,22,0,final
Egr1,1,0,0,initial
Egr1,2,5.18886537656393,1.34174270325962,intermediate
Egr1,3,18.4049197289219,6.66721119207859,intermediate
Egr1,4,18.4205298066648,-8.15500141131337,intermediate
Egr1,5,46.6461992992855,5.15832445379966,intermediate
Egr1,6,60,0,final
Egr2,N/A,N/A,N/A,N/A
Eif4e2,1,0,0,initial
Eif4e2,2,9.55467382903271,1.64629469178598,intermediate
Eif4e2,3,22,0,final
Eme1,1,0,0,initial
Eme1,2,9.67129621131636,2.28240251143421,intermediate
Eme1,3,22,0,final
Emr1,1,0,0,initial
Emr1,2,8.05236538810525,3.29512966031878,intermediate
Emr1,3,12.1264107118381,-0.184147329007804,intermediate
Emr1,4,44.3527844528668,0.758921471039117,intermediate
Emr1,5,60,0.567,final
Epsti1,1,0,0,initial
Epsti1,2,6.55653713080633,4.112654402162,intermediate
Epsti1,3,18,1.18,final
Ercc6l,1,0,0,initial
Ercc6l,2,8.92124422859515,2.40058463376911,intermediate
Ercc6l,3,22,0,final
Esco2,1,0,0,initial
Esco2,2,10.0803949400715,2.60203055929446,intermediate
Esco2,3,22,0,final
Espl1,1,0,0,initial
Espl1,2,9.8605958836636,2.84625212004215,intermediate
Espl1,3,22,0,final
Esrrg,N/A,N/A,N/A,N/A
Evi2a,1,0,0,initial
Evi2a,2,7.17568524079957,3.99544162725172,intermediate
Evi2a,3,23.8113359909106,-1.22310756731715,intermediate
Evi2a,4,40,0,final
Evi2b,1,0,0,initial
Evi2b,2,8.55558074012353,2.22982662937893,intermediate
Evi2b,3,22,0,final
Evl,1,0,0,initial
Evl,2,9.96469765638685,1.56083852898787,intermediate
Evl,3,22,0,final
Exo1,1,0,0,initial
Exo1,2,7.19786444467654,3.81428519758848,intermediate
Exo1,3,24.0054537890944,-0.294518302031843,intermediate
Exo1,4,40,0,final
Ezh2,1,0,0,initial
Ezh2,2,11.4490519271986,2.75785517691264,intermediate
Ezh2,3,22.2552203565692,-0.60318240271277,intermediate
Ezh2,4,40,0,final
Fam49b,1,0,0,initial
Fam49b,2,8.50702791499077,3.54350040409428,intermediate
Fam49b,3,22.0781347721824,-1.01954809633333,intermediate
Fam49b,4,40,0,final
Fam54a,1,0,0,initial
Fam54a,2,9.41240141572149,3.00965477502091,intermediate
Fam54a,3,22,0,final
Fam64a,1,0,0,initial
Fam64a,2,10.35295122343,4.08471358852781,intermediate
Fam64a,3,22,0,final
Fam78a,N/A,N/A,N/A,N/A
Fam107b,N/A,N/A,N/A,N/A
Fam111a,1,0,0,initial
Fam111a,2,9.60798965666098,2.16415186826086,intermediate
Fam111a,3,22,0,final
Fam169b,1,0,0,initial
Fam169b,2,8.33229841630979,1.8272964929114,intermediate
Fam169b,3,12.5539266682099,2.27233280649845,intermediate
Fam169b,4,20.5104587926663,-0.683266735760253,intermediate
Fam169b,5,30,0,final
Fanci,1,0,0,initial
Fanci,2,9.64677330625203,3.18184735422409,intermediate
Fanci,3,22,0,final
Fasl,1,0,0,initial
Fasl,2,8.55595743717719,4.36219347271117,intermediate
Fasl,3,21.7308671238965,-0.793434879507004,intermediate
Fasl,4,40,0,final
Fbxo5,1,0,0,initial
Fbxo5,2,10.0511494280412,2.60561288622031,intermediate
Fbxo5,3,22,0,final
Fcer1g,1,0,0,initial
Fcer1g,2,7.14846520882684,4.76538230390235,intermediate
Fcer1g,3,21.5436164386154,-1.8976101119649,intermediate
Fcer1g,4,40,0,final
Fcgr2b,1,0,0,initial
Fcgr2b,2,5.11675651508945,3.51145699675394,intermediate
Fcgr2b,3,10.6474466043797,0.633102502152167,intermediate
Fcgr2b,4,18,1.113,final
Fcgr3,1,0,0,initial
Fcgr3,2,5.17337821461991,3.44902890757314,intermediate
Fcgr3,3,18.2506465074202,-0.961772831034229,intermediate
Fcgr3,4,30,0.504,final
Fcho1,1,0,0,initial
Fcho1,2,8.80154074064239,4.18916731798889,intermediate
Fcho1,3,33.015626467619,-1.61629253282735,intermediate
Fcho1,4,60,0.647,final
Fen1,1,0,0,initial
Fen1,2,9.03747830364673,2.36116502176409,intermediate
Fen1,3,22,0,final
Fermt3,1,0,0,initial
Fermt3,2,9.31062716635321,2.66198271042265,intermediate
Fermt3,3,26,0,final
Fgr,1,0,0,initial
Fgr,2,8.44102792302103,2.70275147234938,intermediate
Fgr,3,22,0,final
Fignl1,1,0,0,initial
Fignl1,2,6.77261704534199,4.62767363824495,intermediate
Fignl1,3,23.1615400730663,-0.714683693853038,intermediate
Fignl1,4,40,0,final
Fmnl1,N/A,N/A,N/A,N/A
Foxm1,1,0,0,initial
Foxm1,2,10.2554899681816,2.94198155765978,intermediate
Foxm1,3,22,0,final
Fscn1,1,0,0,initial
Fscn1,2,14.5556506122366,2.30281784612394,intermediate
Fscn1,3,30.3160999229047,0.669912257222795,intermediate
Fscn1,4,60,0,final
Fst,N/A,N/A,N/A,N/A
Fyb,1,0,0,initial
Fyb,2,4.76767987276309,4.8888776244571,intermediate
Fyb,3,22.5645492654003,-0.12932649729511,intermediate
Fyb,4,40,0.981,final
Galns,1,0,0,initial
Galns,2,10.1189353484326,1.53216476801156,intermediate
Galns,3,22,0,final
Gas2l3,1,0,0,initial
Gas2l3,2,12.365308243845,2.24319606282514,intermediate
Gas2l3,3,30,0,final
Gatm,1,0,0,initial
Gatm,2,7.96120413665458,7.80321364328933,intermediate
Gatm,3,10.1278888159369,-2.3738074143931,intermediate
Gatm,4,45.0036900019051,1.90137013744298,intermediate
Gatm,5,60,0.655,final
Gba,N/A,N/A,N/A,N/A
Gbp8,1,0,0,initial
Gbp8,2,4.32273133249173,4.80808858027822,intermediate
Gbp8,3,33.0014935474593,-2.06422151664226,intermediate
Gbp8,4,60,0.833,final
Gcnt1,N/A,N/A,N/A,N/A
Gdf3,1,0,0,initial
Gdf3,2,8.04060397038739,5.65624980754665,intermediate
Gdf3,3,20.8368354970072,-1.90529180159448,intermediate
Gdf3,4,40,0,final
Gdf15,1,0,0,initial
Gdf15,2,7.32757276606714,3.78677435561557,intermediate
Gdf15,3,20.1474855783926,-1.85799041287938,intermediate
Gdf15,4,33.9547106991974,0.295372389224431,intermediate
Gdf15,5,60,0.804,final
Gfi1,1,0,0,initial
Gfi1,2,7.69549440344142,3.93557622554759,intermediate
Gfi1,3,16.6473600433577,0.312350680259476,intermediate
Gfi1,4,30,0,final
Gimap3,1,0,0,initial
Gimap3,2,3.97176421138656,3.44440249238468,intermediate
Gimap3,3,35.8625204108033,-0.541899982020188,intermediate
Gimap3,4,60,0,final
Gimap5,1,0,0,initial
Gimap5,2,9.87591886108131,3.32540966687216,intermediate
Gimap5,3,16.6293247676364,-0.301441592577422,intermediate
Gimap5,4,30,0,final
Gimap7,1,0,0,initial
Gimap7,2,7.83698437752947,3.89849954144102,intermediate
Gimap7,3,23.7675155548339,-0.298142946196021,intermediate
Gimap7,4,40,0,final
Gins1,1,0,0,initial
Gins1,2,9.28089654835081,2.44601916362912,intermediate
Gins1,3,22,0,final
Gins2,1,0,0,initial
Gins2,2,8.62584829663363,2.53979558905806,intermediate
Gins2,3,22,0,final
Gjb5,1,0,0,initial
Gjb5,2,8.9359273336617,2.46883080257877,intermediate
Gjb5,3,22,0,final
Glipr1,1,0,0,initial
Glipr1,2,7.21649911208631,2.59213173818859,intermediate
Glipr1,3,16.0186963188139,0.481131767565563,intermediate
Glipr1,4,30,1.081,final
Glipr2,N/A,N/A,N/A,N/A
Glrx,1,0,0,initial
Glrx,2,7.72657854102626,2.50756845496462,intermediate
Glrx,3,18,0,final
Gm5086,1,0,0,initial
Gm5086,2,9.46830876193899,2.25843988047624,intermediate
Gm5086,3,22,0,final
Gm5589,N/A,N/A,N/A,N/A
Gm8096,N/A,N/A,N/A,N/A
Gm9558,1,0,0,initial
Gm9558,2,14.4467452614319,3.02227827246818,intermediate
Gm9558,3,24.8407689991735,-3.49998012235379,intermediate
Gm9558,4,60,-0.919,final
Gm11428,1,0,0,initial
Gm11428,2,3.43693012680961,5.73063954888681,intermediate
Gm11428,3,34.2018455642039,-1.68865028587336,intermediate
Gm11428,4,60,1.423,final
Gmfb,1,0,0,initial
Gmfb,2,11.3608573359307,3.48076776476832,intermediate
Gmfb,3,12.2084931108772,-3.76911070065651,intermediate
Gmfb,4,40.7054419381933,0.44097366261452,intermediate
Gmfb,5,60,0,final
Gng2,N/A,N/A,N/A,N/A
Gpr18,1,0,0,initial
Gpr18,2,8.37360827211682,1.72879171194181,intermediate
Gpr18,3,22,0,final
Gpr65,1,0,0,initial
Gpr65,2,6.21313397734041,5.9299346022663,intermediate
Gpr65,3,17.0579008615123,-0.0336022101517106,intermediate
Gpr65,4,30,1.326,final
Gpr68,N/A,N/A,N/A,N/A
Gpr84,1,0,0,initial
Gpr84,2,7.79615334719181,4.27464897486281,intermediate
Gpr84,3,18,0,final
Gpr162,1,0,0,initial
Gpr162,2,17.0798148053255,4.59650912447733,intermediate
Gpr162,3,60,1.509,final
Gpr171,1,0,0,initial
Gpr171,2,4.44568097254394,5.71756873153046,intermediate
Gpr171,3,34.2748265550163,-1.88511816132281,intermediate
Gpr171,4,60,0,final
Gpr176,1,0,0,initial
Gpr176,2,4.7543388278707,4.12532497402377,intermediate
Gpr176,3,36.3546654809269,-1.55888212582466,intermediate
Gpr176,4,60,0.962,final
Gpr183,1,0,0,initial
Gpr183,2,6.87834107131134,3.3989026474669,intermediate
Gpr183,3,24.5217290204696,-0.235904294404097,intermediate
Gpr183,4,40,0,final
Gramd3,1,0,0,initial
Gramd3,2,3.51760533411089,2.56218476845143,intermediate
Gramd3,3,5.98505457923942,1.30083381998285,intermediate
Gramd3,4,25.6843678512921,-0.333070488424224,intermediate
Gramd3,5,44.1936544126689,1.51286213901474,intermediate
Gramd3,6,60,0.7875,final
Grap2,1,0,0,initial
Grap2,2,10.0695872877824,4.1264220245986,intermediate
Grap2,3,29.5634757706316,-1.77211944899723,intermediate
Grap2,4,60,0,final
Gsg2,1,0,0,initial
Gsg2,2,9.56936044841166,2.72403453751152,intermediate
Gsg2,3,22,0,final
Gtse1,1,0,0,initial
Gtse1,2,9.71572472983826,2.10636099681864,intermediate
Gtse1,3,22,0,final
Gzma,1,0,0,initial
Gzma,2,7.98568129580645,5.04519824473888,intermediate
Gzma,3,11.686137082074,-0.66692136273092,intermediate
Gzma,4,22,-0.928,final
Gzmb,1,0,0,initial
Gzmb,2,6.36090597487072,10.1689779586718,intermediate
Gzmb,3,13.9400310432671,-1.15952386278249,intermediate
Gzmb,4,26,0,final
Gzmc,1,0,0,initial
Gzmc,2,7.64444521119266,3.97012588845077,intermediate
Gzmc,3,18,0,final
Gzmk,1,0,0,initial
Gzmk,2,8.60773277311276,6.1078244448606,intermediate
Gzmk,3,11.1045086570641,1.35090665166656,intermediate
Gzmk,4,22,0,final
H2-Aa,1,0,0,initial
H2-Aa,2,13.0050084823088,2.25355251833131,intermediate
H2-Aa,3,60,0,final
H2-Ab1,1,0,0,initial
H2-Ab1,2,7.91555375616498,2.41433169889327,intermediate
H2-Ab1,3,32.9061852975123,-0.0668114099620321,intermediate
H2-Ab1,4,60,0.597,final
H2-Bl,1,0,0,initial
H2-Bl,2,7.30093873068771,2.73902609517197,intermediate
H2-Bl,3,22,0.728,final
H2-DMb1,1,0,0,initial
H2-DMb1,2,12.5677796767135,1.83567140358727,intermediate
H2-DMb1,3,40,0.691,final
H2-Eb1,1,0,0,initial
H2-Eb1,2,18.6398088375367,2.41864049875781,intermediate
H2-Eb1,3,60,0,final
H2-Gs10,N/A,N/A,N/A,N/A
H2-M3,N/A,N/A,N/A,N/A
H2-Q5,1,0,0,initial
H2-Q5,2,2.87373207174375,2.92239382665612,intermediate
H2-Q5,3,35.5926097882833,-2.13613812233222,intermediate
H2-Q5,4,60,0.921,final
H2-Q8,1,0,0,initial
H2-Q8,2,3.75181707684417,6.45193236976042,intermediate
H2-Q8,3,24.0702591479876,-0.908585730169581,intermediate
H2-Q8,4,40,1.185,final
H2-T23,1,0,0,initial
H2-T23,2,8.01788704741946,1.64996185783363,intermediate
H2-T23,3,22,0,final
H2afx,1,0,0,initial
H2afx,2,14.4974712192375,2.41311151604957,intermediate
H2afx,3,40,0,final
Has2,1,0,0,initial
Has2,2,6.7338133581328,2.7272533344734,intermediate
Has2,3,35.2575168495651,0.246065372448847,intermediate
Has2,4,60,0.839,final
Havcr2,1,0,0,initial
Havcr2,2,6.97020858300431,4.49430028353201,intermediate
Havcr2,3,30.4299885754319,-2.60693237649866,intermediate
Havcr2,4,60,0.761,final
Hcls1,1,0,0,initial
Hcls1,2,4.36219963373059,3.92360349250084,intermediate
Hcls1,3,36.6940633301872,-0.101522698188837,intermediate
Hcls1,4,60,0,final
Hcst,1,0,0,initial
Hcst,2,8.36059000887068,3.2978564855918,intermediate
Hcst,3,12.4150376028618,2.52275178507182,intermediate
Hcst,4,44.6691407051894,-1.34019935804614,intermediate
Hcst,5,60,0,final
Hells,1,0,0,initial
Hells,2,10.4349388993727,2.84980316427129,intermediate
Hells,3,26,0,final
Hexb,1,0,0,initial
Hexb,2,6.90220422120947,2.7597542163459,intermediate
Hexb,3,22.281024352842,0.135082053442118,intermediate
Hexb,4,40,0.819,final
Hif1a,N/A,N/A,N/A,N/A
Hist1h1b,1,0,0,initial
Hist1h1b,2,11.5092042474416,3.5875848765979,intermediate
Hist1h1b,3,30,0,final
Hist1h1d,1,0,0,initial
Hist1h1d,2,10.6325929168509,2.43412975817676,intermediate
Hist1h1d,3,22,0,final
Hist1h2ab,1,0,0,initial
Hist1h2ab,2,10.3162661633244,4.6788633489616,intermediate
Hist1h2ab,3,18.0091117416541,-0.173399797619517,intermediate
Hist1h2ab,4,30,0,final
Hist1h2af,1,0,0,initial
Hist1h2af,2,5.95729849268849,3.67305596801921,intermediate
Hist1h2af,3,23.1663381382706,-0.00728319295833982,intermediate
Hist1h2af,4,40,0,final
Hist1h2ai,1,0,0,initial
Hist1h2ai,2,8.23980333459083,4.41403173339148,intermediate
Hist1h2ai,3,22.6582892137751,-0.368585625076761,intermediate
Hist1h2ai,4,40,0,final
Hist1h2ak,1,0,0,initial
Hist1h2ak,2,6.86947343387944,4.98807147395999,intermediate
Hist1h2ak,3,33.5849656141761,-1.4980460555051,intermediate
Hist1h2ak,4,60,0,final
Hist1h2ap,1,0,0,initial
Hist1h2ap,2,7.64294520526937,5.35962304284407,intermediate
Hist1h2ap,3,24.1598137672888,-0.326125391454635,intermediate
Hist1h2ap,4,40,0,final
Hist2h2ac,N/A,N/A,N/A,N/A
Hk3,1,0,0,initial
Hk3,2,4.74792995479342,7.2241932882296,intermediate
Hk3,3,30.451541687926,-4.65906738742781,intermediate
Hk3,4,60,0.7,final
Hmga1,1,0,0,initial
Hmga1,2,9.5416352456838,2.45312913838584,intermediate
Hmga1,3,33.9010669403476,-0.288040852503056,intermediate
Hmga1,4,60,0,final
Hmgb2,1,0,0,initial
Hmgb2,2,12.2773777704071,3.17836378177541,intermediate
Hmgb2,3,30,0,final
Hmha1,N/A,N/A,N/A,N/A
Hmox1,1,0,0,initial
Hmox1,2,8.66003212279171,2.65196099058187,intermediate
Hmox1,3,22.5534208865582,-0.812615301951656,intermediate
Hmox1,4,40,0,final
Hn1l,1,0,0,initial
Hn1l,2,8.16100791127592,1.66101749979331,intermediate
Hn1l,3,19.4716179712809,0.0200769286476212,intermediate
Hn1l,4,30,0,final
Hvcn1,1,0,0,initial
Hvcn1,2,11.3775665971071,3.05895060744801,intermediate
Hvcn1,3,33.9987597607604,-0.420334703248398,intermediate
Hvcn1,4,60,0,final
Icos,1,0,0,initial
Icos,2,8.73364346820473,5.8534681744877,intermediate
Icos,3,14.6882991546565,0.683775870506296,intermediate
Icos,4,30,1.0095,final
Id2,N/A,N/A,N/A,N/A
Ido1,1,0,0,initial
Ido1,2,7.79991834545489,6.18888515960024,intermediate
Ido1,3,22,0,final
Ifi30,1,0,0,initial
Ifi30,2,8.70316251472585,2.44018812164755,intermediate
Ifi30,3,22,0,final
Ifng,1,0,0,initial
Ifng,2,1.98621391618613,8.60765433326857,intermediate
Ifng,3,30.5350861068925,-2.14463408670396,intermediate
Ifng,4,60,0,final
Igf1,N/A,N/A,N/A,N/A
Igsf6,1,0,0,initial
Igsf6,2,8.15414269298882,3.56904091225329,intermediate
Igsf6,3,22,0,final
Ikbke,1,0,0,initial
Ikbke,2,9.24610019329051,2.26917357095493,intermediate
Ikbke,3,22,0,final
Ikzf1,1,0,0,initial
Ikzf1,2,8.63279748702229,2.14389084640897,intermediate
Ikzf1,3,26,0.721,final
Ikzf3,N/A,N/A,N/A,N/A
Il2rb,1,0,0,initial
Il2rb,2,6.06711427748165,7.04813755228744,intermediate
Il2rb,3,32.2761883498056,-1.99491703141346,intermediate
Il2rb,4,60,0,final
Il2rg,1,0,0,initial
Il2rg,2,8.40581644357858,2.24334969478463,intermediate
Il2rg,3,22,0,final
Il4i1,1,0,0,initial
Il4i1,2,3.83070960573276,4.25641690630713,intermediate
Il4i1,3,38.9157032604859,0.548626626128846,intermediate
Il4i1,4,60,1.136,final
Il10ra,1,0,0,initial
Il10ra,2,4.31518682741702,6.47604373055678,intermediate
Il10ra,3,25.3339687639338,-4.55958127360987,intermediate
Il10ra,4,33.6882779123639,2.56645081659161,intermediate
Il10ra,5,60,0,final
Il12b,N/A,N/A,N/A,N/A
Il12rb1,1,0,0,initial
Il12rb1,2,5.06028916538299,7.67950023266653,intermediate
Il12rb1,3,32.2539869605637,-2.37509225551869,intermediate
Il12rb1,4,60,0,final
Il18rap,1,0,0,initial
Il18rap,2,7.94402218964364,1.96452500292348,intermediate
Il18rap,3,18,0,final
Il21r,1,0,0,initial
Il21r,2,3.34183630999643,5.58067398271087,intermediate
Il21r,3,37.0193285800413,-0.993934843060865,intermediate
Il21r,4,60,0,final
Incenp,1,0,0,initial
Incenp,2,10.642913892239,2.72386244135876,intermediate
Incenp,3,22,0,final
Insl6,1,0,0,initial
Insl6,2,7.52456527471659,3.61997512900812,intermediate
Insl6,3,18,1.347,final
Ipcef1,N/A,N/A,N/A,N/A
Iqgap3,1,0,0,initial
Iqgap3,2,12.3386528387666,4.45936035582589,intermediate
Iqgap3,3,27.6721513685849,-2.91607926494857,intermediate
Iqgap3,4,60,0,final
Irf5,1,0,0,initial
Irf5,2,4.05472071381184,4.21995739479885,intermediate
Irf5,3,25.5679056112369,-0.568335360419203,intermediate
Irf5,4,40,0,final
Irf8,1,0,0,initial
Irf8,2,2.43581216570036,2.85848617470063,intermediate
Irf8,3,36.9742243667257,-0.503696053471918,intermediate
Irf8,4,60,0,final
Itga4,1,0,0,initial
Itga4,2,4.322626754743,-0.579162768824282,intermediate
Itga4,3,10.6771965764561,6.54857902595843,intermediate
Itga4,4,26.818379421813,-6.57238883357966,intermediate
Itga4,5,46.4913742400935,2.56440499892258,intermediate
Itga4,6,60,-0.647,final
Itgal,1,0,0,initial
Itgal,2,9.25739409403534,2.38738952770332,intermediate
Itgal,3,22,0,final
Itgax,1,0,0,initial
Itgax,2,9.00841012358028,2.22806676064088,intermediate
Itgax,3,29.2050727551919,-1.54616794534673,intermediate
Itgax,4,60,0.551,final
Itgb2,1,0,0,initial
Itgb2,2,8.82092964196598,1.98871033376534,intermediate
Itgb2,3,22,0,final
Itgb7,N/A,N/A,N/A,N/A
Itk,N/A,N/A,N/A,N/A
Jakmip1,1,0,0,initial
Jakmip1,2,12.4437192529632,2.16148741190189,intermediate
Jakmip1,3,60,0,final
Kcnab2,1,0,0,initial
Kcnab2,2,8.47104301121913,2.22043099079069,intermediate
Kcnab2,3,22,0.806,final
Kcnn4,1,0,0,initial
Kcnn4,2,8.72266433818024,4.90843151076486,intermediate
Kcnn4,3,9.96540238111435,0.375008546439676,intermediate
Kcnn4,4,46.855715848069,1.34983915620518,intermediate
Kcnn4,5,60,1.04,final
Kif2c,1,0,0,initial
Kif2c,2,9.72023349211448,2.77156353826033,intermediate
Kif2c,3,22,0,final
Kif4,1,0,0,initial
Kif4,2,6.79890861079152,-0.24472461252722,intermediate
Kif4,3,12.6769947609594,8.32155611630526,intermediate
Kif4,4,21.497951598649,-8.75235807713221,intermediate
Kif4,5,47.2118219363708,3.38585568473997,intermediate
Kif4,6,60,-0.524,final
Kif11,1,0,0,initial
Kif11,2,9.84544449467183,2.06426593074658,intermediate
Kif11,3,22,0,final
Kif18b,1,0,0,initial
Kif18b,2,10.9566273886947,2.65442285566171,intermediate
Kif18b,3,22,0,final
Kif20a,1,0,0,initial
Kif20a,2,6.60376249397682,3.99328106732998,intermediate
Kif20a,3,23.274494073665,0.0380823023635569,intermediate
Kif20a,4,40,0,final
Kif21b,1,0,0,initial
Kif21b,2,6.39653029327209,-1.85717525699453,intermediate
Kif21b,3,8.75836587986347,9.33607368927222,intermediate
Kif21b,4,32.6530776586433,-8.0141635095947,intermediate
Kif21b,5,40.9273610106426,3.80160670011563,intermediate
Kif21b,6,60,0,final
Kif22,1,0,0,initial
Kif22,2,6.96710883481057,5.46369975032272,intermediate
Kif22,3,22.9418324657331,-0.0601332573684319,intermediate
Kif22,4,40,0.824,final
Kif23,1,0,0,initial
Kif23,2,10.602565938606,2.95808051038001,intermediate
Kif23,3,22,0,final
Kifc1,N/A,N/A,N/A,N/A
Kifc5b,1,0,0,initial
Kifc5b,2,8.83476469306199,2.24650059207446,intermediate
Kifc5b,3,22,0,final
Klhl6,1,0,0,initial
Klhl6,2,13.7950049010522,1.83114792671374,intermediate
Klhl6,3,40,0,final
Klhl25,N/A,N/A,N/A,N/A
Klk1b3,N/A,N/A,N/A,N/A
Klrc2,N/A,N/A,N/A,N/A
Klrg1,1,0,0,initial
Klrg1,2,8.04879552311565,2.51329166704448,intermediate
Klrg1,3,18,0,final
Klrk1,1,0,0,initial
Klrk1,2,7.7838874881801,2.28232418241589,intermediate
Klrk1,3,18,0,final
Kntc1,1,0,0,initial
Kntc1,2,10.4592242837294,3.17355484010513,intermediate
Kntc1,3,22,0,final
Krt6a,1,0,0,initial
Krt6a,2,7.99739398413544,2.56207755563801,intermediate
Krt6a,3,22,0,final
Krt20,N/A,N/A,N/A,N/A
L3mbtl2,N/A,N/A,N/A,N/A
Lag3,1,0,0,initial
Lag3,2,9.08545887737312,7.33539514270048,intermediate
Lag3,3,20.3405944814533,-3.02615334145955,intermediate
Lag3,4,40,0,final
Lair1,1,0,0,initial
Lair1,2,4.66680659752239,5.0715894999773,intermediate
Lair1,3,36.4190106682292,-1.01445673761525,intermediate
Lair1,4,60,-0.303,final
Laptm5,1,0,0,initial
Laptm5,2,8.59680489809856,2.32687248495219,intermediate
Laptm5,3,35.0607541622927,-1.11325864853557,intermediate
Laptm5,4,60,-0.453,final
Lat2,1,0,0,initial
Lat2,2,4.54423794643052,4.11535862177977,intermediate
Lat2,3,36.966241436351,-0.213726531319501,intermediate
Lat2,4,60,0,final
Lat,N/A,N/A,N/A,N/A
Lax1,1,0,0,initial
Lax1,2,12.6465468185175,2.92840262621237,intermediate
Lax1,3,40,1.242,final
Lck,1,0,0,initial
Lck,2,6.62978401978685,7.13562126473204,intermediate
Lck,3,34.0622987245223,-2.50832104002479,intermediate
Lck,4,60,0,final
Lcp1,1,0,0,initial
Lcp1,2,13.4266103245051,1.95501734080922,intermediate
Lcp1,3,60,0.834,final
Lcp2,1,0,0,initial
Lcp2,2,7.36867559676299,4.59619403653075,intermediate
Lcp2,3,17.0308044634061,-1.09654874647569,intermediate
Lcp2,4,30,0,final
Lgals3,1,0,0,initial
Lgals3,2,9.09646007529026,1.99501433735787,intermediate
Lgals3,3,22,0,final
Lgmn,1,0,0,initial
Lgmn,2,7.14863104854773,3.82897094015195,intermediate
Lgmn,3,22.495181755028,-1.10526944247316,intermediate
Lgmn,4,40,0,final
Lhfpl2,N/A,N/A,N/A,N/A
Lhx1,1,0,0,initial
Lhx1,2,12.6392751291709,1.63333036352781,intermediate
Lhx1,3,16.7583327233337,0.116093331046705,intermediate
Lhx1,4,30,0,final
Lig1,1,0,0,initial
Lig1,2,9.57308585923004,2.0328602685399,intermediate
Lig1,3,22,0,final
Lin9,1,0,0,initial
Lin9,2,9.90168383417799,1.66016693325238,intermediate
Lin9,3,22,0,final
Lmnb1,1,0,0,initial
Lmnb1,2,9.77869783649594,4.26633743930434,intermediate
Lmnb1,3,33.4032043350556,-2.64070015136029,intermediate
Lmnb1,4,60,-0.756,final
LOC676708,1,0,0,initial
LOC676708,2,8.63471973588532,3.4018006883595,intermediate
LOC676708,3,22,0,final
Lox,1,0,0,initial
Lox,2,3.93982298556627,1.89522239866023,intermediate
Lox,3,36.874447621638,-1.0155247551017,intermediate
Lox,4,60,-1.068,final
Lpcat2,1,0,0,initial
Lpcat2,2,8.06849674196996,4.23126708668367,intermediate
Lpcat2,3,33.6418141003196,-1.78025612590958,intermediate
Lpcat2,4,60,0.909,final
Lpxn,1,0,0,initial
Lpxn,2,3.17152065662727,5.72598631336082,intermediate
Lpxn,3,36.3878101101489,-0.987924562082194,intermediate
Lpxn,4,60,0,final
Lrdd,N/A,N/A,N/A,N/A
Lrmp,1,0,0,initial
Lrmp,2,15.2219912512434,3.33736165055257,intermediate
Lrmp,3,60,0.731,final
Lrrc25,1,0,0,initial
Lrrc25,2,6.17542842584031,5.79175160607373,intermediate
Lrrc25,3,22.4485545207432,-1.97003531056829,intermediate
Lrrc25,4,40,0,final
Lrrc33,1,0,0,initial
Lrrc33,2,8.15905793361068,1.62574289461213,intermediate
Lrrc33,3,22,0,final
Lst1,1,0,0,initial
Lst1,2,7.95247825554237,3.66067130607551,intermediate
Lst1,3,22,0,final
Ltb,1,0,0,initial
Ltb,2,17.0682112182465,3.38161859191787,intermediate
Ltb,3,60,1.023,final
Ly9,1,0,0,initial
Ly9,2,6.84968295162714,5.05945148764538,intermediate
Ly9,3,24.6047854835484,-0.779064970178878,intermediate
Ly9,4,40,0,final
Ly86,1,0,0,initial
Ly86,2,3.2974190684381,4.7517997493474,intermediate
Ly86,3,35.7726951749159,-1.08384403816794,intermediate
Ly86,4,60,0,final
Mad2l1,1,0,0,initial
Mad2l1,2,9.5859127871966,2.91130740965518,intermediate
Mad2l1,3,17.5917549401723,-0.291338889819558,intermediate
Mad2l1,4,30,0,final
Mafb,1,0,0,initial
Mafb,2,5.35561119393048,6.44648223348192,intermediate
Mafb,3,34.8632441038078,-2.82513131909867,intermediate
Mafb,4,60,0.91,final
Map4k1,1,0,0,initial
Map4k1,2,8.22728698453488,3.89658726667002,intermediate
Map4k1,3,33.9062425900743,-0.946277654397069,intermediate
Map4k1,4,60,0,final
March1,1,0,0,initial
March1,2,6.19584081484322,4.29563674300362,intermediate
March1,3,23.3297352863305,-0.782114174036077,intermediate
March1,4,40,0,final
Matk,1,0,0,initial
Matk,2,12.9864664737061,2.20735902548951,intermediate
Matk,3,40,0.661,final
Mchr1,N/A,N/A,N/A,N/A
Mcm2,1,0,0,initial
Mcm2,2,9.82242235980117,2.42592408567916,intermediate
Mcm2,3,22,0,final
Mcm3,1,0,0,initial
Mcm3,2,9.58851101353805,2.27911706545464,intermediate
Mcm3,3,22,0,final
Mcm5,1,0,0,initial
Mcm5,2,9.67195103956676,3.27901250900809,intermediate
Mcm5,3,22,0,final
Mcm6,1,0,0,initial
Mcm6,2,11.4522946046601,2.23892831195927,intermediate
Mcm6,3,30,0,final
Mcm10,1,0,0,initial
Mcm10,2,6.19156736246013,4.65598573494916,intermediate
Mcm10,3,24.6027260916302,-0.704137445155876,intermediate
Mcm10,4,40,0,final
Mcoln2,1,0,0,initial
Mcoln2,2,4.80603244865493,3.18151174827056,intermediate
Mcoln2,3,20.5818631038349,-0.973210408661202,intermediate
Mcoln2,4,30,0.778,final
Melk,1,0,0,initial
Melk,2,9.95460737765419,5.05793004237086,intermediate
Melk,3,22.2032690990893,-1.45683375249556,intermediate
Melk,4,40,0,final
Mgat4a,1,0,0,initial
Mgat4a,2,5.30512256067239,3.82010469317096,intermediate
Mgat4a,3,14.2769323135733,-2.82027380283139,intermediate
Mgat4a,4,37.770387583414,1.49637013462845,intermediate
Mgat4a,5,60,0,final
Mki67,1,0,0,initial
Mki67,2,3.55653456896355,-0.467375885206801,intermediate
Mki67,3,14.2910537889543,7.89197742295439,intermediate
Mki67,4,28.1656562560356,-3.0767563664325,intermediate
Mki67,5,40,0,final
Mlec,1,0,0,initial
Mlec,2,8.21588200727235,1.81807291510238,intermediate
Mlec,3,22,0,final
Mmp13,N/A,N/A,N/A,N/A
Mmp14,1,0,0,initial
Mmp14,2,7.48748717261211,1.84512110766165,intermediate
Mmp14,3,20.7080575627111,0.144105494876607,intermediate
Mmp14,4,35.3537649940795,0.328074807479051,intermediate
Mmp14,5,60,-0.88,final
Mms22l,1,0,0,initial
Mms22l,2,9.49436510659136,2.27091467138169,intermediate
Mms22l,3,22,0,final
Mobkl2a,N/A,N/A,N/A,N/A
Mpst,N/A,N/A,N/A,N/A
Mre11a,N/A,N/A,N/A,N/A
Ms4a4b,1,0,0,initial
Ms4a4b,2,4.59753486153945,7.25082958341189,intermediate
Ms4a4b,3,33.2510757080602,-2.92042962368785,intermediate
Ms4a4b,4,60,0,final
Ms4a7,1,0,0,initial
Ms4a7,2,4.08639206949,8.92430632014937,intermediate
Ms4a7,3,35.7962020038773,-0.928331237554479,intermediate
Ms4a7,4,60,1.625,final
Msr1,1,0,0,initial
Msr1,2,5.15356038716401,6.96383672321779,intermediate
Msr1,3,12.9747289300838,-2.74531845402469,intermediate
Msr1,4,43.1307517330251,1.96423769908551,intermediate
Msr1,5,60,0.7765,final
Mthfd2,1,0,0,initial
Mthfd2,2,8.03888917092734,3.15402428481091,intermediate
Mthfd2,3,22,0,final
Mxd3,1,0,0,initial
Mxd3,2,8.69281660450623,4.27284267174433,intermediate
Mxd3,3,22.8014863546296,-0.537360879661761,intermediate
Mxd3,4,40,0,final
Mybl2,1,0,0,initial
Mybl2,2,11.4046946032939,3.31342766221498,intermediate
Mybl2,3,30,0,final
Myo1e,N/A,N/A,N/A,N/A
Myo1f,1,0,0,initial
Myo1f,2,9.02809734312037,2.93840503542798,intermediate
Myo1f,3,22,0,final
Myo1g,1,0,0,initial
Myo1g,2,9.22567222270686,2.3193741329736,intermediate
Myo1g,3,18.8477106087654,0.00731246032660514,intermediate
Myo1g,4,30,0,final
Myo5a,1,0,0,initial
Myo5a,2,16.301435895936,1.7349025834402,intermediate
Myo5a,3,60,1.279,final
Naip2,1,0,0,initial
Naip2,2,8.09345849813978,2.3521730028261,intermediate
Naip2,3,22,0,final
Nasp,1,0,0,initial
Nasp,2,8.96546569086321,2.12090319482623,intermediate
Nasp,3,22,0,final
Ncapd2,1,0,0,initial
Ncapd2,2,8.60043562813029,2.25348853294713,intermediate
Ncapd2,3,22,0,final
Ncapg2,1,0,0,initial
Ncapg2,2,9.25303948275731,3.64545008431312,intermediate
Ncapg2,3,22,0,final
Ncapg,1,0,0,initial
Ncapg,2,6.53766776011852,5.89067825245685,intermediate
Ncapg,3,31.0577880793574,-1.47996036093659,intermediate
Ncapg,4,60,0,final
Ncf1,1,0,0,initial
Ncf1,2,9.65023698023888,2.26724932114292,intermediate
Ncf1,3,22,0,final
Ncf4,1,0,0,initial
Ncf4,2,5.22775867300593,4.99862375471359,intermediate
Ncf4,3,34.7103784258475,-1.15382598866622,intermediate
Ncf4,4,60,0,final
Nckap1l,1,0,0,initial
Nckap1l,2,11.5612715795145,3.7042222565343,intermediate
Nckap1l,3,29.051546393056,-1.55836400082435,intermediate
Nckap1l,4,60,0,final
Ndc80,1,0,0,initial
Ndc80,2,9.74393538156609,2.03869205471716,intermediate
Ndc80,3,22,0,final
Ndufab1,1,0,0,initial
Ndufab1,2,8.13087811227673,1.89146651045353,intermediate
Ndufab1,3,34.6394965519556,-1.28885369595104,intermediate
Ndufab1,4,60,-0.492,final
Neil3,1,0,0,initial
Neil3,2,10.2712109240689,2.45465789276524,intermediate
Neil3,3,22,0,final
Nek2,N/A,N/A,N/A,N/A
Neurl3,1,0,0,initial
Neurl3,2,15.9117054209636,2.68508761927407,intermediate
Neurl3,3,27.4540256575156,-1.85808417665776,intermediate
Neurl3,4,60,-1.07,final
Nfkb2,1,0,0,initial
Nfkb2,2,9.10150111928906,2.01063048759229,intermediate
Nfkb2,3,22,0,final
Nfkbid,1,0,0,initial
Nfkbid,2,10.5389111612908,1.98345341330333,intermediate
Nfkbid,3,26,0,final
Nfkbie,1,0,0,initial
Nfkbie,2,5.63121827758207,4.0954155872383,intermediate
Nfkbie,3,35.5112449023381,-1.19046763581897,intermediate
Nfkbie,4,60,0,final
Nfkbiz,N/A,N/A,N/A,N/A
Nkg7,1,0,0,initial
Nkg7,2,6.92632534143113,7.76183860452876,intermediate
Nkg7,3,32.6265365650753,-3.04389103927561,intermediate
Nkg7,4,60,0,final
Nlrc3,1,0,0,initial
Nlrc3,2,9.68776123031328,2.62163874441906,intermediate
Nlrc3,3,22,0,final
Nmral1,1,0,0,initial
Nmral1,2,4.70730537014548,3.33706889726325,intermediate
Nmral1,3,24.6936808533752,-0.517615851679323,intermediate
Nmral1,4,40,0,final
Noc4l,1,0,0,initial
Noc4l,2,8.70971742265599,1.63249747634284,intermediate
Noc4l,3,22,0,final
Nr1i3,N/A,N/A,N/A,N/A
Nsg2,N/A,N/A,N/A,N/A
Nsl1,1,0,0,initial
Nsl1,2,10.1606501956783,3.31073314390683,intermediate
Nsl1,3,16.5917524955991,-0.379758517193671,intermediate
Nsl1,4,30,0,final
Nuf2,1,0,0,initial
Nuf2,2,11.2983814026283,3.73636029756224,intermediate
Nuf2,3,30,0,final
Nus1,N/A,N/A,N/A,N/A
Nusap1,1,0,0,initial
Nusap1,2,7.66580022405288,4.48352398282278,intermediate
Nusap1,3,23.6697695334447,-0.603144426453449,intermediate
Nusap1,4,40,0,final
Odf3,N/A,N/A,N/A,N/A
Oip5,1,0,0,initial
Oip5,2,9.84996758758177,2.20539312015698,intermediate
Oip5,3,22,0,final
P2ry6,1,0,0,initial
P2ry6,2,7.91475753058155,3.75426826998505,intermediate
P2ry6,3,15.7606821967438,-2.43262354206867,intermediate
P2ry6,4,41.8586822676444,1.53103446952111,intermediate
P2ry6,5,60,0,final
P2ry10,N/A,N/A,N/A,N/A
Pacsin1,1,0,0,initial
Pacsin1,2,5.40765131177565,2.98531825017216,intermediate
Pacsin1,3,36.6267416130211,0.1987469007759,intermediate
Pacsin1,4,60,0,final
Padi2,1,0,0,initial
Padi2,2,9.58343572661579,2.93521614683096,intermediate
Padi2,3,22,0,final
Panx1,1,0,0,initial
Panx1,2,11.8818937699911,2.99653606701038,intermediate
Panx1,3,19.5306612367603,-0.505741093266549,intermediate
Panx1,4,40,0,final
Parp8,N/A,N/A,N/A,N/A
Parvg,1,0,0,initial
Parvg,2,7.65790695476099,3.59167846754869,intermediate
Parvg,3,23.9496032196421,-0.121765370732862,intermediate
Parvg,4,40,0,final
Pask,1,0,0,initial
Pask,2,10.0018478765143,2.19031576496635,intermediate
Pask,3,22,0,final
Pbk,1,0,0,initial
Pbk,2,10.2395294807947,3.99787633467335,intermediate
Pbk,3,22,0,final
Pdcd1,1,0,0,initial
Pdcd1,2,6.56170116184841,9.9149804229957,intermediate
Pdcd1,3,33.5325859626241,-1.32557683336889,intermediate
Pdcd1,4,60,1.121,final
Pglyrp2,1,0,0,initial
Pglyrp2,2,6.47776042967734,3.61098616888908,intermediate
Pglyrp2,3,37.8605176280797,0.308659277212404,intermediate
Pglyrp2,4,60,0,final
Phf6,N/A,N/A,N/A,N/A
Phf19,1,0,0,initial
Phf19,2,11.8749304897425,2.29653490795114,intermediate
Phf19,3,26,0,final
Phgdh,1,0,0,initial
Phgdh,2,9.03695401283283,2.40649051578879,intermediate
Phgdh,3,14.9894291233674,0.858015312061398,intermediate
Phgdh,4,42.5418894986641,-0.232913423981418,intermediate
Phgdh,5,60,0,final
Pik3cd,1,0,0,initial
Pik3cd,2,9.65215788669625,2.73016904589096,intermediate
Pik3cd,3,18.8280884644919,-0.163755455896611,intermediate
Pik3cd,4,30,0,final
Pik3cg,N/A,N/A,N/A,N/A
Pinx1,N/A,N/A,N/A,N/A
Pkib,1,0,0,initial
Pkib,2,7.34887769696447,2.82922321612176,intermediate
Pkib,3,34.8673952173267,-0.491092597549379,intermediate
Pkib,4,60,0,final
Pkn3,1,0,0,initial
Pkn3,2,8.74353796902,4.05486733589649,intermediate
Pkn3,3,15.7860002129157,-2.14288530967142,intermediate
Pkn3,4,30,0,final
Pla1a,1,0,0,initial
Pla1a,2,5.51848963117457,6.22855829352251,intermediate
Pla1a,3,12.3266894543158,0.537117695032719,intermediate
Pla1a,4,22,1.28,final
Pla2g7,1,0,0,initial
Pla2g7,2,6.70688723227046,5.50589753849282,intermediate
Pla2g7,3,22.2781737776316,-1.97589130148727,intermediate
Pla2g7,4,40,0,final
Pla2g16,N/A,N/A,N/A,N/A
Plbd1,1,0,0,initial
Plbd1,2,9.52392964912597,2.47374889566531,intermediate
Plbd1,3,33.3470143629503,-0.435680111862138,intermediate
Plbd1,4,60,0,final
Plcg2,1,0,0,initial
Plcg2,2,18.4106299221646,1.96819262882624,intermediate
Plcg2,3,60,0,final
Plcl2,1,0,0,initial
Plcl2,2,8.52712650954498,2.33684816983942,intermediate
Plcl2,3,18.7643904913978,-0.0778047654673838,intermediate
Plcl2,4,30,0,final
Pld4,1,0,0,initial
Pld4,2,9.17722850036517,3.2522782957186,intermediate
Pld4,3,22,0,final
Plekho2,1,0,0,initial
Plekho2,2,8.79487785015843,1.73584739369911,intermediate
Plekho2,3,22,0,final
Plk1,1,0,0,initial
Plk1,2,10.506340007143,4.01539854228553,intermediate
Plk1,3,26,0,final
Plk4,N/A,N/A,N/A,N/A
Pmf1,N/A,N/A,N/A,N/A
Poc1a,1,0,0,initial
Poc1a,2,9.69590293428572,2.50931723087967,intermediate
Poc1a,3,14.7315717195413,-1.69531299112593,intermediate
Poc1a,4,45.1318073786487,-0.159886768544097,intermediate
Poc1a,5,60,0,final
Pola1,1,0,0,initial
Pola1,2,9.89788126385945,1.67048645849722,intermediate
Pola1,3,22,0,final
Pole2,1,0,0,initial
Pole2,2,10.7547380804439,2.73825102970291,intermediate
Pole2,3,14.9565696839443,-1.97195084126677,intermediate
Pole2,4,45.3790133437449,0.796246308743658,intermediate
Pole2,5,60,-0.467,final
Pole,1,0,0,initial
Pole,2,10.6409302608339,2.82170827454012,intermediate
Pole,3,26,0,final
Pou2f2,1,0,0,initial
Pou2f2,2,10.2215816552683,1.96209970112404,intermediate
Pou2f2,3,26,0,final
Ppp2r5c,1,0,0,initial
Ppp2r5c,2,9.56112718430546,2.03316762769611,intermediate
Ppp2r5c,3,22,0,final
Prc1,1,0,0,initial
Prc1,2,10.5722821930852,3.50674282392601,intermediate
Prc1,3,30,0,final
Prf1,1,0,0,initial
Prf1,2,10.4730165876331,4.17451348254076,intermediate
Prf1,3,19.9437672780574,-3.01343019203078,intermediate
Prf1,4,40,-0.732,final
Prim2,1,0,0,initial
Prim2,2,9.03029926580833,1.58180791290366,intermediate
Prim2,3,22,0,final
Prkcb,1,0,0,initial
Prkcb,2,11.4970037544069,1.94923602990494,intermediate
Prkcb,3,40,0.7325,final
Procr,N/A,N/A,N/A,N/A
Prrx2,N/A,N/A,N/A,N/A
Psat1,1,0,0,initial
Psat1,2,8.89806687569284,3.01086198906809,intermediate
Psat1,3,22,0,final
Psd4,1,0,0,initial
Psd4,2,8.9577114679007,1.75344811108084,intermediate
Psd4,3,22,0,final
Psmb8,1,0,0,initial
Psmb8,2,2.84418627157128,4.27232973370759,intermediate
Psmb8,3,24.2978978899657,-0.842009233874832,intermediate
Psmb8,4,40,0,final
Psmb9,1,0,0,initial
Psmb9,2,7.25533551705257,3.91094513380646,intermediate
Psmb9,3,21.3896045371463,-1.29717319271072,intermediate
Psmb9,4,40,0,final
Psrc1,1,0,0,initial
Psrc1,2,8.31508347450645,3.13608606341647,intermediate
Psrc1,3,24.6848539770162,-0.0346174546757912,intermediate
Psrc1,4,40,0,final
Pstpip1,1,0,0,initial
Pstpip1,2,6.46569208858113,6.32670507760782,intermediate
Pstpip1,3,22.7479042885027,-1.62303326345512,intermediate
Pstpip1,4,40,0,final
Ptk2b,1,0,0,initial
Ptk2b,2,10.5289015120684,2.72969339973778,intermediate
Ptk2b,3,22.8197834393114,-0.636676111975249,intermediate
Ptk2b,4,40,0,final
Ptms,N/A,N/A,N/A,N/A
Ptpn6,1,0,0,initial
Ptpn6,2,2.17239239577415,3.21898329911961,intermediate
Ptpn6,3,32.1656441118078,-1.34626430251568,intermediate
Ptpn6,4,60,-0.467,final
Ptpn7,1,0,0,initial
Ptpn7,2,8.1330083723773,4.56925448212652,intermediate
Ptpn7,3,22.6390145436768,-0.539308202704531,intermediate
Ptpn7,4,40,0,final
Ptpn18,N/A,N/A,N/A,N/A
Ptpn22,1,0,0,initial
Ptpn22,2,7.59920563183872,4.12712764667882,intermediate
Ptpn22,3,16.701610726842,0.995855298404639,intermediate
Ptpn22,4,30,1.122,final
Ptprc,1,0,0,initial
Ptprc,2,3.99661811134218,3.16149141702006,intermediate
Ptprc,3,36.3117492513538,0.481890301848364,intermediate
Ptprc,4,60,0.127,final
Ptprcap,1,0,0,initial
Ptprcap,2,6.92651022957277,5.05436055352763,intermediate
Ptprcap,3,33.6707742148487,-0.395842755532113,intermediate
Ptprcap,4,60,0.65,final
Ptpro,1,0,0,initial
Ptpro,2,7.14534406453858,2.24097825089947,intermediate
Ptpro,3,18,0,final
Pycard,1,0,0,initial
Pycard,2,5.74164633160836,5.46148706039278,intermediate
Pycard,3,33.2161047910703,-2.04725393688731,intermediate
Pycard,4,60,0,final
Rab3il1,1,0,0,initial
Rab3il1,2,9.42274957678807,1.70242952714682,intermediate
Rab3il1,3,22,0,final
Rab8b,N/A,N/A,N/A,N/A
Rab32,1,0,0,initial
Rab32,2,8.92132307171684,2.01936886934744,intermediate
Rab32,3,22,0,final
Rac2,1,0,0,initial
Rac2,2,7.20652956702453,4.62612158055096,intermediate
Rac2,3,24.2544104386297,-0.268279805139296,intermediate
Rac2,4,40,0,final
Racgap1,1,0,0,initial
Racgap1,2,12.0134970133223,2.79712965947006,intermediate
Racgap1,3,22.4569975505616,-0.577972908888827,intermediate
Racgap1,4,40,0,final
Rad51,1,0,0,initial
Rad51,2,7.05443292963833,5.16925985807096,intermediate
Rad51,3,22.9494436296106,-1.00669789801159,intermediate
Rad51,4,40,0,final
Rad51ap1,1,0,0,initial
Rad51ap1,2,9.71346122406462,2.92693441158877,intermediate
Rad51ap1,3,22,0,final
Rad54b,1,0,0,initial
Rad54b,2,9.66184808406332,2.35817163991078,intermediate
Rad54b,3,22,0,final
Rad54l,1,0,0,initial
Rad54l,2,10.2389554865454,2.68180575678589,intermediate
Rad54l,3,26,0,final
Rap2b,N/A,N/A,N/A,N/A
Rasal3,1,0,0,initial
Rasal3,2,6.73427042648727,4.01877171409344,intermediate
Rasal3,3,35.077137359045,-0.386625667795867,intermediate
Rasal3,4,60,0,final
Rasgrp1,1,0,0,initial
Rasgrp1,2,9.0969959611332,3.74064127586001,intermediate
Rasgrp1,3,21.9385643747057,-1.17161458816083,intermediate
Rasgrp1,4,40,0,final
Rassf4,1,0,0,initial
Rassf4,2,12.9731359926269,2.22028573564967,intermediate
Rassf4,3,33.5850461676879,-2.3744258868615,intermediate
Rassf4,4,60,-0.98,final
Rbl1,1,0,0,initial
Rbl1,2,9.20881305402607,1.87920037388292,intermediate
Rbl1,3,22,0,final
Rcan3,N/A,N/A,N/A,N/A
Rcc1,1,0,0,initial
Rcc1,2,10.9844103352171,2.01788469930353,intermediate
Rcc1,3,26,0,final
Rcc2,1,0,0,initial
Rcc2,2,9.39533571589659,1.70739413709285,intermediate
Rcc2,3,22,0,final
Relb,1,0,0,initial
Relb,2,8.86493579569223,1.96233694645624,intermediate
Relb,3,22,0,final
Rfc4,1,0,0,initial
Rfc4,2,9.92298120214379,2.08215456303414,intermediate
Rfc4,3,22,0,final
Rfc5,1,0,0,initial
Rfc5,2,9.35335165578524,1.98817385965277,intermediate
Rfc5,3,22,0,final
Rgs1,1,0,0,initial
Rgs1,2,3.21069777740066,6.51454127300797,intermediate
Rgs1,3,34.6798275408235,-2.39731656870469,intermediate
Rgs1,4,60,0,final
Rgs10,1,0,0,initial
Rgs10,2,8.43605610222357,3.09610316898622,intermediate
Rgs10,3,37.8476613962935,-1.23603424396789,intermediate
Rgs10,4,60,0.784,final
Rgs14,1,0,0,initial
Rgs14,2,9.2235043669086,2.05463327836511,intermediate
Rgs14,3,22,0,final
Rgs16,1,0,0,initial
Rgs16,2,4.27839676840205,6.06168306568288,intermediate
Rgs16,3,16.0817145380843,0.852283058725898,intermediate
Rgs16,4,26,1.199,final
Rhoh,1,0,0,initial
Rhoh,2,5.59688777855738,4.78990852140166,intermediate
Rhoh,3,36.2056335993969,-0.429458778342838,intermediate
Rhoh,4,60,0,final
Rinl,1,0,0,initial
Rinl,2,9.44266251056089,2.12973866612026,intermediate
Rinl,3,22,0,final
Ripk3,1,0,0,initial
Ripk3,2,8.57999505907317,2.74613523325332,intermediate
Ripk3,3,22,0,final
Rnase6,1,0,0,initial
Rnase6,2,16.920178648968,1.97002128281589,intermediate
Rnase6,3,60,0,final
Rnf149,1,0,0,initial
Rnf149,2,4.24680521685875,2.50358710045351,intermediate
Rnf149,3,35.7924328332078,0.38369604881563,intermediate
Rnf149,4,60,1.6,final
Rrbp1,1,0,0,initial
Rrbp1,2,11.3314043188422,2.39211772946341,intermediate
Rrbp1,3,27.0725456427934,-3.92148047857328,intermediate
Rrbp1,4,60,-1.834,final
Rrm2,1,0,0,initial
Rrm2,2,7.08708453886702,5.27713987770181,intermediate
Rrm2,3,22.3723960526432,-0.394642723273055,intermediate
Rrm2,4,40,0.732,final
Runx2,1,0,0,initial
Runx2,2,10.3727205368332,2.88580099368699,intermediate
Runx2,3,11.5382272214942,-0.519812203453472,intermediate
Runx2,4,44.5022158351495,-0.64623432242308,intermediate
Runx2,5,60,-0.542,final
Runx3,1,0,0,initial
Runx3,2,4.49099421452093,3.29625324511323,intermediate
Runx3,3,25.1113584769158,-0.385942096592254,intermediate
Runx3,4,40,0,final
Rusc1,N/A,N/A,N/A,N/A
S100a4,1,0,0,initial
S100a4,2,7.31329815022697,4.84853144888999,intermediate
S100a4,3,23.2080112719908,-0.902498755468358,intermediate
S100a4,4,40,0,final
Sash3,1,0,0,initial
Sash3,2,11.0305307688705,3.42320127680132,intermediate
Sash3,3,20.4072346613706,-1.13962564174326,intermediate
Sash3,4,40,0,final
Selplg,1,0,0,initial
Selplg,2,6.80975783920294,3.9953868278758,intermediate
Selplg,3,24.2312674304999,-0.573910069164879,intermediate
Selplg,4,40,0,final
Sema4d,1,0,0,initial
Sema4d,2,9.21342226757814,2.17606199085994,intermediate
Sema4d,3,22,0,final
Sept6,1,0,0,initial
Sept6,2,10.6810472333754,2.92740016720884,intermediate
Sept6,3,33.2558282338911,-0.529435007857557,intermediate
Sept6,4,60,0,final
Serp1,N/A,N/A,N/A,N/A
Serpina3g,1,0,0,initial
Serpina3g,2,1.41203021938727,7.20258615471222,intermediate
Serpina3g,3,35.7136074433557,-1.82676142536062,intermediate
Serpina3g,4,60,1.593,final
Sesn3,N/A,N/A,N/A,N/A
Sfn,1,0,0,initial
Sfn,2,11.4825276814684,3.09696113665353,intermediate
Sfn,3,20.5998015356134,-0.856521046482673,intermediate
Sfn,4,40,0,final
Sgol1,1,0,0,initial
Sgol1,2,7.60039010496749,4.75738655212197,intermediate
Sgol1,3,22.7131784360968,-0.783557409298112,intermediate
Sgol1,4,40,0,final
Sgol2,1,0,0,initial
Sgol2,2,7.13027648182894,2.84206911732737,intermediate
Sgol2,3,24.9897050710254,-0.085091889284434,intermediate
Sgol2,4,40,0,final
Sh2d1a,1,0,0,initial
Sh2d1a,2,9.50555423666168,5.74152491501103,intermediate
Sh2d1a,3,10.0076142378541,-0.493815785300779,intermediate
Sh2d1a,4,27.4061986570053,0.0190339767207255,intermediate
Sh2d1a,5,40,0,final
Sh3bp1,1,0,0,initial
Sh3bp1,2,11.5252555608114,1.96756519426922,intermediate
Sh3bp1,3,30,0,final
Sh3kbp1,N/A,N/A,N/A,N/A
Shcbp1,1,0,0,initial
Shcbp1,2,8.85343050138408,5.00132940862629,intermediate
Shcbp1,3,16.7499928420165,-0.813336193843564,intermediate
Shcbp1,4,30,0,final
Sirpa,1,0,0,initial
Sirpa,2,10.3580447831412,1.73340524052693,intermediate
Sirpa,3,18.6881862388906,0.0793209283669714,intermediate
Sirpa,4,30,0,final
Sit1,N/A,N/A,N/A,N/A
Ska1,1,0,0,initial
Ska1,2,9.37638398567072,5.31940103790341,intermediate
Ska1,3,21.5859168779764,-1.64793216863467,intermediate
Ska1,4,40,0,final
Skap1,N/A,N/A,N/A,N/A
Sla2,1,0,0,initial
Sla2,2,9.95659007284225,3.98132367722285,intermediate
Sla2,3,26,0,final
Slamf1,N/A,N/A,N/A,N/A
Slamf6,1,0,0,initial
Slamf6,2,5.89078410717261,2.94641013212932,intermediate
Slamf6,3,36.08143450744,-0.554696048603963,intermediate
Slamf6,4,60,0,final
Slamf7,1,0,0,initial
Slamf7,2,3.99185521546936,5.23696479577549,intermediate
Slamf7,3,22.7243205155875,-0.937688216719979,intermediate
Slamf7,4,40,0.701,final
Slamf8,1,0,0,initial
Slamf8,2,3.70869411867361,7.70778627744886,intermediate
Slamf8,3,34.2371421506999,-2.5810035554314,intermediate
Slamf8,4,60,0,final
Slamf9,1,0,0,initial
Slamf9,2,8.53586703087404,4.21691861775058,intermediate
Slamf9,3,22,0,final
Slc4a7,N/A,N/A,N/A,N/A
Slc7a5,1,0,0,initial
Slc7a5,2,8.07038801971976,2.30518209498256,intermediate
Slc7a5,3,22,0,final
Slc7a8,1,0,0,initial
Slc7a8,2,3.96032971966147,6.6606264286561,intermediate
Slc7a8,3,16.2676702738006,-2.61942764422832,intermediate
Slc7a8,4,40.2422314758102,1.52121969310846,intermediate
Slc7a8,5,60,1.384,final
Slc11a1,1,0,0,initial
Slc11a1,2,8.98645272632678,3.80225013336838,intermediate
Slc11a1,3,22,0,final
Slc16a6,1,0,0,initial
Slc16a6,2,5.66136125255845,3.31431736617769,intermediate
Slc16a6,3,24.4529673348689,0.532234380307642,intermediate
Slc16a6,4,40,1.462,final
Slc22a16,1,0,0,initial
Slc22a16,2,9.86197228243135,1.61125761515266,intermediate
Slc22a16,3,22,0,final
Slc28a2,1,0,0,initial
Slc28a2,2,6.46312424895889,4.75058467883659,intermediate
Slc28a2,3,23.4536193733577,-1.53285813334928,intermediate
Slc28a2,4,40,0,final
Slc37a2,1,0,0,initial
Slc37a2,2,7.54610661609934,5.28867425819336,intermediate
Slc37a2,3,21.9268032013051,-1.69046819299004,intermediate
Slc37a2,4,40,0,final
Smc2,1,0,0,initial
Smc2,2,11.1602592361699,2.64414397362845,intermediate
Smc2,3,18.1064690593265,-1.22650334233218,intermediate
Smc2,4,30,-0.809,final
Snx5,1,0,0,initial
Snx5,2,5.20437673636507,-0.443887495923339,intermediate
Snx5,3,9.05421333081705,3.9198118145494,intermediate
Snx5,4,19.0547440538722,-0.885789089858834,intermediate
Snx5,5,26,0,final
Snx10,N/A,N/A,N/A,N/A
Snx20,1,0,0,initial
Snx20,2,0.706473358108598,3.39689090480181,intermediate
Snx20,3,36.6891865528596,-0.137785349655326,intermediate
Snx20,4,60,1.039,final
Spag5,1,0,0,initial
Spag5,2,10.1423145513498,3.39965189570268,intermediate
Spag5,3,22,0,final
Spc24,1,0,0,initial
Spc24,2,9.73053488827022,2.99700316523381,intermediate
Spc24,3,22,0,final
Spc25,1,0,0,initial
Spc25,2,7.34332591143518,4.23457676017636,intermediate
Spc25,3,24.667719885925,-0.348128001719462,intermediate
Spc25,4,40,0,final
Spic,1,0,0,initial
Spic,2,4.66541278120768,3.52794384178079,intermediate
Spic,3,33.2661610985467,-0.316652216000016,intermediate
Spic,4,60,1.218,final
Spn,1,0,0,initial
Spn,2,10.2824527404398,4.16001193394778,intermediate
Spn,3,10.7924002653623,-0.339701174053637,intermediate
Spn,4,27.1187884073154,0.165076712224858,intermediate
Spn,5,40,0,final
Spns3,1,0,0,initial
Spns3,2,10.926655727617,1.66920613169742,intermediate
Spns3,3,30,0.916,final
Srd5a3,N/A,N/A,N/A,N/A
Srrm3,N/A,N/A,N/A,N/A
St8sia1,N/A,N/A,N/A,N/A
Stap1,1,0,0,initial
Stap1,2,6.9660068872665,2.73331467074938,intermediate
Stap1,3,36.6180034076717,-0.388620784501637,intermediate
Stap1,4,60,0,final
Stat4,1,0,0,initial
Stat4,2,10.1696289730517,4.07780612865509,intermediate
Stat4,3,20.6357889187298,-1.2478139023914,intermediate
Stat4,4,40,0,final
Stra6,N/A,N/A,N/A,N/A
Susd3,1,0,0,initial
Susd3,2,8.38933737411277,3.27784330786816,intermediate
Susd3,3,32.9742717267974,-0.710694139302591,intermediate
Susd3,4,60,0,final
Sykb,1,0,0,initial
Sykb,2,10.2335280243523,1.88551277824438,intermediate
Sykb,3,22,0,final
Syt8,1,0,0,initial
Syt8,2,7.57260705292248,2.20757690518658,intermediate
Syt8,3,22,0,final
Syt13,1,0,0,initial
Syt13,2,12.6059711379348,3.9014663616797,intermediate
Syt13,3,28.7047505733303,-1.07618688017703,intermediate
Syt13,4,60,0,final
Taf1d,N/A,N/A,N/A,N/A
Tatdn2,N/A,N/A,N/A,N/A
Tbc1d10c,1,0,0,initial
Tbc1d10c,2,7.75021604811188,2.25782230852725,intermediate
Tbc1d10c,3,13.0160260987757,2.79507820895153,intermediate
Tbc1d10c,4,44.7406976287496,-1.57008984839538,intermediate
Tbc1d10c,5,60,0,final
Tbx21,1,0,0,initial
Tbx21,2,7.62128695600151,5.83660131131597,intermediate
Tbx21,3,22.4328276491313,-1.24873102806138,intermediate
Tbx21,4,40,0,final
Tcf19,1,0,0,initial
Tcf19,2,10.4313781169673,2.83323231059416,intermediate
Tcf19,3,22,0,final
Tcrb-J,N/A,N/A,N/A,N/A
Tgm1,1,0,0,initial
Tgm1,2,6.50803018631659,3.62954295583516,intermediate
Tgm1,3,28.9594173540021,-1.17737315200625,intermediate
Tgm1,4,60,0,final
Themis,1,0,0,initial
Themis,2,10.5881002527907,2.28223896840001,intermediate
Themis,3,26,0,final
Thpo,N/A,N/A,N/A,N/A
Thy1,1,0,0,initial
Thy1,2,8.62148615895773,5.04488083291464,intermediate
Thy1,3,20.6091149466428,0.162281972790563,intermediate
Thy1,4,40,0.925,final
Timeless,1,0,0,initial
Timeless,2,9.83046024148313,2.70429922889513,intermediate
Timeless,3,22,0,final
Tk1,1,0,0,initial
Tk1,2,10.1899464166627,5.4045149605248,intermediate
Tk1,3,22.2644533789363,-1.48374975041925,intermediate
Tk1,4,40,0,final
Tlr1,1,0,0,initial
Tlr1,2,5.8683261946463,5.77264318634904,intermediate
Tlr1,3,23.9883423189682,-1.11166300479713,intermediate
Tlr1,4,40,0,final
Tlr6,1,0,0,initial
Tlr6,2,8.30644326599782,2.5692247132551,intermediate
Tlr6,3,22,0,final
Tmem48,1,0,0,initial
Tmem48,2,9.24896362067202,1.9395740452031,intermediate
Tmem48,3,22,0,final
Tmem51,1,0,0,initial
Tmem51,2,9.59480461535512,1.84852457475421,intermediate
Tmem51,3,22,0,final
Tmem171,1,0,0,initial
Tmem171,2,3.59711057707111,4.86019607202908,intermediate
Tmem171,3,27.8834021369921,-4.42751790299044,intermediate
Tmem171,4,31.2984253073018,3.12083399898683,intermediate
Tmem171,5,60,0,final
Tmem173,1,0,0,initial
Tmem173,2,3.84321784045692,4.108350616446,intermediate
Tmem173,3,18.1805141247063,-0.139433296887654,intermediate
Tmem173,4,30,0.656,final
Tmem229b,1,0,0,initial
Tmem229b,2,9.10609520010896,1.83434108081839,intermediate
Tmem229b,3,22,0,final
Tmsb10,1,0,0,initial
Tmsb10,2,8.64174986699292,2.53805386298321,intermediate
Tmsb10,3,33.751876182519,-1.18667107305687,intermediate
Tmsb10,4,60,-0.492,final
Tnc,1,0,0,initial
Tnc,2,14.6014468326698,3.55870534791666,intermediate
Tnc,3,60,1.35,final
Tnfaip2,1,0,0,initial
Tnfaip2,2,4.42756907132669,2.81014271396546,intermediate
Tnfaip2,3,26.8363837133697,-2.09506756305225,intermediate
Tnfaip2,4,28.5686722659646,1.52300147350309,intermediate
Tnfaip2,5,60,0,final
Tnfaip3,1,0,0,initial
Tnfaip3,2,3.24462289985009,3.8727297578664,intermediate
Tnfaip3,3,17.8447166636621,-2.44033605568957,intermediate
Tnfaip3,4,24.2695788870271,1.33169464024991,intermediate
Tnfaip3,5,40,0,final
Tnfaip8,N/A,N/A,N/A,N/A
Tnfaip8l1,1,0,0,initial
Tnfaip8l1,2,13.1608536678171,2.46077489480838,intermediate
Tnfaip8l1,3,40,0.717,final
Tnfaip8l2,1,0,0,initial
Tnfaip8l2,2,9.30283325081001,2.85207253692207,intermediate
Tnfaip8l2,3,22,0,final
Tnfrsf4,1,0,0,initial
Tnfrsf4,2,9.30418680418218,3.23112279899087,intermediate
Tnfrsf4,3,26,0.849,final
Tnfrsf11a,1,0,0,initial
Tnfrsf11a,2,7.36671030141082,2.46237762496884,intermediate
Tnfrsf11a,3,13.3358184341122,-0.654452670889886,intermediate
Tnfrsf11a,4,43.6891930388565,1.47086411807246,intermediate
Tnfrsf11a,5,60,0.593,final
Tnfrsf13b,1,0,0,initial
Tnfrsf13b,2,7.69164982491753,3.0114642184791,intermediate
Tnfrsf13b,3,33.8340485086289,0.196272821381057,intermediate
Tnfrsf13b,4,60,0.626,final
Tnfrsf18,1,0,0,initial
Tnfrsf18,2,7.13025187238837,4.70239962132119,intermediate
Tnfrsf18,3,21.5210867748132,-0.338591996631764,intermediate
Tnfrsf18,4,40,0.766,final
Tnfsf14,N/A,N/A,N/A,N/A
Tnpo1,N/A,N/A,N/A,N/A
Top2a,1,0,0,initial
Top2a,2,6.7010454944851,3.55867621348108,intermediate
Top2a,3,25.2838224935815,-0.160403592030981,intermediate
Top2a,4,40,0,final
Tox,N/A,N/A,N/A,N/A
Tpx2,1,0,0,initial
Tpx2,2,9.17229078132605,5.36336435074334,intermediate
Tpx2,3,22.2203730843746,-1.59288336203417,intermediate
Tpx2,4,40,0,final
Traf3ip3,1,0,0,initial
Traf3ip3,2,13.7399661675884,2.58415883187548,intermediate
Traf3ip3,3,60,0.674,final
Traip,1,0,0,initial
Traip,2,9.92462447719401,2.9286419689349,intermediate
Traip,3,22,0,final
Trem2,1,0,0,initial
Trem2,2,8.62127924254843,4.35084869490659,intermediate
Trem2,3,22,1.7855,final
Trim59,N/A,N/A,N/A,N/A
Trip13,1,0,0,initial
Trip13,2,10.4139044517897,3.62348999658481,intermediate
Trip13,3,26,0,final
Trpm2,1,0,0,initial
Trpm2,2,3.71849681321154,1.64259204077452,intermediate
Trpm2,3,16.2231338901595,3.70104490181771,intermediate
Trpm2,4,43.2459540185616,-0.876554823667905,intermediate
Trpm2,5,60,0.6,final
Ttc39b,1,0,0,initial
Ttc39b,2,7.90873195233644,2.32646455369822,intermediate
Ttc39b,3,18,0,final
Tuba1c,1,0,0,initial
Tuba1c,2,4.9689197712882,2.55860744457586,intermediate
Tuba1c,3,33.1101657132428,-1.80492734086114,intermediate
Tuba1c,4,60,0.62,final
Tubb6,1,0,0,initial
Tubb6,2,7.95472408192362,2.0337863860234,intermediate
Tubb6,3,22,0,final
Tube1,1,0,0,initial
Tube1,2,9.96884044299877,2.18209171832164,intermediate
Tube1,3,22,0,final
Tyms,1,0,0,initial
Tyms,2,6.41234477422638,3.33392949088722,intermediate
Tyms,3,23.8417628297719,-0.372519199952747,intermediate
Tyms,4,40,0,final
Tyms-ps,1,0,0,initial
Tyms-ps,2,9.46256904819982,2.69957957160923,intermediate
Tyms-ps,3,22,0,final
Tyrobp,1,0,0,initial
Tyrobp,2,9.64753742700455,2.92975067557111,intermediate
Tyrobp,3,23.0980701123424,-0.607336854292811,intermediate
Tyrobp,4,40,0,final
Ubash3a,1,0,0,initial
Ubash3a,2,10.2611210701798,3.35840146337221,intermediate
Ubash3a,3,26,0,final
Ubd,1,0,0,initial
Ubd,2,4.0836877688271,12.1052172791228,intermediate
Ubd,3,37.0366828680967,-0.994063210833454,intermediate
Ubd,4,60,1.771,final
Ube2c,1,0,0,initial
Ube2c,2,9.50066246118542,4.8757873870069,intermediate
Ube2c,3,22.3644324466173,-1.40283079508559,intermediate
Ube2c,4,40,0,final
Ube2l3,1,0,0,initial
Ube2l3,2,10.8212019965462,3.4559341267044,intermediate
Ube2l3,3,16.8445387158909,-4.74175315374019,intermediate
Ube2l3,4,39.3084424123218,2.04500538065896,intermediate
Ube2l3,5,60,-0.688,final
Ube2t,1,0,0,initial
Ube2t,2,10.3159100253148,3.50586903081404,intermediate
Ube2t,3,17.4584716795929,-0.343326692198701,intermediate
Ube2t,4,30,0,final
Uck2,1,0,0,initial
Uck2,2,4.76392592447006,2.62540399183878,intermediate
Uck2,3,35.4223507941506,-0.536556227967667,intermediate
Uck2,4,60,0,final
Uhrf1,1,0,0,initial
Uhrf1,2,5.79723483529511,5.45102822946834,intermediate
Uhrf1,3,23.3755686481258,-0.5914915481183,intermediate
Uhrf1,4,40,0.898,final
Unc93b1,1,0,0,initial
Unc93b1,2,10.9916717196799,2.1345180958997,intermediate
Unc93b1,3,40,1.159,final
Ung,1,0,0,initial
Ung,2,9.63802340225353,3.32573668505104,intermediate
Ung,3,17.4666142373903,-0.335769150214614,intermediate
Ung,4,30,0,final
Usp29,N/A,N/A,N/A,N/A
Vav1,1,0,0,initial
Vav1,2,3.470464884778,5.5544251925148,intermediate
Vav1,3,34.9144164676596,-2.54857500995567,intermediate
Vav1,4,60,0.77,final
Was,1,0,0,initial
Was,2,6.21324455370648,4.43959832296828,intermediate
Was,3,34.0718175248553,-1.30729797536178,intermediate
Was,4,60,0,final
Wdhd1,1,0,0,initial
Wdhd1,2,10.0670008943439,2.24000830907448,intermediate
Wdhd1,3,22,0,final
Wdr76,1,0,0,initial
Wdr76,2,9.91560275825091,1.68074329321901,intermediate
Wdr76,3,22,0,final
Whsc1,N/A,N/A,N/A,N/A
Wisp1,1,0,0,initial
Wisp1,2,16.4498570275267,1.91157224544318,intermediate
Wisp1,3,40,0,final
Xcl1,1,0,0,initial
Xcl1,2,8.07871913173636,4.02294972691969,intermediate
Xcl1,3,22,0,final
Xlr4b,1,0,0,initial
Xlr4b,2,8.420310719987,2.20519128953715,intermediate
Xlr4b,3,14.8699908768183,0.770422281629904,intermediate
Xlr4b,4,30,0.726,final
Zap70,1,0,0,initial
Zap70,2,9.58108810870894,3.54424608327337,intermediate
Zap70,3,22,0,final
Zc3h12d,1,0,0,initial
Zc3h12d,2,6.24786892548255,4.42969563118784,intermediate
Zc3h12d,3,24.7784596401253,-0.563495343753456,intermediate
Zc3h12d,4,40,0,final
Zcchc18,1,0,0,initial
Zcchc18,2,10.9458711263187,2.31752005667222,intermediate
Zcchc18,3,32.6112161448937,-0.281161126761762,intermediate
Zcchc18,4,60,0,final
Zeb2,N/A,N/A,N/A,N/A
Zmynd15,1,0,0,initial
Zmynd15,2,10.370891038184,2.60219276272821,intermediate
Zmynd15,3,30,1.069,final
Zwilch,1,0,0,initial
Zwilch,2,8.41027527409269,3.30559610488431,intermediate
Zwilch,3,33.682364099566,-2.27106320412252,intermediate
Zwilch,4,60,1.043,final
2610101N10Rik,1,0,0,initial
2610101N10Rik,2,24.3091893559357,-1.50248444559275,intermediate
2610101N10Rik,3,60,-0.839,final
2810006K23Rik,1,0,0,initial
2810006K23Rik,2,60,-1.006,final
2810474O19Rik,N/A,N/A,N/A,N/A
4632415L05Rik,N/A,N/A,N/A,N/A
4933407C03Rik,1,0,0,initial
4933407C03Rik,2,22.4375294808138,-0.854557829096398,intermediate
4933407C03Rik,3,60,-0.8305,final
6330512M04Rik,1,0,0,initial
6330512M04Rik,2,19.0890678097276,-1.55402298155398,intermediate
6330512M04Rik,3,60,-0.842,final
9430098F02Rik,1,0,0,initial
9430098F02Rik,2,30,-0.884,final
Ablim1,1,0,0,initial
Ablim1,2,19.3895829759377,-1.63900823244429,intermediate
Ablim1,3,60,-1.538,final
Adap2,1,0,0,initial
Adap2,2,20.7670218472869,-1.31381792418769,intermediate
Adap2,3,60,-1.084,final
Akap9,1,0,0,initial
Akap9,2,20.5130304308241,-1.62126395070428,intermediate
Akap9,3,60,-1.665,final
Aldh9a1,1,0,0,initial
Aldh9a1,2,26,-0.959,final
Asap2,N/A,N/A,N/A,N/A
Atp2b2,1,0,0,initial
Atp2b2,2,9.8293570512067,-2.42002774670772,intermediate
Atp2b2,3,31.5497235382122,-0.742833573220614,intermediate
Atp2b2,4,60,-1.662,final
Bach1,1,0,0,initial
Bach1,2,22.5269882852991,-0.896839564663485,intermediate
Bach1,3,60,-0.939,final
Baz1b,1,0,0,initial
Baz1b,2,23.0465189528949,-0.980030647950965,intermediate
Baz1b,3,60,-0.984,final
Bbx,1,0,0,initial
Bbx,2,60,-1.056,final
C130022K22Rik,1,0,0,initial
C130022K22Rik,2,60,-1.159,final
Cald1,1,0,0,initial
Cald1,2,60,-2.312,final
Casq2,N/A,N/A,N/A,N/A
Cbx1,1,0,0,initial
Cbx1,2,60,-1.029,final
Ccar1,N/A,N/A,N/A,N/A
Ccdc141,N/A,N/A,N/A,N/A
Cdc27,1,0,0,initial
Cdc27,2,60,-1.38,final
Cdk11b,1,0,0,initial
Cdk11b,2,40,-0.93,final
Ceacam2,1,0,0,initial
Ceacam2,2,40,-1.709,final
Chd9,1,0,0,initial
Chd9,2,60,-0.882,final
Ckap5,1,0,0,initial
Ckap5,2,60,-2.033,final
Clip1,1,0,0,initial
Clip1,2,21.1778313523978,-1.91635288260674,intermediate
Clip1,3,60,-1.916,final
Csgalnact1,1,0,0,initial
Csgalnact1,2,19.1100226225997,-1.33980714645794,intermediate
Csgalnact1,3,60,-1.035,final
Csnk1a1,1,0,0,initial
Csnk1a1,2,14.7098015523013,-0.890660499331341,intermediate
Csnk1a1,3,60,-1.152,final
Csnk1e,N/A,N/A,N/A,N/A
Ctage5,1,0,0,initial
Ctage5,2,15.6781306207201,-1.04102578840216,intermediate
Ctage5,3,60,-1.334,final
Ctla2a,1,0,0,initial
Ctla2a,2,14.8829714044367,-1.41830482068596,intermediate
Ctla2a,3,60,-0.84,final
Ctla2b,1,0,0,initial
Ctla2b,2,16.4164457863748,-1.15926047172963,intermediate
Ctla2b,3,60,-0.854,final
D330040H18Rik,N/A,N/A,N/A,N/A
Dag1,N/A,N/A,N/A,N/A
Dcn,1,0,0,initial
Dcn,2,21.7899582168452,-1.05922287444624,intermediate
Dcn,3,60,-1.232,final
Ddx46,1,0,0,initial
Ddx46,2,60,-2.645,final
Dek,1,0,0,initial
Dek,2,60,-1.559,final
Dhcr24,1,0,0,initial
Dhcr24,2,17.9303328640318,-1.86688099947619,intermediate
Dhcr24,3,60,-1.554,final
Dhx36,N/A,N/A,N/A,N/A
Dicer1,N/A,N/A,N/A,N/A
Dpp8,1,0,0,initial
Dpp8,2,12.2728528146277,-1.43216532642067,intermediate
Dpp8,3,60,-1.037,final
Dusp7,1,0,0,initial
Dusp7,2,16.2400624826375,-1.69591088071619,intermediate
Dusp7,3,60,-0.932,final
E430024C06Rik,1,0,0,initial
E430024C06Rik,2,60,-2.009,final
Egln2,1,0,0,initial
Egln2,2,40,-0.817,final
Eif3a,1,0,0,initial
Eif3a,2,60,-1.699,final
Eif3c,1,0,0,initial
Eif3c,2,60,-1.7535,final
Eif4ebp2,1,0,0,initial
Eif4ebp2,2,60,-1.67,final
Eif5b,1,0,0,initial
Eif5b,2,60,-1.369,final
Eltd1,1,0,0,initial
Eltd1,2,18.5991397560857,-1.80020218065377,intermediate
Eltd1,3,60,-0.846,final
Esf1,1,0,0,initial
Esf1,2,60,-1.527,final
Fam123b,1,0,0,initial
Fam123b,2,60,-0.882,final
Fam168a,1,0,0,initial
Fam168a,2,17.3993438227837,-1.30931659345583,intermediate
Fam168a,3,60,-1.293,final
Fam177a,1,0,0,initial
Fam177a,2,16.7312550216243,-1.67468175615583,intermediate
Fam177a,3,60,-1.413,final
Fgf18,1,0,0,initial
Fgf18,2,17.6600005718839,-1.59542225296515,intermediate
Fgf18,3,60,-1.593,final
Filip1,1,0,0,initial
Filip1,2,60,-1.585,final
Fkbp15,N/A,N/A,N/A,N/A
Fthl17,N/A,N/A,N/A,N/A
Gbf1,1,0,0,initial
Gbf1,2,19.3085034193383,-1.09816773257406,intermediate
Gbf1,3,60,-1.72,final
Ghdc,1,0,0,initial
Ghdc,2,60,-1.461,final
Gigyf2,1,0,0,initial
Gigyf2,2,20.9337884848272,-1.73179376624226,intermediate
Gigyf2,3,60,-1.836,final
Gnpda2,1,0,0,initial
Gnpda2,2,60,-1.006,final
Gon4l,1,0,0,initial
Gon4l,2,21.201460718108,-1.47792008893799,intermediate
Gon4l,3,60,-1.497,final
Gpatch8,N/A,N/A,N/A,N/A
Gprin3,N/A,N/A,N/A,N/A
Grip1,1,0,0,initial
Grip1,2,18.4215318896404,-2.07291086508476,intermediate
Grip1,3,60,-1.561,final
Hcfc1,1,0,0,initial
Hcfc1,2,60,-1.447,final
Heatr6,1,0,0,initial
Heatr6,2,60,-1.749,final
Hnrnpa3,N/A,N/A,N/A,N/A
Hyal1,1,0,0,initial
Hyal1,2,16.3183330386827,-2.79134410070596,intermediate
Hyal1,3,60,-2.39,final
Iffo2,1,0,0,initial
Iffo2,2,60,-1.025,final
Igf2,1,0,0,initial
Igf2,2,10.6051732094933,-1.39410204046364,intermediate
Igf2,3,26,-0.887,final
Irf3,N/A,N/A,N/A,N/A
Isoc1,N/A,N/A,N/A,N/A
Jmy,1,0,0,initial
Jmy,2,15.479629031452,-1.56366583285601,intermediate
Jmy,3,60,-1.318,final
Kcnj12,1,0,0,initial
Kcnj12,2,15.5842012287048,-1.3728972164616,intermediate
Kcnj12,3,60,-1.023,final
Kdm5a,1,0,0,initial
Kdm5a,2,60,-1.339,final
Kdr,1,0,0,initial
Kdr,2,14.1562717790244,-2.16796348752017,intermediate
Kdr,3,60,-1.634,final
Kif5b,1,0,0,initial
Kif5b,2,19.7372218563813,-1.54003693533288,intermediate
Kif5b,3,60,-0.9655,final
Kitl,1,0,0,initial
Kitl,2,17.786030933569,-1.34352598184883,intermediate
Kitl,3,60,-0.8565,final
Klf3,1,0,0,initial
Klf3,2,22.1568217857238,-1.14144689738082,intermediate
Klf3,3,60,-1.003,final
Lars,1,0,0,initial
Lars,2,60,-1.871,final
Lims1,1,0,0,initial
Lims1,2,60,-2.235,final
Lrrfip1,N/A,N/A,N/A,N/A
Lrrn4,1,0,0,initial
Lrrn4,2,22.9651335605129,-1.42841817168641,intermediate
Lrrn4,3,60,-1.308,final
Lrtm2,1,0,0,initial
Lrtm2,2,21.6342528088791,-1.94123195748923,intermediate
Lrtm2,3,60,-0.827,final
Luzp1,1,0,0,initial
Luzp1,2,20.5851488452563,-1.68487739141637,intermediate
Luzp1,3,60,-1.1985,final
Magi3,1,0,0,initial
Magi3,2,18.2094984190262,-1.35068125190897,intermediate
Magi3,3,60,-1.15,final
Mfsd6,1,0,0,initial
Mfsd6,2,19.7185655392158,-1.49531023449675,intermediate
Mfsd6,3,60,-0.848,final
Micall1,N/A,N/A,N/A,N/A
Mier1,1,0,0,initial
Mier1,2,60,-1.219,final
Mras,1,0,0,initial
Mras,2,60,-1.0185,final
Mxra7,1,0,0,initial
Mxra7,2,20.4142027477076,-1.58635870884046,intermediate
Mxra7,3,60,-1.828,final
Mybphl,1,0,0,initial
Mybphl,2,10.5304546515014,-1.37769764757115,intermediate
Mybphl,3,60,-1.177,final
Nav1,1,0,0,initial
Nav1,2,13.5592379075452,-0.864692477453522,intermediate
Nav1,3,60,-1.176,final
Ncoa6,1,0,0,initial
Ncoa6,2,16.2914850283524,-1.02019291601004,intermediate
Ncoa6,3,60,-1.321,final
Nfatc1,N/A,N/A,N/A,N/A
Nol8,1,0,0,initial
Nol8,2,60,-1.162,final
Nop14,1,0,0,initial
Nop14,2,60,-1.426,final
Noxa1,1,0,0,initial
Noxa1,2,22.7647108766713,-1.18510872367694,intermediate
Noxa1,3,60,-0.674,final
Npepps,1,0,0,initial
Npepps,2,60,-1.5845,final
Npnt,1,0,0,initial
Npnt,2,6.86470692348742,-2.32825271963079,intermediate
Npnt,3,32.5351034544737,0.127360415966137,intermediate
Npnt,4,60,-1.553,final
Nr2c2,N/A,N/A,N/A,N/A
Nudt13,1,0,0,initial
Nudt13,2,40,-1.029,final
Osr1,1,0,0,initial
Osr1,2,14.5161137766114,-0.806438069044179,intermediate
Osr1,3,60,-0.8805,final
Pam,1,0,0,initial
Pam,2,18.181093803063,-2.07216881067462,intermediate
Pam,3,60,-2.366,final
Pank3,1,0,0,initial
Pank3,2,40,-1.187,final
Parva,N/A,N/A,N/A,N/A
Pcbp3,1,0,0,initial
Pcbp3,2,10.8290683314692,-1.30504427073679,intermediate
Pcbp3,3,60,-1.173,final
Pcm1,N/A,N/A,N/A,N/A
Pfdn1,1,0,0,initial
Pfdn1,2,60,-1.18,final
Pitpnm2,1,0,0,initial
Pitpnm2,2,5.2024512766671,0.0772157554964411,intermediate
Pitpnm2,3,21.9064982066257,-1.67329207333807,intermediate
Pitpnm2,4,40,-1.1215,final
Plcb1,1,0,0,initial
Plcb1,2,14.3647213596114,-1.87200611076788,intermediate
Plcb1,3,60,-2.0515,final
Plcb4,1,0,0,initial
Plcb4,2,11.3043602273097,-1.1939146329495,intermediate
Plcb4,3,30,-0.841,final
Plec,1,0,0,initial
Plec,2,21.4923391239571,-0.985542643226129,intermediate
Plec,3,60,-0.953,final
Ppargc1a,N/A,N/A,N/A,N/A
Ppp2r5e,1,0,0,initial
Ppp2r5e,2,23.9959525735733,-0.981456880222125,intermediate
Ppp2r5e,3,60,-1.029,final
Prpf38b,1,0,0,initial
Prpf38b,2,60,-1.543,final
Prpf40a,1,0,0,initial
Prpf40a,2,22.6309944672301,-0.711610890298574,intermediate
Prpf40a,3,60,-0.85,final
Ptprb,1,0,0,initial
Ptprb,2,15.5230784262335,-2.34195426131891,intermediate
Ptprb,3,60,-2.0125,final
Rab36,1,0,0,initial
Rab36,2,7.55487714429422,-1.99314618321372,intermediate
Rab36,3,15.5415890578804,2.26291673673147,intermediate
Rab36,4,16.5449782848618,-2.61770863502544,intermediate
Rab36,5,30,-1.024,final
Rapgef6,1,0,0,initial
Rapgef6,2,30,-1.066,final
Rbfox3,N/A,N/A,N/A,N/A
Rbm28,1,0,0,initial
Rbm28,2,60,-1.295,final
Rexo1,1,0,0,initial
Rexo1,2,19.1345221771634,-0.707174657219413,intermediate
Rexo1,3,60,-1.108,final
Rif1,N/A,N/A,N/A,N/A
Rnf6,1,0,0,initial
Rnf6,2,16.3888905719393,-1.12083912756147,intermediate
Rnf6,3,40,-1.0545,final
Rnf20,1,0,0,initial
Rnf20,2,24.697200016895,-0.469651193753042,intermediate
Rnf20,3,28.1211717852765,-1.29857320570889,intermediate
Rnf20,4,60,-0.4305,final
Rock1,1,0,0,initial
Rock1,2,60,-1.812,final
Rprml,1,0,0,initial
Rprml,2,11.4476409961567,-1.83246002043054,intermediate
Rprml,3,28.614379747686,-0.261610756831763,intermediate
Rprml,4,60,-1.006,final
Safb2,1,0,0,initial
Safb2,2,60,-1.025,final
Scaper,1,0,0,initial
Scaper,2,16.5413492185736,-1.16474291627925,intermediate
Scaper,3,60,-0.9775,final
Scn1a,1,0,0,initial
Scn1a,2,14.619349507445,-1.59935398040006,intermediate
Scn1a,3,60,-1.281,final
Scnn1g,1,0,0,initial
Scnn1g,2,18.2392651470801,-1.44346059591234,intermediate
Scnn1g,3,60,-0.814,final
Serpinb6d,1,0,0,initial
Serpinb6d,2,23.0406767153642,-1.16139279174191,intermediate
Serpinb6d,3,60,-0.909,final
Setbp1,N/A,N/A,N/A,N/A
Sfxn2,1,0,0,initial
Sfxn2,2,60,-1.2015,final
Sh3rf2,1,0,0,initial
Sh3rf2,2,17.8404121850563,-1.75159448722517,intermediate
Sh3rf2,3,60,-1.291,final
Ski,1,0,0,initial
Ski,2,15.7590859147129,-1.07780294794805,intermediate
Ski,3,60,-1.511,final
Slc43a3,1,0,0,initial
Slc43a3,2,21.5763578866905,-2.69914161685409,intermediate
Slc43a3,3,60,-2.025,final
Slco4c1,1,0,0,initial
Slco4c1,2,15.4371543230007,-1.53113251166195,intermediate
Slco4c1,3,60,-1.875,final
Sltm,1,0,0,initial
Sltm,2,60,-1.739,final
Sp4,1,0,0,initial
Sp4,2,60,-1.889,final
Spock2,N/A,N/A,N/A,N/A
Srpr,1,0,0,initial
Srpr,2,60,-1.738,final
Srrm4,1,0,0,initial
Srrm4,2,60,-1.429,final
Stim1,N/A,N/A,N/A,N/A
Sync,1,0,0,initial
Sync,2,60,-1.068,final
Taf1,1,0,0,initial
Taf1,2,60,-1.545,final
Taf3,1,0,0,initial
Taf3,2,60,-1.08,final
Tbx5,1,0,0,initial
Tbx5,2,13.5948389724577,-1.7486576006246,intermediate
Tbx5,3,60,-1.2765,final
Tgfbrap1,1,0,0,initial
Tgfbrap1,2,40,-0.781,final
Tgs1,1,0,0,initial
Tgs1,2,60,-1.185,final
Thoc2,1,0,0,initial
Thoc2,2,60,-1.384,final
Tlm,N/A,N/A,N/A,N/A
Tmx4,1,0,0,initial
Tmx4,2,16.8754239719949,-0.191925931360784,intermediate
Tmx4,3,21.3621479734553,-1.94040618052393,intermediate
Tmx4,4,60,-0.5325,final
Tnnc1,1,0,0,initial
Tnnc1,2,20.1328548810505,-1.60295722276106,intermediate
Tnnc1,3,60,-1.119,final
Tnrc18,N/A,N/A,N/A,N/A
Topors,1,0,0,initial
Topors,2,20.1704782215006,-1.37086893051526,intermediate
Topors,3,60,-1.164,final
Trim37,1,0,0,initial
Trim37,2,14.8355779752815,-1.03526182113466,intermediate
Trim37,3,60,-1.152,final
Tro,1,0,0,initial
Tro,2,23.0466045413052,-0.856197231100649,intermediate
Tro,3,60,-1.0505,final
Tspan9,N/A,N/A,N/A,N/A
Txlna,1,0,0,initial
Txlna,2,40,-0.958,final
Ube2o,1,0,0,initial
Ube2o,2,40,-1.345,final
Ubr4,1,0,0,initial
Ubr4,2,60,-1.115,final
Vwf,1,0,0,initial
Vwf,2,7.47521363772869,-1.29193936923958,intermediate
Vwf,3,60,-0.78,final
Wapal,1,0,0,initial
Wapal,2,60,-1.676,final
Wasl,1,0,0,initial
Wasl,2,16.2021530901479,-1.35221106459656,intermediate
Wasl,3,60,-0.989,final
Wdr60,1,0,0,initial
Wdr60,2,60,-2.024,final
Xiap,1,0,0,initial
Xiap,2,20.464570652735,-1.25551365736464,intermediate
Xiap,3,60,-0.8905,final
Zbtb7a,1,0,0,initial
Zbtb7a,2,21.5368780732802,-2.51036577744406,intermediate
Zbtb7a,3,60,-2.642,final
Zbtb38,1,0,0,initial
Zbtb38,2,60,-1.354,final
Zc3h13,1,0,0,initial
Zc3h13,2,60,-2.485,final
Zfp445,1,0,0,initial
Zfp445,2,9.65282042489247,-0.820882289226577,intermediate
Zfp445,3,60,-1.0155,final
Zfp932,1,0,0,initial
Zfp932,2,23.9638883346057,-1.24027902674656,intermediate
Zfp932,3,60,-0.754,final
Zmiz1,1,0,0,initial
Zmiz1,2,14.3467675500328,-0.899988600247799,intermediate
Zmiz1,3,60,-1.249,final
Zranb2,1,0,0,initial
Zranb2,2,60,-1.164,final
1600014C10Rik,1,0,0,initial
1600014C10Rik,2,0.113189133196257,3.5635237363413,intermediate
1600014C10Rik,3,17.3377235837297,-0.541405573700102,intermediate
1600014C10Rik,4,41.5154176750993,-1.24907361595912,intermediate
1600014C10Rik,5,60,0,final
2010106G01Rik,1,0,0,initial
2010106G01Rik,2,2.04477663043609,2.43718062734219,intermediate
2010106G01Rik,3,21.348676406601,-2.09630765586263,intermediate
2010106G01Rik,4,40,-0.4975,final
4833422F24Rik,1,0,0,initial
4833422F24Rik,2,9.5244103187693,4.87030996630398,intermediate
4833422F24Rik,3,24.8385368807742,-3.01584853054131,intermediate
4833422F24Rik,4,60,0.702,final
4930599N23Rik,1,0,0,initial
4930599N23Rik,2,2.914454482984,3.61888996109457,intermediate
4930599N23Rik,3,10.7613181013199,-0.126444539611358,intermediate
4930599N23Rik,4,18,0,final
9130017N09Rik,1,0,0,initial
9130017N09Rik,2,1.85106885499614,4.45860775255768,intermediate
9130017N09Rik,3,13.660932688275,-0.846779972435369,intermediate
9130017N09Rik,4,22,0,final
9230105E10Rik,1,0,0,initial
9230105E10Rik,2,10.0397944524062,1.48393290919247,intermediate
9230105E10Rik,3,32.7633972451698,-2.16727923025346,intermediate
9230105E10Rik,4,60,-1.241,final
9330175E14Rik,1,0,0,initial
9330175E14Rik,2,7.23612026544073,2.39880053250606,intermediate
9330175E14Rik,3,22,0,final
A430084P05Rik,1,0,0,initial
A430084P05Rik,2,3.8991674358358,3.94135994533705,intermediate
A430084P05Rik,3,12.7400242770732,-0.360370542305128,intermediate
A430084P05Rik,4,22,0,final
Adamts4,1,0,0,initial
Adamts4,2,6.20077379666429,3.55983430430888,intermediate
Adamts4,3,23.1593264633525,-1.24524456495911,intermediate
Adamts4,4,40,0,final
Aftph,1,0,0,initial
Aftph,2,5.5356758225037,1.89490135742094,intermediate
Aftph,3,19.0888680764348,-1.422645008148,intermediate
Aftph,4,30,-0.667,final
Agfg1,1,0,0,initial
Agfg1,2,14.9686264104632,0.234429633363399,intermediate
Agfg1,3,32.0012934369878,-1.55671341712517,intermediate
Agfg1,4,60,-0.751,final
AI607873,1,0,0,initial
AI607873,2,4.11396544589504,10.2863332942277,intermediate
AI607873,3,10.3019036882515,-7.48056642867796,intermediate
AI607873,4,40.5338676131316,1.9893957502342,intermediate
AI607873,5,60,0.627,final
Aim1,1,0,0,initial
Aim1,2,6.65795565209804,2.36897590187238,intermediate
Aim1,3,18,0,final
Akt3,1,0,0,initial
Akt3,2,11.61653003891,2.55551251874233,intermediate
Akt3,3,13.423790109049,-2.95585433502939,intermediate
Akt3,4,37.2448061212947,0.19343941973425,intermediate
Akt3,5,60,0,final
Ankrd1,1,0,0,initial
Ankrd1,2,8.26793452946867,5.35784425460979,intermediate
Ankrd1,3,13.9378241405566,-7.64970998673705,intermediate
Ankrd1,4,41.7433049094334,3.30968622619674,intermediate
Ankrd1,5,60,-0.579,final
Apod,1,0,0,initial
Apod,2,2.95106000292823,10.6499635488808,intermediate
Apod,3,10.3954933654593,-11.2015721422363,intermediate
Apod,4,42.7550307302485,4.50161218953322,intermediate
Apod,5,60,-0.623,final
Apol6,1,0,0,initial
Apol6,2,3.85721062462603,6.88936676693918,intermediate
Apol6,3,16.4580597053925,-1.65235706759973,intermediate
Apol6,4,30,0,final
Apol7a,N/A,N/A,N/A,N/A
Apol9a,1,0,0,initial
Apol9a,2,0.784683470100717,9.20549401251445,intermediate
Apol9a,3,19.7688230049924,-6.96570186834716,intermediate
Apol9a,4,35.0977643017568,2.80333215964097,intermediate
Apol9a,5,60,1,final
Apol9b,1,0,0,initial
Apol9b,2,1.89561383603054,7.92124974958272,intermediate
Apol9b,3,11.2418753907469,0.0203725471026025,intermediate
Apol9b,4,18,1.031,final
Arid5a,1,0,0,initial
Arid5a,2,5.27925340703728,1.9016992596381,intermediate
Arid5a,3,18,0,final
Arsi,1,0,0,initial
Arsi,2,1.79227261745293,3.62626310565162,intermediate
Arsi,3,14.2257646897134,0.197423678203287,intermediate
Arsi,4,22,0,final
Ass1,1,0,0,initial
Ass1,2,4.72343828520805,3.62344080263862,intermediate
Ass1,3,35.025640772296,-1.90754031188783,intermediate
Ass1,4,60,-0.4575,final
Atf3,1,0,0,initial
Atf3,2,2.35614375337363,2.93227094785502,intermediate
Atf3,3,11.4061585787225,0.762718532543223,intermediate
Atf3,4,18,0,final
Atp1a3,1,0,0,initial
Atp1a3,2,6.7314475327104,2.13508910055847,intermediate
Atp1a3,3,18,0,final
Batf2,1,0,0,initial
Batf2,2,4.79453028534014,5.41201341969661,intermediate
Batf2,3,15.9810486877862,-1.80733800300549,intermediate
Batf2,4,30,0,final
BC013712,1,0,0,initial
BC013712,2,2.94839718352266,4.64695032635279,intermediate
BC013712,3,18.7505771830627,-0.507473231372095,intermediate
BC013712,4,30,0,final
BC094916,1,0,0,initial
BC094916,2,3.38952382057463,5.86504244182244,intermediate
BC094916,3,20.9838027688543,-3.07741491932504,intermediate
BC094916,4,40,0,final
Bst2,1,0,0,initial
Bst2,2,1.91402027194177,5.16171878600881,intermediate
Bst2,3,11.2461681046272,-0.168604106473839,intermediate
Bst2,4,18,0,final
C4b,N/A,N/A,N/A,N/A
Car13,1,0,0,initial
Car13,2,3.05570538114929,5.06696785054595,intermediate
Car13,3,13.5452568874032,-0.247339989171585,intermediate
Car13,4,22,0,final
Casp4,1,0,0,initial
Casp4,2,2.24709956479207,4.49183076334142,intermediate
Casp4,3,13.6579100875331,-0.230943566668087,intermediate
Casp4,4,22,0,final
Ccl2,1,0,0,initial
Ccl2,2,0.972917657697309,13.3551232177524,intermediate
Ccl2,3,32.1767861999739,-7.45738183115234,intermediate
Ccl2,4,60,0.651,final
Ccl3,1,0,0,initial
Ccl3,2,2.97967194792255,10.3347297532237,intermediate
Ccl3,3,19.5675986840395,-6.28593735006637,intermediate
Ccl3,4,36.7746686352682,5.06711192948607,intermediate
Ccl3,5,60,2.094,final
Ccl4,1,0,0,initial
Ccl4,2,2.66537847297172,12.5795861262268,intermediate
Ccl4,3,16.411861322926,-6.83243306580346,intermediate
Ccl4,4,39.536500568084,4.06680611203254,intermediate
Ccl4,5,60,1.086,final
Ccl7,1,0,0,initial
Ccl7,2,2.48062128524174,12.5084177424756,intermediate
Ccl7,3,30.5418425770422,-7.87439946825275,intermediate
Ccl7,4,60,0.8135,final
Ccl11,N/A,N/A,N/A,N/A
Ccl12,1,0,0,initial
Ccl12,2,2.40182321747787,9.959455469147,intermediate
Ccl12,3,32.5777002485774,-5.55581975274848,intermediate
Ccl12,4,60,0.679,final
Ccnd3,N/A,N/A,N/A,N/A
Ccno,1,0,0,initial
Ccno,2,6.41226516944199,1.98012489536352,intermediate
Ccno,3,18,0,final
Cd47,1,0,0,initial
Cd47,2,8.58040946328874,1.08391715856246,intermediate
Cd47,3,25.3233502397395,-1.93866561937466,intermediate
Cd47,4,40,-0.543,final
Cd69,1,0,0,initial
Cd69,2,5.18131502110081,4.93367347548194,intermediate
Cd69,3,21.7505828265759,-1.95372877766414,intermediate
Cd69,4,40,0,final
Cd274,1,0,0,initial
Cd274,2,3.06905027352894,6.02472618689128,intermediate
Cd274,3,13.4893314268674,-0.0595041991677244,intermediate
Cd274,4,22,0,final
Cd300a,1,0,0,initial
Cd300a,2,7.7921426421244,3.72264580526893,intermediate
Cd300a,3,21.6005802048312,-1.08033499812797,intermediate
Cd300a,4,40,0,final
Cd300e,N/A,N/A,N/A,N/A
Cd300lf,1,0,0,initial
Cd300lf,2,7.62815763186069,3.37117252398871,intermediate
Cd300lf,3,22,0,final
Cdkn1a,N/A,N/A,N/A,N/A
Cfb,1,0,0,initial
Cfb,2,1.23406404902632,10.5476520441312,intermediate
Cfb,3,15.2637611369594,-8.02893413812116,intermediate
Cfb,4,39.8487779377879,3.33483583021063,intermediate
Cfb,5,60,0.883,final
Ch25h,1,0,0,initial
Ch25h,2,4.92589423000164,7.77873626323975,intermediate
Ch25h,3,8.1182749895922,-5.2491605331396,intermediate
Ch25h,4,42.3772021410803,0.871044579054083,intermediate
Ch25h,5,60,0.867,final
Chit1,1,0,0,initial
Chit1,2,3.02540776379676,6.19897496875495,intermediate
Chit1,3,10.8805442083416,-0.00182704982351905,intermediate
Chit1,4,18,0,final
Chl1,1,0,0,initial
Chl1,2,3.42203248421714,6.30677596487421,intermediate
Chl1,3,17.9922392163404,-0.390010277767774,intermediate
Chl1,4,30,1.875,final
Chrm1,1,0,0,initial
Chrm1,2,40,-1.355,final
Ckap4,1,0,0,initial
Ckap4,2,16.0634700990663,1.27924057881064,intermediate
Ckap4,3,23.9280511626185,-1.85697053084493,intermediate
Ckap4,4,60,-0.857,final
Clec4a3,1,0,0,initial
Clec4a3,2,7.08552546601992,3.15688064541137,intermediate
Clec4a3,3,18,0,final
Clec4e,1,0,0,initial
Clec4e,2,2.82543198321445,5.91406479477218,intermediate
Clec4e,3,11.4748178951501,0.0805648885606727,intermediate
Clec4e,4,18,0,final
Clic4,N/A,N/A,N/A,N/A
Cmpk2,1,0,0,initial
Cmpk2,2,2.22061434764254,5.75310566828026,intermediate
Cmpk2,3,34.1810498310785,-5.07917106100823,intermediate
Cmpk2,4,60,-1.108,final
Coro2a,N/A,N/A,N/A,N/A
Csf2,1,0,0,initial
Csf2,2,4.31023091605214,3.76614355805599,intermediate
Csf2,3,13.9132395567714,-6.00935445983184,intermediate
Csf2,4,25.9866690590255,3.81433757151983,intermediate
Csf2,5,41.649513793025,-1.72745247504949,intermediate
Csf2,6,60,0,final
Csf2rb,1,0,0,initial
Csf2rb,2,8.39720224496793,1.84186451931501,intermediate
Csf2rb,3,22,0,final
Csf3r,N/A,N/A,N/A,N/A
Cxcl1,1,0,0,initial
Cxcl1,2,2.20483104134693,6.42331254831875,intermediate
Cxcl1,3,10.6431504175794,-1.20514980371855,intermediate
Cxcl1,4,18,0,final
Cxcl3,1,0,0,initial
Cxcl3,2,3.25424443064096,4.79894535599287,intermediate
Cxcl3,3,10.5196802940806,-0.430821215940573,intermediate
Cxcl3,4,18,0,final
Cxcl10,N/A,N/A,N/A,N/A
Cxcl11,1,0,0,initial
Cxcl11,2,3.05556734976102,6.71304212482685,intermediate
Cxcl11,3,11.0620248106817,-0.34943517010846,intermediate
Cxcl11,4,18,0,final
Cxcr2,1,0,0,initial
Cxcr2,2,7.81984117963352,2.54386331155788,intermediate
Cxcr2,3,15.6962409046078,-3.86142103512346,intermediate
Cxcr2,4,44.0490239303539,2.00601800315837,intermediate
Cxcr2,5,60,-0.812,final
Cyp7b1,1,0,0,initial
Cyp7b1,2,4.86091079314127,4.92282423220527,intermediate
Cyp7b1,3,16.911010962518,-1.59478465587299,intermediate
Cyp7b1,4,30,0,final
Cysltr1,1,0,0,initial
Cysltr1,2,8.53120534925886,1.27745998728799,intermediate
Cysltr1,3,33.1287127668578,-2.33607595659237,intermediate
Cysltr1,4,60,-1.058,final
D14Ertd668e,1,0,0,initial
D14Ertd668e,2,2.27760965167221,7.68271492990942,intermediate
D14Ertd668e,3,13.38943445707,-1.44361467811493,intermediate
D14Ertd668e,4,22,0,final
D17H6S56E-5,1,0,0,initial
D17H6S56E-5,2,0.106109781335802,4.08894285033104,intermediate
D17H6S56E-5,3,33.1260957756446,-1.49193525490143,intermediate
D17H6S56E-5,4,60,0.82,final
Dcaf12l2,N/A,N/A,N/A,N/A
Ddx21,1,0,0,initial
Ddx21,2,12.2175224069899,1.80419614849601,intermediate
Ddx21,3,25.7967655014561,-2.38845708818358,intermediate
Ddx21,4,60,-1.015,final
Ddx58,1,0,0,initial
Ddx58,2,5.22033452336348,3.6640082735832,intermediate
Ddx58,3,18.3846455456577,-2.61250757168307,intermediate
Ddx58,4,30,-1.16,final
Ddx60,1,0,0,initial
Ddx60,2,2.37027320655426,4.38826653686739,intermediate
Ddx60,3,10.882336403898,-0.392038641188331,intermediate
Ddx60,4,18,0,final
Dhx58,1,0,0,initial
Dhx58,2,1.53804412817328,6.18376122749767,intermediate
Dhx58,3,12.6029783396963,-0.664383999169814,intermediate
Dhx58,4,22,0,final
Dio2,1,0,0,initial
Dio2,2,5.86289223915899,6.45697387474134,intermediate
Dio2,3,8.33355027469982,-6.73823012561487,intermediate
Dio2,4,43.7888046682096,2.74839027044834,intermediate
Dio2,5,60,-0.451,final
E330016A19Rik,1,0,0,initial
E330016A19Rik,2,7.95448671509677,2.10181421034749,intermediate
E330016A19Rik,3,22,0,final
Eif2ak2,1,0,0,initial
Eif2ak2,2,0.796461090204896,7.52461285282186,intermediate
Eif2ak2,3,16.4314669097426,-7.24316884231998,intermediate
Eif2ak2,4,40.0881324835791,2.67847454814503,intermediate
Eif2ak2,5,60,-0.474,final
Emilin2,1,0,0,initial
Emilin2,2,6.06599396980947,2.98211115420182,intermediate
Emilin2,3,20.8646801568009,-2.45599905580708,intermediate
Emilin2,4,40,0,final
Enpp4,1,0,0,initial
Enpp4,2,60,-2.169,final
F10,1,0,0,initial
F10,2,5.3321489870605,4.94265131816931,intermediate
F10,3,6.72419386250356,-3.61619308133622,intermediate
F10,4,44.0548404106419,0.789283621674778,intermediate
F10,5,60,0.419,final
Fam26f,1,0,0,initial
Fam26f,2,2.62898209144608,8.59296092243065,intermediate
Fam26f,3,32.1013284571463,-3.71875401913484,intermediate
Fam26f,4,60,0,final
Farsa,N/A,N/A,N/A,N/A
Fcgr1,1,0,0,initial
Fcgr1,2,2.71600794763344,8.93273387913689,intermediate
Fcgr1,3,13.3464485531381,-0.0612424729370452,intermediate
Fcgr1,4,22,0.863,final
Fcgr4,1,0,0,initial
Fcgr4,2,6.31066131978792,7.52855368300791,intermediate
Fcgr4,3,20.2442149170659,-3.37653151234848,intermediate
Fcgr4,4,40,0,final
Fgl1,N/A,N/A,N/A,N/A
Fgl2,1,0,0,initial
Fgl2,2,3.76595491033042,3.9819183310474,intermediate
Fgl2,3,8.13491798475803,-1.13443482645287,intermediate
Fgl2,4,42.6828761908573,1.37923542786725,intermediate
Fgl2,5,60,0.665,final
Gbp2,1,0,0,initial
Gbp2,2,6.17210954839463,4.69338505698795,intermediate
Gbp2,3,22,0,final
Gbp3,1,0,0,initial
Gbp3,2,2.57321868747063,6.17178465986662,intermediate
Gbp3,3,16.8605418774174,-2.04102797556657,intermediate
Gbp3,4,30,0,final
Gbp4,1,0,0,initial
Gbp4,2,7.33392631636284,3.85273356098567,intermediate
Gbp4,3,22,0,final
Gbp5,1,0,0,initial
Gbp5,2,3.44543207984399,7.93165175358426,intermediate
Gbp5,3,18.6719107981451,-1.97937584613563,intermediate
Gbp5,4,30,0,final
Gbp6,1,0,0,initial
Gbp6,2,2.29261641152681,5.79197924671015,intermediate
Gbp6,3,9.85915445682358,-5.32599173653793,intermediate
Gbp6,4,41.9171939877592,1.74681118043123,intermediate
Gbp6,5,60,0,final
Gbp9,1,0,0,initial
Gbp9,2,5.02577879741566,2.83855138214465,intermediate
Gbp9,3,18,0,final
Gda,1,0,0,initial
Gda,2,6.23769555742966,2.55955082789194,intermediate
Gda,3,17.8661331724377,-1.7748028385051,intermediate
Gda,4,30,0,final
Ggct,1,0,0,initial
Ggct,2,6.37316637111914,1.96434318009677,intermediate
Ggct,3,18,0,final
Gla,1,0,0,initial
Gla,2,7.91399151753665,2.91219823544069,intermediate
Gla,3,22,0,final
Gm1966,N/A,N/A,N/A,N/A
Gm4955,1,0,0,initial
Gm4955,2,2.80670856873325,6.04678396174002,intermediate
Gm4955,3,11.4874138167824,0.038697954111666,intermediate
Gm4955,4,18,0,final
Gm5483,N/A,N/A,N/A,N/A
Gm8995,1,0,0,initial
Gm8995,2,7.94857548480811,3.85484552180716,intermediate
Gm8995,3,19.3794406901048,-3.3915865957733,intermediate
Gm8995,4,27.4766177840149,2.13189564640162,intermediate
Gm8995,5,60,0.944,final
Gp9,1,0,0,initial
Gp9,2,26,-0.833,final
Gpr133,1,0,0,initial
Gpr133,2,19.7093451190208,-0.85358297992223,intermediate
Gpr133,3,60,-1.043,final
Gvin1,1,0,0,initial
Gvin1,2,6.59439365822002,3.01182578257968,intermediate
Gvin1,3,18,0,final
H2-K1,1,0,0,initial
H2-K1,2,2.84790496262967,3.0819978092737,intermediate
H2-K1,3,17.6036836399209,-0.145698425142133,intermediate
H2-K1,4,30,1.103,final
H2-Q1,1,0,0,initial
H2-Q1,2,2.47105307992767,2.46770303545876,intermediate
H2-Q1,3,14.557054637898,0.236070090601751,intermediate
H2-Q1,4,22,0,final
H2-Q2,N/A,N/A,N/A,N/A
H2-Q7,1,0,0,initial
H2-Q7,2,6.64488959327093,1.79196559090947,intermediate
H2-Q7,3,18,0,final
H2-Q10,1,0,0,initial
H2-Q10,2,7.18347007800474,3.5547662959987,intermediate
H2-Q10,3,28.0560819861733,-2.78689004553445,intermediate
H2-Q10,4,31.0834145102617,0.856986664621921,intermediate
H2-Q10,5,60,0.671,final
H2-T22,1,0,0,initial
H2-T22,2,4.39438822407034,4.71363323774884,intermediate
H2-T22,3,18.5771806323845,-1.08735999235556,intermediate
H2-T22,4,30,0,final
H2-T24,1,0,0,initial
H2-T24,2,4.65194763717887,3.93595396187701,intermediate
H2-T24,3,16.3919115791567,-2.75346607521079,intermediate
H2-T24,4,30,0,final
Hbegf,1,0,0,initial
Hbegf,2,8.73656940639858,1.25897487716288,intermediate
Hbegf,3,32.3386057323579,-2.69254207484106,intermediate
Hbegf,4,60,-1.19,final
Herc6,1,0,0,initial
Herc6,2,2.56034071402867,5.26101672699047,intermediate
Herc6,3,10.9043331609083,-0.188714312267498,intermediate
Herc6,4,18,0,final
Hpse,1,0,0,initial
Hpse,2,7.44152884466404,2.67254184658119,intermediate
Hpse,3,22,0,final
Hsd17b7,N/A,N/A,N/A,N/A
Hsh2d,1,0,0,initial
Hsh2d,2,2.83352757285738,3.83988916946545,intermediate
Hsh2d,3,13.7903951203418,-0.168932124507449,intermediate
Hsh2d,4,22,0,final
I830012O16Rik,1,0,0,initial
I830012O16Rik,2,0.358698573964912,8.63233371422133,intermediate
I830012O16Rik,3,34.6186782080029,-6.36693568532389,intermediate
I830012O16Rik,4,60,0,final
Ier3,1,0,0,initial
Ier3,2,23.2770978516903,-1.10524095480808,intermediate
Ier3,3,60,-0.795,final
Ifi27l2a,1,0,0,initial
Ifi27l2a,2,2.7741993906686,6.11413567583554,intermediate
Ifi27l2a,3,11.5503874777621,0.231166809692659,intermediate
Ifi27l2a,4,18,0,final
Ifi27l2b,1,0,0,initial
Ifi27l2b,2,4.47656842800551,3.95758959456897,intermediate
Ifi27l2b,3,10.518045624256,0.0140966497257833,intermediate
Ifi27l2b,4,18,0,final
Ifi44,1,0,0,initial
Ifi44,2,3.57625516855209,8.1930434625988,intermediate
Ifi44,3,15.4795544589311,-4.08270668926306,intermediate
Ifi44,4,26,0,final
Ifi47,1,0,0,initial
Ifi47,2,2.92750334203181,5.77771884447316,intermediate
Ifi47,3,13.3388510853599,-0.0602523236833406,intermediate
Ifi47,4,22,0,final
Ifi203,1,0,0,initial
Ifi203,2,6.55005759790092,2.64543159946856,intermediate
Ifi203,3,18,0,final
Ifi204,1,0,0,initial
Ifi204,2,2.81915343201877,7.53363196560905,intermediate
Ifi204,3,10.9576273343709,0.245015499063757,intermediate
Ifi204,4,18,0.747,final
Ifi205,1,0,0,initial
Ifi205,2,2.59270688713691,9.91995774520312,intermediate
Ifi205,3,11.0971840044052,-6.89392423596695,intermediate
Ifi205,4,39.2525558940876,2.66453946792927,intermediate
Ifi205,5,60,0.877,final
Ifit1,1,0,0,initial
Ifit1,2,2.40943788930906,9.40869337230911,intermediate
Ifit1,3,11.5729652643498,-1.45934189321372,intermediate
Ifit1,4,18,0,final
Ifit2,1,0,0,initial
Ifit2,2,0.577274387563185,7.10590090196179,intermediate
Ifit2,3,33.7380935726215,-4.70082695124447,intermediate
Ifit2,4,60,-0.646,final
Ifit3,1,0,0,initial
Ifit3,2,2.20074794661057,9.44228028130848,intermediate
Ifit3,3,11.3768827997566,-1.6247700292188,intermediate
Ifit3,4,18,0,final
Ifitm6,1,0,0,initial
Ifitm6,2,1.05721482172067,4.88629445465822,intermediate
Ifitm6,3,13.3488343336355,-5.64549649264339,intermediate
Ifitm6,4,39.049504356705,0.975225799424353,intermediate
Ifitm6,5,60,-1.163,final
Igtp,1,0,0,initial
Igtp,2,0.234593431894245,7.33264141994925,intermediate
Igtp,3,33.7859825631476,-4.0873454979311,intermediate
Igtp,4,60,0.81,final
Iigp1,1,0,0,initial
Iigp1,2,0.36825197398302,5.102184465871,intermediate
Iigp1,3,7.26687452717036,5.9449107717348,intermediate
Iigp1,4,32.9216436004363,-6.51346157645449,intermediate
Iigp1,5,40.9497275131741,3.68323921534569,intermediate
Iigp1,6,60,0,final
Il1b,N/A,N/A,N/A,N/A
Il1r2,1,0,0,initial
Il1r2,2,5.51300887547927,6.87496835830972,intermediate
Il1r2,3,8.36306183398674,-7.10745809670182,intermediate
Il1r2,4,21.2058152726239,5.51351854601786,intermediate
Il1r2,5,39.6925654432142,-0.919504036593593,intermediate
Il1r2,6,60,0,final
Il1rn,1,0,0,initial
Il1rn,2,3.36973939261758,5.16913033988478,intermediate
Il1rn,3,11.2434850588596,0.214585513147944,intermediate
Il1rn,4,18,0,final
Il6,1,0,0,initial
Il6,2,2.6698522697561,8.70598692098549,intermediate
Il6,3,12.5993731531691,-2.12720686480186,intermediate
Il6,4,22,0,final
Il18bp,1,0,0,initial
Il18bp,2,3.64634011764799,7.46754393612178,intermediate
Il18bp,3,13.4002407103806,-0.0862381038868031,intermediate
Il18bp,4,22,0,final
Irf7,1,0,0,initial
Irf7,2,2.24858663333754,11.8978595654996,intermediate
Irf7,3,13.7271827484362,-2.34867723056009,intermediate
Irf7,4,22,0,final
Irg1,1,0,0,initial
Irg1,2,2.28720861295507,16.9450225182785,intermediate
Irg1,3,17.2484149483585,-12.9976266449602,intermediate
Irg1,4,36.6833343397905,7.93276379026292,intermediate
Irg1,5,60,1.4565,final
Irgm1,1,0,0,initial
Irgm1,2,2.89876233270819,7.00881049142606,intermediate
Irgm1,3,23.4110882363951,-2.71121985354895,intermediate
Irgm1,4,40,0,final
Irgm2,1,0,0,initial
Irgm2,2,1.97857800552161,4.6441463862289,intermediate
Irgm2,3,13.4734713504327,-0.234238853938943,intermediate
Irgm2,4,22,0,final
Isg15,1,0,0,initial
Isg15,2,2.12774538831726,11.1875808433912,intermediate
Isg15,3,13.4051336271776,-2.56536125346268,intermediate
Isg15,4,22,0,final
Itga2b,1,0,0,initial
Itga2b,2,30,-1.129,final
Itgb3,N/A,N/A,N/A,N/A
Junb,1,0,0,initial
Junb,2,3.05199778414384,3.60387535046226,intermediate
Junb,3,16.2949963922297,-2.23512376648998,intermediate
Junb,4,25.0565802089571,1.14006752998781,intermediate
Junb,5,40,0,final
Klra2,1,0,0,initial
Klra2,2,7.13723867846481,2.5520332783361,intermediate
Klra2,3,18,0,final
Klra6,1,0,0,initial
Klra6,2,6.18639614424529,2.84778432808007,intermediate
Klra6,3,11.6601525261051,-3.6378519497603,intermediate
Klra6,4,28.5508571365167,1.1297701472859,intermediate
Klra6,5,40,-0.443,final
Klra7,1,0,0,initial
Klra7,2,4.67572051750948,2.23895660763035,intermediate
Klra7,3,10.3832292334003,-0.0656421177338974,intermediate
Klra7,4,18,-0.951,final
Klra8,1,0,0,initial
Klra8,2,6.6870799593211,2.20924862464437,intermediate
Klra8,3,12.2810014606963,-2.12078055169547,intermediate
Klra8,4,22,-0.677,final
Klra12,N/A,N/A,N/A,N/A
Klra15,1,0,0,initial
Klra15,2,5.726356406299,2.43959405985819,intermediate
Klra15,3,21.0614576655598,-2.53581407735842,intermediate
Klra15,4,40,-0.829,final
Klra16,N/A,N/A,N/A,N/A
Klra21,1,0,0,initial
Klra21,2,7.25765708820384,1.7115987123409,intermediate
Klra21,3,22.7461158924468,-2.27796604144178,intermediate
Klra21,4,40,-0.952,final
Klra22,1,0,0,initial
Klra22,2,7.2516621600945,1.64074046347523,intermediate
Klra22,3,18,-1.082,final
Klra23,1,0,0,initial
Klra23,2,5.66045032106314,3.01433100632065,intermediate
Klra23,3,9.32352981105508,-1.26877271001977,intermediate
Klra23,4,18,-0.782,final
Klrb1c,N/A,N/A,N/A,N/A
Krt85,1,0,0,initial
Krt85,2,8.4038444467445,2.33612019826919,intermediate
Krt85,3,22,0,final
Lap3,N/A,N/A,N/A,N/A
Lcn2,1,0,0,initial
Lcn2,2,2.76520342990545,4.94869879587114,intermediate
Lcn2,3,11.2835468501753,-0.0184240182244445,intermediate
Lcn2,4,18,0,final
Lgals3bp,1,0,0,initial
Lgals3bp,2,1.95798238970268,5.00503539676227,intermediate
Lgals3bp,3,13.7746210621019,-0.45741259222785,intermediate
Lgals3bp,4,22,0,final
Lilra6,1,0,0,initial
Lilra6,2,6.79430086759183,2.29353685182717,intermediate
Lilra6,3,22,0,final
Lilrb3,1,0,0,initial
Lilrb3,2,3.02366929189194,4.17126959647975,intermediate
Lilrb3,3,34.0854039889162,-2.47304967249948,intermediate
Lilrb3,4,60,0.655,final
Lilrb4,1,0,0,initial
Lilrb4,2,1.62109868586323,6.59026065963406,intermediate
Lilrb4,3,18.5846950482043,-4.3425652891951,intermediate
Lilrb4,4,37.006876793714,1.96817328696863,intermediate
Lilrb4,5,60,0.982,final
Litaf,1,0,0,initial
Litaf,2,4.78528579346751,2.84818558355183,intermediate
Litaf,3,22.4807229046599,-0.68070912896579,intermediate
Litaf,4,40,0,final
LOC639910,1,0,0,initial
LOC639910,2,3.77571530335552,3.45645427301959,intermediate
LOC639910,3,10.6914500228838,0.00757517553080819,intermediate
LOC639910,4,18,0,final
Loxl2,1,0,0,initial
Loxl2,2,4.56272864819857,2.55801427739631,intermediate
Loxl2,3,14.1717216228313,-2.39138742989273,intermediate
Loxl2,4,27.0075838923133,0.401088644584553,intermediate
Loxl2,5,40,-0.65,final
Ly6a,1,0,0,initial
Ly6a,2,5.56264028471964,2.84756784375718,intermediate
Ly6a,3,22.835919053814,-2.09655830836875,intermediate
Ly6a,4,40,-0.486,final
Ly6c1,1,0,0,initial
Ly6c1,2,5.59680460607488,3.22217205155912,intermediate
Ly6c1,3,12.6733729895909,-1.27137145935334,intermediate
Ly6c1,4,22,-0.726,final
Ly6e,1,0,0,initial
Ly6e,2,1.64581845541735,3.43026457963091,intermediate
Ly6e,3,21.8652153618724,-4.14719213592482,intermediate
Ly6e,4,42.6272431907499,1.89810386005299,intermediate
Ly6e,5,60,-0.782,final
Ly6f,1,0,0,initial
Ly6f,2,2.04272635845463,7.32275435718906,intermediate
Ly6f,3,14.0753897006567,-0.341535508197514,intermediate
Ly6f,4,22,0,final
Mbd1,1,0,0,initial
Mbd1,2,0.889718276666375,3.33096787316575,intermediate
Mbd1,3,22.6714063193091,-4.06326616567306,intermediate
Mbd1,4,23.2534472565483,0.943943334360026,intermediate
Mbd1,5,40,0,final
Mefv,N/A,N/A,N/A,N/A
Mitd1,1,0,0,initial
Mitd1,2,2.27027502152128,4.6485888489425,intermediate
Mitd1,3,16.0570613875493,-5.00930316127042,intermediate
Mitd1,4,38.942320836398,1.78545780584174,intermediate
Mitd1,5,60,0,final
Mlkl,1,0,0,initial
Mlkl,2,3.21839914024955,5.4742095255822,intermediate
Mlkl,3,13.2679256697137,-0.171292764926411,intermediate
Mlkl,4,22,0,final
Mmp8,1,0,0,initial
Mmp8,2,7.51345176130113,3.2893590904193,intermediate
Mmp8,3,18,0,final
Mmp25,1,0,0,initial
Mmp25,2,6.01437514593762,2.18565782361431,intermediate
Mmp25,3,18,0,final
Mnda,1,0,0,initial
Mnda,2,2.41706533081143,7.05925378653857,intermediate
Mnda,3,15.2643645747054,-1.22529912953563,intermediate
Mnda,4,26,0.833,final
Mov10,1,0,0,initial
Mov10,2,6.6238709220287,2.13520846545287,intermediate
Mov10,3,18,0,final
Mpa2l,1,0,0,initial
Mpa2l,2,3.44738237817285,7.64024177934106,intermediate
Mpa2l,3,30.5233420777156,-4.87725846743864,intermediate
Mpa2l,4,60,-0.687,final
Ms4a4c,1,0,0,initial
Ms4a4c,2,2.99632866820575,8.24060724949913,intermediate
Ms4a4c,3,13.0002836452325,-1.33556704255381,intermediate
Ms4a4c,4,22,0,final
Ms4a4d,N/A,N/A,N/A,N/A
Ms4a6b,1,0,0,initial
Ms4a6b,2,3.93702750844883,7.09069247787941,intermediate
Ms4a6b,3,23.1058225239416,-2.18214960177912,intermediate
Ms4a6b,4,40,0,final
Ms4a6c,1,0,0,initial
Ms4a6c,2,5.11775215549538,8.16478894734104,intermediate
Ms4a6c,3,15.1654893269546,-6.11895895468401,intermediate
Ms4a6c,4,34.7546142743468,2.9293457347142,intermediate
Ms4a6c,5,60,0,final
Ms4a6d,1,0,0,initial
Ms4a6d,2,2.86635573904209,7.56803525649014,intermediate
Ms4a6d,3,17.3573865481721,-2.60552943982808,intermediate
Ms4a6d,4,30,0.581,final
Mt2,1,0,0,initial
Mt2,2,0.577919405734523,7.98945369870011,intermediate
Mt2,3,20.1135181991835,-5.71383315989254,intermediate
Mt2,4,34.2224699851831,2.23077804372612,intermediate
Mt2,5,60,0.582,final
Muc4,1,0,0,initial
Muc4,2,0.687833694059979,2.43144815459781,intermediate
Muc4,3,22.4105182319533,-1.94039963661822,intermediate
Muc4,4,60,0.815,final
Mx1,1,0,0,initial
Mx1,2,0.672473402092071,7.89111389975342,intermediate
Mx1,3,6.34198256611241,0.0712825644795584,intermediate
Mx1,4,31.2333396214178,-3.84325122795061,intermediate
Mx1,5,40.6157365471739,2.91849550052953,intermediate
Mx1,6,60,0.716,final
Mx2,1,0,0,initial
Mx2,2,2.68557982982976,8.81252197609676,intermediate
Mx2,3,11.07777235555,-1.78728229726675,intermediate
Mx2,4,18,0,final
Mxd1,1,0,0,initial
Mxd1,2,4.29309248282414,3.88325332426623,intermediate
Mxd1,3,9.40605851664954,-3.68451552646428,intermediate
Mxd1,4,30.2507356295598,1.32861542556346,intermediate
Mxd1,5,40,-0.651,final
Myd88,1,0,0,initial
Myd88,2,2.44192474879254,4.63529243455013,intermediate
Myd88,3,15.2342742547757,-4.06484292579491,intermediate
Myd88,4,42.7356950767711,1.60706979423925,intermediate
Myd88,5,60,-0.413,final
Nfil3,N/A,N/A,N/A,N/A
Nlrc5,N/A,N/A,N/A,N/A
Nuak2,1,0,0,initial
Nuak2,2,7.35753363631538,1.97468937513076,intermediate
Nuak2,3,22,0,final
Nub1,N/A,N/A,N/A,N/A
Oas1a,1,0,0,initial
Oas1a,2,3.3761520789119,9.63213351224254,intermediate
Oas1a,3,23.4182453703294,-4.43908891347145,intermediate
Oas1a,4,40,0,final
Oas1f,1,0,0,initial
Oas1f,2,2.01966195791907,8.81407977261873,intermediate
Oas1f,3,18.3014089450052,-2.29322081713862,intermediate
Oas1f,4,30,0.698,final
Oas2,1,0,0,initial
Oas2,2,1.61970848043538,5.70371676893937,intermediate
Oas2,3,34.7041892225784,-3.51905203876778,intermediate
Oas2,4,60,1.068,final
Oas3,1,0,0,initial
Oas3,2,2.93676536798688,8.5718867108456,intermediate
Oas3,3,13.5562114473071,-1.32273544268623,intermediate
Oas3,4,22,0,final
Oasl1,1,0,0,initial
Oasl1,2,2.56740819094374,12.4898636146362,intermediate
Oasl1,3,13.488582142971,-2.60807175499695,intermediate
Oasl1,4,22,0,final
Oasl2,1,0,0,initial
Oasl2,2,1.40394495937626,6.59663210433071,intermediate
Oasl2,3,10.7112866408353,-1.23959807322899,intermediate
Oasl2,4,18,0,final
Ogfr,1,0,0,initial
Ogfr,2,2.02688515739671,3.29956297417825,intermediate
Ogfr,3,13.5751549762515,-0.131410762256302,intermediate
Ogfr,4,22,0,final
Osm,1,0,0,initial
Osm,2,2.75184263979735,3.54055014748683,intermediate
Osm,3,20.6194684411593,-3.17607851118531,intermediate
Osm,4,36.7584960792607,2.58744309809411,intermediate
Osm,5,60,0,final
Parp9,1,0,0,initial
Parp9,2,1.7547113976873,4.39855702742851,intermediate
Parp9,3,13.0879999357073,-0.376890623991927,intermediate
Parp9,4,22,0,final
Parp11,1,0,0,initial
Parp11,2,4.58654281126083,4.9827105092723,intermediate
Parp11,3,8.81403877581199,-3.52747439294944,intermediate
Parp11,4,43.4815300590614,0.602100096490367,intermediate
Parp11,5,60,0.652,final
Parp12,1,0,0,initial
Parp12,2,1.69850707261723,5.57848587009588,intermediate
Parp12,3,15.6951144394869,-6.28278388885998,intermediate
Parp12,4,39.2344282028413,2.33919137068066,intermediate
Parp12,5,60,0,final
Parp14,1,0,0,initial
Parp14,2,2.86010044467663,3.31737044109814,intermediate
Parp14,3,11.2428738698787,-0.0644217707218302,intermediate
Parp14,4,18,0,final
Pcgf5,1,0,0,initial
Pcgf5,2,5.46285453989961,1.89675244027087,intermediate
Pcgf5,3,18.8923370349548,-1.56978111104447,intermediate
Pcgf5,4,30,-0.716,final
Pdyn,N/A,N/A,N/A,N/A
Phf11,1,0,0,initial
Phf11,2,1.75328842512115,7.10132447743237,intermediate
Phf11,3,13.5689046160453,-0.62657358306338,intermediate
Phf11,4,22,0,final
Pik3ap1,1,0,0,initial
Pik3ap1,2,3.08097856702063,2.36843111336407,intermediate
Pik3ap1,3,11.3015260214623,0.0521174232398459,intermediate
Pik3ap1,4,18,0,final
Pik3r5,N/A,N/A,N/A,N/A
Pilrb1,1,0,0,initial
Pilrb1,2,7.84242441466666,2.17673781038116,intermediate
Pilrb1,3,22,0,final
Plac8,1,0,0,initial
Plac8,2,2.14261230705889,5.48439222689421,intermediate
Plac8,3,13.7907218156028,0.151706615940515,intermediate
Plac8,4,22,0,final
Plek,1,0,0,initial
Plek,2,7.06010164152949,2.16774859349334,intermediate
Plek,3,18,0,final
Pnp,1,0,0,initial
Pnp,2,1.91111810465704,4.98644606348127,intermediate
Pnp,3,11.8162777509932,-4.74207359392481,intermediate
Pnp,4,28.4729376492934,1.34132214821823,intermediate
Pnp,5,40,0,final
Ppa1,1,0,0,initial
Ppa1,2,1.90859289569592,3.94548021284391,intermediate
Ppa1,3,13.1235077192732,-0.00840654644778067,intermediate
Ppa1,4,22,0,final
Prg4,N/A,N/A,N/A,N/A
Prm1,N/A,N/A,N/A,N/A
Prss22,1,0,0,initial
Prss22,2,5.35721517136056,5.43197788017464,intermediate
Prss22,3,6.97222819826904,-3.65786242148672,intermediate
Prss22,4,43.2100863501582,0.553953236256351,intermediate
Prss22,5,60,0.701,final
Psme2,1,0,0,initial
Psme2,2,5.89176499403952,1.66543309327256,intermediate
Psme2,3,18,0,final
Ptx3,1,0,0,initial
Ptx3,2,0.49867275599346,8.15492883717388,intermediate
Ptx3,3,13.1275285851431,-4.57337782770901,intermediate
Ptx3,4,43.0454073048567,2.5330023773648,intermediate
Ptx3,5,60,0,final
Pyhin1,1,0,0,initial
Pyhin1,2,3.1582769293647,9.0556653352058,intermediate
Pyhin1,3,9.70157127671002,-6.51552944934021,intermediate
Pyhin1,4,39.9847584148635,2.82784593331875,intermediate
Pyhin1,5,60,0,final
Rab10,1,0,0,initial
Rab10,2,9.38048692751935,1.67266414245175,intermediate
Rab10,3,30.6391367106252,-2.16562549564031,intermediate
Rab10,4,60,-0.851,final
Rab20,N/A,N/A,N/A,N/A
Rasa4,1,0,0,initial
Rasa4,2,7.9859189331787,2.54156830546823,intermediate
Rasa4,3,22,0,final
Reg3g,N/A,N/A,N/A,N/A
Retnla,1,0,0,initial
Retnla,2,2.33196431584734,4.22465619401073,intermediate
Retnla,3,12.9777294988486,-3.43401418348674,intermediate
Retnla,4,47.7036746310374,0.499737839402473,intermediate
Retnla,5,60,1.2865,final
Retnlb,1,0,0,initial
Retnlb,2,7.92738058950007,4.60790160063292,intermediate
Retnlb,3,18,0,final
Retnlg,1,0,0,initial
Retnlg,2,1.51130164411278,-1.74791347475884,intermediate
Retnlg,3,11.2446496988378,7.57444529354632,intermediate
Retnlg,4,23.5544452762487,-11.8960900790352,intermediate
Retnlg,5,43.121955428068,3.13640427240526,intermediate
Retnlg,6,60,-1.281,final
Rnf19b,1,0,0,initial
Rnf19b,2,4.10035893556681,3.75376625511343,intermediate
Rnf19b,3,10.6802336669296,-0.0108357066564042,intermediate
Rnf19b,4,18,0,final
Rsad2,1,0,0,initial
Rsad2,2,1.9097172431494,13.5540710423959,intermediate
Rsad2,3,15.1062402146679,-12.9292492404776,intermediate
Rsad2,4,40.7552931864262,4.73955881249927,intermediate
Rsad2,5,60,-0.556,final
Rtp4,1,0,0,initial
Rtp4,2,2.48408668700906,5.8065270259526,intermediate
Rtp4,3,11.1785287712279,-0.899240303267157,intermediate
Rtp4,4,18,0,final
S100a9,N/A,N/A,N/A,N/A
Saa1,1,0,0,initial
Saa1,2,1.56889743662103,9.44024953593627,intermediate
Saa1,3,31.4919166204165,-6.19155250402312,intermediate
Saa1,4,60,0.726,final
Saa3,1,0,0,initial
Saa3,2,1.46289635473713,15.3861210355154,intermediate
Saa3,3,31.7977386611666,-9.72204150308405,intermediate
Saa3,4,60,0.817,final
Samhd1,1,0,0,initial
Samhd1,2,1.193721908836,3.26403759466611,intermediate
Samhd1,3,32.0540952729947,-2.99624989426737,intermediate
Samhd1,4,60,-0.5055,final
Samsn1,N/A,N/A,N/A,N/A
Sct,1,0,0,initial
Sct,2,2.471894868236,10.7888135720507,intermediate
Sct,3,8.34094627370517,-5.96213173752082,intermediate
Sct,4,28.0310447208717,1.77723020845622,intermediate
Sct,5,40,0,final
Sdc3,1,0,0,initial
Sdc3,2,7.7228977294857,1.95302067002589,intermediate
Sdc3,3,16.5618068506426,-0.731630028266448,intermediate
Sdc3,4,30,-0.6,final
Sectm1b,N/A,N/A,N/A,N/A
Sell,N/A,N/A,N/A,N/A
Selp,1,0,0,initial
Selp,2,2.60851880585104,3.71141498770592,intermediate
Selp,3,17.078007990885,-4.54448427235027,intermediate
Selp,4,38.225159292159,1.71866654924038,intermediate
Selp,5,60,0,final
Serpina3c,1,0,0,initial
Serpina3c,2,5.54592742132346,1.47637050979872,intermediate
Serpina3c,3,7.49988495852741,-3.79132174971499,intermediate
Serpina3c,4,42.9839129392976,0.397767830174028,intermediate
Serpina3c,5,60,-1.058,final
Serpina3f,1,0,0,initial
Serpina3f,2,1.70256314111636,8.48527590073774,intermediate
Serpina3f,3,11.908376676623,-2.04035689137192,intermediate
Serpina3f,4,42.1546376421968,0.588744162662222,intermediate
Serpina3f,5,60,1.3735,final
Serpina3m,1,0,0,initial
Serpina3m,2,4.62763292011752,3.36188407866729,intermediate
Serpina3m,3,13.905997107525,-3.86766191717539,intermediate
Serpina3m,4,26,-1.184,final
Serpina3n,1,0,0,initial
Serpina3n,2,3.49342092384258,4.83999659101416,intermediate
Serpina3n,3,8.7769230303257,-0.299559712161481,intermediate
Serpina3n,4,14,0,final
Sfrp1,1,0,0,initial
Sfrp1,2,8.51888389957299,2.39716757729852,intermediate
Sfrp1,3,22,0,final
Sh3bp2,1,0,0,initial
Sh3bp2,2,8.1621426671603,2.54158677019112,intermediate
Sh3bp2,3,22,0,final
Siglec1,1,0,0,initial
Siglec1,2,2.91753045911751,5.04598877829559,intermediate
Siglec1,3,11.0056191434788,-0.196487662367193,intermediate
Siglec1,4,18,0,final
Sirpb1a,1,0,0,initial
Sirpb1a,2,4.6042268574338,4.46053494354046,intermediate
Sirpb1a,3,13.0147642973512,-0.0950749371067539,intermediate
Sirpb1a,4,22,0,final
Slc2a6,1,0,0,initial
Slc2a6,2,7.25704955236815,3.16476935329092,intermediate
Slc2a6,3,22,0,final
Slc15a3,1,0,0,initial
Slc15a3,2,3.46565904810637,4.15153869465219,intermediate
Slc15a3,3,13.6794522353637,-0.051038183211573,intermediate
Slc15a3,4,22,0,final
Slc39a14,1,0,0,initial
Slc39a14,2,4.74895818862161,4.17481431036645,intermediate
Slc39a14,3,15.7745439988964,-2.28258403378836,intermediate
Slc39a14,4,26,0,final
Slco4a1,1,0,0,initial
Slco4a1,2,6.83329769888575,1.65426097016186,intermediate
Slco4a1,3,18,0,final
Slfn1,1,0,0,initial
Slfn1,2,3.26976535944815,5.74443704431096,intermediate
Slfn1,3,11.2040778676526,-0.0481732493326628,intermediate
Slfn1,4,18,0,final
Slfn2,1,0,0,initial
Slfn2,2,3.16928820945028,5.91521009835296,intermediate
Slfn2,3,13.5348226339635,-0.210561864289586,intermediate
Slfn2,4,22,0,final
Slfn4,1,0,0,initial
Slfn4,2,3.18100262271462,10.1348665543044,intermediate
Slfn4,3,10.2225609837414,-2.18925471740067,intermediate
Slfn4,4,18,0,final
Slfn5,1,0,0,initial
Slfn5,2,4.72327360322867,2.21071004037941,intermediate
Slfn5,3,17.6030870410419,-1.85785798778781,intermediate
Slfn5,4,30,-0.606,final
Slfn8,1,0,0,initial
Slfn8,2,1.5455873368706,4.32193013410614,intermediate
Slfn8,3,11.0258581145945,-0.459844361810892,intermediate
Slfn8,4,18,0,final
Slfn9,1,0,0,initial
Slfn9,2,2.38265178725294,5.38151842983111,intermediate
Slfn9,3,11.2393598164181,-0.0706949285276172,intermediate
Slfn9,4,18,0,final
Slfn10-ps,1,0,0,initial
Slfn10-ps,2,2.21526007792059,6.96919240704668,intermediate
Slfn10-ps,3,15.9872620080058,-1.13198356059753,intermediate
Slfn10-ps,4,26,0,final
Socs1,1,0,0,initial
Socs1,2,2.6862047340871,6.97074668276417,intermediate
Socs1,3,17.4191235832103,-0.515675802124566,intermediate
Socs1,4,30,0.973,final
Sp110,1,0,0,initial
Sp110,2,7.2586751798955,2.92790748870631,intermediate
Sp110,3,22,0,final
Sprr1a,1,0,0,initial
Sprr1a,2,2.87022241498034,9.05598986466449,intermediate
Sprr1a,3,17.9773214591572,-6.65614227275975,intermediate
Sprr1a,4,35.6499660925953,5.31379737064171,intermediate
Sprr1a,5,60,0,final
Ssr1,N/A,N/A,N/A,N/A
Stat1,1,0,0,initial
Stat1,2,0.915228409123244,5.4917603615813,intermediate
Stat1,3,24.5568062887966,-1.38419020700846,intermediate
Stat1,4,40,0,final
Stat2,1,0,0,initial
Stat2,2,2.24617437111364,4.72499633779763,intermediate
Stat2,3,10.9137273570965,-0.469889259374717,intermediate
Stat2,4,18,0,final
Steap1,1,0,0,initial
Steap1,2,6.6393173312551,1.67135640890377,intermediate
Steap1,3,18,0,final
Stfa2l1,1,0,0,initial
Stfa2l1,2,6.19480679365484,4.9614745389263,intermediate
Stfa2l1,3,12.2890073254556,-6.64369688888209,intermediate
Stfa2l1,4,42.6580227126225,2.98892134865885,intermediate
Stfa2l1,5,60,-0.595,final
Syt12,1,0,0,initial
Syt12,2,7.48756454527846,2.46014925026058,intermediate
Syt12,3,22,0,final
Tap1,1,0,0,initial
Tap1,2,1.74974783357289,4.50903748887188,intermediate
Tap1,3,14.8237807477272,0.386203264386941,intermediate
Tap1,4,22,0,final
Tap2,1,0,0,initial
Tap2,2,7.33979131366294,2.43517107931861,intermediate
Tap2,3,22,0,final
Tapbp,1,0,0,initial
Tapbp,2,2.13387855281151,3.09824538966761,intermediate
Tapbp,3,14.9701239463061,-1.72498842842065,intermediate
Tapbp,4,24.8265950470976,0.835226475599607,intermediate
Tapbp,5,40,0,final
Tcirg1,1,0,0,initial
Tcirg1,2,3.3151601154,2.50835865663846,intermediate
Tcirg1,3,11.331008418331,0.0718547165093752,intermediate
Tcirg1,4,18,0,final
Tcstv1,1,0,0,initial
Tcstv1,2,6.64367351469623,3.80565788856076,intermediate
Tcstv1,3,18,0,final
Tcstv3,1,0,0,initial
Tcstv3,2,6.71237489574715,4.1222390042024,intermediate
Tcstv3,3,18,0,final
Tgfbi,1,0,0,initial
Tgfbi,2,5.26578442069146,5.03430975835269,intermediate
Tgfbi,3,12.6103804135215,-0.122805508886372,intermediate
Tgfbi,4,22,0,final
Tgtp1,1,0,0,initial
Tgtp1,2,1.32628800689878,6.68763605872459,intermediate
Tgtp1,3,24.3418939452127,-2.51851310920439,intermediate
Tgtp1,4,40,0,final
Tifa,1,0,0,initial
Tifa,2,1.7985009888223,2.55903827724526,intermediate
Tifa,3,6.62641356183361,2.77165127913069,intermediate
Tifa,4,35.5644942293031,-3.19426484368087,intermediate
Tifa,5,39.1854073418934,2.46275266411204,intermediate
Tifa,6,60,0,final
Timp1,1,0,0,initial
Timp1,2,2.46754415404083,12.7921436220117,intermediate
Timp1,3,13.1708679080193,-8.07395883973451,intermediate
Timp1,4,40.4890877305137,2.19992364529879,intermediate
Timp1,5,60,0.859,final
Tlr2,1,0,0,initial
Tlr2,2,6.98138291807597,2.56706840923776,intermediate
Tlr2,3,18,0,final
Tlr7,1,0,0,initial
Tlr7,2,7.56189681402195,2.84046449578217,intermediate
Tlr7,3,22,0,final
Tmem106a,1,0,0,initial
Tmem106a,2,6.55219673441251,2.6598901641587,intermediate
Tmem106a,3,18,0,final
Tnf,1,0,0,initial
Tnf,2,3.46868510191154,5.46625454592144,intermediate
Tnf,3,15.8345855307211,-0.339967299106145,intermediate
Tnf,4,26,0,final
Tnfaip6,N/A,N/A,N/A,N/A
Tnfrsf1b,1,0,0,initial
Tnfrsf1b,2,7.34413658612946,3.47097237881784,intermediate
Tnfrsf1b,3,22,0,final
Tnfrsf9,1,0,0,initial
Tnfrsf9,2,6.64253944993697,3.57503379444083,intermediate
Tnfrsf9,3,29.6114027465434,-2.30198452239494,intermediate
Tnfrsf9,4,60,0.689,final
Tnfrsf12a,1,0,0,initial
Tnfrsf12a,2,6.01862190622559,1.6857874639964,intermediate
Tnfrsf12a,3,8.5170635482322,1.09484376313229,intermediate
Tnfrsf12a,4,23.4817219481687,-2.92486266671307,intermediate
Tnfrsf12a,5,43.3278384612496,0.79363527614047,intermediate
Tnfrsf12a,6,60,-0.725,final
Tnip3,1,0,0,initial
Tnip3,2,6.7779977401174,1.77912426768533,intermediate
Tnip3,3,18,0,final
Tor3a,1,0,0,initial
Tor3a,2,0.505733360066294,4.71626140716384,intermediate
Tor3a,3,23.74809812662,-5.68205393197669,intermediate
Tor3a,4,34.361999679703,2.00365210750801,intermediate
Tor3a,5,60,0,final
Trafd1,1,0,0,initial
Trafd1,2,1.97270834517857,3.19143705087725,intermediate
Trafd1,3,11.2038200124915,-0.162342549412374,intermediate
Trafd1,4,18,0,final
Trex1,1,0,0,initial
Trex1,2,2.57566194484924,5.05040320582653,intermediate
Trex1,3,11.1000457669439,-0.26795867940425,intermediate
Trex1,4,18,0,final
Trim21,1,0,0,initial
Trim21,2,2.9160932583122,4.44154104753587,intermediate
Trim21,3,16.0207579483755,-4.59427082003665,intermediate
Trim21,4,40.7726390760848,1.73880514581273,intermediate
Trim21,5,60,-0.407,final
Trim25,1,0,0,initial
Trim25,2,3.3023155780574,3.26489738297125,intermediate
Trim25,3,11.2726343801043,0.0214625380954735,intermediate
Trim25,4,18,0,final
Trim30a,1,0,0,initial
Trim30a,2,2.03313788814007,7.56181216159947,intermediate
Trim30a,3,17.829349375185,-6.41471621040934,intermediate
Trim30a,4,39.8007043709112,2.90252221722893,intermediate
Trim30a,5,60,-0.782,final
Trim30d,1,0,0,initial
Trim30d,2,2.0350254305639,5.43157619314183,intermediate
Trim30d,3,10.9969893331401,-0.344222637989116,intermediate
Trim30d,4,18,0,final
Trim34a,1,0,0,initial
Trim34a,2,1.4489154203998,4.08005484919891,intermediate
Trim34a,3,5.49378135410247,-3.7571137274718,intermediate
Trim34a,4,47.2222103219631,0.789087734754424,intermediate
Trim34a,5,60,0.832,final
Txk,1,0,0,initial
Txk,2,7.26581906836594,2.23079910262065,intermediate
Txk,3,18,0,final
Ube2l6,1,0,0,initial
Ube2l6,2,1.11313931138218,5.58462370875934,intermediate
Ube2l6,3,20.8722223163203,-5.99845473053208,intermediate
Ube2l6,4,24.7143200291198,1.55404253237269,intermediate
Ube2l6,5,40,-0.539,final
Usp18,1,0,0,initial
Usp18,2,2.51584623151647,8.20883753199207,intermediate
Usp18,3,10.8358093542765,-1.88744587018536,intermediate
Usp18,4,18,0,final
Vcan,1,0,0,initial
Vcan,2,3.12425335631466,3.44416432211109,intermediate
Vcan,3,10.8501439088398,0.0753157465481397,intermediate
Vcan,4,18,0,final
Wars,1,0,0,initial
Wars,2,4.63465451334018,2.2700550068994,intermediate
Wars,3,23.2457024674728,-1.73709076886384,intermediate
Wars,4,40,-0.381,final
Wdfy1,N/A,N/A,N/A,N/A
Xaf1,1,0,0,initial
Xaf1,2,2.65643391068499,6.29870375874304,intermediate
Xaf1,3,13.0549519124908,-2.01602598726916,intermediate
Xaf1,4,22,-0.427,final
Xdh,N/A,N/A,N/A,N/A
Zbp1,1,0,0,initial
Zbp1,2,2.28474682100149,10.648343588856,intermediate
Zbp1,3,13.9802984479704,-0.77125303106725,intermediate
Zbp1,4,22,1.373,final
Zc3hav1,1,0,0,initial
Zc3hav1,2,2.75020823810255,3.37684053421056,intermediate
Zc3hav1,3,13.8478430782646,0.0838537487041077,intermediate
Zc3hav1,4,22,0,final
Znfx1,1,0,0,initial
Znfx1,2,3.09197310768164,3.74055562225727,intermediate
Znfx1,3,17.9146077782034,-2.57863567983403,intermediate
Znfx1,4,30,0,final
1110003O08Rik,1,0,0,initial
1110003O08Rik,2,8.75651591311887,-2.5172534663453,intermediate
1110003O08Rik,3,10.3003897074717,0.452923989566133,intermediate
1110003O08Rik,4,28.1698842927771,-0.116890820956304,intermediate
1110003O08Rik,5,40,0,final
1110012J17Rik,1,0,0,initial
1110012J17Rik,2,5.93230775655269,-2.68984214029345,intermediate
1110012J17Rik,3,34.7864111318379,0.750326883953557,intermediate
1110012J17Rik,4,60,0,final
1110017D15Rik,1,0,0,initial
1110017D15Rik,2,9.29031002435583,-2.06072325649862,intermediate
1110017D15Rik,3,26,0,final
1110069O07Rik,1,0,0,initial
1110069O07Rik,2,8.7870667749279,-2.31506398142349,intermediate
1110069O07Rik,3,22,0,final
1190002H23Rik,N/A,N/A,N/A,N/A
1190007F08Rik,N/A,N/A,N/A,N/A
1200016B10Rik,1,0,0,initial
1200016B10Rik,2,22.632314733013,-1.65210196003514,intermediate
1200016B10Rik,3,60,-0.108,final
1300014I06Rik,N/A,N/A,N/A,N/A
1500035N22Rik,1,0,0,initial
1500035N22Rik,2,3.97825103993779,-2.36814381359947,intermediate
1500035N22Rik,3,39.2092601774633,0.165367140418256,intermediate
1500035N22Rik,4,60,0,final
1600029I14Rik,1,0,0,initial
1600029I14Rik,2,5.78966259965435,-3.04256452018887,intermediate
1600029I14Rik,3,18.0166170155222,-0.0382688933814159,intermediate
1600029I14Rik,4,30,0,final
1700001C02Rik,1,0,0,initial
1700001C02Rik,2,10.243343536193,-2.02683283127278,intermediate
1700001C02Rik,3,30,0,final
1700007G11Rik,1,0,0,initial
1700007G11Rik,2,9.46197375516374,-2.02347379317691,intermediate
1700007G11Rik,3,26,0,final
1700007K13Rik,1,0,0,initial
1700007K13Rik,2,10.7135828815456,-1.70973988642548,intermediate
1700007K13Rik,3,38.2908793692999,0.480379006304446,intermediate
1700007K13Rik,4,60,0.756,final
1700009P17Rik,1,0,0,initial
1700009P17Rik,2,10.1856503176245,-1.62287617661571,intermediate
1700009P17Rik,3,26,0,final
1700012B09Rik,1,0,0,initial
1700012B09Rik,2,5.85433181146834,-2.68591885242672,intermediate
1700012B09Rik,3,35.0151024977523,0.0312502977541256,intermediate
1700012B09Rik,4,60,-0.998,final
1700019L03Rik,1,0,0,initial
1700019L03Rik,2,10.8676672303932,-1.86939193051104,intermediate
1700019L03Rik,3,33.9882457998909,0.634423976146513,intermediate
1700019L03Rik,4,60,0.72,final
1700024G13Rik,1,0,0,initial
1700024G13Rik,2,6.52581933229795,-3.12643056972714,intermediate
1700024G13Rik,3,18.4034945626943,0.615948686541962,intermediate
1700024G13Rik,4,30,0,final
1700026D08Rik,1,0,0,initial
1700026D08Rik,2,11.3221920289417,-2.37299971502902,intermediate
1700026D08Rik,3,30,0,final
1700027A23Rik,N/A,N/A,N/A,N/A
1700040L02Rik,1,0,0,initial
1700040L02Rik,2,8.44129221765628,-1.41217981802118,intermediate
1700040L02Rik,3,22,0,final
1810011O10Rik,1,0,0,initial
1810011O10Rik,2,9.23779106427149,-3.88551758447484,intermediate
1810011O10Rik,3,11.8483532270073,2.95796459919973,intermediate
1810011O10Rik,4,40.8888881632911,-1.55987095371299,intermediate
1810011O10Rik,5,60,-0.691,final
2010001K21Rik,1,0,0,initial
2010001K21Rik,2,5.60822256988241,-3.72800932920726,intermediate
2010001K21Rik,3,32.1333109329958,0.568779988157354,intermediate
2010001K21Rik,4,60,-0.45,final
2010003D24Rik,1,0,0,initial
2010003D24Rik,2,7.7219643433745,-1.7841561687352,intermediate
2010003D24Rik,3,18,0,final
2210011C24Rik,1,0,0,initial
2210011C24Rik,2,7.15889870093488,-2.73147107865287,intermediate
2210011C24Rik,3,28.789738350561,1.42446481088288,intermediate
2210011C24Rik,4,60,0,final
2210019G11Rik,1,0,0,initial
2210019G11Rik,2,13.7456268830123,-3.66419935178399,intermediate
2210019G11Rik,3,16.6936626020671,2.37563855830897,intermediate
2210019G11Rik,4,37.5778169615051,-2.26108553610536,intermediate
2210019G11Rik,5,60,0,final
2310014D11Rik,1,0,0,initial
2310014D11Rik,2,7.28027488317682,-2.87796080405034,intermediate
2310014D11Rik,3,21.5465246132527,1.42139614211782,intermediate
2310014D11Rik,4,40,-0.564,final
2310016C08Rik,1,0,0,initial
2310016C08Rik,2,7.77245430853513,-3.04738611451139,intermediate
2310016C08Rik,3,30.0925750418366,0.274569590079015,intermediate
2310016C08Rik,4,60,-1.081,final
2610027H17Rik,1,0,0,initial
2610027H17Rik,2,0.959428385676338,-3.39491069955091,intermediate
2610027H17Rik,3,10.3609534981717,3.98947506650467,intermediate
2610027H17Rik,4,39.3088845508347,-2.72067060597654,intermediate
2610027H17Rik,5,44.8074677653959,0.60759895945048,intermediate
2610027H17Rik,6,60,0.943,final
2700046A07Rik,1,0,0,initial
2700046A07Rik,2,7.68173906151476,-3.00846459474515,intermediate
2700046A07Rik,3,11.121408340266,2.68885078009786,intermediate
2700046A07Rik,4,41.6892473541694,-1.27967638820996,intermediate
2700046A07Rik,5,60,-0.622,final
2900006A17Rik,1,0,0,initial
2900006A17Rik,2,3.51305578314767,-4.1734688596158,intermediate
2900006A17Rik,3,16.780797960606,2.56109666905011,intermediate
2900006A17Rik,4,22.9899610391097,-1.33553982020387,intermediate
2900006A17Rik,5,40,0,final
2900009J20Rik,1,0,0,initial
2900009J20Rik,2,8.92573867246385,-2.22470555528061,intermediate
2900009J20Rik,3,22,0,final
2900064A13Rik,1,0,0,initial
2900064A13Rik,2,9.47140711713924,-1.72618553265747,intermediate
2900064A13Rik,3,22,0,final
3300002A11Rik,1,0,0,initial
3300002A11Rik,2,3.52513309869596,-4.11605342684541,intermediate
3300002A11Rik,3,11.7018378208955,-0.00340930382500706,intermediate
3300002A11Rik,4,18,0,final
4732418C07Rik,1,0,0,initial
4732418C07Rik,2,60,-1.568,final
4833417J20Rik,N/A,N/A,N/A,N/A
4922501L14Rik,1,0,0,initial
4922501L14Rik,2,24.2593291419374,-1.64965301520891,intermediate
4922501L14Rik,3,60,0.929,final
4930451C15Rik,1,0,0,initial
4930451C15Rik,2,5.13716493306576,-3.36101120831945,intermediate
4930451C15Rik,3,23.1841812437334,0.612437035867538,intermediate
4930451C15Rik,4,40,0,final
4933436C20Rik,N/A,N/A,N/A,N/A
4933439F18Rik,1,0,0,initial
4933439F18Rik,2,10.8917640597549,-2.59413997100751,intermediate
4933439F18Rik,3,24.6485070550227,1.24620199639876,intermediate
4933439F18Rik,4,40,0.896,final
5330417C22Rik,1,0,0,initial
5330417C22Rik,2,6.65570144598101,-3.28783065827007,intermediate
5330417C22Rik,3,30.3666390094467,2.02949785849575,intermediate
5330417C22Rik,4,60,-0.603,final
5430405H02Rik,1,0,0,initial
5430405H02Rik,2,60,1.033,final
5930430L01Rik,1,0,0,initial
5930430L01Rik,2,3.98465471952604,-1.59108624674921,intermediate
5930430L01Rik,3,34.4501498720363,-0.613117046760102,intermediate
5930430L01Rik,4,60,-0.598,final
6230424C14Rik,N/A,N/A,N/A,N/A
6330439K17Rik,1,0,0,initial
6330439K17Rik,2,5.30503242113262,-2.54547171464136,intermediate
6330439K17Rik,3,32.5940710258997,0.724382367310731,intermediate
6330439K17Rik,4,60,0,final
6430548M08Rik,1,0,0,initial
6430548M08Rik,2,9.75277015446926,-1.85624206376394,intermediate
6430548M08Rik,3,10.6480102054085,0.118518097531466,intermediate
6430548M08Rik,4,47.8520976685387,-1.08499030508595,intermediate
6430548M08Rik,5,60,0,final
6720401G13Rik,1,0,0,initial
6720401G13Rik,2,5.40313701790017,-2.9460716368634,intermediate
6720401G13Rik,3,14.2701401647549,1.31530033444709,intermediate
6720401G13Rik,4,19.6553067790235,-0.904804653811488,intermediate
6720401G13Rik,5,30,0,final
9230104K21Rik,N/A,N/A,N/A,N/A
9230104L09Rik,N/A,N/A,N/A,N/A
9430020K01Rik,1,0,0,initial
9430020K01Rik,2,9.90671312194639,-1.62775221932029,intermediate
9430020K01Rik,3,10.1809433372719,-0.0223116003111057,intermediate
9430020K01Rik,4,44.9930348525513,-0.381125941271361,intermediate
9430020K01Rik,5,60,-0.321,final
9430079G20Rik,N/A,N/A,N/A,N/A
9530006C21Rik,1,0,0,initial
9530006C21Rik,2,2.07262175143824,-2.68583787978085,intermediate
9530006C21Rik,3,19.8102158822595,1.03267457518027,intermediate
9530006C21Rik,4,40,0,final
9530010C24Rik,1,0,0,initial
9530010C24Rik,2,5.99254186353212,-3.35846167997459,intermediate
9530010C24Rik,3,18.5706686151013,3.21330414038439,intermediate
9530010C24Rik,4,45.9479970178431,-1.5864868928644,intermediate
9530010C24Rik,5,60,0.948,final
9530083O12Rik,1,0,0,initial
9530083O12Rik,2,3.28841567044267,-2.97707770829815,intermediate
9530083O12Rik,3,10.4374934723511,-0.110873813416556,intermediate
9530083O12Rik,4,18,0,final
9530091C08Rik,N/A,N/A,N/A,N/A
1700088E04Rik,1,0,0,initial
1700088E04Rik,2,11.317893871457,-1.68989848477248,intermediate
1700088E04Rik,3,30,0,final
2410066E13Rik,1,0,0,initial
2410066E13Rik,2,7.38553763023739,-2.7697892374528,intermediate
2410066E13Rik,3,16.2277372585665,-0.320866105887853,intermediate
2410066E13Rik,4,30,-0.552,final
4632427E13Rik,1,0,0,initial
4632427E13Rik,2,25.7377011040781,-0.267358947256431,intermediate
4632427E13Rik,3,60,1.127,final
A130038J17Rik,1,0,0,initial
A130038J17Rik,2,15.623640969786,-1.84238407922754,intermediate
A130038J17Rik,3,60,0,final
A730054J21Rik,N/A,N/A,N/A,N/A
A930001A20Rik,1,0,0,initial
A930001A20Rik,2,6.28791532019457,-1.59939520943762,intermediate
A930001A20Rik,3,18,0,final
Aass,1,0,0,initial
Aass,2,5.08261335763495,-3.44843670228182,intermediate
Aass,3,36.3576185922579,1.11015274817948,intermediate
Aass,4,60,0,final
Abca3,N/A,N/A,N/A,N/A
Abca8a,1,0,0,initial
Abca8a,2,9.37759506361732,-2.68292415676352,intermediate
Abca8a,3,17.9088037139376,0.339344955621386,intermediate
Abca8a,4,30,0,final
Abhd3,1,0,0,initial
Abhd3,2,9.95398254729243,-1.61534768340427,intermediate
Abhd3,3,26,0,final
Abhd14b,1,0,0,initial
Abhd14b,2,7.82305078753388,-1.52768456772454,intermediate
Abhd14b,3,18,0,final
Abi3bp,1,0,0,initial
Abi3bp,2,6.33895954896143,-1.73571321914497,intermediate
Abi3bp,3,22.0180650998021,-0.156324423947538,intermediate
Abi3bp,4,40,-0.7155,final
Ablim3,N/A,N/A,N/A,N/A
Acaa2,1,0,0,initial
Acaa2,2,9.60174348005858,-2.0543694817494,intermediate
Acaa2,3,21.3432422650991,0.56296706509644,intermediate
Acaa2,4,40,0,final
Acap2,1,0,0,initial
Acap2,2,10.1593149133299,0.848127523432958,intermediate
Acap2,3,24.2699073227884,-1.90964081953759,intermediate
Acap2,4,40,-0.7045,final
Acbd4,1,0,0,initial
Acbd4,2,7.59769759383124,-1.64296062687728,intermediate
Acbd4,3,18,0,final
Ace2,1,0,0,initial
Ace2,2,6.10153777422972,-4.03239735309828,intermediate
Ace2,3,34.9580795867858,0.924082734389132,intermediate
Ace2,4,60,0,final
Ace,N/A,N/A,N/A,N/A
Acer2,1,0,0,initial
Acer2,2,9.3691337377329,-2.4190742177036,intermediate
Acer2,3,11.5537092313364,0.00415364987721606,intermediate
Acer2,4,45.3821652768018,-0.659828739742516,intermediate
Acer2,5,60,-0.424,final
Acot1,1,0,0,initial
Acot1,2,9.27316247052918,-3.59767641983386,intermediate
Acot1,3,15.6566002760788,-0.351611526475221,intermediate
Acot1,4,30,0,final
Acoxl,1,0,0,initial
Acoxl,2,8.7229750984339,-3.76283615255962,intermediate
Acoxl,3,23.6514431130147,1.51303654929919,intermediate
Acoxl,4,31.7093519567978,-0.541659043138721,intermediate
Acoxl,5,60,-0.84,final
Acss1,1,0,0,initial
Acss1,2,7.81908483783406,-1.50951652004106,intermediate
Acss1,3,18,0,final
Acss2,1,0,0,initial
Acss2,2,9.88415674996193,-1.9427984477017,intermediate
Acss2,3,30.974959304018,1.1109506700383,intermediate
Acss2,4,60,-0.54,final
Acvr2b,1,0,0,initial
Acvr2b,2,4.4025939264721,-2.48121952840621,intermediate
Acvr2b,3,33.7538580040067,0.224480033714363,intermediate
Acvr2b,4,60,-0.423,final
Acvrl1,1,0,0,initial
Acvrl1,2,15.8618535194357,-2.08253145984242,intermediate
Acvrl1,3,60,-0.602,final
Adam28,1,0,0,initial
Adam28,2,13.283941567013,-2.05548410261793,intermediate
Adam28,3,21.9634912717397,1.9286145303277,intermediate
Adam28,4,40,0.878,final
Adam33,1,0,0,initial
Adam33,2,4.98728265843303,-2.36124939556663,intermediate
Adam33,3,24.2619962729527,-0.473187863861704,intermediate
Adam33,4,40,-0.803,final
Adamts1,N/A,N/A,N/A,N/A
Adamtsl4,1,0,0,initial
Adamtsl4,2,16.5162130750434,-1.51360744421137,intermediate
Adamtsl4,3,60,-0.505,final
Adcy5,N/A,N/A,N/A,N/A
Adcy8,1,0,0,initial
Adcy8,2,9.83836531590488,-1.99270144428079,intermediate
Adcy8,3,22,0,final
Adcy9,1,0,0,initial
Adcy9,2,9.29829277852404,-1.77154136093635,intermediate
Adcy9,3,22,0,final
Adh7,1,0,0,initial
Adh7,2,8.75083665833763,-3.04205278082032,intermediate
Adh7,3,13.6367742820506,5.5161398216672,intermediate
Adh7,4,27.5850502807845,-1.07962226278461,intermediate
Adh7,5,40,0.765,final
Adipor2,N/A,N/A,N/A,N/A
Adrb1,N/A,N/A,N/A,N/A
Afap1l1,1,0,0,initial
Afap1l1,2,7.65847944171436,-2.4013472525851,intermediate
Afap1l1,3,21.0387429723395,-0.0139337810672346,intermediate
Afap1l1,4,40,-0.5405,final
Agap1,1,0,0,initial
Agap1,2,5.90124267832352,-3.94022065339888,intermediate
Agap1,3,15.8852211737404,2.32342334614881,intermediate
Agap1,4,37.6145913875876,-1.71180461009005,intermediate
Agap1,5,60,0,final
Ager,N/A,N/A,N/A,N/A
Agtr1a,1,0,0,initial
Agtr1a,2,5.54281809378104,-1.78319421081839,intermediate
Agtr1a,3,18.6131055783014,-0.259062031100832,intermediate
Agtr1a,4,30,-0.702,final
Ahdc1,1,0,0,initial
Ahdc1,2,1.28814881631945,-1.97310328317546,intermediate
Ahdc1,3,9.91721708354191,0.204179331495734,intermediate
Ahdc1,4,18,0,final
Ahnak,1,0,0,initial
Ahnak,2,12.8801898699196,-1.59036262384465,intermediate
Ahnak,3,25.5265413621702,-0.184617634950376,intermediate
Ahnak,4,30.6374188832006,-1.1002056274652,intermediate
Ahnak,5,60,-1.013,final
AI426330,1,0,0,initial
AI426330,2,5.85435811755096,-3.4494577799079,intermediate
AI426330,3,10.1006824179613,2.82225984821611,intermediate
AI426330,4,39.6458422422802,-1.67560665370073,intermediate
AI426330,5,60,0,final
Ak7,1,0,0,initial
Ak7,2,8.94275594367715,-2.59271590043045,intermediate
Ak7,3,37.500503435069,1.00191539483917,intermediate
Ak7,4,60,0.7325,final
Akap2,1,0,0,initial
Akap2,2,60,-2.737,final
Akap5,1,0,0,initial
Akap5,2,6.45683744046095,-2.57199506968883,intermediate
Akap5,3,15.3978164257301,-0.445559985161546,intermediate
Akap5,4,26,-0.52,final
Akap14,1,0,0,initial
Akap14,2,10.6090701898732,-2.55548882308318,intermediate
Akap14,3,30,0,final
Akr1b7,1,0,0,initial
Akr1b7,2,2.76530422957036,-2.61825124548311,intermediate
Akr1b7,3,35.5752587281126,0.44937346974783,intermediate
Akr1b7,4,60,-0.578,final
Alas1,N/A,N/A,N/A,N/A
Alas2,1,0,0,initial
Alas2,2,10.6831647676928,-2.55518461710063,intermediate
Alas2,3,60,-1.095,final
Aldh1a1,1,0,0,initial
Aldh1a1,2,6.56541181387386,-3.68182472186891,intermediate
Aldh1a1,3,31.9299379358174,1.39110033003961,intermediate
Aldh1a1,4,60,0,final
Aldh1a7,1,0,0,initial
Aldh1a7,2,5.8502993158877,-2.08589803961894,intermediate
Aldh1a7,3,16.0774489633852,-0.338253560605728,intermediate
Aldh1a7,4,30,-0.806,final
Aldh2,1,0,0,initial
Aldh2,2,4.95772218839704,-2.5402717757504,intermediate
Aldh2,3,34.7675437535669,0.610526727273055,intermediate
Aldh2,4,60,0,final
Aldh6a1,1,0,0,initial
Aldh6a1,2,8.95750560009946,-2.3683123870944,intermediate
Aldh6a1,3,22,0,final
Aldoc,N/A,N/A,N/A,N/A
Alox5,N/A,N/A,N/A,N/A
Amhr2,N/A,N/A,N/A,N/A
Amotl2,1,0,0,initial
Amotl2,2,9.98539616988455,-1.72214436838158,intermediate
Amotl2,3,22,0,final
Ampd1,N/A,N/A,N/A,N/A
Amph,1,0,0,initial
Amph,2,8.42859535935409,-2.80448887753102,intermediate
Amph,3,18.1637469287214,0.699407527762827,intermediate
Amph,4,30,-0.588,final
Amy1,N/A,N/A,N/A,N/A
Angptl2,N/A,N/A,N/A,N/A
Ank3,1,0,0,initial
Ank3,2,11.1758316754015,-2.51188878789697,intermediate
Ank3,3,29.6664987495227,2.84381627191,intermediate
Ank3,4,60,0.816,final
Aox1,1,0,0,initial
Aox1,2,9.20585900548102,-2.59094373284277,intermediate
Aox1,3,14.5747453077736,0.691911302873194,intermediate
Aox1,4,30,0,final
Aox3,1,0,0,initial
Aox3,2,7.20089933521935,-4.08342538410724,intermediate
Aox3,3,17.1419494536554,0.971159899932088,intermediate
Aox3,4,30,0,final
Ap1ar,1,0,0,initial
Ap1ar,2,12.2049808209817,0.291038741720509,intermediate
Ap1ar,3,16.3613330602423,-2.55864537210489,intermediate
Ap1ar,4,16.6508391063198,2.88497981666526,intermediate
Ap1ar,5,30,0.956,final
Apbb1,N/A,N/A,N/A,N/A
Apln,N/A,N/A,N/A,N/A
Aplnr,1,0,0,initial
Aplnr,2,8.57903208323072,-3.69329938010559,intermediate
Aplnr,3,11.2541043764304,2.45605413491332,intermediate
Aplnr,4,22,0,final
Aplp2,1,0,0,initial
Aplp2,2,7.63597576277952,-2.63635669016453,intermediate
Aplp2,3,17.6349001052635,1.11111988834709,intermediate
Aplp2,4,40.6679449350517,-1.58127003043646,intermediate
Aplp2,5,60,-0.5055,final
App,1,0,0,initial
App,2,4.56584982878186,-1.54590806707894,intermediate
App,3,28.0705351320555,-0.46740923066461,intermediate
App,4,60,-0.4015,final
Appl2,1,0,0,initial
Appl2,2,7.68631642947411,-1.64539101897511,intermediate
Appl2,3,18,0,final
Aqp1,1,0,0,initial
Aqp1,2,15.2954703625454,-1.85329942568803,intermediate
Aqp1,3,18.2686526872895,0.00374004847202433,intermediate
Aqp1,4,60,-0.795,final
Aqp4,1,0,0,initial
Aqp4,2,24.9317985213613,1.94129878573225,intermediate
Aqp4,3,60,1.358,final
Arap3,1,0,0,initial
Arap3,2,6.84129516192358,-2.51037021728311,intermediate
Arap3,3,10.4241503616159,0.557602546708346,intermediate
Arap3,4,45.4472526707937,-1.11870817494242,intermediate
Arap3,5,60,-0.511,final
Arf5,1,0,0,initial
Arf5,2,22.6288355926856,1.28912952681763,intermediate
Arf5,3,60,0.917,final
Arf6,1,0,0,initial
Arf6,2,30,1.203,final
Arhgap5,1,0,0,initial
Arhgap5,2,10.8218336654689,-0.953465537899114,intermediate
Arhgap5,3,60,-1.036,final
Arhgap29,N/A,N/A,N/A,N/A
Arhgap31,N/A,N/A,N/A,N/A
Arhgdig,1,0,0,initial
Arhgdig,2,11.2957240054218,-1.9867674534017,intermediate
Arhgdig,3,30,0,final
Arhgef12,1,0,0,initial
Arhgef12,2,5.96783566127242,-1.79797999898018,intermediate
Arhgef12,3,19.4757153187484,-0.668844491796936,intermediate
Arhgef12,4,30,0,final
Arl3,1,0,0,initial
Arl3,2,11.146827858796,-1.44827149922159,intermediate
Arl3,3,30,0,final
Armcx1,1,0,0,initial
Armcx1,2,8.77598024655299,-1.42232099131306,intermediate
Armcx1,3,22,0,final
Arpc5,1,0,0,initial
Arpc5,2,40,1.266,final
Arvcf,1,0,0,initial
Arvcf,2,4.99706485279699,-2.73862399430483,intermediate
Arvcf,3,36.0979488668305,1.50568512647122,intermediate
Arvcf,4,60,-0.594,final
Arxes2,1,0,0,initial
Arxes2,2,4.1759948125554,-2.23356658220264,intermediate
Arxes2,3,35.5604332850739,-0.164850420977098,intermediate
Arxes2,4,60,-1.274,final
Asb14,1,0,0,initial
Asb14,2,5.95244300794834,-2.07389228548655,intermediate
Asb14,3,24.1271581415369,0.183147166894473,intermediate
Asb14,4,40,0,final
Asgr1,1,0,0,initial
Asgr1,2,3.01744950636921,-3.54134870659586,intermediate
Asgr1,3,30.6863913637644,0.714700553548471,intermediate
Asgr1,4,60,-0.547,final
Atp1a2,1,0,0,initial
Atp1a2,2,14.4152365409306,-1.70956664794659,intermediate
Atp1a2,3,40,-1.02,final
Atp2a2,1,0,0,initial
Atp2a2,2,8.15758015984755,-2.37217396126276,intermediate
Atp2a2,3,29.8331191694826,0.24614445300872,intermediate
Atp2a2,4,60,-0.965,final
Atp6v1c2,1,0,0,initial
Atp6v1c2,2,9.40655233983065,-2.56619724288697,intermediate
Atp6v1c2,3,22,0,final
Atp8b1,1,0,0,initial
Atp8b1,2,22.0219639266339,1.44804056557868,intermediate
Atp8b1,3,60,1.386,final
Atxn1,N/A,N/A,N/A,N/A
AU021034,1,0,0,initial
AU021034,2,16.2754336435758,-1.9123714301296,intermediate
AU021034,3,23.155884669853,-0.366159683328227,intermediate
AU021034,4,60,-0.519,final
AU021092,1,0,0,initial
AU021092,2,8.583991429498,-2.2463155735007,intermediate
AU021092,3,10.038332524053,0.19184777148579,intermediate
AU021092,4,44.3750800402369,0.0941198891545044,intermediate
AU021092,5,60,-0.412,final
Azgp1,1,0,0,initial
Azgp1,2,4.11958062567569,-3.23253293647304,intermediate
Azgp1,3,37.2335391673783,-0.268322192221531,intermediate
Azgp1,4,60,-0.68,final
B3gnt4,1,0,0,initial
B3gnt4,2,10.7416869064393,-2.20944317502176,intermediate
B3gnt4,3,34.2741934404292,0.940902895617349,intermediate
B3gnt4,4,60,0.656,final
B930095G15Rik,N/A,N/A,N/A,N/A
Bambi,1,0,0,initial
Bambi,2,9.54567333719124,-1.67715534866746,intermediate
Bambi,3,22,0,final
Bbip1,1,0,0,initial
Bbip1,2,10.8695530285619,-1.61836411847491,intermediate
Bbip1,3,18.0685147992716,0.0143826564957573,intermediate
Bbip1,4,30,0,final
Bbox1,1,0,0,initial
Bbox1,2,11.3691750086086,-1.67134564809354,intermediate
Bbox1,3,30,0,final
BC020535,N/A,N/A,N/A,N/A
BC031781,N/A,N/A,N/A,N/A
BC048546,N/A,N/A,N/A,N/A
BC057022,1,0,0,initial
BC057022,2,5.4753634074511,-2.30668414202577,intermediate
BC057022,3,8.64727361648521,-0.086197965534501,intermediate
BC057022,4,14,0,final
Bcan,N/A,N/A,N/A,N/A
Bcas2,1,0,0,initial
Bcas2,2,40,0.972,final
Bcl10,N/A,N/A,N/A,N/A
Bdnf,1,0,0,initial
Bdnf,2,10.865798225531,-1.99362639505971,intermediate
Bdnf,3,29.7707248201023,0.379113899451732,intermediate
Bdnf,4,60,-0.557,final
Bend7,1,0,0,initial
Bend7,2,12.7589781469277,-1.24578963208626,intermediate
Bend7,3,60,-0.918,final
Bex2,1,0,0,initial
Bex2,2,5.72303705559421,-3.89508573457827,intermediate
Bex2,3,33.740703377624,-0.268526967092927,intermediate
Bex2,4,60,-1.205,final
Bex4,1,0,0,initial
Bex4,2,9.6135361896734,-2.16708588312582,intermediate
Bex4,3,22,0,final
Bmp6,1,0,0,initial
Bmp6,2,7.86175147456659,-4.03544585251723,intermediate
Bmp6,3,11.6653928439306,0.310014222464867,intermediate
Bmp6,4,44.3685698067271,0.389649118779172,intermediate
Bmp6,5,60,-0.507,final
Bmpr2,1,0,0,initial
Bmpr2,2,10.0820880062897,-1.96961903006662,intermediate
Bmpr2,3,26,-1.03,final
Bpgm,N/A,N/A,N/A,N/A
Btg1,1,0,0,initial
Btg1,2,8.26250616943157,0.987797152154927,intermediate
Btg1,3,60,1.019,final
C1qtnf2,1,0,0,initial
C1qtnf2,2,7.37001987781226,-1.501683256543,intermediate
C1qtnf2,3,18,0,final
C85492,1,0,0,initial
C85492,2,8.80447750057744,-1.76773187686538,intermediate
C85492,3,22,0,final
C130074G19Rik,N/A,N/A,N/A,N/A
Cadm1,N/A,N/A,N/A,N/A
Calcoco1,N/A,N/A,N/A,N/A
Calcrl,1,0,0,initial
Calcrl,2,11.2479582477268,-2.64030630509662,intermediate
Calcrl,3,25.5784304016296,1.79114938695874,intermediate
Calcrl,4,60,-0.519,final
Calm1,1,0,0,initial
Calm1,2,14.1324345709977,-2.38374263091905,intermediate
Calm1,3,15.5013823653396,1.02336511187397,intermediate
Calm1,4,24.2088328884291,0.61607316397631,intermediate
Calm1,5,40,0.871,final
Calml3,1,0,0,initial
Calml3,2,3.96918865413759,-4.30530104262627,intermediate
Calml3,3,16.7702653715439,4.50935683441122,intermediate
Calml3,4,39.193861852699,0.700417238107912,intermediate
Calml3,5,60,1.259,final
Calml4,1,0,0,initial
Calml4,2,9.683143384855,-2.09040848692574,intermediate
Calml4,3,26,0,final
Camk2n1,1,0,0,initial
Camk2n1,2,8.13574781965001,-2.34877274082153,intermediate
Camk2n1,3,30.6881391677177,0.0579727062151932,intermediate
Camk2n1,4,60,-0.759,final
Camkk1,N/A,N/A,N/A,N/A
Car4,N/A,N/A,N/A,N/A
Car8,1,0,0,initial
Car8,2,7.30378319038211,-2.06733177399854,intermediate
Car8,3,22,0,final
Card10,N/A,N/A,N/A,N/A
Carkd,N/A,N/A,N/A,N/A
Casc4,1,0,0,initial
Casc4,2,2.01102694327548,-2.48049554328658,intermediate
Casc4,3,29.9239315442175,1.61934544055293,intermediate
Casc4,4,60,-0.503,final
Caskin2,1,0,0,initial
Caskin2,2,13.6852703704523,-2.33462984070207,intermediate
Caskin2,3,18.7271897965357,1.81822651888237,intermediate
Caskin2,4,37.2252087680492,-2.03423457614519,intermediate
Caskin2,5,60,0,final
Casp7,N/A,N/A,N/A,N/A
Cat,1,0,0,initial
Cat,2,8.67197298980919,-2.31557223597679,intermediate
Cat,3,22,0,final
Cav1,1,0,0,initial
Cav1,2,11.6636112974672,-2.12093596374007,intermediate
Cav1,3,22,0.646,final
Cav2,N/A,N/A,N/A,N/A
Cbfa2t3,1,0,0,initial
Cbfa2t3,2,6.72473358158286,-1.87982667059252,intermediate
Cbfa2t3,3,17.0821264317285,0.307853470848567,intermediate
Cbfa2t3,4,30,0,final
Cbfb,1,0,0,initial
Cbfb,2,22.0021953562195,1.28751857160994,intermediate
Cbfb,3,60,0.946,final
Cbs,1,0,0,initial
Cbs,2,6.83050787398913,-2.00456981032188,intermediate
Cbs,3,32.7698677313446,-0.103834251813736,intermediate
Cbs,4,60,-0.743,final
Cbx7,1,0,0,initial
Cbx7,2,7.01415804278651,-2.47556113342157,intermediate
Cbx7,3,34.2320416798018,0.594948357279845,intermediate
Cbx7,4,60,0,final
Ccdc17,1,0,0,initial
Ccdc17,2,7.76537847612746,-2.26389617885269,intermediate
Ccdc17,3,18,0,final
Ccdc33,1,0,0,initial
Ccdc33,2,10.8432606248191,-2.28985844351297,intermediate
Ccdc33,3,30,0,final
Ccdc37,1,0,0,initial
Ccdc37,2,8.31150100630619,-3.30998403053185,intermediate
Ccdc37,3,37.6654701411836,1.10417386749622,intermediate
Ccdc37,4,60,0.714,final
Ccdc81,1,0,0,initial
Ccdc81,2,9.95080022304478,-1.94197597737857,intermediate
Ccdc81,3,26,0,final
Ccdc85a,1,0,0,initial
Ccdc85a,2,6.78170115334933,-1.92660450670447,intermediate
Ccdc85a,3,9.36849729840028,-0.581238240409456,intermediate
Ccdc85a,4,40.6925998423973,0.0622822989473478,intermediate
Ccdc85a,5,60,-0.5685,final
Ccdc108,1,0,0,initial
Ccdc108,2,5.19943265170517,-2.95370663899945,intermediate
Ccdc108,3,18.3240025673105,0.115098802579341,intermediate
Ccdc108,4,30,0,final
Ccdc113,1,0,0,initial
Ccdc113,2,11.4205976956001,-2.11044033957478,intermediate
Ccdc113,3,30,0,final
Ccdc129,1,0,0,initial
Ccdc129,2,6.67840419241237,-2.79415683702751,intermediate
Ccdc129,3,18,0,final
Ccdc146,N/A,N/A,N/A,N/A
Cckar,1,0,0,initial
Cckar,2,7.80743226140006,-2.25923895052759,intermediate
Cckar,3,28.4694701048838,-0.13780672411623,intermediate
Cckar,4,60,-0.676,final
Ccrl1,N/A,N/A,N/A,N/A
Cct6a,1,0,0,initial
Cct6a,2,19.7611763374474,0.675950661824765,intermediate
Cct6a,3,60,1.028,final
Cd36,1,0,0,initial
Cd36,2,9.94236115244707,-2.745830505941,intermediate
Cd36,3,31.6638747238758,1.43981425797025,intermediate
Cd36,4,60,-0.434,final
Cd97,1,0,0,initial
Cd97,2,4.50476098693649,-2.19052577179096,intermediate
Cd97,3,18.4401417748748,-0.368754906931605,intermediate
Cd97,4,30,-0.766,final
Cd99l2,N/A,N/A,N/A,N/A
Cd207,1,0,0,initial
Cd207,2,11.2575797579459,-3.15453520981114,intermediate
Cd207,3,33.1710352222332,2.25852889472877,intermediate
Cd207,4,60,0.619,final
Cd209b,1,0,0,initial
Cd209b,2,4.83803300224199,-3.26905172402185,intermediate
Cd209b,3,33.9775592233848,0.684225894383358,intermediate
Cd209b,4,60,-0.827,final
Cd300lg,N/A,N/A,N/A,N/A
Cdc42bpg,1,0,0,initial
Cdc42bpg,2,7.21674706217223,-2.57292219140192,intermediate
Cdc42bpg,3,30.5723091084297,0.918236654990376,intermediate
Cdc42bpg,4,60,0,final
Cdc42ep1,1,0,0,initial
Cdc42ep1,2,6.74795202458384,-2.11630338434311,intermediate
Cdc42ep1,3,22.4229555358843,0.00489687452376047,intermediate
Cdc42ep1,4,40,-0.566,final
Cdh3,1,0,0,initial
Cdh3,2,24.7453343061157,1.1569806733736,intermediate
Cdh3,3,60,0.677,final
Cdh5,1,0,0,initial
Cdh5,2,6.99681869129655,-3.18614981249938,intermediate
Cdh5,3,19.1504553081236,2.01619949919914,intermediate
Cdh5,4,36.0241162806646,-1.12814121641679,intermediate
Cdh5,5,60,-0.689,final
Cdh13,1,0,0,initial
Cdh13,2,7.72621338517611,-1.80158128336654,intermediate
Cdh13,3,18,0,final
Cdh16,1,0,0,initial
Cdh16,2,7.81307186861741,-4.16774452988796,intermediate
Cdh16,3,8.96148239736655,-0.64002337925837,intermediate
Cdh16,4,18,0,final
Cdkl5,N/A,N/A,N/A,N/A
Cdkn1c,N/A,N/A,N/A,N/A
Cds2,1,0,0,initial
Cds2,2,5.97882091814836,-1.75656171447337,intermediate
Cds2,3,35.745527410641,-0.256345813404865,intermediate
Cds2,4,60,0,final
Ces1d,1,0,0,initial
Ces1d,2,8.24892050615761,-2.48151355335371,intermediate
Ces1d,3,9.48714133463651,-0.209613840132785,intermediate
Ces1d,4,20.6479675244623,0.0316174631210555,intermediate
Ces1d,5,30,0,final
Ces1e,1,0,0,initial
Ces1e,2,7.58827318831219,-2.62620181699161,intermediate
Ces1e,3,18,0,final
Ces1f,N/A,N/A,N/A,N/A
Ces2b,1,0,0,initial
Ces2b,2,9.78948661549688,-2.39876343122359,intermediate
Ces2b,3,37.2148973223644,0.912592040303301,intermediate
Ces2b,4,60,0.704,final
Ces2e,1,0,0,initial
Ces2e,2,7.77295909074958,-2.31619963164471,intermediate
Ces2e,3,18,0,final
Ces2g,1,0,0,initial
Ces2g,2,9.45092192871946,-2.04596431036382,intermediate
Ces2g,3,22.396719770634,0.50880093147493,intermediate
Ces2g,4,40,0,final
Cfd,N/A,N/A,N/A,N/A
Cgn,N/A,N/A,N/A,N/A
Cgnl1,N/A,N/A,N/A,N/A
Chad,1,0,0,initial
Chad,2,7.88443444924244,-2.36211972938338,intermediate
Chad,3,22,0,final
Chchd10,1,0,0,initial
Chchd10,2,8.4305525312846,-2.13952688518741,intermediate
Chchd10,3,22,0,final
Chd2,N/A,N/A,N/A,N/A
Chia,1,0,0,initial
Chia,2,9.59359949912269,-3.1941021811388,intermediate
Chia,3,17.3376436834245,0.388022440064642,intermediate
Chia,4,30,0,final
Chka,N/A,N/A,N/A,N/A
Chmp4c,1,0,0,initial
Chmp4c,2,17.2933876565931,-2.36596620109419,intermediate
Chmp4c,3,60,-2.228,final
Chrdl1,1,0,0,initial
Chrdl1,2,7.40016774678611,-2.52903242775258,intermediate
Chrdl1,3,33.8696982503769,0.388772637431809,intermediate
Chrdl1,4,60,-0.679,final
Chst8,1,0,0,initial
Chst8,2,9.02858358545852,-3.79809620418777,intermediate
Chst8,3,21.0327095521849,0.60023761040021,intermediate
Chst8,4,40,-0.719,final
Cidea,1,0,0,initial
Cidea,2,13.9600934009984,-2.11066033606191,intermediate
Cidea,3,18.6496515563518,0.403871651928391,intermediate
Cidea,4,40,0,final
Cidec,N/A,N/A,N/A,N/A
Ckmt2,1,0,0,initial
Ckmt2,2,8.30802329273026,-3.01851362394097,intermediate
Ckmt2,3,31.02902491635,0.444487489154884,intermediate
Ckmt2,4,60,-1.467,final
Cldn8,1,0,0,initial
Cldn8,2,7.29035291068417,-1.88948307427138,intermediate
Cldn8,3,18,0,final
Cldn10,1,0,0,initial
Cldn10,2,11.7176269477938,-2.22889758845962,intermediate
Cldn10,3,30,-0.846,final
Clec1a,N/A,N/A,N/A,N/A
Clec4g,1,0,0,initial
Clec4g,2,4.33483067258262,-2.36703321442394,intermediate
Clec4g,3,28.6431647417544,1.52042336987753,intermediate
Clec4g,4,31.4340412756016,-0.942146781237097,intermediate
Clec4g,5,60,0,final
Clec12b,1,0,0,initial
Clec12b,2,14.1485574188045,-2.49282243829997,intermediate
Clec12b,3,26.5860314883785,0.673927491308361,intermediate
Clec12b,4,60,0,final
Clec14a,1,0,0,initial
Clec14a,2,6.49181546574667,-2.29087894363368,intermediate
Clec14a,3,33.8055210628517,-0.0492963429650799,intermediate
Clec14a,4,60,-0.826,final
Clic5,1,0,0,initial
Clic5,2,7.40041885785886,-1.53910218923316,intermediate
Clic5,3,18,-0.5955,final
Clic6,1,0,0,initial
Clic6,2,10.2155188897131,-1.94548723754307,intermediate
Clic6,3,26,0,final
Clmn,1,0,0,initial
Clmn,2,7.51730569926047,-1.77029511955366,intermediate
Clmn,3,18,0,final
Clstn1,1,0,0,initial
Clstn1,2,9.02113711543607,-1.91045487285426,intermediate
Clstn1,3,22,0,final
Clstn2,N/A,N/A,N/A,N/A
Cmtm8,1,0,0,initial
Cmtm8,2,6.07628585746918,-2.60245777700551,intermediate
Cmtm8,3,14.9281790643026,0.0177621143403601,intermediate
Cmtm8,4,26,0,final
Cnn1,1,0,0,initial
Cnn1,2,11.8670951953041,-2.66914446232732,intermediate
Cnn1,3,35.0775812718196,1.41389644501586,intermediate
Cnn1,4,60,-0.76,final
Col4a3,1,0,0,initial
Col4a3,2,9.11320199599499,-2.11789413844722,intermediate
Col4a3,3,22,0,final
Col4a4,1,0,0,initial
Col4a4,2,9.94817435565129,-3.89082768204668,intermediate
Col4a4,3,11.1313475075714,2.783160602282,intermediate
Col4a4,4,40.0389775388326,-1.23928897084684,intermediate
Col4a4,5,60,-0.466,final
Col4a6,1,0,0,initial
Col4a6,2,7.35159607970156,-1.55227634431128,intermediate
Col4a6,3,18,0,final
Col8a2,1,0,0,initial
Col8a2,2,10.4655630886452,-3.50379325365592,intermediate
Col8a2,3,15.9974552232517,2.65704904630016,intermediate
Col8a2,4,45.9030063913083,-1.14286970577535,intermediate
Col8a2,5,60,0.742,final
Col13a1,1,0,0,initial
Col13a1,2,9.45086916950944,-1.46321115283624,intermediate
Col13a1,3,22,0,final
Col17a1,1,0,0,initial
Col17a1,2,8.63412717271044,-3.23103007317091,intermediate
Col17a1,3,19.3903378517038,2.42339367364787,intermediate
Col17a1,4,30,0,final
Col20a1,N/A,N/A,N/A,N/A
Cox7a1,1,0,0,initial
Cox7a1,2,9.75786793980406,-3.77258517658719,intermediate
Cox7a1,3,13.3152130149502,1.92866028516687,intermediate
Cox7a1,4,38.9749625525305,-0.347528375910806,intermediate
Cox7a1,5,60,-0.417,final
Cox8b,N/A,N/A,N/A,N/A
Cpb1,N/A,N/A,N/A,N/A
Cpe,1,0,0,initial
Cpe,2,6.76642388300677,-1.91645473452578,intermediate
Cpe,3,32.7629882292463,0.158493602001665,intermediate
Cpe,4,60,-0.6315,final
Cplx2,1,0,0,initial
Cplx2,2,7.83716308804544,-1.44260315452695,intermediate
Cplx2,3,18,0,final
Cpm,N/A,N/A,N/A,N/A
Cpn1,1,0,0,initial
Cpn1,2,8.44111301665351,-2.09010500345934,intermediate
Cpn1,3,16.1195135207821,-1.12063604394409,intermediate
Cpn1,4,41.9279933807013,0.696734714940634,intermediate
Cpn1,5,60,-0.489,final
Cpt1a,1,0,0,initial
Cpt1a,2,12.7273791092391,-1.48708013858584,intermediate
Cpt1a,3,60,0,final
Crip2,1,0,0,initial
Crip2,2,9.25402107131504,-1.48903760515587,intermediate
Crip2,3,22,0,final
Crispld2,1,0,0,initial
Crispld2,2,16.5013388295059,-1.91429184092385,intermediate
Crispld2,3,60,-0.876,final
Crlf1,1,0,0,initial
Crlf1,2,8.80387229990106,-2.74878491502671,intermediate
Crlf1,3,12.2725247815854,1.70118724968959,intermediate
Crlf1,4,22,0,final
Cry2,N/A,N/A,N/A,N/A
Csad,N/A,N/A,N/A,N/A
Cst8,1,0,0,initial
Cst8,2,8.26715941437148,-3.95640867231406,intermediate
Cst8,3,30.1768331404018,0.515459207092721,intermediate
Cst8,4,60,-0.607,final
Ctdspl,N/A,N/A,N/A,N/A
Ctnnal1,1,0,0,initial
Ctnnal1,2,7.91826285260245,-1.67481267156713,intermediate
Ctnnal1,3,18,0,final
Ctnnb1,N/A,N/A,N/A,N/A
Ctnnd1,1,0,0,initial
Ctnnd1,2,9.73674210699741,-1.6241943885112,intermediate
Ctnnd1,3,22,0,final
Ctsf,1,0,0,initial
Ctsf,2,5.92498197523569,-3.31100317331347,intermediate
Ctsf,3,19.3304209531938,2.12443344937804,intermediate
Ctsf,4,22.9450612327083,-0.926437483928656,intermediate
Ctsf,5,40,-0.649,final
Cxcl15,N/A,N/A,N/A,N/A
Cxcl17,1,0,0,initial
Cxcl17,2,1.27571720069441,2.64997928660529,intermediate
Cxcl17,3,18.2360356856906,-3.19379233180273,intermediate
Cxcl17,4,22.8854256184416,3.45566092347976,intermediate
Cxcl17,5,40,1.516,final
Cybrd1,1,0,0,initial
Cybrd1,2,7.85507287098637,-1.81994775453068,intermediate
Cybrd1,3,18,0,final
Cyp2a4,1,0,0,initial
Cyp2a4,2,8.11735544372368,-9.65272801802291,intermediate
Cyp2a4,3,15.8584483695477,10.1130894946652,intermediate
Cyp2a4,4,40.0958318513972,-5.45634362793675,intermediate
Cyp2a4,5,60,0.7575,final
Cyp2a5,1,0,0,initial
Cyp2a5,2,9.0075879381931,-9.58965701334547,intermediate
Cyp2a5,3,13.3463632596784,9.87393005527966,intermediate
Cyp2a5,4,40.9510261547777,-4.55554078329984,intermediate
Cyp2a5,5,60,0.898,final
Cyp2b9,1,0,0,initial
Cyp2b9,2,18.2800715131175,-2.43418344189125,intermediate
Cyp2b9,3,60,0,final
Cyp2b10,1,0,0,initial
Cyp2b10,2,19.0776039698236,-2.54572125008955,intermediate
Cyp2b10,3,60,0,final
Cyp2b13,1,0,0,initial
Cyp2b13,2,12.5345113543684,-3.93940737836458,intermediate
Cyp2b13,3,20.3645652454764,2.08234357251579,intermediate
Cyp2b13,4,40,0.748,final
Cyp2d9,1,0,0,initial
Cyp2d9,2,6.28934006906239,-1.83058820050042,intermediate
Cyp2d9,3,35.8684117330476,-0.407208973875391,intermediate
Cyp2d9,4,60,-0.412,final
Cyp2d12,1,0,0,initial
Cyp2d12,2,15.5584001238166,-1.95866930721983,intermediate
Cyp2d12,3,60,-0.601,final
Cyp2d22,1,0,0,initial
Cyp2d22,2,1.7203951513365,-3.0785298741686,intermediate
Cyp2d22,3,34.2586930462188,-0.0538875877725987,intermediate
Cyp2d22,4,60,-0.682,final
Cyp2f2,1,0,0,initial
Cyp2f2,2,8.52209099148443,-3.0907927777402,intermediate
Cyp2f2,3,22,0,final
Cyp2s1,1,0,0,initial
Cyp2s1,2,9.01768650569443,-1.9403158534972,intermediate
Cyp2s1,3,22,0,final
Cyp3a13,1,0,0,initial
Cyp3a13,2,11.496993429533,-1.62915074128796,intermediate
Cyp3a13,3,30,-0.455,final
Cyp4b1,1,0,0,initial
Cyp4b1,2,9.80726005058799,-2.59074985485078,intermediate
Cyp4b1,3,26,-1.083,final
Cyp4f15,1,0,0,initial
Cyp4f15,2,5.38336516117665,-2.95835836697232,intermediate
Cyp4f15,3,31.5297777313861,0.0893974432846496,intermediate
Cyp4f15,4,60,-0.539,final
Cyp27a1,1,0,0,initial
Cyp27a1,2,6.17008529417422,-1.50189041445862,intermediate
Cyp27a1,3,15.8698493372101,-0.194073101292154,intermediate
Cyp27a1,4,30,-0.494,final
Cyp39a1,1,0,0,initial
Cyp39a1,2,7.15999183042879,-2.01954651443426,intermediate
Cyp39a1,3,15.8229620339585,0.52566872698174,intermediate
Cyp39a1,4,42.8258232543758,-1.18769236835235,intermediate
Cyp39a1,5,60,-0.499,final
Cys1,N/A,N/A,N/A,N/A
Cyth3,1,0,0,initial
Cyth3,2,8.87472368387055,-2.56346298580991,intermediate
Cyth3,3,31.9838705973272,0.0474346907027445,intermediate
Cyth3,4,60,-0.702,final
Cytl1,1,0,0,initial
Cytl1,2,5.19984684890062,-3.37969807669937,intermediate
Cytl1,3,35.045642673434,0.29100417139905,intermediate
Cytl1,4,60,-1.258,final
D0H4S114,N/A,N/A,N/A,N/A
D7Ertd715e,N/A,N/A,N/A,N/A
D10Bwg1070e,1,0,0,initial
D10Bwg1070e,2,3.07765654371197,-2.78781403949172,intermediate
D10Bwg1070e,3,20.0897979332185,3.04947338185245,intermediate
D10Bwg1070e,4,45.8223000102276,-1.59408300461383,intermediate
D10Bwg1070e,5,60,0.969,final
D130060J10Rik,1,0,0,initial
D130060J10Rik,2,9.06259406486213,-2.11832188586284,intermediate
D130060J10Rik,3,36.820403944074,1.56191829390526,intermediate
D130060J10Rik,4,60,0.834,final
D230025D16Rik,N/A,N/A,N/A,N/A
D430036J16Rik,1,0,0,initial
D430036J16Rik,2,12.1801593300118,-1.83512177745824,intermediate
D430036J16Rik,3,30,0,final
D630004D15Rik,1,0,0,initial
D630004D15Rik,2,5.98675577286332,-3.11636304109118,intermediate
D630004D15Rik,3,31.3118751558328,2.13324548939863,intermediate
D630004D15Rik,4,60,-0.541,final
D630013G24Rik,1,0,0,initial
D630013G24Rik,2,9.79580474410176,-3.24523648252717,intermediate
D630013G24Rik,3,30.5736811514821,1.44011472223906,intermediate
D630013G24Rik,4,60,0,final
D730040F13Rik,N/A,N/A,N/A,N/A
D830026I12Rik,1,0,0,initial
D830026I12Rik,2,4.88940923580364,-2.2190754572052,intermediate
D830026I12Rik,3,14.9364058696773,1.00886019675763,intermediate
D830026I12Rik,4,19.563169154602,-0.783169760109389,intermediate
D830026I12Rik,5,30,0,final
Dab2ip,1,0,0,initial
Dab2ip,2,9.02472924250012,-3.14433424195224,intermediate
Dab2ip,3,14.731930544718,2.51979883129693,intermediate
Dab2ip,4,38.4410551003848,-1.91245912992674,intermediate
Dab2ip,5,60,0,final
Dach1,1,0,0,initial
Dach1,2,7.18337509797143,-2.53764434010604,intermediate
Dach1,3,28.1420941417375,1.32001542774477,intermediate
Dach1,4,60,-0.588,final
Dact2,1,0,0,initial
Dact2,2,8.21089937802367,-1.52224690448466,intermediate
Dact2,3,22,0,final
Dapk2,1,0,0,initial
Dapk2,2,8.53214520582043,-1.47526913219031,intermediate
Dapk2,3,22,0,final
Dars,1,0,0,initial
Dars,2,11.791878846388,-0.655286966047534,intermediate
Dars,3,22,1.09,final
Dbndd1,1,0,0,initial
Dbndd1,2,5.28085897962963,-2.98010864911792,intermediate
Dbndd1,3,21.3477710016513,2.98085353251481,intermediate
Dbndd1,4,45.0673418147475,-1.42359844888315,intermediate
Dbndd1,5,60,0.73,final
Dbp,N/A,N/A,N/A,N/A
Dcxr,1,0,0,initial
Dcxr,2,7.2317124924366,-1.53754758034447,intermediate
Dcxr,3,18,0,final
Ddc,N/A,N/A,N/A,N/A
Ddx50,1,0,0,initial
Ddx50,2,2.94725600086435,-1.26474346511249,intermediate
Ddx50,3,18.0101234050457,1.29598572111234,intermediate
Ddx50,4,47.3766919663291,-0.934974157539746,intermediate
Ddx50,5,60,1.029,final
Degs2,1,0,0,initial
Degs2,2,9.36475235016575,-2.15982576750587,intermediate
Degs2,3,30.69102358672,0.831165811555491,intermediate
Degs2,4,60,-0.311,final
Dennd5b,1,0,0,initial
Dennd5b,2,1.24608949370015,-2.36412341832633,intermediate
Dennd5b,3,25.6215086537976,2.64041264542123,intermediate
Dennd5b,4,45.1727074349921,-1.4834239485288,intermediate
Dennd5b,5,60,1.092,final
Deptor,1,0,0,initial
Deptor,2,9.68819616309124,-2.65106768917508,intermediate
Deptor,3,35.4612794481056,1.76876099088108,intermediate
Deptor,4,60,0.656,final
Dgat2,N/A,N/A,N/A,N/A
Dgkg,1,0,0,initial
Dgkg,2,9.74661309652022,-2.93124442664934,intermediate
Dgkg,3,30.4510617193875,0.731385559029657,intermediate
Dgkg,4,60,0,final
Dhrs3,1,0,0,initial
Dhrs3,2,8.56524442290981,-1.85669780818603,intermediate
Dhrs3,3,14.4566868994823,0.219482172996975,intermediate
Dhrs3,4,26,0,final
Dixdc1,1,0,0,initial
Dixdc1,2,7.42198938102831,-3.39487227632922,intermediate
Dixdc1,3,27.7156537675067,1.70364608079828,intermediate
Dixdc1,4,60,0,final
Dld,1,0,0,initial
Dld,2,18.6696399416349,0.706337005345877,intermediate
Dld,3,40,1.12,final
Dlk2,1,0,0,initial
Dlk2,2,23.1684838916431,1.38532569180018,intermediate
Dlk2,3,60,0.973,final
Dll4,N/A,N/A,N/A,N/A
Dmbt1,1,0,0,initial
Dmbt1,2,30,4.479,final
Dmrt2,1,0,0,initial
Dmrt2,2,22.4401651841149,1.94133644031676,intermediate
Dmrt2,3,60,1.496,final
Dnahc2,1,0,0,initial
Dnahc2,2,7.3699692507056,-3.29142182478027,intermediate
Dnahc2,3,20.6766511295086,2.89286940125347,intermediate
Dnahc2,4,45.1677324799785,-1.32195875180142,intermediate
Dnahc2,5,60,0.726,final
Dnahc5,1,0,0,initial
Dnahc5,2,7.94993493185977,-3.09808312943044,intermediate
Dnahc5,3,36.707809032423,1.16192002678459,intermediate
Dnahc5,4,60,0.782,final
Dnahc7c,1,0,0,initial
Dnahc7c,2,9.94094520029097,-2.84262434946765,intermediate
Dnahc7c,3,28.9253593625313,1.14726002053478,intermediate
Dnahc7c,4,60,0,final
Dnahc11,1,0,0,initial
Dnahc11,2,9.31979827875892,-1.92351362417382,intermediate
Dnahc11,3,26,0,final
Dnaja4,1,0,0,initial
Dnaja4,2,9.56715584662792,-1.76266251005532,intermediate
Dnaja4,3,17.9034433144881,0.044853153513602,intermediate
Dnaja4,4,30,0,final
Dnajb4,1,0,0,initial
Dnajb4,2,13.0961524165218,-1.13641244604576,intermediate
Dnajb4,3,30.5857395192288,2.07033902269483,intermediate
Dnajb4,4,60,1.49,final
Dnajc28,N/A,N/A,N/A,N/A
Dnali1,N/A,N/A,N/A,N/A
Dock6,1,0,0,initial
Dock6,2,8.24898822404895,-1.74284099907969,intermediate
Dock6,3,22,0,final
Dock9,1,0,0,initial
Dock9,2,9.83857874034403,-2.30470416648722,intermediate
Dock9,3,22,0,final
Dsp,1,0,0,initial
Dsp,2,10.1837694472957,-2.4281889205078,intermediate
Dsp,3,16.4835988916294,2.24161152479873,intermediate
Dsp,4,26,0,final
Dst,1,0,0,initial
Dst,2,12.7262396981739,-4.32438998545074,intermediate
Dst,3,15.0882052220407,4.54815340648296,intermediate
Dst,4,26,1.802,final
Dstyk,1,0,0,initial
Dstyk,2,13.107150929097,-1.94929362142873,intermediate
Dstyk,3,31.7524408991581,1.64263278154517,intermediate
Dstyk,4,60,0.769,final
Dusp26,1,0,0,initial
Dusp26,2,9.45427175480935,-2.01488157640321,intermediate
Dusp26,3,26,0,final
Dync1li1,N/A,N/A,N/A,N/A
Dync2li1,1,0,0,initial
Dync2li1,2,12.0988364907483,-0.957234576344305,intermediate
Dync2li1,3,30,1.033,final
Dynlrb2,1,0,0,initial
Dynlrb2,2,6.01117918588052,-2.4067831094166,intermediate
Dynlrb2,3,16.4403126422771,-0.114791528539441,intermediate
Dynlrb2,4,30,0,final
E130308A19Rik,N/A,N/A,N/A,N/A
E330013P08Rik,N/A,N/A,N/A,N/A
E430014L09Rik,N/A,N/A,N/A,N/A
Ear1,N/A,N/A,N/A,N/A
Ear3,N/A,N/A,N/A,N/A
Ear6,N/A,N/A,N/A,N/A
Ear7,1,0,0,initial
Ear7,2,8.83079776570133,-3.08946083861722,intermediate
Ear7,3,17.1319597429281,0.398458245819887,intermediate
Ear7,4,30,0,final
Ear10,N/A,N/A,N/A,N/A
Ear11,1,0,0,initial
Ear11,2,7.99582921637076,-3.74032365825874,intermediate
Ear11,3,16.0082962365156,0.986734019943021,intermediate
Ear11,4,30,0,final
Ece1,N/A,N/A,N/A,N/A
Echdc2,1,0,0,initial
Echdc2,2,9.91445382824663,-3.09628715011385,intermediate
Echdc2,3,9.96402563067216,2.87165051100747,intermediate
Echdc2,4,41.4644871456566,-2.07116635899763,intermediate
Echdc2,5,60,0,final
Ecm2,1,0,0,initial
Ecm2,2,9.52799111385581,-1.49210332217612,intermediate
Ecm2,3,30,-0.682,final
Edem1,1,0,0,initial
Edem1,2,3.12200260896524,2.67840005168215,intermediate
Edem1,3,32.6639577192421,0.303849047176372,intermediate
Edem1,4,60,0.917,final
Edil3,N/A,N/A,N/A,N/A
Ednrb,1,0,0,initial
Ednrb,2,11.7080392985261,-3.23756020515366,intermediate
Ednrb,3,29.4894534209541,-0.0460246431085554,intermediate
Ednrb,4,60,-1.654,final
Eef1a1,1,0,0,initial
Eef1a1,2,60,1.126,final
Efcab2,1,0,0,initial
Efcab2,2,5.89280084798203,-1.91466442382491,intermediate
Efcab2,3,22.4743162710405,-0.341457939902266,intermediate
Efcab2,4,40,-0.508,final
Efcab4a,1,0,0,initial
Efcab4a,2,7.15648055491348,-2.26413038603036,intermediate
Efcab4a,3,23.5306873724004,0.233268442652144,intermediate
Efcab4a,4,40,0,final
Efcab6,1,0,0,initial
Efcab6,2,8.95721511171999,-2.05155727902532,intermediate
Efcab6,3,32.8147805084927,0.349311598527336,intermediate
Efcab6,4,60,0,final
Efcab10,1,0,0,initial
Efcab10,2,8.61771191285909,-2.70879472278573,intermediate
Efcab10,3,34.9782360396735,1.16322504465228,intermediate
Efcab10,4,60,0.55,final
Efemp1,1,0,0,initial
Efemp1,2,5.87028177836846,-2.99388874234846,intermediate
Efemp1,3,35.0823807303863,1.1996600321585,intermediate
Efemp1,4,60,-0.586,final
Efnb2,1,0,0,initial
Efnb2,2,10.2255407529044,-1.96052929187353,intermediate
Efnb2,3,22,0,final
Egfl6,N/A,N/A,N/A,N/A
Egfl7,1,0,0,initial
Egfl7,2,3.33925222544878,-2.31372764235337,intermediate
Egfl7,3,37.0203140498132,0.193424324729928,intermediate
Egfl7,4,60,-0.907,final
Egflam,N/A,N/A,N/A,N/A
Ehd4,1,0,0,initial
Ehd4,2,9.97302817958455,-2.42057451103328,intermediate
Ehd4,3,22.3408918958977,0.567697461345349,intermediate
Ehd4,4,40,0,final
Ehf,1,0,0,initial
Ehf,2,60,1.053,final
Eif2c4,1,0,0,initial
Eif2c4,2,9.21484524952649,-1.49194037639506,intermediate
Eif2c4,3,22,0,final
Eif3e,N/A,N/A,N/A,N/A
Elf5,1,0,0,initial
Elf5,2,4.60449714546193,-2.17149938063527,intermediate
Elf5,3,10.6206355567743,-0.0685721722267171,intermediate
Elf5,4,18,0,final
Ell2,1,0,0,initial
Ell2,2,23.9956495403703,1.27769495245116,intermediate
Ell2,3,60,1.108,final
Elovl6,1,0,0,initial
Elovl6,2,9.48003567356174,-2.46260185960182,intermediate
Elovl6,3,39.9122117655929,1.15849672608787,intermediate
Elovl6,4,60,-0.959,final
Emp2,1,0,0,initial
Emp2,2,11.3519323705104,-2.54566807683373,intermediate
Emp2,3,30.6454173402208,1.40196371517827,intermediate
Emp2,4,60,-0.583,final
Endog,1,0,0,initial
Endog,2,7.14859442946709,-2.19152328720351,intermediate
Endog,3,18.6705908456481,0.387385397792328,intermediate
Endog,4,30,0,final
Eng,1,0,0,initial
Eng,2,13.6546035377115,-1.68307675665101,intermediate
Eng,3,60,-1.204,final
Enkur,1,0,0,initial
Enkur,2,8.83063072489544,-1.80703968553409,intermediate
Enkur,3,22,0,final
Eno4,1,0,0,initial
Eno4,2,8.90544582079406,-2.57734133570414,intermediate
Eno4,3,32.2204836378662,0.708298043194216,intermediate
Eno4,4,60,0,final
Enpep,1,0,0,initial
Enpep,2,8.62672787183394,-1.99722226072845,intermediate
Enpep,3,22,0,final
Enpp5,1,0,0,initial
Enpp5,2,9.09665712108178,-1.4155268663653,intermediate
Enpp5,3,22,0,final
Eny2,N/A,N/A,N/A,N/A
Epas1,1,0,0,initial
Epas1,2,5.54346681086299,-2.86030281236841,intermediate
Epas1,3,20.6860907444352,0.766107919813418,intermediate
Epas1,4,40,0,final
Epb4.1l2,1,0,0,initial
Epb4.1l2,2,18.4499056617323,-1.48450720304632,intermediate
Epb4.1l2,3,23.1381692863774,1.98632718445579,intermediate
Epb4.1l2,4,60,0.778,final
Epb4.1l4a,1,0,0,initial
Epb4.1l4a,2,12.4374341873041,-2.62881983971323,intermediate
Epb4.1l4a,3,14.2331227032059,1.93037025803028,intermediate
Epb4.1l4a,4,36.2023698302551,-1.14710567454397,intermediate
Epb4.1l4a,5,60,0,final
Epb4.1l5,N/A,N/A,N/A,N/A
Epcam,1,0,0,initial
Epcam,2,23.8401184155931,1.19591713401148,intermediate
Epcam,3,60,0.844,final
Epha1,1,0,0,initial
Epha1,2,6.4854771551324,-2.85958994251611,intermediate
Epha1,3,10.5134624896708,1.17052028539876,intermediate
Epha1,4,43.1831291653671,-1.12208190740323,intermediate
Epha1,5,60,-0.765,final
Ephx1,1,0,0,initial
Ephx1,2,7.7657265479282,-2.95532863089331,intermediate
Ephx1,3,17.311895603098,0.481064083945465,intermediate
Ephx1,4,30,0,final
Epor,N/A,N/A,N/A,N/A
Eps8l2,1,0,0,initial
Eps8l2,2,10.0820707759678,-1.97247173738265,intermediate
Eps8l2,3,29.8618048250104,0.251140358402052,intermediate
Eps8l2,4,60,0,final
Erg,N/A,N/A,N/A,N/A
Erlec1,1,0,0,initial
Erlec1,2,8.25787509201417,-2.56449274061191,intermediate
Erlec1,3,19.9062477734526,2.30913437247864,intermediate
Erlec1,4,46.5162220775601,-1.11249607174416,intermediate
Erlec1,5,60,0.728,final
Esm1,1,0,0,initial
Esm1,2,9.39870164049602,-3.0525366256007,intermediate
Esm1,3,30.4090108545706,0.368245440727716,intermediate
Esm1,4,60,-0.539,final
Esyt3,1,0,0,initial
Esyt3,2,7.35689122833933,-2.32931128063406,intermediate
Esyt3,3,32.0715457261342,0.181550704829456,intermediate
Esyt3,4,60,-0.993,final
Etl4,N/A,N/A,N/A,N/A
Etv5,1,0,0,initial
Etv5,2,11.4689843085742,-2.07475678833706,intermediate
Etv5,3,37.9533806332198,2.03534525786815,intermediate
Etv5,4,60,0,final
Evpl,N/A,N/A,N/A,N/A
Fabp1,1,0,0,initial
Fabp1,2,8.33965685186103,-6.93575807175629,intermediate
Fabp1,3,12.9711337026251,0.116110497743903,intermediate
Fabp1,4,26,-1.428,final
Fabp3,1,0,0,initial
Fabp3,2,8.11037068754515,-2.21304197965874,intermediate
Fabp3,3,29.2742358112126,-0.319958867978841,intermediate
Fabp3,4,60,-0.972,final
Fabp4,N/A,N/A,N/A,N/A
Faim2,1,0,0,initial
Faim2,2,11.579028441414,-1.43759703827503,intermediate
Faim2,3,30,-0.583,final
Fam13a,1,0,0,initial
Fam13a,2,9.00775326688181,-2.50651407555976,intermediate
Fam13a,3,32.0896732514699,0.153333183969266,intermediate
Fam13a,4,60,0,final
Fam19a1,N/A,N/A,N/A,N/A
Fam46b,1,0,0,initial
Fam46b,2,7.75469805828105,2.69681615123628,intermediate
Fam46b,3,9.56844977566881,-8.83233260478063,intermediate
Fam46b,4,21.7081284780932,7.77911911299092,intermediate
Fam46b,5,45.9270236534337,-2.95036178120576,intermediate
Fam46b,6,60,0,final
Fam47e,1,0,0,initial
Fam47e,2,8.92211749604958,-3.12793351381437,intermediate
Fam47e,3,35.5835430533736,1.35264394402652,intermediate
Fam47e,4,60,0.633,final
Fam65a,N/A,N/A,N/A,N/A
Fam84a,1,0,0,initial
Fam84a,2,60,1.251,final
Fam92b,1,0,0,initial
Fam92b,2,7.89649005285151,-3.42066981640358,intermediate
Fam92b,3,13.1907555816099,3.10210078027504,intermediate
Fam92b,4,46.0317899271475,-1.36066386691626,intermediate
Fam92b,5,60,0.591,final
Fam103a1,1,0,0,initial
Fam103a1,2,20.7231700793525,-0.615597761871518,intermediate
Fam103a1,3,25.5270645109218,2.83648913703836,intermediate
Fam103a1,4,60,1.186,final
Fam107a,N/A,N/A,N/A,N/A
Fam115a,N/A,N/A,N/A,N/A
Fam120a,N/A,N/A,N/A,N/A
Fam131a,1,0,0,initial
Fam131a,2,8.96893519374508,-1.67558658983421,intermediate
Fam131a,3,22,0,final
Fam150a,1,0,0,initial
Fam150a,2,60,1.256,final
Fam160a2,N/A,N/A,N/A,N/A
Fam166b,1,0,0,initial
Fam166b,2,7.63211748468893,-2.38415554923576,intermediate
Fam166b,3,14.6363410420411,0.182465479149881,intermediate
Fam166b,4,26,0,final
Fam174b,N/A,N/A,N/A,N/A
Fam183b,1,0,0,initial
Fam183b,2,9.36679240442817,-2.36072847962182,intermediate
Fam183b,3,26,0,final
Fam193b,N/A,N/A,N/A,N/A
Fank1,1,0,0,initial
Fank1,2,10.8961085274087,-1.68925486051004,intermediate
Fank1,3,30,0,final
Fbln1,1,0,0,initial
Fbln1,2,10.1813855688445,-1.42132564591719,intermediate
Fbln1,3,22,1.036,final
Fbln7,1,0,0,initial
Fbln7,2,26,0.943,final
Fbxl3,N/A,N/A,N/A,N/A
Fbxl5,1,0,0,initial
Fbxl5,2,20.2768774063489,-0.676376363499425,intermediate
Fbxl5,3,27.0844584538983,2.22268395340043,intermediate
Fbxl5,4,60,0.86,final
Fbxl7,1,0,0,initial
Fbxl7,2,2.57639618368227,-2.53250380775414,intermediate
Fbxl7,3,14.6320796727768,1.27505476342712,intermediate
Fbxl7,4,25.1481324476257,-0.691103996956001,intermediate
Fbxl7,5,40,0,final
Fbxl13,1,0,0,initial
Fbxl13,2,6.71285944256094,-2.78702230724214,intermediate
Fbxl13,3,12.54381023118,1.5335320581309,intermediate
Fbxl13,4,26.5139382826752,-0.715583621412117,intermediate
Fbxl13,5,40,0,final
Fbxo30,1,0,0,initial
Fbxo30,2,0.688137468198197,-1.80837390533051,intermediate
Fbxo30,3,15.9150519048229,-0.00268172048761136,intermediate
Fbxo30,4,45.4941699874967,-1.21540171999686,intermediate
Fbxo30,5,60,0,final
Fermt2,1,0,0,initial
Fermt2,2,5.22850326653197,-2.22581606761498,intermediate
Fermt2,3,34.5191263899905,0.404992699771234,intermediate
Fermt2,4,60,-0.692,final
Fetub,1,0,0,initial
Fetub,2,21.1466355788879,1.83042231287022,intermediate
Fetub,3,60,1.613,final
Fgf1,1,0,0,initial
Fgf1,2,8.29995666211258,-2.08383610448789,intermediate
Fgf1,3,18.3391096177214,0.255571916723483,intermediate
Fgf1,4,30,0,final
Fgfbp1,1,0,0,initial
Fgfbp1,2,10.5073683439358,-2.45344196965542,intermediate
Fgfbp1,3,17.3411703257167,0.231580547009216,intermediate
Fgfbp1,4,30,0,final
Fgfr2,1,0,0,initial
Fgfr2,2,10.5128676076399,-2.34543137822542,intermediate
Fgfr2,3,36.469952663415,2.02584973120446,intermediate
Fgfr2,4,60,0,final
Fgfr3,1,0,0,initial
Fgfr3,2,10.0277902240037,-2.08945068070228,intermediate
Fgfr3,3,22,0,final
Fgfr4,1,0,0,initial
Fgfr4,2,6.31333182248942,-1.77944948776298,intermediate
Fgfr4,3,14,-0.818,final
Fgfrl1,1,0,0,initial
Fgfrl1,2,6.13570318676913,-1.01547655529054,intermediate
Fgfrl1,3,16.4619531070283,-2.15139916377074,intermediate
Fgfrl1,4,26.3650729160733,2.22209193051647,intermediate
Fgfrl1,5,41.4875714943336,-1.43863987462247,intermediate
Fgfrl1,6,60,0,final
Fhdc1,1,0,0,initial
Fhdc1,2,8.97281187463449,-3.24449152456819,intermediate
Fhdc1,3,21.3644633841346,1.15157597927928,intermediate
Fhdc1,4,40,0,final
Fhl1,1,0,0,initial
Fhl1,2,9.16511681661859,-2.14845310630147,intermediate
Fhl1,3,22,0,final
Fibin,N/A,N/A,N/A,N/A
Fitm2,1,0,0,initial
Fitm2,2,7.87845210368466,-2.10728663552108,intermediate
Fitm2,3,24.4600213241949,0.0934925332919584,intermediate
Fitm2,4,40,0,final
Fmo1,1,0,0,initial
Fmo1,2,6.93185751117911,-3.75174828770191,intermediate
Fmo1,3,16.4868574753639,0.379757404118947,intermediate
Fmo1,4,40.871876149644,-1.1935932088247,intermediate
Fmo1,5,60,-0.824,final
Fmo2,1,0,0,initial
Fmo2,2,16.3631142141942,-2.2291564818815,intermediate
Fmo2,3,27.6736210339753,-0.138017951051834,intermediate
Fmo2,4,60,-1.048,final
Fmo3,1,0,0,initial
Fmo3,2,8.34237895094325,-3.6338743430753,intermediate
Fmo3,3,22,0,final
Fmo5,1,0,0,initial
Fmo5,2,4.91395399450063,-1.87923885615508,intermediate
Fmo5,3,23.9730644359906,0.0310757908743152,intermediate
Fmo5,4,40,-0.557,final
Fn3k,1,0,0,initial
Fn3k,2,4.00839125060044,-2.84496804248317,intermediate
Fn3k,3,13.5474498599965,-0.0656641348500776,intermediate
Fn3k,4,22,0,final
Fndc5,N/A,N/A,N/A,N/A
Foxf1a,1,0,0,initial
Foxf1a,2,15.4093261157459,-2.11212086653765,intermediate
Foxf1a,3,32.5849539707565,1.95647217041342,intermediate
Foxf1a,4,60,0.806,final
Foxf2,1,0,0,initial
Foxf2,2,8.7250737195236,-1.54718484467494,intermediate
Foxf2,3,22,0,final
Foxn2,1,0,0,initial
Foxn2,2,21.9391208549787,-0.692847045414035,intermediate
Foxn2,3,24.239320960718,2.63041573058849,intermediate
Foxn2,4,60,1.121,final
Foxo6,1,0,0,initial
Foxo6,2,7.47552919885776,-2.05844920113853,intermediate
Foxo6,3,14.482104892698,0.398027312577973,intermediate
Foxo6,4,26,0,final
Foxp1,1,0,0,initial
Foxp1,2,5.58410670414873,-1.29321126276848,intermediate
Foxp1,3,9.98615296547964,1.61770600087368,intermediate
Foxp1,4,39.9727519214965,-2.87291101152718,intermediate
Foxp1,5,60,-0.3005,final
Foxp2,1,0,0,initial
Foxp2,2,8.68071684930796,-2.50510678519592,intermediate
Foxp2,3,10.6301364687655,1.03912344636734,intermediate
Foxp2,4,25.578397238247,-1.40451262019897,intermediate
Foxp2,5,40,-0.956,final
Fpr1,N/A,N/A,N/A,N/A
Frmd6,1,0,0,initial
Frmd6,2,6.09839683199416,-1.14988602815675,intermediate
Frmd6,3,14,-0.9405,final
Fry,N/A,N/A,N/A,N/A
Fxyd1,1,0,0,initial
Fxyd1,2,6.19269856425024,-2.10067016047421,intermediate
Fxyd1,3,32.6331617195025,0.536246728917069,intermediate
Fxyd1,4,60,-0.6065,final
G0s2,1,0,0,initial
G0s2,2,7.35507451181772,-2.84141990562495,intermediate
G0s2,3,32.6317051548952,0.445420372859108,intermediate
G0s2,4,60,-1.049,final
G3bp1,N/A,N/A,N/A,N/A
Gab1,1,0,0,initial
Gab1,2,9.47525023215268,-1.45575863475965,intermediate
Gab1,3,22,0,final
Gabarapl1,1,0,0,initial
Gabarapl1,2,9.38052614058371,-1.82834534410799,intermediate
Gabarapl1,3,30,-0.585,final
Galnt2,N/A,N/A,N/A,N/A
Galntl2,1,0,0,initial
Galntl2,2,6.10752471256936,-3.02774433224997,intermediate
Galntl2,3,35.3453293287071,0.0799077591809381,intermediate
Galntl2,4,60,0,final
Galntl4,1,0,0,initial
Galntl4,2,4.71276593659977,-2.238407368949,intermediate
Galntl4,3,19.4298153669847,-0.279817322022122,intermediate
Galntl4,4,30,-0.856,final
Gas1,1,0,0,initial
Gas1,2,9.73950569455831,-1.59089649149112,intermediate
Gas1,3,22.6133637036639,2.72359232826931,intermediate
Gas1,4,60,0,final
Gata2,1,0,0,initial
Gata2,2,8.11288644246784,0.583980816858515,intermediate
Gata2,3,9.25313508875488,-4.82619623692315,intermediate
Gata2,4,22.4303201656541,1.84192795465559,intermediate
Gata2,5,30,-0.436,final
Gchfr,1,0,0,initial
Gchfr,2,5.10758831869558,-2.2678293095988,intermediate
Gchfr,3,10.9685493691904,-0.0045714673115323,intermediate
Gchfr,4,18,0,final
Gdf1,1,0,0,initial
Gdf1,2,7.32145119500335,-1.73855264746591,intermediate
Gdf1,3,18,0,final
Gdi1,N/A,N/A,N/A,N/A
Gdpd1,N/A,N/A,N/A,N/A
Gdpd2,1,0,0,initial
Gdpd2,2,14.1868630860185,-1.96705230257978,intermediate
Gdpd2,3,36.4913710076034,3.08501807595855,intermediate
Gdpd2,4,60,0,final
Ggcx,N/A,N/A,N/A,N/A
Gja1,N/A,N/A,N/A,N/A
Gjb6,N/A,N/A,N/A,N/A
Glb1l2,1,0,0,initial
Glb1l2,2,6.50863393293279,-2.61648309691349,intermediate
Glb1l2,3,8.95678046320799,0.598212580170612,intermediate
Glb1l2,4,44.7045966227597,-0.914458326677112,intermediate
Glb1l2,5,60,-0.449,final
Glt25d2,1,0,0,initial
Glt25d2,2,6.44552645128247,-2.81043436992407,intermediate
Glt25d2,3,13.9757353838356,-0.374826765110986,intermediate
Glt25d2,4,26,-0.5675,final
Gm1060,1,0,0,initial
Gm1060,2,11.8155632859061,-2.11271625633129,intermediate
Gm1060,3,30,0,final
Gm9779,1,0,0,initial
Gm9779,2,23.0966044465037,2.07503737497498,intermediate
Gm9779,3,60,1.153,final
Gm10914,1,0,0,initial
Gm10914,2,8.76178405784162,-2.87969193848853,intermediate
Gm10914,3,21.2763169348784,0.907393611766926,intermediate
Gm10914,4,40,0,final
Gm14964,1,0,0,initial
Gm14964,2,7.57027134576325,-4.47943137737839,intermediate
Gm14964,3,35.4657587825841,1.00884069047045,intermediate
Gm14964,4,60,0,final
Gm16499,1,0,0,initial
Gm16499,2,6.03395527894696,-3.43960567706257,intermediate
Gm16499,3,22.6361873877422,0.0899106655803964,intermediate
Gm16499,4,40,-0.6,final
Gnmt,1,0,0,initial
Gnmt,2,10.2823412056137,-2.22107532060562,intermediate
Gnmt,3,19.4983202901186,1.37213848135119,intermediate
Gnmt,4,31.8654358347125,-0.90651009936949,intermediate
Gnmt,5,60,0,final
Gpbp1,N/A,N/A,N/A,N/A
Gpbp1l1,N/A,N/A,N/A,N/A
Gpihbp1,1,0,0,initial
Gpihbp1,2,9.506331160001,-2.08649922028944,intermediate
Gpihbp1,3,22,0,final
Gpm6a,1,0,0,initial
Gpm6a,2,22.5388994162637,-2.42618762287248,intermediate
Gpm6a,3,29.3752073178595,2.1788649826136,intermediate
Gpm6a,4,60,0.1885,final
Gpr4,N/A,N/A,N/A,N/A
Gpr120,N/A,N/A,N/A,N/A
Gprasp1,1,0,0,initial
Gprasp1,2,8.80213566407236,-3.49778311379243,intermediate
Gprasp1,3,18.9966676517506,2.95764798109012,intermediate
Gprasp1,4,45.4543336177258,-1.31107222667297,intermediate
Gprasp1,5,60,0.731,final
Gprc5a,1,0,0,initial
Gprc5a,2,10.1667821662243,-2.24971911385127,intermediate
Gprc5a,3,30.9633680947806,1.1340964526252,intermediate
Gprc5a,4,60,-0.5175,final
Gprc5b,1,0,0,initial
Gprc5b,2,8.06930066891251,-1.46284997621415,intermediate
Gprc5b,3,18,0,final
Gpsm1,1,0,0,initial
Gpsm1,2,8.88299867995767,-1.99774949098222,intermediate
Gpsm1,3,22,0,final
Gpt,N/A,N/A,N/A,N/A
Grasp,1,0,0,initial
Grasp,2,3.32081600177025,-3.44712998876545,intermediate
Grasp,3,15.0108097064437,1.83839487287762,intermediate
Grasp,4,24.732184368003,-1.02892623077969,intermediate
Grasp,5,40,0,final
Grb10,1,0,0,initial
Grb10,2,6.58043076700673,-1.6495375661726,intermediate
Grb10,3,22,0,final
Grb14,1,0,0,initial
Grb14,2,10.4607564969129,-2.07618155528257,intermediate
Grb14,3,26,0,final
Grem2,N/A,N/A,N/A,N/A
Gria1,1,0,0,initial
Gria1,2,6.3482661118115,-3.921053129469,intermediate
Gria1,3,33.7861999041962,0.842810146410394,intermediate
Gria1,4,60,-1.1235,final
Grtp1,N/A,N/A,N/A,N/A
Gspt1,N/A,N/A,N/A,N/A
Gsta1,N/A,N/A,N/A,N/A
Gsta2,N/A,N/A,N/A,N/A
Gsta3,1,0,0,initial
Gsta3,2,7.91082620276717,-3.07424183775344,intermediate
Gsta3,3,22.1446750083112,0.545348872970542,intermediate
Gsta3,4,40,0,final
Gstk1,1,0,0,initial
Gstk1,2,9.53198283587991,-1.81186431220652,intermediate
Gstk1,3,23.5884394749225,0.346693221869488,intermediate
Gstk1,4,40,0,final
Gstm1,1,0,0,initial
Gstm1,2,8.76086424682193,-3.68313605375383,intermediate
Gstm1,3,15.4357009785739,0.969187265282755,intermediate
Gstm1,4,30,0,final
Gstm3,1,0,0,initial
Gstm3,2,7.79470557042913,-4.01935653446869,intermediate
Gstm3,3,13.6511124511689,1.08702866907059,intermediate
Gstm3,4,26,0,final
Gsto1,1,0,0,initial
Gsto1,2,21.1769719139231,1.67139831655841,intermediate
Gsto1,3,60,1.157,final
Gucy1a3,1,0,0,initial
Gucy1a3,2,9.39567604436557,-3.07396620715742,intermediate
Gucy1a3,3,19.2536090404644,1.14010759747051,intermediate
Gucy1a3,4,34.185025727097,-1.91823700194467,intermediate
Gucy1a3,5,60,-1.505,final
Gucy1b3,1,0,0,initial
Gucy1b3,2,11.1783544757781,-3.08033101519869,intermediate
Gucy1b3,3,18.7368959232846,2.31656928916945,intermediate
Gucy1b3,4,30.6172047672742,-1.25649974539765,intermediate
Gucy1b3,5,60,-0.61,final
Gulp1,N/A,N/A,N/A,N/A
H3f3a,1,0,0,initial
H3f3a,2,11.042072572538,-0.815906930345967,intermediate
H3f3a,3,22,1.021,final
Hba-a1,N/A,N/A,N/A,N/A
Hba-a2,N/A,N/A,N/A,N/A
Hbb-b1,N/A,N/A,N/A,N/A
Hc,N/A,N/A,N/A,N/A
Hdac11,1,0,0,initial
Hdac11,2,8.04936926218871,-3.16127563025387,intermediate
Hdac11,3,13.7685589545743,1.96751686190755,intermediate
Hdac11,4,38.9606870923816,-1.04631737544832,intermediate
Hdac11,5,60,0,final
Hecw2,N/A,N/A,N/A,N/A
Hepacam2,1,0,0,initial
Hepacam2,2,9.14016567297801,-2.68425804620581,intermediate
Hepacam2,3,22.7451861428659,3.1169268710803,intermediate
Hepacam2,4,40,0.732,final
Hey1,1,0,0,initial
Hey1,2,9.56687430345189,-3.05731794790078,intermediate
Hey1,3,22,0,final
Hfe,N/A,N/A,N/A,N/A
Hhatl,1,0,0,initial
Hhatl,2,3.82056055132676,-2.70383668602787,intermediate
Hhatl,3,31.7699915602186,0.424243960027164,intermediate
Hhatl,4,60,-0.818,final
Hipk2,N/A,N/A,N/A,N/A
Hlf,N/A,N/A,N/A,N/A
Hmcn1,1,0,0,initial
Hmcn1,2,12.9173873127281,-3.69380228182883,intermediate
Hmcn1,3,18.3495842234488,5.96036254516228,intermediate
Hmcn1,4,39.6162458062687,-2.75601654541144,intermediate
Hmcn1,5,60,0.805,final
Hmgcs2,1,0,0,initial
Hmgcs2,2,3.72698324366005,-2.68432364019199,intermediate
Hmgcs2,3,31.7104756757927,0.532606017266514,intermediate
Hmgcs2,4,60,-0.329,final
Hnmt,N/A,N/A,N/A,N/A
Hnrnpf,1,0,0,initial
Hnrnpf,2,40,1.214,final
Hnrnpk,1,0,0,initial
Hnrnpk,2,11.3332704654826,-0.660494647035561,intermediate
Hnrnpk,3,22,1.028,final
Hopx,1,0,0,initial
Hopx,2,9.89329769433434,-1.82899893020085,intermediate
Hopx,3,22,0,final
Hoxb5,1,0,0,initial
Hoxb5,2,10.0116874289509,-2.01490411256006,intermediate
Hoxb5,3,35.8454442355678,-0.140253218385232,intermediate
Hoxb5,4,60,-0.872,final
Hpgd,1,0,0,initial
Hpgd,2,8.01505638134867,-2.71269349163494,intermediate
Hpgd,3,23.3418267218579,0.0472857481419111,intermediate
Hpgd,4,40,-0.7415,final
Hspa12b,N/A,N/A,N/A,N/A
Hydin,1,0,0,initial
Hydin,2,4.83143952968618,-2.8139146930658,intermediate
Hydin,3,19.3493789751517,-0.205496181797637,intermediate
Hydin,4,30,0,final
Hyou1,N/A,N/A,N/A,N/A
Ica1,N/A,N/A,N/A,N/A
Id4,1,0,0,initial
Id4,2,12.8591404739517,-2.95361670705593,intermediate
Id4,3,16.4398940147186,3.23182155933327,intermediate
Id4,4,39.7577197221922,-0.547160265851979,intermediate
Id4,5,60,0,final
Ids,1,0,0,initial
Ids,2,9.07857686711819,-1.87435896834826,intermediate
Ids,3,22,0,final
Ifi202b,N/A,N/A,N/A,N/A
Ift172,N/A,N/A,N/A,N/A
Igf1r,N/A,N/A,N/A,N/A
Igfbp3,1,0,0,initial
Igfbp3,2,10.5829875752084,-3.52487744737854,intermediate
Igfbp3,3,26,0,final
Igfbp6,1,0,0,initial
Igfbp6,2,9.56295034855684,-3.1436725757349,intermediate
Igfbp6,3,26,-0.731,final
Igsf3,N/A,N/A,N/A,N/A
Inadl,1,0,0,initial
Inadl,2,7.72905508094905,-2.36305362829106,intermediate
Inadl,3,10.6784692759813,-0.0522468023369591,intermediate
Inadl,4,45.3869776894759,0.0900733813521389,intermediate
Inadl,5,60,0,final
Inhbb,1,0,0,initial
Inhbb,2,13.6875151999586,-2.13973335486999,intermediate
Inhbb,3,21.4409405789397,2.50951361992896,intermediate
Inhbb,4,40,1.234,final
Inmt,1,0,0,initial
Inmt,2,7.82402397430102,-4.3181201525791,intermediate
Inmt,3,32.8501322460572,2.13004240353026,intermediate
Inmt,4,60,-0.299,final
Inpp5a,1,0,0,initial
Inpp5a,2,12.0979203294065,-1.40029618736825,intermediate
Inpp5a,3,40,-0.678,final
Inpp5k,1,0,0,initial
Inpp5k,2,10.9151782913244,-1.50487227489195,intermediate
Inpp5k,3,30.3416133279531,-0.286052291434277,intermediate
Inpp5k,4,60,-0.732,final
Insig1,1,0,0,initial
Insig1,2,18.5916641585957,-0.750985966935484,intermediate
Insig1,3,40,1.066,final
Insr,1,0,0,initial
Insr,2,9.0834443760649,-1.51698257355159,intermediate
Insr,3,22,0,final
Iqca,1,0,0,initial
Iqca,2,4.96190638643078,-2.72076967103171,intermediate
Iqca,3,37.1653789431255,0.665390137388808,intermediate
Iqca,4,60,0,final
Iqsec1,1,0,0,initial
Iqsec1,2,4.94933522706415,-1.65800324869424,intermediate
Iqsec1,3,31.4886907850943,-0.224247817330102,intermediate
Iqsec1,4,60,-0.651,final
Irs1,1,0,0,initial
Irs1,2,8.77243863679604,-2.28708941213449,intermediate
Irs1,3,22,0,final
Irx1,1,0,0,initial
Irx1,2,4.21437795073111,-0.835720716136089,intermediate
Irx1,3,13.9442640802592,-3.01551491660701,intermediate
Irx1,4,31.7233990431593,4.56894268737662,intermediate
Irx1,5,42.4935114831641,-1.95201257705237,intermediate
Irx1,6,60,0.842,final
Irx2,1,0,0,initial
Irx2,2,9.24676539694337,-1.84771214788537,intermediate
Irx2,3,22,0,final
Itga8,1,0,0,initial
Itga8,2,8.37097061545943,-3.4000124850723,intermediate
Itga8,3,16.4702734714876,0.78701938308345,intermediate
Itga8,4,30,0,final
Itsn1,1,0,0,initial
Itsn1,2,11.6965870660964,-1.40874559825839,intermediate
Itsn1,3,30,0,final
Jag1,N/A,N/A,N/A,N/A
Jup,N/A,N/A,N/A,N/A
Kalrn,N/A,N/A,N/A,N/A
Kank3,1,0,0,initial
Kank3,2,7.3767287938297,-2.50109431848979,intermediate
Kank3,3,13.7224537007905,0.170258751101937,intermediate
Kank3,4,47.3173091105062,-1.35723507593572,intermediate
Kank3,5,60,0,final
Kank4,1,0,0,initial
Kank4,2,16.0299502976088,-1.59588102834374,intermediate
Kank4,3,60,0,final
Kazald1,1,0,0,initial
Kazald1,2,7.33644719889678,-2.1217319952077,intermediate
Kazald1,3,18,0,final
Kcne2,1,0,0,initial
Kcne2,2,7.48094912887784,-3.05412023607124,intermediate
Kcne2,3,9.07082805260336,-0.586321912535638,intermediate
Kcne2,4,18,0,final
Kcne3,1,0,0,initial
Kcne3,2,40,1.35,final
Kcnip4,1,0,0,initial
Kcnip4,2,3.64301348350864,-2.10540438685975,intermediate
Kcnip4,3,33.8449413395033,0.0436122375110869,intermediate
Kcnip4,4,60,-0.657,final
Kcnj15,N/A,N/A,N/A,N/A
Kcnk12,1,0,0,initial
Kcnk12,2,7.52828783888547,-2.1496301086836,intermediate
Kcnk12,3,31.8356373259642,0.361725321366302,intermediate
Kcnk12,4,60,0,final
Kcnmb4,1,0,0,initial
Kcnmb4,2,9.35055930071153,-2.59266483412403,intermediate
Kcnmb4,3,23.5852422969011,0.702255379134051,intermediate
Kcnmb4,4,40,0,final
Kcns3,1,0,0,initial
Kcns3,2,9.05958243071413,-1.63768611729536,intermediate
Kcns3,3,22,0,final
Kdelr2,1,0,0,initial
Kdelr2,2,40,1.476,final
Kidins220,1,0,0,initial
Kidins220,2,5.14565130812725,-2.25492369131465,intermediate
Kidins220,3,35.5886565584424,0.539207236181139,intermediate
Kidins220,4,60,0,final
Kif1b,1,0,0,initial
Kif1b,2,1.95351854035029,-1.95070976238241,intermediate
Kif1b,3,23.9379050114244,0.619474374212284,intermediate
Kif1b,4,33.0680076335636,-1.39833052860791,intermediate
Kif1b,5,60,-1.122,final
Kif1c,N/A,N/A,N/A,N/A
Kif13a,1,0,0,initial
Kif13a,2,20.0071655395494,-1.60023900423036,intermediate
Kif13a,3,60,-1.735,final
Kifc2,1,0,0,initial
Kifc2,2,3.60356481328205,-2.70836555061224,intermediate
Kifc2,3,11.9815534449843,0.0133289440302732,intermediate
Kifc2,4,18,0,final
Klf5,N/A,N/A,N/A,N/A
Klf7,1,0,0,initial
Klf7,2,9.15615910178739,-1.56364330154043,intermediate
Klf7,3,22,0,final
Klf9,1,0,0,initial
Klf9,2,4.98182041285564,0.044161116130816,intermediate
Klf9,3,13.0535440848225,-5.1502182047887,intermediate
Klf9,4,27.1099153796008,1.93113540756744,intermediate
Klf9,5,40,-0.6875,final
Klf10,1,0,0,initial
Klf10,2,23.2912190335553,1.08929830503935,intermediate
Klf10,3,60,0.951,final
Klf15,N/A,N/A,N/A,N/A
Klhdc8b,N/A,N/A,N/A,N/A
Klhl24,1,0,0,initial
Klhl24,2,10.6668091386547,-3.0984265806734,intermediate
Klhl24,3,11.9833254222137,2.66382197590236,intermediate
Klhl24,4,42.6162399024055,-2.41090814846251,intermediate
Klhl24,5,60,0.0805,final
Kndc1,1,0,0,initial
Kndc1,2,7.59783198677116,-2.37450481082518,intermediate
Kndc1,3,21.5032181674798,0.220993740068932,intermediate
Kndc1,4,40,0,final
Krt10,1,0,0,initial
Krt10,2,7.64701650213218,-2.15179369112009,intermediate
Krt10,3,22,0,final
Krt79,N/A,N/A,N/A,N/A
Krtap17-1,1,0,0,initial
Krtap17-1,2,6.85232548708479,-3.35659760517165,intermediate
Krtap17-1,3,18,0,final
Lamb2,N/A,N/A,N/A,N/A
Lamp3,1,0,0,initial
Lamp3,2,15.1297355390716,-2.20038219792989,intermediate
Lamp3,3,32.7005450699269,2.47538848417927,intermediate
Lamp3,4,60,0.781,final
Lass4,1,0,0,initial
Lass4,2,1.32548129194322,-1.94240785145334,intermediate
Lass4,3,31.5026728703754,0.603553126888751,intermediate
Lass4,4,36.4944364781219,-2.14921598666774,intermediate
Lass4,5,60,-1.551,final
Ldhb,1,0,0,initial
Ldhb,2,7.07477365163772,-3.30659053678191,intermediate
Ldhb,3,21.8331530999211,0.77171096133417,intermediate
Ldhb,4,40,0,final
Lepr,1,0,0,initial
Lepr,2,6.78845919899796,-2.83866984425232,intermediate
Lepr,3,19.3070663651188,2.40074122280735,intermediate
Lepr,4,39.454606053479,-1.47110225700818,intermediate
Lepr,5,60,0,final
Leprel1,N/A,N/A,N/A,N/A
Lgi3,N/A,N/A,N/A,N/A
Lima1,1,0,0,initial
Lima1,2,16.1864059862661,-1.20586273895024,intermediate
Lima1,3,60,-1.09,final
Limch1,1,0,0,initial
Limch1,2,5.23502569726817,-1.78055336963481,intermediate
Limch1,3,30.2006811491449,-0.124116327536932,intermediate
Limch1,4,60,-0.774,final
Lims2,1,0,0,initial
Lims2,2,8.04721677269118,-2.66351149646664,intermediate
Lims2,3,34.8821778234541,-0.635688645752998,intermediate
Lims2,4,60,0,final
Lmo1,1,0,0,initial
Lmo1,2,22.9518189879936,1.1247062339811,intermediate
Lmo1,3,60,0.851,final
Lpar3,1,0,0,initial
Lpar3,2,7.49245759285156,-2.24748769065019,intermediate
Lpar3,3,11.1931735260861,0.311510919857783,intermediate
Lpar3,4,41.0959409243978,-0.795523835540993,intermediate
Lpar3,5,60,-0.515,final
Lphn1,1,0,0,initial
Lphn1,2,4.61914525014565,-1.98694423884456,intermediate
Lphn1,3,11.3492702514613,-0.0201198564896078,intermediate
Lphn1,4,18,0,final
Lphn3,1,0,0,initial
Lphn3,2,10.964817631051,-1.58067838443795,intermediate
Lphn3,3,12.7330387058341,-0.284150588434454,intermediate
Lphn3,4,26.4464234109197,0.230484630505052,intermediate
Lphn3,5,40,0,final
Lpp,1,0,0,initial
Lpp,2,28.5265061173543,-0.55160647759589,intermediate
Lpp,3,31.556933252058,-1.2880354111556,intermediate
Lpp,4,60,0.735,final
Lrat,1,0,0,initial
Lrat,2,10.5957400258717,-2.93729290796777,intermediate
Lrat,3,26.43101802272,-0.842775068835689,intermediate
Lrat,4,60,-1.277,final
Lrp4,N/A,N/A,N/A,N/A
Lrrc16a,N/A,N/A,N/A,N/A
Lrrc17,1,0,0,initial
Lrrc17,2,7.6453415190491,-2.59137995865008,intermediate
Lrrc17,3,22,0,final
Lrrc26,1,0,0,initial
Lrrc26,2,7.03055212492786,-2.03563913030972,intermediate
Lrrc26,3,18,0,final
Lrrc41,N/A,N/A,N/A,N/A
Lrrc48,1,0,0,initial
Lrrc48,2,8.76877447848177,-1.62403191294188,intermediate
Lrrc48,3,22,0,final
Lrrc50,1,0,0,initial
Lrrc50,2,7.01786133119346,-2.59032712968117,intermediate
Lrrc50,3,12.6840747670998,1.1444592303759,intermediate
Lrrc50,4,19.0159369321086,-1.21257168899115,intermediate
Lrrc50,5,30,0,final
Lrrc51,1,0,0,initial
Lrrc51,2,8.74271292569133,-2.55380191414311,intermediate
Lrrc51,3,16.6074857020972,2.41200867778527,intermediate
Lrrc51,4,46.5691593052729,-1.14607829992402,intermediate
Lrrc51,5,60,0.648,final
Lrrn3,N/A,N/A,N/A,N/A
Ltbp3,1,0,0,initial
Ltbp3,2,7.54529879687314,-1.4409203050655,intermediate
Ltbp3,3,18,0,final
Ltbp4,1,0,0,initial
Ltbp4,2,8.99941846414602,-4.95954597173876,intermediate
Ltbp4,3,12.7072973391628,2.87233367078897,intermediate
Ltbp4,4,40.7875077778252,-0.792846189690088,intermediate
Ltbp4,5,60,-0.457,final
Ltf,1,0,0,initial
Ltf,2,22,4.5975,final
Lypd2,1,0,0,initial
Lypd2,2,8.04270798127044,-2.60483309553895,intermediate
Lypd2,3,35.3570395164529,4.04239443509628,intermediate
Lypd2,4,60,0,final
Lypla1,1,0,0,initial
Lypla1,2,22.592357045391,1.09645411305694,intermediate
Lypla1,3,60,0.8935,final
Lyzl4,1,0,0,initial
Lyzl4,2,7.97059387176084,-1.5057607170594,intermediate
Lyzl4,3,22,0,final
Macf1,1,0,0,initial
Macf1,2,4.65983891617226,-1.76675948551247,intermediate
Macf1,3,10.6222832528834,-0.190022318547824,intermediate
Macf1,4,18,0,final
Macrod1,1,0,0,initial
Macrod1,2,9.62843348522933,-1.55259659671246,intermediate
Macrod1,3,26,0,final
Mak,1,0,0,initial
Mak,2,13.8093123665018,-1.56877451258667,intermediate
Mak,3,60,0,final
Mal2,1,0,0,initial
Mal2,2,8.0238032005017,-2.69430662746896,intermediate
Mal2,3,29.9603857279853,1.66068445713112,intermediate
Mal2,4,60,-0.425,final
Mal,1,0,0,initial
Mal,2,11.1856802030917,-0.694010296678259,intermediate
Mal,3,22,0.968,final
Mamdc2,1,0,0,initial
Mamdc2,2,5.08165640107314,-3.00358471629717,intermediate
Mamdc2,3,12.789739265238,-0.0104877359301696,intermediate
Mamdc2,4,22,0,final
Maob,1,0,0,initial
Maob,2,7.9999099071791,-2.62439782055692,intermediate
Maob,3,22.2852574317861,0.720648221430607,intermediate
Maob,4,40,0,final
Map1lc3b,N/A,N/A,N/A,N/A
Map3k6,1,0,0,initial
Map3k6,2,9.15245091131663,2.97812538643232,intermediate
Map3k6,3,10.481751846603,-11.0876984155748,intermediate
Map3k6,4,25.1819574955465,9.67724880218716,intermediate
Map3k6,5,44.6405993443902,-5.04602179372898,intermediate
Map3k6,6,60,0,final
Mapk1ip1,N/A,N/A,N/A,N/A
Mapk8ip3,1,0,0,initial
Mapk8ip3,2,3.79294563919697,-2.5626034129415,intermediate
Mapk8ip3,3,19.6777659626038,1.5577351947215,intermediate
Mapk8ip3,4,35.3865567102728,-0.896773335426765,intermediate
Mapk8ip3,5,60,0,final
Mapk12,N/A,N/A,N/A,N/A
Mapre3,1,0,0,initial
Mapre3,2,6.1866553779153,-2.39830761747586,intermediate
Mapre3,3,25.5535636208257,1.47674662945419,intermediate
Mapre3,4,30.5593354472759,-1.35302100643241,intermediate
Mapre3,5,60,0,final
Mapt,1,0,0,initial
Mapt,2,10.131043672654,-2.36614881067998,intermediate
Mapt,3,26,-1.106,final
Mast4,1,0,0,initial
Mast4,2,9.00741980096304,-2.72352635847938,intermediate
Mast4,3,22,0,final
Mau2,N/A,N/A,N/A,N/A
Mcf2l,N/A,N/A,N/A,N/A
Mcmbp,1,0,0,initial
Mcmbp,2,60,1.552,final
Mdh1b,1,0,0,initial
Mdh1b,2,5.89021781441075,-1.7975349485358,intermediate
Mdh1b,3,14.4944401606125,-0.244367149730589,intermediate
Mdh1b,4,26,0,final
Med25,N/A,N/A,N/A,N/A
Megf6,N/A,N/A,N/A,N/A
Meig1,N/A,N/A,N/A,N/A
Mesp1,1,0,0,initial
Mesp1,2,5.75379130548558,-3.23880531287714,intermediate
Mesp1,3,14.369709091286,-0.0780247685157914,intermediate
Mesp1,4,26,0,final
Mettl7a1,1,0,0,initial
Mettl7a1,2,4.36444955157467,-1.8586251453522,intermediate
Mettl7a1,3,35.9113746170711,-0.435662631209771,intermediate
Mettl7a1,4,60,-0.729,final
Mettl7a2,1,0,0,initial
Mettl7a2,2,4.7371224757537,-3.32340005132566,intermediate
Mettl7a2,3,34.8972970230756,0.980880961926149,intermediate
Mettl7a2,4,60,0,final
Mfap3l,1,0,0,initial
Mfap3l,2,8.96061595303703,-1.72656263826397,intermediate
Mfap3l,3,22,0,final
Mfge8,1,0,0,initial
Mfge8,2,4.81293956561827,-1.35876100979942,intermediate
Mfge8,3,9.86552155264216,-0.353411882030775,intermediate
Mfge8,4,18,0,final
Mfsd7c,1,0,0,initial
Mfsd7c,2,8.29415919611709,-1.58666252709748,intermediate
Mfsd7c,3,22,0,final
Mgll,1,0,0,initial
Mgll,2,8.96912563515362,-1.61986535886957,intermediate
Mgll,3,26,-0.669,final
Mia3,1,0,0,initial
Mia3,2,11.5144541826447,-0.878713491663405,intermediate
Mia3,3,33.9950280321932,0.891080826788364,intermediate
Mia3,4,60,1.448,final
Mid1ip1,1,0,0,initial
Mid1ip1,2,8.87240051347504,-1.40620916563313,intermediate
Mid1ip1,3,22,0,final
Mill2,1,0,0,initial
Mill2,2,7.37981011672571,-2.16496349934198,intermediate
Mill2,3,33.1102664889872,0.119339514115534,intermediate
Mill2,4,60,-0.487,final
Mlf1,1,0,0,initial
Mlf1,2,9.20974285181386,-1.59197019679476,intermediate
Mlf1,3,14.1108642851236,0.0647432948925685,intermediate
Mlf1,4,26,0,final
Mmp15,N/A,N/A,N/A,N/A
Mmp28,N/A,N/A,N/A,N/A
Mobkl1b,1,0,0,initial
Mobkl1b,2,30,1.045,final
Morn1,N/A,N/A,N/A,N/A
Morn3,N/A,N/A,N/A,N/A
Mpdz,1,0,0,initial
Mpdz,2,17.4282716967357,-1.37280167670769,intermediate
Mpdz,3,19.7526226371835,2.35685272766715,intermediate
Mpdz,4,60,0.9945,final
Mpp3,N/A,N/A,N/A,N/A
Mpp5,1,0,0,initial
Mpp5,2,6.15011890960109,-2.05559150205089,intermediate
Mpp5,3,34.7490543209655,-0.0929494327251112,intermediate
Mpp5,4,60,-0.894,final
Mpp7,1,0,0,initial
Mpp7,2,14.9849457410659,-1.47207655447187,intermediate
Mpp7,3,26.8913705870729,1.04235131755589,intermediate
Mpp7,4,27.0011215461907,-2.37587760313592,intermediate
Mpp7,5,60,-1.037,final
Mpped2,N/A,N/A,N/A,N/A
Mprip,N/A,N/A,N/A,N/A
Msi2,1,0,0,initial
Msi2,2,7.63579826444079,-2.03441857331307,intermediate
Msi2,3,22.3811396540185,0.621424539019822,intermediate
Msi2,4,40,0,final
Msrb2,1,0,0,initial
Msrb2,2,8.65840102831619,-2.02173308126457,intermediate
Msrb2,3,13.328352599695,0.406530140741312,intermediate
Msrb2,4,26,0,final
Mst1,1,0,0,initial
Mst1,2,24.7051933360015,-0.0474608645156275,intermediate
Mst1,3,60,1.402,final
Mtss1l,N/A,N/A,N/A,N/A
Mtx3,N/A,N/A,N/A,N/A
Muc1,N/A,N/A,N/A,N/A
Mycbpap,1,0,0,initial
Mycbpap,2,8.55158677674158,-2.16654710759321,intermediate
Mycbpap,3,22,0,final
Myh6,1,0,0,initial
Myh6,2,7.79886533255398,-3.31715252177745,intermediate
Myh6,3,32.9958560042985,0.567088658974061,intermediate
Myh6,4,60,-0.9175,final
Myh7,1,0,0,initial
Myh7,2,5.05797260772654,-4.20415632534216,intermediate
Myh7,3,29.1306502154776,2.678868153268,intermediate
Myh7,4,60,-0.49,final
Myh10,1,0,0,initial
Myh10,2,7.55514769135421,-2.26792041846617,intermediate
Myh10,3,32.5733248628366,0.450447998284713,intermediate
Myh10,4,60,-0.526,final
Myh11,N/A,N/A,N/A,N/A
Myh14,1,0,0,initial
Myh14,2,3.4947246900314,-2.39901134387218,intermediate
Myh14,3,19.1543299561667,0.87075635371319,intermediate
Myh14,4,41.8896113785231,-1.38682445589852,intermediate
Myh14,5,60,-0.616,final
Myl4,N/A,N/A,N/A,N/A
Myl7,1,0,0,initial
Myl7,2,5.95245023988843,-2.51799298991719,intermediate
Myl7,3,34.7632930342114,0.346955384988896,intermediate
Myl7,4,60,-0.911,final
Mylk,1,0,0,initial
Mylk,2,4.88833521371851,-1.79761797071023,intermediate
Mylk,3,33.5085893800621,-0.153004087535884,intermediate
Mylk,4,60,-0.879,final
Myo1b,1,0,0,initial
Myo1b,2,17.1708227922587,-2.10977773728619,intermediate
Myo1b,3,60,-1.8205,final
Myo5b,N/A,N/A,N/A,N/A
Myo5c,1,0,0,initial
Myo5c,2,6.70464571547307,-3.4658928271798,intermediate
Myo5c,3,19.4904891520589,3.09717312264767,intermediate
Myo5c,4,44.4796042651105,-1.36868134955069,intermediate
Myo5c,5,60,0.604,final
Myo6,1,0,0,initial
Myo6,2,18.85721445119,-1.61861718598038,intermediate
Myo6,3,60,-1.834,final
Myo10,N/A,N/A,N/A,N/A
Myoz2,1,0,0,initial
Myoz2,2,18.8608871239224,-1.29775657373175,intermediate
Myoz2,3,60,-1.134,final
N28178,1,0,0,initial
N28178,2,7.82547429906739,-2.24405982100544,intermediate
N28178,3,21.9288621579999,0.0979962975923427,intermediate
N28178,4,40,-0.4595,final
Nav2,1,0,0,initial
Nav2,2,5.79040962920661,-2.50451161660705,intermediate
Nav2,3,15.0653955042421,1.58531516721616,intermediate
Nav2,4,25.0400461038741,-0.970141263435935,intermediate
Nav2,5,40,0,final
Nbeal1,1,0,0,initial
Nbeal1,2,5.3181245541524,-1.90405274955483,intermediate
Nbeal1,3,35.2256142708223,-0.289778752203567,intermediate
Nbeal1,4,60,-0.921,final
Nckap1,1,0,0,initial
Nckap1,2,12.4682507576582,-1.5004159918012,intermediate
Nckap1,3,22,0.984,final
Nckap5,1,0,0,initial
Nckap5,2,9.97577151999641,-2.20982095380664,intermediate
Nckap5,3,22,0,final
Ndrg2,1,0,0,initial
Ndrg2,2,13.8202099635146,-1.56708590477419,intermediate
Ndrg2,3,40,-0.685,final
Ndst1,1,0,0,initial
Ndst1,2,7.36754729263766,-3.26169529101725,intermediate
Ndst1,3,11.3683712293504,1.43036973095232,intermediate
Ndst1,4,43.5956540378296,-1.69064558097012,intermediate
Ndst1,5,60,-0.506,final
Neat1,N/A,N/A,N/A,N/A
Nebl,N/A,N/A,N/A,N/A
Nedd4,1,0,0,initial
Nedd4,2,16.9401207477823,-1.41890398903093,intermediate
Nedd4,3,60,-1.48,final
Nedd4l,N/A,N/A,N/A,N/A
Nek5,1,0,0,initial
Nek5,2,10.5594228590009,-1.90502226635981,intermediate
Nek5,3,26,0,final
Nfia,N/A,N/A,N/A,N/A
Nhlrc1,N/A,N/A,N/A,N/A
Nhlrc2,1,0,0,initial
Nhlrc2,2,9.4222051816042,-1.88806033199155,intermediate
Nhlrc2,3,22,0,final
Nisch,N/A,N/A,N/A,N/A
Nkx2-1,N/A,N/A,N/A,N/A
Notch3,N/A,N/A,N/A,N/A
Notch4,N/A,N/A,N/A,N/A
Npr1,1,0,0,initial
Npr1,2,9.4414840775273,-2.07545287007779,intermediate
Npr1,3,21.9534675363564,-0.155273470984881,intermediate
Npr1,4,40,-0.746,final
Npr2,1,0,0,initial
Npr2,2,7.59758014993799,-2.80421435759167,intermediate
Npr2,3,16.5045751073758,0.201966861802834,intermediate
Npr2,4,30,-0.75,final
Npr3,1,0,0,initial
Npr3,2,5.69689366278704,-3.7185159844692,intermediate
Npr3,3,18.0988969590886,1.41308847050366,intermediate
Npr3,4,42.9064059657806,-2.11242076508402,intermediate
Npr3,5,60,-0.8545,final
Nr1d1,N/A,N/A,N/A,N/A
Nr1d2,N/A,N/A,N/A,N/A
Nr2f2,1,0,0,initial
Nr2f2,2,8.1243867388066,-1.9797794998346,intermediate
Nr2f2,3,21.6968563912062,0.589253943060665,intermediate
Nr2f2,4,40,0,final
Nrbp2,1,0,0,initial
Nrbp2,2,9.1220650842302,-2.08780985923705,intermediate
Nrbp2,3,22,0,final
Nrn1,1,0,0,initial
Nrn1,2,8.97922415294226,-2.87831681806474,intermediate
Nrn1,3,36.8905949062143,1.17596997099954,intermediate
Nrn1,4,60,0.841,final
Nrp1,1,0,0,initial
Nrp1,2,5.56694275011035,-2.47139752470391,intermediate
Nrp1,3,33.0621943506113,1.63387419209206,intermediate
Nrp1,4,60,-0.594,final
Ntn4,1,0,0,initial
Ntn4,2,9.57487634729629,-1.7786080729068,intermediate
Ntn4,3,22,0,final
Nuak1,1,0,0,initial
Nuak1,2,5.51435354354113,-1.5920912194168,intermediate
Nuak1,3,11.9759650167833,-0.222228418368099,intermediate
Nuak1,4,22,0,final
Nup98,1,0,0,initial
Nup98,2,60,1.318,final
Oaz2-ps,N/A,N/A,N/A,N/A
Obscn,1,0,0,initial
Obscn,2,17.2368551575566,-1.83021638390192,intermediate
Obscn,3,26.07883626599,0.0586948255596588,intermediate
Obscn,4,60,-0.854,final
Odf3b,1,0,0,initial
Odf3b,2,8.22484593808309,-2.00253756422986,intermediate
Odf3b,3,18,0,final
Ogn,1,0,0,initial
Ogn,2,5.77476513744051,-2.47860863363114,intermediate
Ogn,3,35.0756291938657,-0.680650154938707,intermediate
Ogn,4,60,0,final
Olfml2a,N/A,N/A,N/A,N/A
Omd,1,0,0,initial
Omd,2,7.82268840191057,-2.02652955654491,intermediate
Omd,3,35.4135008000389,0.0629429297897845,intermediate
Omd,4,60,-0.494,final
Osbpl5,1,0,0,initial
Osbpl5,2,8.97625595960763,-1.60359133784751,intermediate
Osbpl5,3,22,0,final
Osbpl6,1,0,0,initial
Osbpl6,2,7.96572946283244,-2.13014703869518,intermediate
Osbpl6,3,9.7078947298733,0.188586510007946,intermediate
Osbpl6,4,44.3487272945115,-0.850447809037196,intermediate
Osbpl6,5,60,-0.529,final
Otud7b,1,0,0,initial
Otud7b,2,9.99543402968871,-1.88124181954448,intermediate
Otud7b,3,29.1793420646766,-0.351507046677261,intermediate
Otud7b,4,60,-0.9085,final
P2rx6,N/A,N/A,N/A,N/A
P4htm,1,0,0,initial
P4htm,2,6.19321193162047,-1.84796369706712,intermediate
P4htm,3,23.1164390635345,-0.172408459096689,intermediate
P4htm,4,40,-0.486,final
Pabpn1,1,0,0,initial
Pabpn1,2,2.14812892242993,-2.29396578461918,intermediate
Pabpn1,3,10.9318976673125,-0.119491876463797,intermediate
Pabpn1,4,18,0,final
Paqr9,N/A,N/A,N/A,N/A
Pard3,N/A,N/A,N/A,N/A
Pax9,1,0,0,initial
Pax9,2,24.1088530795198,2.34339897083458,intermediate
Pax9,3,60,1.64,final
Pbx1,N/A,N/A,N/A,N/A
Pcdh12,N/A,N/A,N/A,N/A
Pcdhac2,1,0,0,initial
Pcdhac2,2,10.6233734200999,-3.88163129234542,intermediate
Pcdhac2,3,12.0045817825746,1.17596371417139,intermediate
Pcdhac2,4,42.3028333303437,-0.864546115862608,intermediate
Pcdhac2,5,60,-0.994,final
Pcdhga9,N/A,N/A,N/A,N/A
Pclo,1,0,0,initial
Pclo,2,7.54302980258529,-1.44884417360803,intermediate
Pclo,3,18,0,final
Pcnx,1,0,0,initial
Pcnx,2,5.18369789178698,-2.55895679967869,intermediate
Pcnx,3,16.0120979909332,1.86805922096344,intermediate
Pcnx,4,36.3842850961525,-1.34317491986659,intermediate
Pcnx,5,60,0,final
Pcolce2,1,0,0,initial
Pcolce2,2,6.85766748630193,-3.85670290222569,intermediate
Pcolce2,3,20.8152910607316,0.886376076797607,intermediate
Pcolce2,4,40,-1.144,final
Pcp4l1,1,0,0,initial
Pcp4l1,2,10.5676684860708,-2.05317056488274,intermediate
Pcp4l1,3,30,0,final
Pcyox1l,1,0,0,initial
Pcyox1l,2,60,1.18,final
Pde3a,1,0,0,initial
Pde3a,2,7.64246061678818,-1.53245267701185,intermediate
Pde3a,3,18,0,final
Pde4dip,N/A,N/A,N/A,N/A
Pde8b,1,0,0,initial
Pde8b,2,9.04318748692209,-3.36610260915029,intermediate
Pde8b,3,9.17713243625074,1.19660655787555,intermediate
Pde8b,4,45.8804832623849,-1.2835848739319,intermediate
Pde8b,5,60,-0.288,final
Pdgfd,1,0,0,initial
Pdgfd,2,6.8213274820918,-1.43462581912059,intermediate
Pdgfd,3,22,0,final
Pdia4,1,0,0,initial
Pdia4,2,16.905889068979,1.47836526262728,intermediate
Pdia4,3,60,1.272,final
Pdk4,N/A,N/A,N/A,N/A
Pdlim3,1,0,0,initial
Pdlim3,2,11.8164531454119,-2.10728940373025,intermediate
Pdlim3,3,26.1165184258479,1.36934022024952,intermediate
Pdlim3,4,60,-0.465,final
Pdlim5,N/A,N/A,N/A,N/A
Pdpk1,N/A,N/A,N/A,N/A
Pdzd2,1,0,0,initial
Pdzd2,2,5.59535653519919,-3.24575416138713,intermediate
Pdzd2,3,13.5936242511711,1.37449119346417,intermediate
Pdzd2,4,41.449386827139,-1.26553358838633,intermediate
Pdzd2,5,60,0,final
Per1,1,0,0,initial
Per1,2,16.0158432570232,-3.5406077014497,intermediate
Per1,3,16.4296302569466,1.06696105397238,intermediate
Per1,4,40,0,final
Per2,N/A,N/A,N/A,N/A
Perp,N/A,N/A,N/A,N/A
Pgm2l1,1,0,0,initial
Pgm2l1,2,2.55739798077888,-2.12382148689647,intermediate
Pgm2l1,3,37.0161331344095,-0.43674687312508,intermediate
Pgm2l1,4,60,0,final
Pgm5,1,0,0,initial
Pgm5,2,9.42360364657491,-1.86525080695347,intermediate
Pgm5,3,22.2743054572879,0.499854496128835,intermediate
Pgm5,4,40,0,final
Phactr1,1,0,0,initial
Phactr1,2,9.83248320749998,-1.55718632722029,intermediate
Phactr1,3,30,-0.6595,final
Phldb2,1,0,0,initial
Phldb2,2,19.77081260861,-1.66801527910741,intermediate
Phldb2,3,22.6686831945649,1.51590724429978,intermediate
Phldb2,4,26.8284061945235,-2.28802658988933,intermediate
Phldb2,5,60,-1.043,final
Pi4k2b,1,0,0,initial
Pi4k2b,2,16.1227240805822,-1.24016129169219,intermediate
Pi4k2b,3,28.4330705475833,2.5820877005589,intermediate
Pi4k2b,4,60,1.206,final
Pim3,N/A,N/A,N/A,N/A
Pir,1,0,0,initial
Pir,2,8.2581078538337,-1.83954456014961,intermediate
Pir,3,14.6187154400846,0.309136255552532,intermediate
Pir,4,26,0,final
Pisd-ps3,N/A,N/A,N/A,N/A
Pitpnc1,N/A,N/A,N/A,N/A
Pja2,N/A,N/A,N/A,N/A
Pkp1,N/A,N/A,N/A,N/A
Plagl1,1,0,0,initial
Plagl1,2,9.04768143766894,-2.05227645144104,intermediate
Plagl1,3,30.4092205962349,0.284713163989729,intermediate
Plagl1,4,60,-0.931,final
Plekha6,N/A,N/A,N/A,N/A
Plekhb1,1,0,0,initial
Plekhb1,2,11.1330451491785,-2.07721561048745,intermediate
Plekhb1,3,30,0,final
Plekhg5,1,0,0,initial
Plekhg5,2,8.62803929354592,-2.24691793928185,intermediate
Plekhg5,3,16.1294852155394,1.27067510558233,intermediate
Plekhg5,4,30,-0.626,final
Plin4,N/A,N/A,N/A,N/A
Plk5,1,0,0,initial
Plk5,2,3.48239632814712,-3.31209722912734,intermediate
Plk5,3,13.6303799024472,0.0229484900366387,intermediate
Plk5,4,22,0,final
Pllp,1,0,0,initial
Pllp,2,11.0154236750404,-2.15228585289875,intermediate
Pllp,3,35.0416574816802,0.766075952004221,intermediate
Pllp,4,60,-0.6995,final
Pltp,1,0,0,initial
Pltp,2,9.0614050780874,-1.7266675858244,intermediate
Pltp,3,30.0915563766897,-0.573626000375052,intermediate
Pltp,4,60,-0.846,final
Plunc,1,0,0,initial
Plunc,2,8.79477530611897,-5.56904733368166,intermediate
Plunc,3,17.7567994834208,3.90467058299093,intermediate
Plunc,4,30,2.168,final
Plvap,1,0,0,initial
Plvap,2,6.62533250618917,-2.1377674597474,intermediate
Plvap,3,31.7689915221194,0.306066910637969,intermediate
Plvap,4,60,-0.838,final
Plxdc2,1,0,0,initial
Plxdc2,2,8.92846381487465,-1.57550504535859,intermediate
Plxdc2,3,22,0,final
Plxna2,N/A,N/A,N/A,N/A
Plxnb1,1,0,0,initial
Plxnb1,2,8.07818676644353,-1.56086197591073,intermediate
Plxnb1,3,18,0,final
Pmp22,1,0,0,initial
Pmp22,2,7.85078674858933,-1.54620447816867,intermediate
Pmp22,3,18,-0.617,final
Polh,1,0,0,initial
Polh,2,10.7495528525724,1.01866989163856,intermediate
Polh,3,60,1.077,final
Pon1,1,0,0,initial
Pon1,2,8.99404243636784,-4.70283805286697,intermediate
Pon1,3,33.79976528061,3.2854735866675,intermediate
Pon1,4,60,0.87,final
Por,N/A,N/A,N/A,N/A
Ppap2a,1,0,0,initial
Ppap2a,2,7.84842733562159,-1.79101890775541,intermediate
Ppap2a,3,18,-0.8615,final
Ppap2b,1,0,0,initial
Ppap2b,2,8.68646036674286,-2.08735291934404,intermediate
Ppap2b,3,32.36908325048,0.413629018413028,intermediate
Ppap2b,4,60,-0.608,final
Ppfibp1,N/A,N/A,N/A,N/A
Ppip5k2,1,0,0,initial
Ppip5k2,2,14.355104163203,0.910674641404719,intermediate
Ppip5k2,3,60,0.9095,final
Ppl,N/A,N/A,N/A,N/A
Ppm1f,N/A,N/A,N/A,N/A
Ppm1l,1,0,0,initial
Ppm1l,2,4.37069489605914,-2.89089524766753,intermediate
Ppm1l,3,21.6069826816943,1.4269834683367,intermediate
Ppm1l,4,23.6373236409155,-0.933033795729181,intermediate
Ppm1l,5,40,0,final
Ppp1r9a,1,0,0,initial
Ppp1r9a,2,8.37077023655849,-3.14559782954762,intermediate
Ppp1r9a,3,20.4712894448315,1.2336926935082,intermediate
Ppp1r9a,4,40,0,final
Ppp1r13b,N/A,N/A,N/A,N/A
Ppp1r14a,1,0,0,initial
Ppp1r14a,2,3.75443067619017,-2.15289374794991,intermediate
Ppp1r14a,3,37.5193382668224,0.418153094948027,intermediate
Ppp1r14a,4,60,-0.59,final
Ppp1r14c,N/A,N/A,N/A,N/A
Ppp4c,1,0,0,initial
Ppp4c,2,12.8385021338833,0.751745444941627,intermediate
Ppp4c,3,40,0.985,final
Prdm6,1,0,0,initial
Prdm6,2,6.50842038905359,-2.15199099974082,intermediate
Prdm6,3,29.2455605250578,0.986620257900163,intermediate
Prdm6,4,60,0,final
Prdx6,1,0,0,initial
Prdx6,2,0.66638728835358,-2.29967664984683,intermediate
Prdx6,3,34.9842364278913,0.195235803617986,intermediate
Prdx6,4,60,-1.2365,final
Prelp,1,0,0,initial
Prelp,2,8.09250753306592,-3.06035794219405,intermediate
Prelp,3,31.6287198545905,1.76011759590074,intermediate
Prelp,4,60,-0.552,final
Prex2,1,0,0,initial
Prex2,2,13.9687440068081,-1.52810042219183,intermediate
Prex2,3,60,-1.173,final
Prickle1,1,0,0,initial
Prickle1,2,10.7277290133608,-2.55901513877853,intermediate
Prickle1,3,13.9501193246262,2.03410956583636,intermediate
Prickle1,4,38.7099569340141,-1.90080541498488,intermediate
Prickle1,5,60,0,final
Prickle2,1,0,0,initial
Prickle2,2,4.25258623357083,-2.62278059868985,intermediate
Prickle2,3,20.1674502723849,0.691625612711516,intermediate
Prickle2,4,37.4572904838386,-1.32968796302358,intermediate
Prickle2,5,60,-0.96,final
Prkce,1,0,0,initial
Prkce,2,8.98680748513555,-2.08815269537416,intermediate
Prkce,3,12.1977739595089,0.161105352969029,intermediate
Prkce,4,42.9041061539772,-0.380876922109168,intermediate
Prkce,5,60,-0.581,final
Prkcz,1,0,0,initial
Prkcz,2,10.0885567190322,-1.94477050234089,intermediate
Prkcz,3,26,0,final
Prkg2,1,0,0,initial
Prkg2,2,10.4316954226095,-1.53254200183908,intermediate
Prkg2,3,26,-0.614,final
Prkrir,N/A,N/A,N/A,N/A
Prodh,1,0,0,initial
Prodh,2,9.63984220733714,-1.74392636787103,intermediate
Prodh,3,26,0,final
Prss8,N/A,N/A,N/A,N/A
Prss12,N/A,N/A,N/A,N/A
Pten,1,0,0,initial
Pten,2,12.9759611428101,-1.41298456987307,intermediate
Pten,3,22.4548449176693,2.63914960875404,intermediate
Pten,4,60,0.992,final
Ptgfr,1,0,0,initial
Ptgfr,2,7.09324328772079,-2.37038242359329,intermediate
Ptgfr,3,24.3440950873409,-0.0665659223029164,intermediate
Ptgfr,4,40,-0.915,final
Ptp4a1,N/A,N/A,N/A,N/A
Ptpn13,1,0,0,initial
Ptpn13,2,7.91848425478201,-1.47924229483054,intermediate
Ptpn13,3,18,0,final
Ptprm,1,0,0,initial
Ptprm,2,9.17406739473615,-2.15925195889992,intermediate
Ptprm,3,22,0,final
Ptpru,N/A,N/A,N/A,N/A
Pus1,1,0,0,initial
Pus1,2,40,0.958,final
Pvrl3,1,0,0,initial
Pvrl3,2,7.95088094730581,-2.32924751378295,intermediate
Pvrl3,3,12.1614598968372,0.560436442730651,intermediate
Pvrl3,4,44.1459575870637,-0.68307368377295,intermediate
Pvrl3,5,60,-0.59,final
Pxmp3,1,0,0,initial
Pxmp3,2,22.5852465841898,1.09801267887714,intermediate
Pxmp3,3,60,1.257,final
Rab3a,1,0,0,initial
Rab3a,2,9.41358565365135,-3.80772295245855,intermediate
Rab3a,3,15.778193396494,2.72500426308506,intermediate
Rab3a,4,37.8644744336147,-1.48371854364324,intermediate
Rab3a,5,60,0,final
Rab6b,1,0,0,initial
Rab6b,2,6.72820207497271,-2.16437031334657,intermediate
Rab6b,3,33.0794474808813,-0.190454424136889,intermediate
Rab6b,4,60,-0.658,final
Rab21,1,0,0,initial
Rab21,2,15.1299193855892,0.877490244425283,intermediate
Rab21,3,60,1.154,final
Rab44,N/A,N/A,N/A,N/A
Rabgap1,1,0,0,initial
Rabgap1,2,60,1.045,final
Rac3,1,0,0,initial
Rac3,2,8.45468637136238,-1.60510144829167,intermediate
Rac3,3,22,0,final
Rad21,1,0,0,initial
Rad21,2,13.4661967379461,-0.519717223544744,intermediate
Rad21,3,22,1.241,final
Ramp1,1,0,0,initial
Ramp1,2,7.81085569616378,-1.46176522443182,intermediate
Ramp1,3,18,0,final
Ramp2,1,0,0,initial
Ramp2,2,8.62134911550627,-1.1177899931175,intermediate
Ramp2,3,10.4537469759708,-2.46796721691819,intermediate
Ramp2,4,30.7649255013624,2.05957132303101,intermediate
Ramp2,5,41.621400133401,-1.81709765525733,intermediate
Ramp2,6,60,-0.377,final
Rap1b,N/A,N/A,N/A,N/A
Rap1gap,1,0,0,initial
Rap1gap,2,9.54165926848277,-2.49154609622467,intermediate
Rap1gap,3,20.2366528858889,2.10443589293158,intermediate
Rap1gap,4,46.6051610487488,-1.01885891690362,intermediate
Rap1gap,5,60,0.764,final
Rapgef3,N/A,N/A,N/A,N/A
Rapgef5,N/A,N/A,N/A,N/A
Rasal2,N/A,N/A,N/A,N/A
Rasgef1a,1,0,0,initial
Rasgef1a,2,6.19894027715523,-2.56473099838687,intermediate
Rasgef1a,3,15.1750072543559,0.590907423812037,intermediate
Rasgef1a,4,44.8576177350796,-1.22525606448684,intermediate
Rasgef1a,5,60,0,final
Rassf2,N/A,N/A,N/A,N/A
Rassf3,1,0,0,initial
Rassf3,2,8.32942387611674,-1.61555518340506,intermediate
Rassf3,3,22,0,final
Rb1cc1,1,0,0,initial
Rb1cc1,2,12.8128430132851,-1.71459599537819,intermediate
Rb1cc1,3,28.113718168655,0.100472029583746,intermediate
Rb1cc1,4,60,-1.072,final
Rbm47,1,0,0,initial
Rbm47,2,40,1.275,final
Rbms3,N/A,N/A,N/A,N/A
Rbmxl2,1,0,0,initial
Rbmxl2,2,6.97540405035227,-3.39105823721782,intermediate
Rbmxl2,3,14.2854990912536,1.52349720185265,intermediate
Rbmxl2,4,34.3812358646594,-1.08051721303951,intermediate
Rbmxl2,5,60,0,final
Rbp4,N/A,N/A,N/A,N/A
Rcan2,1,0,0,initial
Rcan2,2,9.00602133096045,-2.09554899261833,intermediate
Rcan2,3,22,0,final
Rcor3,1,0,0,initial
Rcor3,2,19.6586653874408,-1.60747193824237,intermediate
Rcor3,3,60,-0.893,final
Reck,1,0,0,initial
Reck,2,10.2205954121508,-2.79614036751259,intermediate
Reck,3,30.7011321835451,0.689354231304468,intermediate
Reck,4,60,-0.829,final
Reep3,1,0,0,initial
Reep3,2,6.66776145511471,0.319310243346618,intermediate
Reep3,3,29.6518347961834,-1.16941383240035,intermediate
Reep3,4,60,-1.008,final
Reep6,N/A,N/A,N/A,N/A
Refbp2,1,0,0,initial
Refbp2,2,12.0156253783367,1.22549323865276,intermediate
Refbp2,3,60,1.366,final
Retsat,N/A,N/A,N/A,N/A
Rffl,1,0,0,initial
Rffl,2,22.1427867411616,1.24386668798108,intermediate
Rffl,3,60,1.124,final
Rftn2,1,0,0,initial
Rftn2,2,11.5772380080778,-2.52629191682619,intermediate
Rftn2,3,31.2646679073019,1.46789680381073,intermediate
Rftn2,4,60,-0.7175,final
Rgnef,1,0,0,initial
Rgnef,2,8.25171233508888,-2.52201127026431,intermediate
Rgnef,3,14.1614643532773,0.23315453819903,intermediate
Rgnef,4,26,0,final
Rgs5,1,0,0,initial
Rgs5,2,15.9593685008398,-2.20852630898218,intermediate
Rgs5,3,17.9084198413825,5.49648652928743,intermediate
Rgs5,4,42.0381778364941,-1.98886735842065,intermediate
Rgs5,5,60,0,final
Rgs9,N/A,N/A,N/A,N/A
Rgs11,N/A,N/A,N/A,N/A
Rgs12,1,0,0,initial
Rgs12,2,7.7952888597897,-1.46961299177883,intermediate
Rgs12,3,15.6028852765647,-0.15976727760665,intermediate
Rgs12,4,30,-0.59,final
Rhobtb1,N/A,N/A,N/A,N/A
Rilpl1,N/A,N/A,N/A,N/A
Ripply3,1,0,0,initial
Ripply3,2,4.80536863612351,-1.71450156235139,intermediate
Ripply3,3,37.8945619974152,-0.301440362764981,intermediate
Ripply3,4,60,0,final
Rnase4,1,0,0,initial
Rnase4,2,9.34332077371974,-2.45127740464983,intermediate
Rnase4,3,22,0,final
Rnf43,1,0,0,initial
Rnf43,2,6.31590166112497,-1.72628276530146,intermediate
Rnf43,3,11.6753137516306,-0.102856565678682,intermediate
Rnf43,4,22,0,final
Rnf215,N/A,N/A,N/A,N/A
Rock2,N/A,N/A,N/A,N/A
Rora,N/A,N/A,N/A,N/A
Rps19,N/A,N/A,N/A,N/A
Rsph1,1,0,0,initial
Rsph1,2,10.9273689932869,-2.05171100653477,intermediate
Rsph1,3,30,0,final
Rsph10b2,N/A,N/A,N/A,N/A
Rtdr1,1,0,0,initial
Rtdr1,2,8.07362901329983,-2.44579893173751,intermediate
Rtdr1,3,18,0,final
Rtkn2,1,0,0,initial
Rtkn2,2,4.06108356300942,-3.2646581386579,intermediate
Rtkn2,3,20.5677594294163,-0.0499790741063711,intermediate
Rtkn2,4,40,-0.6815,final
Rusc2,1,0,0,initial
Rusc2,2,6.3017612826016,-2.44016001063783,intermediate
Rusc2,3,35.9820065204333,-0.1353909593207,intermediate
Rusc2,4,60,0,final
S1pr1,N/A,N/A,N/A,N/A
S100g,1,0,0,initial
S100g,2,6.68733529702633,-3.49683722621685,intermediate
S100g,3,9.87899305026493,-0.0456794989023759,intermediate
S100g,4,18,0,final
Samd4,1,0,0,initial
Samd4,2,9.75227906140143,-1.89753421701687,intermediate
Samd4,3,22,0,final
Scel,1,0,0,initial
Scel,2,11.8992189194126,-2.73876702010746,intermediate
Scel,3,15.6452997493262,0.248103964695323,intermediate
Scel,4,30,0,final
Scgb1a1,N/A,N/A,N/A,N/A
Scgb3a1,1,0,0,initial
Scgb3a1,2,13.2072437393638,-0.955094133744488,intermediate
Scgb3a1,3,30,1.902,final
Scgb3a2,1,0,0,initial
Scgb3a2,2,7.6503969399274,-3.1385057401749,intermediate
Scgb3a2,3,18,0,final
Scn3b,N/A,N/A,N/A,N/A
Scn5a,1,0,0,initial
Scn5a,2,8.54348269518245,-3.15150823772422,intermediate
Scn5a,3,21.5123186961191,0.961468511513877,intermediate
Scn5a,4,40,0,final
Scnn1b,1,0,0,initial
Scnn1b,2,10.379948880111,-1.93774453242493,intermediate
Scnn1b,3,30,-1,final
Scoc,1,0,0,initial
Scoc,2,23.1801837813072,-1.80094392860064,intermediate
Scoc,3,23.9283494089078,1.90211989195697,intermediate
Scoc,4,35.286116663655,1.08121743802425,intermediate
Scoc,5,60,0.922,final
Scrn1,1,0,0,initial
Scrn1,2,9.14104748384653,-2.302620837889,intermediate
Scrn1,3,22,0,final
Scube2,N/A,N/A,N/A,N/A
Sdpr,1,0,0,initial
Sdpr,2,6.86409747784844,-3.8311125477313,intermediate
Sdpr,3,22.6164871528036,2.54561908622764,intermediate
Sdpr,4,34.2931764539003,-1.59992634069612,intermediate
Sdpr,5,60,0,final
Sec14l3,1,0,0,initial
Sec14l3,2,6.25861686094711,-2.36644922728017,intermediate
Sec14l3,3,18,-1.234,final
Sec14l4,1,0,0,initial
Sec14l4,2,9.24068130922777,-2.79004081289039,intermediate
Sec14l4,3,22,0,final
Selenbp1,1,0,0,initial
Selenbp1,2,9.19326469684083,-2.01982391364715,intermediate
Selenbp1,3,22,0,final
Selenbp2,1,0,0,initial
Selenbp2,2,9.60550869043116,-2.69679271969477,intermediate
Selenbp2,3,22.5116435865112,0.58386859650357,intermediate
Selenbp2,4,40,0,final
Sema3c,N/A,N/A,N/A,N/A
Sema3e,N/A,N/A,N/A,N/A
Sema3g,1,0,0,initial
Sema3g,2,7.90617348252918,-3.28196779165032,intermediate
Sema3g,3,18.5532470322856,1.00903732856401,intermediate
Sema3g,4,30,-0.826,final
Sema6a,N/A,N/A,N/A,N/A
Sema6d,1,0,0,initial
Sema6d,2,13.4061962686854,-1.83064571084521,intermediate
Sema6d,3,36.2537079568089,1.31532489813409,intermediate
Sema6d,4,60,1.019,final
Senp6,N/A,N/A,N/A,N/A
Sepp1,1,0,0,initial
Sepp1,2,6.29218903383101,-2.81095867592293,intermediate
Sepp1,3,22.117935676677,2.06033889986722,intermediate
Sepp1,4,38.4521302750895,-1.48785763254411,intermediate
Sepp1,5,60,0,final
Sept4,1,0,0,initial
Sept4,2,6.08210885663553,-2.23002153687365,intermediate
Sept4,3,13.7454371728904,0.60209954549905,intermediate
Sept4,4,43.2774461028564,-0.767137664689512,intermediate
Sept4,5,60,-0.648,final
Sept11,1,0,0,initial
Sept11,2,19.6340493170921,-0.634052757755791,intermediate
Sept11,3,21.3416407458789,1.05700752182515,intermediate
Sept11,4,40,0.981,final
Serinc1,1,0,0,initial
Serinc1,2,8.9895599840249,-1.51111626785023,intermediate
Serinc1,3,22,0,final
Serpina9,N/A,N/A,N/A,N/A
Sertad2,N/A,N/A,N/A,N/A
Set,N/A,N/A,N/A,N/A
Setx,N/A,N/A,N/A,N/A
Sfrp2,1,0,0,initial
Sfrp2,2,8.59693557284258,-0.574199669210334,intermediate
Sfrp2,3,41.3712110383442,2.50378524680292,intermediate
Sfrp2,4,60,0,final
Sftpb,N/A,N/A,N/A,N/A
Sgce,1,0,0,initial
Sgce,2,9.89485739333683,-1.55256631650283,intermediate
Sgce,3,22,0,final
Sgip1,1,0,0,initial
Sgip1,2,5.28165046073389,-1.96632585614424,intermediate
Sgip1,3,34.9631989971196,-0.275815394250461,intermediate
Sgip1,4,60,0,final
Sh3bgr,N/A,N/A,N/A,N/A
Sh3bgrl,1,0,0,initial
Sh3bgrl,2,12.626515501012,-1.91078026431602,intermediate
Sh3bgrl,3,22,1.199,final
Sh3bp5,N/A,N/A,N/A,N/A
Sh3tc2,N/A,N/A,N/A,N/A
Shank3,N/A,N/A,N/A,N/A
Shisa2,1,0,0,initial
Shisa2,2,5.20465855861613,-2.63134290349012,intermediate
Shisa2,3,8.68579986065493,-0.101810606186873,intermediate
Shisa2,4,14,0,final
Siglec5,N/A,N/A,N/A,N/A
Sik1,N/A,N/A,N/A,N/A
Sirt1,N/A,N/A,N/A,N/A
Six1,1,0,0,initial
Six1,2,40,1.153,final
Slain1,1,0,0,initial
Slain1,2,60,1.144,final
Slain2,1,0,0,initial
Slain2,2,8.85398670421848,-1.4672435625198,intermediate
Slain2,3,22,0,final
Slc2a4,N/A,N/A,N/A,N/A
Slc2a12,N/A,N/A,N/A,N/A
Slc4a5,1,0,0,initial
Slc4a5,2,7.86888957167383,-4.04269999655258,intermediate
Slc4a5,3,30.3302584574801,1.9182884743055,intermediate
Slc4a5,4,60,0,final
Slc5a9,1,0,0,initial
Slc5a9,2,13.9099473230579,0.092070037794458,intermediate
Slc5a9,3,25.5167088309256,2.42908975570533,intermediate
Slc5a9,4,60,0.961,final
Slc5a12,1,0,0,initial
Slc5a12,2,5.22502049728558,-2.36355579405404,intermediate
Slc5a12,3,35.2181936201519,-0.16887172774422,intermediate
Slc5a12,4,60,-1.163,final
Slc6a2,N/A,N/A,N/A,N/A
Slc6a4,1,0,0,initial
Slc6a4,2,7.74251777459099,-2.45551928753885,intermediate
Slc6a4,3,33.4933651241198,0.465171122881832,intermediate
Slc6a4,4,60,0,final
Slc6a9,1,0,0,initial
Slc6a9,2,9.75055091504323,-1.4762649833408,intermediate
Slc6a9,3,22,0,final
Slc6a20a,1,0,0,initial
Slc6a20a,2,60,2.039,final
Slc7a4,N/A,N/A,N/A,N/A
Slc7a10,N/A,N/A,N/A,N/A
Slc10a6,N/A,N/A,N/A,N/A
Slc12a5,N/A,N/A,N/A,N/A
Slc15a2,1,0,0,initial
Slc15a2,2,15.8129733449521,-1.14136437083898,intermediate
Slc15a2,3,34.2564790904868,2.87578222082798,intermediate
Slc15a2,4,60,0,final
Slc16a2,N/A,N/A,N/A,N/A
Slc16a9,1,0,0,initial
Slc16a9,2,3.76650725454505,-2.17226113198443,intermediate
Slc16a9,3,29.4695873204028,0.784545998848205,intermediate
Slc16a9,4,31.9903513016807,-0.303387036540178,intermediate
Slc16a9,5,60,-0.364,final
Slc16a11,1,0,0,initial
Slc16a11,2,7.09452280865759,-4.36239312753431,intermediate
Slc16a11,3,16.7723851680581,4.25491250572734,intermediate
Slc16a11,4,44.838209451411,-1.88522038872003,intermediate
Slc16a11,5,60,0.683,final
Slc22a23,1,0,0,initial
Slc22a23,2,8.88240234249428,-1.7394363481282,intermediate
Slc22a23,3,22,0,final
Slc23a1,1,0,0,initial
Slc23a1,2,8.61190080793462,-2.13546543383326,intermediate
Slc23a1,3,23.4978223465684,0.601355502872396,intermediate
Slc23a1,4,40,0,final
Slc24a3,1,0,0,initial
Slc24a3,2,8.69553932828603,-1.80361554776323,intermediate
Slc24a3,3,22,-0.584,final
Slc25a3,N/A,N/A,N/A,N/A
Slc27a1,1,0,0,initial
Slc27a1,2,21.4764665052778,-0.479761788595264,intermediate
Slc27a1,3,22.2948312645871,2.22827614073723,intermediate
Slc27a1,4,60,1.283,final
Slc28a3,1,0,0,initial
Slc28a3,2,40,1.015,final
Slc34a2,1,0,0,initial
Slc34a2,2,12.6258248193699,-1.98514551557585,intermediate
Slc34a2,3,19.7594397210081,1.93941703698254,intermediate
Slc34a2,4,40,0.987,final
Slc35f3,1,0,0,initial
Slc35f3,2,2.75760390128555,-2.25394284772865,intermediate
Slc35f3,3,37.9203543850957,-0.03819385632419,intermediate
Slc35f3,4,60,0,final
Slc38a4,1,0,0,initial
Slc38a4,2,6.83392282584562,-3.14637791336884,intermediate
Slc38a4,3,34.2555864949741,-0.0458287370834329,intermediate
Slc38a4,4,60,-0.614,final
Slc38a5,N/A,N/A,N/A,N/A
Slc39a8,1,0,0,initial
Slc39a8,2,13.4347758924752,-1.85050367809308,intermediate
Slc39a8,3,30,0.227,final
Slc44a3,N/A,N/A,N/A,N/A
Slc47a1,1,0,0,initial
Slc47a1,2,12.297552707328,-2.13492864468535,intermediate
Slc47a1,3,30.0192246351724,1.00370132808276,intermediate
Slc47a1,4,60,-0.419,final
Slco2a1,N/A,N/A,N/A,N/A
Slco2b1,1,0,0,initial
Slco2b1,2,7.62544145402152,-2.12534110046664,intermediate
Slco2b1,3,37.079451516133,1.53338840987752,intermediate
Slco2b1,4,60,0.74,final
Slk,1,0,0,initial
Slk,2,20.0275948407309,-1.49290902336721,intermediate
Slk,3,60,-0.2905,final
Slpi,1,0,0,initial
Slpi,2,1.23561058255067,4.94898576629944,intermediate
Slpi,3,15.1627299444199,-8.56345976286925,intermediate
Slpi,4,20.513905419694,12.1945402549339,intermediate
Slpi,5,42.6236174880654,-1.59873478298602,intermediate
Slpi,6,60,2.147,final
Smad1,N/A,N/A,N/A,N/A
Smad6,1,0,0,initial
Smad6,2,8.35814493139153,-3.77850752568947,intermediate
Smad6,3,29.7683000515154,1.53569040094217,intermediate
Smad6,4,60,-0.539,final
Smarca2,N/A,N/A,N/A,N/A
Smurf2,1,0,0,initial
Smurf2,2,16.617274694652,-1.88204463184984,intermediate
Smurf2,3,60,-1.723,final
Snca,N/A,N/A,N/A,N/A
Sned1,N/A,N/A,N/A,N/A
Snhg11,1,0,0,initial
Snhg11,2,7.52516665856234,-2.16195617840374,intermediate
Snhg11,3,18,-0.715,final
Snrk,N/A,N/A,N/A,N/A
Snrpf,1,0,0,initial
Snrpf,2,23.0108460766508,1.37926823120671,intermediate
Snrpf,3,60,0.943,final
Sntn,1,0,0,initial
Sntn,2,10.3412930979046,-2.29437891619279,intermediate
Sntn,3,26,0,final
Snx7,N/A,N/A,N/A,N/A
Snx21,1,0,0,initial
Snx21,2,5.67346646229542,-1.88245530863047,intermediate
Snx21,3,34.7607881736316,-0.110901625447582,intermediate
Snx21,4,60,-0.549,final
Snx25,1,0,0,initial
Snx25,2,8.79745741463157,-1.82324616864467,intermediate
Snx25,3,22,0,final
Socs2,N/A,N/A,N/A,N/A
Sorbs1,1,0,0,initial
Sorbs1,2,10.92699614411,-1.97900193282059,intermediate
Sorbs1,3,29.3146591814004,-0.0570918387422278,intermediate
Sorbs1,4,60,0,final
Sorbs3,1,0,0,initial
Sorbs3,2,7.59909310942473,-1.92512777673301,intermediate
Sorbs3,3,34.4821890763491,-0.374649021701894,intermediate
Sorbs3,4,60,-0.574,final
Sord,1,0,0,initial
Sord,2,8.76507242869081,-1.89630671670321,intermediate
Sord,3,22,0,final
Sox7,1,0,0,initial
Sox7,2,8.99210582539728,-2.27436901783341,intermediate
Sox7,3,21.3594572562642,0.730413830040404,intermediate
Sox7,4,40,0,final
Sox13,N/A,N/A,N/A,N/A
Sox18,1,0,0,initial
Sox18,2,8.29556336501529,-1.77847351190037,intermediate
Sox18,3,18,0,final
Sox21,1,0,0,initial
Sox21,2,23.4501529532298,2.02275500635119,intermediate
Sox21,3,60,1.394,final
Spag6,1,0,0,initial
Spag6,2,9.89831825561264,-2.42892745671904,intermediate
Spag6,3,30,0,final
Spag16,1,0,0,initial
Spag16,2,9.74086931138108,-2.68772856014894,intermediate
Spag16,3,37.3294949918923,0.988069584531937,intermediate
Spag16,4,60,0.613,final
Spata17,1,0,0,initial
Spata17,2,8.93064807689502,-1.67911878336494,intermediate
Spata17,3,36.5268322875991,0.62340629530594,intermediate
Spata17,4,60,0.548,final
Specc1l,1,0,0,initial
Specc1l,2,11.8169591916258,-1.44613567944009,intermediate
Specc1l,3,40,-0.8825,final
Spef1,N/A,N/A,N/A,N/A
Sphk1,N/A,N/A,N/A,N/A
Spnb1,1,0,0,initial
Spnb1,2,13.3023469771155,-2.06784259029024,intermediate
Spnb1,3,26.6742799965057,0.275463837140295,intermediate
Spnb1,4,60,-0.746,final
Spnb2,1,0,0,initial
Spnb2,2,13.9149964268171,-1.93831287418667,intermediate
Spnb2,3,60,-1.484,final
Spry1,1,0,0,initial
Spry1,2,3.41801323882253,-2.25051279302243,intermediate
Spry1,3,32.0050680252553,1.65979157355443,intermediate
Spry1,4,60,-0.554,final
Srcin1,1,0,0,initial
Srcin1,2,7.33157675605377,-2.36457439407134,intermediate
Srcin1,3,24.3912752719374,0.61758759532631,intermediate
Srcin1,4,40,0,final
Srl,1,0,0,initial
Srl,2,9.40607119301805,-2.37056032226301,intermediate
Srl,3,11.6640658987947,1.45128893406027,intermediate
Srl,4,25.1727067220065,-3.83756031574284,intermediate
Srl,5,41.5570044202,0.326129699084776,intermediate
Srl,6,60,-1.295,final
Srp9,1,0,0,initial
Srp9,2,22.5290844574934,1.27187026566638,intermediate
Srp9,3,60,1.1255,final
Srrm2,N/A,N/A,N/A,N/A
Srsf1,1,0,0,initial
Srsf1,2,22.4712427992238,1.15284406438963,intermediate
Srsf1,3,60,0.888,final
Ssfa2,1,0,0,initial
Ssfa2,2,21.802632335434,-0.429195986507869,intermediate
Ssfa2,3,22.5003162939372,1.9206608747375,intermediate
Ssfa2,4,60,1.002,final
Stard8,N/A,N/A,N/A,N/A
Stat5a,1,0,0,initial
Stat5a,2,16.4494720464185,0.952607833435877,intermediate
Stat5a,3,60,1.023,final
Stk35,N/A,N/A,N/A,N/A
Stmn2,N/A,N/A,N/A,N/A
Stox2,N/A,N/A,N/A,N/A
Stx3,1,0,0,initial
Stx3,2,14.8606616323252,-1.95956096176864,intermediate
Stx3,3,60,0,final
Stxbp3a,N/A,N/A,N/A,N/A
Sult1a1,1,0,0,initial
Sult1a1,2,9.87367146010549,-2.98309456954187,intermediate
Sult1a1,3,16.0288905595188,-0.0100001255113941,intermediate
Sult1a1,4,43.097543433134,-1.00271991351289,intermediate
Sult1a1,5,60,-0.578,final
Sult1d1,1,0,0,initial
Sult1d1,2,7.16674529673925,-4.08523001130124,intermediate
Sult1d1,3,34.5347349826173,4.07445080427598,intermediate
Sult1d1,4,60,0.589,final
Sun1,1,0,0,initial
Sun1,2,9.41700648196633,-1.68513798413883,intermediate
Sun1,3,22,0,final
Supt16h,1,0,0,initial
Supt16h,2,60,1.222,final
Svil,N/A,N/A,N/A,N/A
Svip,1,0,0,initial
Svip,2,6.35030297269348,-2.38948790840813,intermediate
Svip,3,30.5436610723522,0.292576661108292,intermediate
Svip,4,60,-0.398,final
Syn3,N/A,N/A,N/A,N/A
Syne1,1,0,0,initial
Syne1,2,4.32531967234377,-1.92211135198434,intermediate
Syne1,3,23.2691645061742,0.100008556513449,intermediate
Syne1,4,36.1702540100509,-0.910635266009617,intermediate
Syne1,5,60,-0.79,final
Syne2,1,0,0,initial
Syne2,2,5.59515205717806,-2.26456783400145,intermediate
Syne2,3,31.6844867119554,0.0723457121127437,intermediate
Syne2,4,60,-1.036,final
Synm,1,0,0,initial
Synm,2,5.88820303822229,-3.47326716211631,intermediate
Synm,3,32.6762323116413,0.842975725950162,intermediate
Synm,4,60,-0.506,final
Syt7,1,0,0,initial
Syt7,2,5.45034947484875,-2.44198820974657,intermediate
Syt7,3,12.1750641829939,0.647207635850381,intermediate
Syt7,4,47.1259095457019,-1.34978196185737,intermediate
Syt7,5,60,0,final
Tacc1,N/A,N/A,N/A,N/A
Tanc1,N/A,N/A,N/A,N/A
Tanc2,N/A,N/A,N/A,N/A
Taok1,1,0,0,initial
Taok1,2,12.4436820276519,-1.94115986707716,intermediate
Taok1,3,17.6008941165493,2.11281174639244,intermediate
Taok1,4,30,0.3645,final
Tbc1d30,N/A,N/A,N/A,N/A
Tbx2,N/A,N/A,N/A,N/A
Tbx3,1,0,0,initial
Tbx3,2,7.19285622225273,-2.49571968799976,intermediate
Tbx3,3,17.2930230037464,-0.376072821276036,intermediate
Tbx3,4,30,-0.778,final
Tceal1,1,0,0,initial
Tceal1,2,9.31867630749239,-1.55317242632925,intermediate
Tceal1,3,26,0,final
Tcf21,1,0,0,initial
Tcf21,2,10.585664106003,-2.18101596248774,intermediate
Tcf21,3,22,0,final
Tcf25,N/A,N/A,N/A,N/A
Tcfcp2l1,1,0,0,initial
Tcfcp2l1,2,14.9060050403706,-1.20385600709114,intermediate
Tcfcp2l1,3,40,-1.131,final
Tcn2,N/A,N/A,N/A,N/A
Tcta,N/A,N/A,N/A,N/A
Tef,1,0,0,initial
Tef,2,9.9965113321409,-1.38405616279768,intermediate
Tef,3,40,-0.7075,final
Tek,1,0,0,initial
Tek,2,6.8207692872823,-2.55121399580607,intermediate
Tek,3,34.906367474718,0.138635617079165,intermediate
Tek,4,60,0,final
Tekt1,N/A,N/A,N/A,N/A
Tekt2,1,0,0,initial
Tekt2,2,8.76320678079783,-2.17924616845478,intermediate
Tekt2,3,22,0,final
Tenc1,1,0,0,initial
Tenc1,2,8.29050418389564,-2.87047787748564,intermediate
Tenc1,3,35.0244732120243,-0.437321665626283,intermediate
Tenc1,4,60,-0.546,final
Tfdp2,N/A,N/A,N/A,N/A
Thbd,1,0,0,initial
Thbd,2,9.52534480299759,-3.10145731909808,intermediate
Thbd,3,16.47466474067,1.91496886378633,intermediate
Thbd,4,39.04760948313,-1.02363400994894,intermediate
Thbd,5,60,0,final
Thbs3,1,0,0,initial
Thbs3,2,7.43980383585006,-3.42435720978871,intermediate
Thbs3,3,9.17332678152212,-0.294296757110039,intermediate
Thbs3,4,18,0,final
Thoc4,N/A,N/A,N/A,N/A
Thra,1,0,0,initial
Thra,2,6.22831338933118,-2.31527918449393,intermediate
Thra,3,31.3685864898172,0.363826072442959,intermediate
Thra,4,60,-0.8145,final
Thrb,1,0,0,initial
Thrb,2,9.01805520402748,-1.47922632117257,intermediate
Thrb,3,22,0,final
Thsd4,1,0,0,initial
Thsd4,2,18.2027008019504,-1.61804186035968,intermediate
Thsd4,3,60,-1.56,final
Tie1,1,0,0,initial
Tie1,2,9.77229143607595,-3.25567441713501,intermediate
Tie1,3,10.9624350476938,1.62070456245199,intermediate
Tie1,4,42.4797686216008,-0.235640326524542,intermediate
Tie1,5,60,-0.646,final
Timp2,1,0,0,initial
Timp2,2,9.40056829240159,-2.29807852374655,intermediate
Timp2,3,27.0726236211478,-0.0715222898691088,intermediate
Timp2,4,60,-1.132,final
Timp3,N/A,N/A,N/A,N/A
Tinag,N/A,N/A,N/A,N/A
Tjp1,N/A,N/A,N/A,N/A
Tle1,N/A,N/A,N/A,N/A
Tle2,1,0,0,initial
Tle2,2,7.30608306585906,-2.65093269396446,intermediate
Tle2,3,18,0,final
Tln2,1,0,0,initial
Tln2,2,5.69804578572847,-2.06979634357751,intermediate
Tln2,3,15.4418749488254,-0.253783981238776,intermediate
Tln2,4,26,-0.654,final
Tmcc2,1,0,0,initial
Tmcc2,2,17.052188487868,-1.73381355554918,intermediate
Tmcc2,3,60,-0.684,final
Tmcc3,1,0,0,initial
Tmcc3,2,6.82072042021604,-2.21138888012056,intermediate
Tmcc3,3,23.2044457273267,-0.254827362243059,intermediate
Tmcc3,4,40,-0.7615,final
Tmed2,1,0,0,initial
Tmed2,2,22.0455192869916,1.16506976466487,intermediate
Tmed2,3,60,1.126,final
Tmeff2,1,0,0,initial
Tmeff2,2,9.57984078065557,-2.23700807813209,intermediate
Tmeff2,3,26,-0.8045,final
Tmem2,N/A,N/A,N/A,N/A
Tmem35,1,0,0,initial
Tmem35,2,6.32181085627757,-2.43630102046278,intermediate
Tmem35,3,23.6035539554144,1.65265415495554,intermediate
Tmem35,4,40,0,final
Tmem38a,N/A,N/A,N/A,N/A
Tmem38b,1,0,0,initial
Tmem38b,2,21.5837941031157,0.793903302559634,intermediate
Tmem38b,3,60,1.42,final
Tmem42,N/A,N/A,N/A,N/A
Tmem44,1,0,0,initial
Tmem44,2,8.54106908095002,-2.71764132978958,intermediate
Tmem44,3,13.0933867931122,1.76177915100647,intermediate
Tmem44,4,25.1915557602066,-1.00410851850464,intermediate
Tmem44,5,40,0,final
Tmem49,1,0,0,initial
Tmem49,2,16.735985842565,0.877317716699302,intermediate
Tmem49,3,60,0.885,final
Tmem100,1,0,0,initial
Tmem100,2,7.78096064977487,-4.00720205566182,intermediate
Tmem100,3,16.4040029688288,0.509551520023722,intermediate
Tmem100,4,30,-0.653,final
Tmem109,1,0,0,initial
Tmem109,2,10.8470621769765,-1.92933998965039,intermediate
Tmem109,3,29.024446642122,0.839183020400779,intermediate
Tmem109,4,60,0,final
Tmem110,1,0,0,initial
Tmem110,2,7.18824463839583,-1.6113787438314,intermediate
Tmem110,3,18,0,final
Tmem123,1,0,0,initial
Tmem123,2,23.3516862829002,1.4289125575995,intermediate
Tmem123,3,60,1.133,final
Tmem132d,1,0,0,initial
Tmem132d,2,7.87330861637324,-2.15291949867152,intermediate
Tmem132d,3,15.8224732426667,-0.384035844887718,intermediate
Tmem132d,4,30,-0.926,final
Tmem159,1,0,0,initial
Tmem159,2,8.82488126942695,-1.49597691788572,intermediate
Tmem159,3,22,0,final
Tmem204,1,0,0,initial
Tmem204,2,7.72985159002819,-3.28072816096124,intermediate
Tmem204,3,21.0576852640317,0.156274287490998,intermediate
Tmem204,4,40,-0.671,final
Tmem205,N/A,N/A,N/A,N/A
Tmem210,1,0,0,initial
Tmem210,2,18.8904346536573,-1.82555703362198,intermediate
Tmem210,3,22.7973298776212,5.07774005998475,intermediate
Tmem210,4,33.7611855568665,-2.30536756245101,intermediate
Tmem210,5,60,0.94,final
Tmod1,1,0,0,initial
Tmod1,2,8.32075246752975,-2.11693934893096,intermediate
Tmod1,3,12.3415222549187,-0.218257542468737,intermediate
Tmod1,4,43.7076804323847,-0.405825628345412,intermediate
Tmod1,5,60,-0.634,final
Tmprss2,N/A,N/A,N/A,N/A
Tnfrsf25,1,0,0,initial
Tnfrsf25,2,2.26756206481547,-1.97516294809662,intermediate
Tnfrsf25,3,8.67837677955794,-0.0418221475277549,intermediate
Tnfrsf25,4,14,0,final
Tnni3,1,0,0,initial
Tnni3,2,7.49777689423309,-2.58980635926672,intermediate
Tnni3,3,33.3746857467078,0.0622664149552271,intermediate
Tnni3,4,60,-0.9395,final
Tns1,N/A,N/A,N/A,N/A
Tnxb,1,0,0,initial
Tnxb,2,9.14661986915393,-3.10374791227289,intermediate
Tnxb,3,9.35854209459972,1.13935116095169,intermediate
Tnxb,4,21.4943520029584,-0.356436283881689,intermediate
Tnxb,5,45.5439802582802,-1.09959845610497,intermediate
Tnxb,6,60,0,final
Tob1,1,0,0,initial
Tob1,2,9.14466504582928,-1.6096353947285,intermediate
Tob1,3,22,0,final
Tpcn1,1,0,0,initial
Tpcn1,2,4.47131777784806,-2.23026738434985,intermediate
Tpcn1,3,14.5795970613017,1.26618208884369,intermediate
Tpcn1,4,25.47650724741,-0.728792451257091,intermediate
Tpcn1,5,40,0,final
Tppp3,1,0,0,initial
Tppp3,2,6.43383308090682,-3.30281768450833,intermediate
Tppp3,3,16.6967792022718,0.225600751323785,intermediate
Tppp3,4,30,0,final
Tppp,1,0,0,initial
Tppp,2,8.83343216588798,-1.9916387288131,intermediate
Tppp,3,22,0,final
Tril,N/A,N/A,N/A,N/A
Trim2,N/A,N/A,N/A,N/A
Trim41,N/A,N/A,N/A,N/A
Trim63,1,0,0,initial
Trim63,2,15.1754328852392,-2.07238037087056,intermediate
Trim63,3,27.7747301242849,0.488509901263931,intermediate
Trim63,4,60,-1,final
Trnp1,1,0,0,initial
Trnp1,2,8.93353978963406,-1.9762289508235,intermediate
Trnp1,3,22,0,final
Trp53bp2,1,0,0,initial
Trp53bp2,2,4.33406620183921,-2.1946011516058,intermediate
Trp53bp2,3,34.604640831454,0.500293333691428,intermediate
Trp53bp2,4,60,0,final
Trp53inp1,1,0,0,initial
Trp53inp1,2,13.9830237352835,0.09466560564403,intermediate
Trp53inp1,3,28.805895192247,1.41609945365805,intermediate
Trp53inp1,4,60,0.852,final
Trpc3,1,0,0,initial
Trpc3,2,7.46836112600681,-1.41822400487605,intermediate
Trpc3,3,18,0,final
Trpm5,1,0,0,initial
Trpm5,2,40,1.085,final
Tsc22d3,N/A,N/A,N/A,N/A
Tspan2,1,0,0,initial
Tspan2,2,6.29492706698807,-3.76160210879548,intermediate
Tspan2,3,21.4504343065736,2.60462025892652,intermediate
Tspan2,4,36.1736750397814,-1.44130611760182,intermediate
Tspan2,5,60,0,final
Tspan7,1,0,0,initial
Tspan7,2,9.4927386824182,-2.19003948050582,intermediate
Tspan7,3,26,-0.557,final
Tspan12,1,0,0,initial
Tspan12,2,9.85343359183197,-2.11924987820314,intermediate
Tspan12,3,26,0,final
Tspan13,N/A,N/A,N/A,N/A
Tspan18,1,0,0,initial
Tspan18,2,8.3713643575752,-2.91262192042849,intermediate
Tspan18,3,22,-0.607,final
Ttc5,1,0,0,initial
Ttc5,2,21.9616123517412,1.29177705515846,intermediate
Ttc5,3,60,1.052,final
Ttc16,N/A,N/A,N/A,N/A
Ttc18,1,0,0,initial
Ttc18,2,10.4681092913161,-1.88364396280855,intermediate
Ttc18,3,30,0,final
Ttc25,N/A,N/A,N/A,N/A
Ttc28,1,0,0,initial
Ttc28,2,12.1849768487553,-1.89641124397918,intermediate
Ttc28,3,60,-0.7315,final
Ttc29,1,0,0,initial
Ttc29,2,9.19992921637,-2.31259436813956,intermediate
Ttc29,3,22,0,final
Ttll6,1,0,0,initial
Ttll6,2,5.84989346748914,-2.71099799777595,intermediate
Ttll6,3,35.2849006883185,0.607578506571632,intermediate
Ttll6,4,60,0,final
Txndc5,1,0,0,initial
Txndc5,2,24.1401131876274,1.33444289241837,intermediate
Txndc5,3,60,1.003,final
Txnip,1,0,0,initial
Txnip,2,3.63993424876543,-2.1682330450887,intermediate
Txnip,3,33.6547072458389,1.67050206241081,intermediate
Txnip,4,60,1.037,final
Txnrd3,1,0,0,initial
Txnrd3,2,9.05842467281139,-1.76826437160219,intermediate
Txnrd3,3,22,0,final
U46068,N/A,N/A,N/A,N/A
Ube2b,N/A,N/A,N/A,N/A
Ube2g1,1,0,0,initial
Ube2g1,2,11.1032858704365,-0.335357624894528,intermediate
Ube2g1,3,16.5336847632194,-1.3981257803097,intermediate
Ube2g1,4,17.3262990025189,2.44244894908055,intermediate
Ube2g1,5,30,0.888,final
Ucp3,N/A,N/A,N/A,N/A
Ugt2b34,N/A,N/A,N/A,N/A
Umod,1,0,0,initial
Umod,2,25.9025436387768,1.03271149470492,intermediate
Umod,3,60,0.779,final
Unc13b,1,0,0,initial
Unc13b,2,8.70501028121031,-1.47620295644496,intermediate
Unc13b,3,22,0,final
Unc45b,N/A,N/A,N/A,N/A
Unc79,1,0,0,initial
Unc79,2,1.53121379876582,-3.02444945312664,intermediate
Unc79,3,37.2495232526694,0.258064763705481,intermediate
Unc79,4,60,-0.425,final
Upk2,1,0,0,initial
Upk2,2,0.992617419962408,-2.20293188758752,intermediate
Upk2,3,29.3672765000719,1.12366915526418,intermediate
Upk2,4,60,-0.46,final
Upk3b,N/A,N/A,N/A,N/A
Ushbp1,N/A,N/A,N/A,N/A
Usp54,1,0,0,initial
Usp54,2,7.05116337183809,-1.66379722166737,intermediate
Usp54,3,32.3194788795337,-0.197788650844955,intermediate
Usp54,4,60,-0.446,final
Utrn,1,0,0,initial
Utrn,2,7.23696774990444,-2.03819580776814,intermediate
Utrn,3,22.1018042828232,-0.142293043157204,intermediate
Utrn,4,40,-0.631,final
Vapb,N/A,N/A,N/A,N/A
Vegfa,1,0,0,initial
Vegfa,2,8.56459559166674,-2.66503951860239,intermediate
Vegfa,3,12.9679013871835,0.531279462488995,intermediate
Vegfa,4,43.4857124613489,-1.08905732179844,intermediate
Vegfa,5,60,-0.874,final
Vegfb,1,0,0,initial
Vegfb,2,6.68123466191259,-2.66972728763711,intermediate
Vegfb,3,9.74733191963603,-0.286949575175814,intermediate
Vegfb,4,18,0,final
Vldlr,1,0,0,initial
Vldlr,2,8.43222131937481,-1.91690697075465,intermediate
Vldlr,3,22,0,final
Vmac,N/A,N/A,N/A,N/A
Vpreb3,1,0,0,initial
Vpreb3,2,7.80368105062196,-2.47408467904926,intermediate
Vpreb3,3,22,0,final
Vsnl1,N/A,N/A,N/A,N/A
Vtn,1,0,0,initial
Vtn,2,6.61543792451243,-1.92847346230448,intermediate
Vtn,3,24.9845752338338,-0.128636610110878,intermediate
Vtn,4,40,-0.786,final
Wdfy3,1,0,0,initial
Wdfy3,2,13.4565791153548,-1.67463704976542,intermediate
Wdfy3,3,28.1101995821572,-0.0988100455512873,intermediate
Wdfy3,4,60,-1.378,final
Wdr52,1,0,0,initial
Wdr52,2,6.16493433284149,-2.49765997820749,intermediate
Wdr52,3,23.5682211940224,0.396844836204157,intermediate
Wdr52,4,40,0,final
Wdr63,1,0,0,initial
Wdr63,2,11.0240331833091,-1.92509580324192,intermediate
Wdr63,3,30,0,final
Wdr65,1,0,0,initial
Wdr65,2,6.72801002554193,-2.55981253513153,intermediate
Wdr65,3,15.1922474668567,-0.0919186954316527,intermediate
Wdr65,4,26,0,final
Wdr69,1,0,0,initial
Wdr69,2,6.58653220682504,-2.01267924259861,intermediate
Wdr69,3,32.7978605617684,0.557408204751377,intermediate
Wdr69,4,60,0,final
Wdr72,1,0,0,initial
Wdr72,2,14.2723471702427,-1.10949161863638,intermediate
Wdr72,3,32.5716423618001,2.57362860505046,intermediate
Wdr72,4,60,1,final
Wdr96,1,0,0,initial
Wdr96,2,8.86416705661173,-2.28765761094174,intermediate
Wdr96,3,20.9847465367601,0.746196991761714,intermediate
Wdr96,4,40,0,final
Wif1,1,0,0,initial
Wif1,2,4.2885773874827,-2.26769405838209,intermediate
Wif1,3,37.4398074413446,-0.306784277455441,intermediate
Wif1,4,60,-0.748,final
Wnt2,1,0,0,initial
Wnt2,2,8.09892088290228,-3.5747033809208,intermediate
Wnt2,3,21.5210172272946,1.5870869616908,intermediate
Wnt2,4,35.9989531005081,-0.288305094661864,intermediate
Wnt2,5,60,-0.913,final
Wnt10b,1,0,0,initial
Wnt10b,2,5.62933940602561,-2.36336707537535,intermediate
Wnt10b,3,34.7248456430148,0.196662353448432,intermediate
Wnt10b,4,60,-0.652,final
Wsb1,1,0,0,initial
Wsb1,2,17.1193777215287,0.876340801542683,intermediate
Wsb1,3,60,0.748,final
Wscd1,N/A,N/A,N/A,N/A
Wwc1,1,0,0,initial
Wwc1,2,9.9382512299166,-2.02217564866148,intermediate
Wwc1,3,26,0,final
Wwc2,N/A,N/A,N/A,N/A
Wwp1,1,0,0,initial
Wwp1,2,13.6920836776464,-1.42941592311682,intermediate
Wwp1,3,21.5160049660808,-0.145955908031396,intermediate
Wwp1,4,40,-0.997,final
Ywhaz,1,0,0,initial
Ywhaz,2,21.4090227556436,1.03467719661442,intermediate
Ywhaz,3,60,1.026,final
Zbtb4,1,0,0,initial
Zbtb4,2,7.82653295544173,-2.01947366476674,intermediate
Zbtb4,3,18.215888594385,0.360982403140969,intermediate
Zbtb4,4,30,0,final
Zbtb20,N/A,N/A,N/A,N/A
Zdhhc1,1,0,0,initial
Zdhhc1,2,8.73481588920813,-2.00865344394235,intermediate
Zdhhc1,3,22,0,final
Zfp266,1,0,0,initial
Zfp266,2,6.32296995166299,-1.66073534507693,intermediate
Zfp266,3,8.22215951551651,-0.203835273645091,intermediate
Zfp266,4,14,0,final
Zfp319,1,0,0,initial
Zfp319,2,9.05807162887262,-1.78550906647079,intermediate
Zfp319,3,29.7522607325709,-0.164502282459922,intermediate
Zfp319,4,60,-0.509,final
Zfp462,N/A,N/A,N/A,N/A
Zfp579,1,0,0,initial
Zfp579,2,6.64864916482308,-2.37674992875153,intermediate
Zfp579,3,15.4168998697843,0.81906257969324,intermediate
Zfp579,4,25.6794424678325,-0.596438759287845,intermediate
Zfp579,5,40,0,final
Zfp612,N/A,N/A,N/A,N/A
Zfp641,1,0,0,initial
Zfp641,2,7.98709864815149,-2.82792185577221,intermediate
Zfp641,3,36.2055975230884,1.06660777224114,intermediate
Zfp641,4,60,-0.52,final
Zfyve21,N/A,N/A,N/A,N/A
Zhx3,N/A,N/A,N/A,N/A
Zmat4,N/A,N/A,N/A,N/A
Zmynd10,N/A,N/A,N/A,N/A
Zrsr1,1,0,0,initial
Zrsr1,2,11.0540618152461,-2.61117854147932,intermediate
Zrsr1,3,30,0,final
Zscan18,1,0,0,initial
Zscan18,2,12.0449217080767,-2.36192422396182,intermediate
Zscan18,3,13.7969704628069,1.4965867639804,intermediate
Zscan18,4,29.6140806065014,-0.922892974941419,intermediate
Zscan18,5,60,0,final
Zxdc,1,0,0,initial
Zxdc,2,4.37542641564225,-0.17099879689004,intermediate
Zxdc,3,28.4866534819201,-1.69631276703736,intermediate
Zxdc,4,60,0,final
Zyg11b,1,0,0,initial
Zyg11b,2,8.70955026311939,-1.3978594998218,intermediate
Zyg11b,3,22,0,final
1110032A04Rik,N/A,N/A,N/A,N/A
2310042E22Rik,N/A,N/A,N/A,N/A
Acta1,N/A,N/A,N/A,N/A
Actn2,N/A,N/A,N/A,N/A
Actn3,N/A,N/A,N/A,N/A
Ada,N/A,N/A,N/A,N/A
Apobec2,N/A,N/A,N/A,N/A
Asprv1,N/A,N/A,N/A,N/A
Atp2a1,N/A,N/A,N/A,N/A
BC117090,N/A,N/A,N/A,N/A
Calm4,N/A,N/A,N/A,N/A
Ckm,N/A,N/A,N/A,N/A
Cnfn,N/A,N/A,N/A,N/A
Crct1,N/A,N/A,N/A,N/A
Csta,N/A,N/A,N/A,N/A
Dmkn,1,0,0,initial
Dmkn,2,10.5214518977772,-2.68935407661014,intermediate
Dmkn,3,17.3589890341542,1.09828463441112,intermediate
Dmkn,4,34.3019520833134,-0.851738995391628,intermediate
Dmkn,5,60,0,final
Fam25c,N/A,N/A,N/A,N/A
Gm94,N/A,N/A,N/A,N/A
Gsdma,N/A,N/A,N/A,N/A
H19,N/A,N/A,N/A,N/A
Hrc,N/A,N/A,N/A,N/A
Itgb1bp2,N/A,N/A,N/A,N/A
Kprp,N/A,N/A,N/A,N/A
Krt4,N/A,N/A,N/A,N/A
Krt13,N/A,N/A,N/A,N/A
Krt78,N/A,N/A,N/A,N/A
Krtdap,N/A,N/A,N/A,N/A
Lce1a1,N/A,N/A,N/A,N/A
Lce1a2,N/A,N/A,N/A,N/A
Lce1b,N/A,N/A,N/A,N/A
Lce1c,N/A,N/A,N/A,N/A
Lce1d,N/A,N/A,N/A,N/A
Lce1e,N/A,N/A,N/A,N/A
Lce1f,N/A,N/A,N/A,N/A
Lce1g,N/A,N/A,N/A,N/A
Lce1i,N/A,N/A,N/A,N/A
Lce1j,N/A,N/A,N/A,N/A
Lce3c,N/A,N/A,N/A,N/A
Lce3f,N/A,N/A,N/A,N/A
Ldb3,1,0,0,initial
Ldb3,2,14.3594762912183,-1.39385286563926,intermediate
Ldb3,3,60,-0.859,final
Lgals7,N/A,N/A,N/A,N/A
Lor,N/A,N/A,N/A,N/A
Lypd3,N/A,N/A,N/A,N/A
Mb,N/A,N/A,N/A,N/A
Mt4,N/A,N/A,N/A,N/A
Mybph,N/A,N/A,N/A,N/A
Myh1,N/A,N/A,N/A,N/A
Myh4,N/A,N/A,N/A,N/A
Myh8,N/A,N/A,N/A,N/A
Myl1,N/A,N/A,N/A,N/A
Myl3,N/A,N/A,N/A,N/A
Mylpf,N/A,N/A,N/A,N/A
Myom2,N/A,N/A,N/A,N/A
Myot,N/A,N/A,N/A,N/A
Myoz1,N/A,N/A,N/A,N/A
Nkpd1,N/A,N/A,N/A,N/A
Nrap,N/A,N/A,N/A,N/A
Pgam2,N/A,N/A,N/A,N/A
Pitx1,N/A,N/A,N/A,N/A
Psapl1,N/A,N/A,N/A,N/A
Pygm,N/A,N/A,N/A,N/A
Rptn,N/A,N/A,N/A,N/A
Sbsn,1,0,0,initial
Sbsn,2,16.2470350183807,-1.96306964934319,intermediate
Sbsn,3,30.2029059806852,0.411073848612313,intermediate
Sbsn,4,60,-0.6205,final
Serpinb3b,N/A,N/A,N/A,N/A
Serpinb3c,N/A,N/A,N/A,N/A
Serpinb11,N/A,N/A,N/A,N/A
Serpinb12,N/A,N/A,N/A,N/A
Sln,N/A,N/A,N/A,N/A
Smpx,N/A,N/A,N/A,N/A
Sprr3,N/A,N/A,N/A,N/A
Tnnc2,N/A,N/A,N/A,N/A
Tnni2,N/A,N/A,N/A,N/A
Tnnt3,N/A,N/A,N/A,N/A
Tpm1,N/A,N/A,N/A,N/A
Ttn,N/A,N/A,N/A,N/A
Txlnb,N/A,N/A,N/A,N/A
1100001G20Rik,N/A,N/A,N/A,N/A
1300002K09Rik,1,0,0,initial
1300002K09Rik,2,5.33252564046167,3.21760009383588,intermediate
1300002K09Rik,3,34.823503729432,-0.447492731221878,intermediate
1300002K09Rik,4,60,1.609,final
3110080O07Rik,N/A,N/A,N/A,N/A
4732457N14,1,0,0,initial
4732457N14,2,4.77195923493859,-2.05606146060541,intermediate
4732457N14,3,22.7798355353554,-0.69183761894818,intermediate
4732457N14,4,40,-1.007,final
4930588G05Rik,N/A,N/A,N/A,N/A
5031410I06Rik,N/A,N/A,N/A,N/A
5530400B01Rik,N/A,N/A,N/A,N/A
6030422H21Rik,N/A,N/A,N/A,N/A
9330101J02Rik,1,0,0,initial
9330101J02Rik,2,8.11253535125148,-3.10367330316103,intermediate
9330101J02Rik,3,16.3332730892263,1.35641713606822,intermediate
9330101J02Rik,4,34.8547974580028,-2.0775529070853,intermediate
9330101J02Rik,5,60,-0.391,final
9530077C05Rik,1,0,0,initial
9530077C05Rik,2,21.7932704194283,0.108415968108238,intermediate
9530077C05Rik,3,60,1.134,final
9630010G10Rik,N/A,N/A,N/A,N/A
9930023K05Rik,1,0,0,initial
9930023K05Rik,2,1.61423372571373,4.35773285556055,intermediate
9930023K05Rik,3,37.1266729011796,0.129834817529687,intermediate
9930023K05Rik,4,60,0.628,final
9630019E01Rik,N/A,N/A,N/A,N/A
4833414E09Rik,N/A,N/A,N/A,N/A
Actc1,N/A,N/A,N/A,N/A
Adam8,1,0,0,initial
Adam8,2,6.54972487140897,1.467938080143,intermediate
Adam8,3,30.1642890985878,0.247396852924233,intermediate
Adam8,4,60,1.921,final
Adamts2,1,0,0,initial
Adamts2,2,19.0094717456782,2.44113124068671,intermediate
Adamts2,3,31.2294473896077,-0.248285921245832,intermediate
Adamts2,4,60,-0.6535,final
Adamts10,N/A,N/A,N/A,N/A
Adcy7,N/A,N/A,N/A,N/A
Adipoq,N/A,N/A,N/A,N/A
Adora2b,N/A,N/A,N/A,N/A
Agr2,N/A,N/A,N/A,N/A
Ahsp,N/A,N/A,N/A,N/A
Akr1c18,N/A,N/A,N/A,N/A
Aldh3a1,N/A,N/A,N/A,N/A
Angptl4,N/A,N/A,N/A,N/A
Ankrd12,N/A,N/A,N/A,N/A
Anp32a,1,0,0,initial
Anp32a,2,5.44692318446628,-2.13803839322724,intermediate
Anp32a,3,32.1640691034657,1.09355246988505,intermediate
Anp32a,4,60,-0.54,final
Anxa7,N/A,N/A,N/A,N/A
Arg1,N/A,N/A,N/A,N/A
Arhgap20,N/A,N/A,N/A,N/A
Arhgef15,1,0,0,initial
Arhgef15,2,1.49172201138591,-2.28411499167821,intermediate
Arhgef15,3,9.41562932974033,0.176106780952105,intermediate
Arhgef15,4,41.664482276744,-0.829911513204867,intermediate
Arhgef15,5,60,-0.483,final
Arntl,N/A,N/A,N/A,N/A
Bak1,N/A,N/A,N/A,N/A
Basp1,N/A,N/A,N/A,N/A
BC005537,1,0,0,initial
BC005537,2,14.081163573016,0.971114630906843,intermediate
BC005537,3,60,0.831,final
Bcl2l1,1,0,0,initial
Bcl2l1,2,4.41197643490439,0.641213183380743,intermediate
Bcl2l1,3,37.1334264124784,-2.07551212503182,intermediate
Bcl2l1,4,60,-0.558,final
Bcorl1,N/A,N/A,N/A,N/A
Bex1,1,0,0,initial
Bex1,2,6.36609501552018,-1.87896066910193,intermediate
Bex1,3,33.7319220609272,-1.13824943332466,intermediate
Bex1,4,60,-0.866,final
Bhlhe40,N/A,N/A,N/A,N/A
Bmp4,N/A,N/A,N/A,N/A
Brwd1,N/A,N/A,N/A,N/A
C7,N/A,N/A,N/A,N/A
C130026I21Rik,N/A,N/A,N/A,N/A
C230098O21Rik,N/A,N/A,N/A,N/A
C430049B03Rik,N/A,N/A,N/A,N/A
Car3,N/A,N/A,N/A,N/A
Cass4,N/A,N/A,N/A,N/A
Ccl20,1,0,0,initial
Ccl20,2,1.14451070827015,5.14026241844301,intermediate
Ccl20,3,38.7806264759948,1.58106210440086,intermediate
Ccl20,4,60,1.418,final
Ccl24,N/A,N/A,N/A,N/A
Ccna1,N/A,N/A,N/A,N/A
Ccnjl,N/A,N/A,N/A,N/A
Cd14,N/A,N/A,N/A,N/A
Cd163,1,0,0,initial
Cd163,2,14.0507282058405,-1.76372290719964,intermediate
Cd163,3,60,-0.523,final
Cd163l1,N/A,N/A,N/A,N/A
Cd177,1,0,0,initial
Cd177,2,0.364284122442228,8.25093168330902,intermediate
Cd177,3,13.7952741049768,-8.64294762357888,intermediate
Cd177,4,40.3710346548269,4.57777783941005,intermediate
Cd177,5,60,2.315,final
Cdc37l1,N/A,N/A,N/A,N/A
Cdk17,1,0,0,initial
Cdk17,2,7.34019847257805,-2.57479030378624,intermediate
Cdk17,3,12.494737965683,8.21313862616913,intermediate
Cdk17,4,17.9708245138648,-9.84870059899927,intermediate
Cdk17,5,46.7859928771607,2.85608747268015,intermediate
Cdk17,6,60,-0.521,final
Ces1c,N/A,N/A,N/A,N/A
Ces1g,N/A,N/A,N/A,N/A
Cflar,1,0,0,initial
Cflar,2,9.29829917548209,0.776289536935431,intermediate
Cflar,3,23.6441132945817,-1.79267481968428,intermediate
Cflar,4,40,-0.954,final
Chd4,1,0,0,initial
Chd4,2,18.3614862180054,0.483148445295204,intermediate
Chd4,3,22.7326149881272,-2.32132862027141,intermediate
Chd4,4,32.8098042491903,-0.129490599491899,intermediate
Chd4,5,60,-0.8375,final
Chi3l4,N/A,N/A,N/A,N/A
Clca3,1,0,0,initial
Clca3,2,60,3.676,final
Cldn2,N/A,N/A,N/A,N/A
Cldn5,N/A,N/A,N/A,N/A
Clec2d,N/A,N/A,N/A,N/A
Clec4d,N/A,N/A,N/A,N/A
Clec4n,N/A,N/A,N/A,N/A
Cnot4,N/A,N/A,N/A,N/A
Cnot10,1,0,0,initial
Cnot10,2,16.8012584125275,-1.642984009291,intermediate
Cnot10,3,60,-1.654,final
Col3a1,N/A,N/A,N/A,N/A
Copg2as2,N/A,N/A,N/A,N/A
Cpne2,1,0,0,initial
Cpne2,2,5.67102222270942,2.25296080706304,intermediate
Cpne2,3,22.1507085038789,0.307578295453546,intermediate
Cpne2,4,40,1.147,final
Cpne5,1,0,0,initial
Cpne5,2,2.8356033674039,-2.0973824244063,intermediate
Cpne5,3,36.0819084538075,-0.304321039083204,intermediate
Cpne5,4,60,-0.614,final
Csrp3,N/A,N/A,N/A,N/A
Ctsk,N/A,N/A,N/A,N/A
Cttnbp2,N/A,N/A,N/A,N/A
Cxadr,1,0,0,initial
Cxadr,2,5.20793245883136,1.22546324221264,intermediate
Cxadr,3,20.3361609581415,-0.75157220000169,intermediate
Cxadr,4,32.9984820469433,2.91311824577154,intermediate
Cxadr,5,60,1.254,final
Cxcl5,N/A,N/A,N/A,N/A
Cxcl12,N/A,N/A,N/A,N/A
Cyp1a1,N/A,N/A,N/A,N/A
Cyp2e1,N/A,N/A,N/A,N/A
Cyp26b1,N/A,N/A,N/A,N/A
Cyr61,N/A,N/A,N/A,N/A
D5Ertd579e,N/A,N/A,N/A,N/A
D130051D11Rik,N/A,N/A,N/A,N/A
D430007A19Rik,N/A,N/A,N/A,N/A
D830015G02Rik,1,0,0,initial
D830015G02Rik,2,4.6854204308973,-2.89961308109442,intermediate
D830015G02Rik,3,16.4385762650147,0.982293261869438,intermediate
D830015G02Rik,4,39.0080547431477,-2.08803105478073,intermediate
D830015G02Rik,5,60,-0.818,final
Ddx25,N/A,N/A,N/A,N/A
Dnaja1,N/A,N/A,N/A,N/A
Dnalc1,N/A,N/A,N/A,N/A
Dnmt3a,1,0,0,initial
Dnmt3a,2,16.6708023165985,1.37854370222609,intermediate
Dnmt3a,3,40,-1.558,final
Dpep1,N/A,N/A,N/A,N/A
Dtx4,N/A,N/A,N/A,N/A
Dus1l,N/A,N/A,N/A,N/A
Dusp8,N/A,N/A,N/A,N/A
Eea1,N/A,N/A,N/A,N/A
Efnb1,N/A,N/A,N/A,N/A
Eif2c1,N/A,N/A,N/A,N/A
Eif3j,N/A,N/A,N/A,N/A
Eif4a1,N/A,N/A,N/A,N/A
Elf3,N/A,N/A,N/A,N/A
Ero1lb,1,0,0,initial
Ero1lb,2,9.5240971138415,-1.40277716343932,intermediate
Ero1lb,3,22,1.09,final
Ets1,N/A,N/A,N/A,N/A
Expi,1,0,0,initial
Expi,2,7.01131615731119,3.18552399308958,intermediate
Expi,3,36.6418769998407,0.336808371840235,intermediate
Expi,4,60,0.8195,final
F3,N/A,N/A,N/A,N/A
Fabp12,N/A,N/A,N/A,N/A
Fam38b,N/A,N/A,N/A,N/A
Fam189a2,N/A,N/A,N/A,N/A
Fbp1,1,0,0,initial
Fbp1,2,29.9856907245476,-2.61305154899116,intermediate
Fbp1,3,60,2.112,final
Fcamr,N/A,N/A,N/A,N/A
Fgg,N/A,N/A,N/A,N/A
Fibp,N/A,N/A,N/A,N/A
Fkbp5,N/A,N/A,N/A,N/A
Foxq1,N/A,N/A,N/A,N/A
Fras1,N/A,N/A,N/A,N/A
Fus,N/A,N/A,N/A,N/A
Fyco1,1,0,0,initial
Fyco1,2,4.28969844257372,-1.02404161900929,intermediate
Fyco1,3,14.3156288251082,0.607303984036616,intermediate
Fyco1,4,32.6252750839807,-1.32100014389816,intermediate
Fyco1,5,60,-1.025,final
Gadd45g,N/A,N/A,N/A,N/A
Gcap14,1,0,0,initial
Gcap14,2,8.85511270891309,-2.54595319962374,intermediate
Gcap14,3,19.8357534250568,1.73952500612116,intermediate
Gcap14,4,33.3094863597113,-1.20409305484021,intermediate
Gcap14,5,60,-0.71,final
Glul,1,0,0,initial
Glul,2,12.5590787376483,-1.11655988745908,intermediate
Glul,3,60,-0.5845,final
Gm129,N/A,N/A,N/A,N/A
Gm8300,N/A,N/A,N/A,N/A
Gm9758,N/A,N/A,N/A,N/A
Gm9806,1,0,0,initial
Gm9806,2,5.44635535665273,-3.55562909736544,intermediate
Gm9806,3,13.1531419491097,7.64931460375194,intermediate
Gm9806,4,35.9611483519835,-5.92432997944389,intermediate
Gm9806,5,41.8363968286463,4.21401414606637,intermediate
Gm9806,6,60,0,final
Gm9975,N/A,N/A,N/A,N/A
Gmps,1,0,0,initial
Gmps,2,60,-1.462,final
Gp2,1,0,0,initial
Gp2,2,6.05783813767776,3.48948028832773,intermediate
Gp2,3,7.04313130401064,-4.53847421986073,intermediate
Gp2,4,22.5716446950803,6.68755454174668,intermediate
Gp2,5,44.1023462571992,-0.626915466082465,intermediate
Gp2,6,60,2.137,final
Gpnmb,1,0,0,initial
Gpnmb,2,10.1923930856412,5.82991978454665,intermediate
Gpnmb,3,32.1892728344869,-1.5289786772424,intermediate
Gpnmb,4,60,1.865,final
Gpx2,N/A,N/A,N/A,N/A
Gpx3,N/A,N/A,N/A,N/A
Grin2d,N/A,N/A,N/A,N/A
Gsr,1,0,0,initial
Gsr,2,40,1.417,final
Gtsf1l,1,0,0,initial
Gtsf1l,2,2.47445212818679,1.93648674809974,intermediate
Gtsf1l,3,22.4555627781229,-3.38715954905847,intermediate
Gtsf1l,4,40.1028139557822,2.56692854231676,intermediate
Gtsf1l,5,60,1.391,final
H13,1,0,0,initial
H13,2,20.2977118457543,-1.30036950310385,intermediate
H13,3,60,-0.816,final
Hamp,N/A,N/A,N/A,N/A
Hbb-y,N/A,N/A,N/A,N/A
Heatr5a,N/A,N/A,N/A,N/A
Hes2,N/A,N/A,N/A,N/A
Hoxa5,N/A,N/A,N/A,N/A
Hspa1a,N/A,N/A,N/A,N/A
Hspa1b,N/A,N/A,N/A,N/A
Hspa8,N/A,N/A,N/A,N/A
Hspbap1,N/A,N/A,N/A,N/A
Il7r,N/A,N/A,N/A,N/A
Il13ra1,N/A,N/A,N/A,N/A
Inpp4b,N/A,N/A,N/A,N/A
Itih5,N/A,N/A,N/A,N/A
Itsn2,N/A,N/A,N/A,N/A
Kcna1,N/A,N/A,N/A,N/A
Kcne4,N/A,N/A,N/A,N/A
Klf4,1,0,0,initial
Klf4,2,0.541184574242595,-0.861322342431476,intermediate
Klf4,3,12.194861451428,-2.29168777246985,intermediate
Klf4,4,14.9372726671863,0.803694400969872,intermediate
Klf4,5,39.5994413990884,-0.330067963104312,intermediate
Klf4,6,60,-0.667,final
Klhdc10,1,0,0,initial
Klhdc10,2,10.8949356717592,1.76548770439038,intermediate
Klhdc10,3,21.8625981894242,-2.25597497083012,intermediate
Klhdc10,4,40,-0.819,final
Krt15,1,0,0,initial
Krt15,2,4.43159978216623,0.991915661660573,intermediate
Krt15,3,7.93580953756822,5.70708415899107,intermediate
Krt15,4,37.7356758900558,2.22013889219309,intermediate
Krt15,5,60,1.997,final
Lama4,N/A,N/A,N/A,N/A
Lnpep,N/A,N/A,N/A,N/A
LOC100503474,N/A,N/A,N/A,N/A
LOC100503984,N/A,N/A,N/A,N/A
Lpl,N/A,N/A,N/A,N/A
Lrch4,1,0,0,initial
Lrch4,2,3.1259826367981,-2.31619336790949,intermediate
Lrch4,3,10.8914356679211,2.09797335182994,intermediate
Lrch4,4,18,0,final
Lrg1,N/A,N/A,N/A,N/A
Ly6k,N/A,N/A,N/A,N/A
Lyve1,N/A,N/A,N/A,N/A
Maf,1,0,0,initial
Maf,2,6.30839097420335,-1.22295082714807,intermediate
Maf,3,6.68193048889516,2.78485855907892,intermediate
Maf,4,18.2792350155548,0.400989491188912,intermediate
Maf,5,26,0,final
Malat1,1,0,0,initial
Malat1,2,11.945839804879,-2.34891637711738,intermediate
Malat1,3,16.8313238960374,1.60322329555128,intermediate
Malat1,4,36.3092976217861,-3.62041688419894,intermediate
Malat1,5,60,-0.861,final
Malt1,1,0,0,initial
Malt1,2,4.43548345274213,2.30895855349838,intermediate
Malt1,3,35.1531098165087,0.20834843393122,intermediate
Malt1,4,60,1.3095,final
Manf,N/A,N/A,N/A,N/A
Mapre2,1,0,0,initial
Mapre2,2,9.62726714317611,-1.53578315465394,intermediate
Mapre2,3,21.8949120319725,-0.217393424363729,intermediate
Mapre2,4,40,-0.84,final
Marcksl1,1,0,0,initial
Marcksl1,2,10.0496847632609,2.68700821947557,intermediate
Marcksl1,3,32.8483443642894,0.729924607654551,intermediate
Marcksl1,4,60,0,final
Marco,N/A,N/A,N/A,N/A
Mcart1,N/A,N/A,N/A,N/A
Mdk,1,0,0,initial
Mdk,2,5.38000313551038,-0.990525987221198,intermediate
Mdk,3,18.061780922308,3.30788274592642,intermediate
Mdk,4,25.9948938091357,-0.386793116292246,intermediate
Mdk,5,40,0,final
Meg3,N/A,N/A,N/A,N/A
Metrnl,N/A,N/A,N/A,N/A
Mfap2,N/A,N/A,N/A,N/A
Mfsd2a,1,0,0,initial
Mfsd2a,2,16.9184151551788,-0.551857091619607,intermediate
Mfsd2a,3,40,1.361,final
Mmp9,1,0,0,initial
Mmp9,2,10.2542350460974,1.23834971176612,intermediate
Mmp9,3,14.1034884112436,-3.13111990493185,intermediate
Mmp9,4,36.5956198454345,0.392686386709402,intermediate
Mmp9,5,60,-0.799,final
Mmp12,1,0,0,initial
Mmp12,2,17.7181823586225,0.805210113448374,intermediate
Mmp12,3,60,2.097,final
Mrps2,N/A,N/A,N/A,N/A
Mthfd1l,N/A,N/A,N/A,N/A
Muc5ac,N/A,N/A,N/A,N/A
Mup1,N/A,N/A,N/A,N/A
Mup4,N/A,N/A,N/A,N/A
Mybpc2,N/A,N/A,N/A,N/A
Myc,N/A,N/A,N/A,N/A
Nags,N/A,N/A,N/A,N/A
Nampt,N/A,N/A,N/A,N/A
Niacr1,1,0,0,initial
Niacr1,2,3.75392910325425,6.74173583479709,intermediate
Niacr1,3,9.15382795389448,-11.1281386868509,intermediate
Niacr1,4,29.2561462316526,11.1593760552115,intermediate
Niacr1,5,38.0780955398316,-0.972191764196073,intermediate
Niacr1,6,60,1.929,final
Nppa,N/A,N/A,N/A,N/A
Nr4a1,N/A,N/A,N/A,N/A
Nt5dc2,1,0,0,initial
Nt5dc2,2,8.43104130079187,-1.17435780841415,intermediate
Nt5dc2,3,60,-0.548,final
Nts,N/A,N/A,N/A,N/A
Numa1,1,0,0,initial
Numa1,2,17.7657756408469,-1.20053390823727,intermediate
Numa1,3,60,-1.13,final
Odz4,N/A,N/A,N/A,N/A
Olfr1495,N/A,N/A,N/A,N/A
Orc3,N/A,N/A,N/A,N/A
Pfn1,N/A,N/A,N/A,N/A
Pim1,N/A,N/A,N/A,N/A
Plekha5,N/A,N/A,N/A,N/A
Plin1,N/A,N/A,N/A,N/A
Pnkd,1,0,0,initial
Pnkd,2,12.1885792792304,-2.17142428729262,intermediate
Pnkd,3,30.9964386501791,1.23663592582437,intermediate
Pnkd,4,60,-0.618,final
Ppbp,N/A,N/A,N/A,N/A
Ppp1r14d,N/A,N/A,N/A,N/A
Prdm8,1,0,0,initial
Prdm8,2,5.98003611982035,-3.32376621558807,intermediate
Prdm8,3,9.89345022383357,2.63060885868265,intermediate
Prdm8,4,42.9076401799228,-0.739802741310643,intermediate
Prdm8,5,60,-0.786,final
Proz,N/A,N/A,N/A,N/A
Prune,N/A,N/A,N/A,N/A
Ptger4,N/A,N/A,N/A,N/A
Ptgs1,N/A,N/A,N/A,N/A
Ptpn11,1,0,0,initial
Ptpn11,2,19.7777054700134,-2.34927674444385,intermediate
Ptpn11,3,60,-1.591,final
Pxdn,N/A,N/A,N/A,N/A
Rab22a,N/A,N/A,N/A,N/A
Radil,N/A,N/A,N/A,N/A
Rasl11a,1,0,0,initial
Rasl11a,2,14.7150203231426,-0.370802766652701,intermediate
Rasl11a,3,30.2087899974518,2.54066535902051,intermediate
Rasl11a,4,60,0,final
Raver2,N/A,N/A,N/A,N/A
Rbp7,N/A,N/A,N/A,N/A
Rcsd1,N/A,N/A,N/A,N/A
Reep1,N/A,N/A,N/A,N/A
Riiad1,N/A,N/A,N/A,N/A
Rnd3,N/A,N/A,N/A,N/A
Rnf144a,1,0,0,initial
Rnf144a,2,7.83016212100419,-3.06315131929795,intermediate
Rnf144a,3,12.9487731824236,0.749845680628964,intermediate
Rnf144a,4,13.4389373657545,0.470631758865826,intermediate
Rnf144a,5,48.3058091171972,-0.101356511200951,intermediate
Rnf144a,6,60,-0.617,final
Rrad,N/A,N/A,N/A,N/A
S100a8,N/A,N/A,N/A,N/A
S100a14,1,0,0,initial
S100a14,2,1.61792771236685,4.21347414340285,intermediate
S100a14,3,34.297304891486,0.461001766176248,intermediate
S100a14,4,60,1.093,final
Sap30,N/A,N/A,N/A,N/A
Sash1,N/A,N/A,N/A,N/A
Sat1,N/A,N/A,N/A,N/A
Scd2,N/A,N/A,N/A,N/A
Scin,1,0,0,initial
Scin,2,22.2799813831136,1.86601859478097,intermediate
Scin,3,40.1335467455365,-1.17230054597537,intermediate
Scin,4,60,1.837,final
Sdc4,N/A,N/A,N/A,N/A
Sdf2l1,1,0,0,initial
Sdf2l1,2,4.87673402161423,2.82650797086965,intermediate
Sdf2l1,3,33.0241515236095,0.175759123277196,intermediate
Sdf2l1,4,60,1.448,final
Sema3b,N/A,N/A,N/A,N/A
Sephs2,N/A,N/A,N/A,N/A
Serpinb5,1,0,0,initial
Serpinb5,2,2.23827663183724,4.55214013381242,intermediate
Serpinb5,3,60,2.318,final
Serpine1,N/A,N/A,N/A,N/A
Sla,N/A,N/A,N/A,N/A
Slc4a1,N/A,N/A,N/A,N/A
Slc26a4,1,0,0,initial
Slc26a4,2,7.11539402252733,4.73096040218907,intermediate
Slc26a4,3,17.0723302381091,-3.32149928239211,intermediate
Slc26a4,4,38.2036934563297,3.37567521817485,intermediate
Slc26a4,5,60,2.471,final
Slc43a2,N/A,N/A,N/A,N/A
Smg6,N/A,N/A,N/A,N/A
Snrnp70,N/A,N/A,N/A,N/A
Socs3,N/A,N/A,N/A,N/A
Sox4,N/A,N/A,N/A,N/A
Speer4a,1,0,0,initial
Speer4a,2,0.740657830859382,3.33022072279819,intermediate
Speer4a,3,13.2030535456713,-5.18049685465853,intermediate
Speer4a,4,36.6234844267657,3.72649339566461,intermediate
Speer4a,5,40.6301616204124,0.177973040325483,intermediate
Speer4a,6,60,1.472,final
Speer4d,1,0,0,initial
Speer4d,2,2.62322892472328,4.40330031126639,intermediate
Speer4d,3,14.4996610765785,-4.94012753669429,intermediate
Speer4d,4,41.5895743154701,4.68094268459338,intermediate
Speer4d,5,60,2.526,final
Speer5-ps1,1,0,0,initial
Speer5-ps1,2,4.42320950650098,2.08212870619494,intermediate
Speer5-ps1,3,22.6187133323314,-1.65574026155786,intermediate
Speer5-ps1,4,43.3165762868028,2.66642764961025,intermediate
Speer5-ps1,5,60,2.592,final
Spink5,N/A,N/A,N/A,N/A
Spon2,N/A,N/A,N/A,N/A
Spp1,1,0,0,initial
Spp1,2,12.0749535494877,1.16790554625183,intermediate
Spp1,3,60,1.938,final
Srpx2,N/A,N/A,N/A,N/A
Srsf11,1,0,0,initial
Srsf11,2,60,-1.317,final
Srsf12,N/A,N/A,N/A,N/A
Ssh2,N/A,N/A,N/A,N/A
St6galnac3,N/A,N/A,N/A,N/A
Stard4,N/A,N/A,N/A,N/A
Suv420h2,N/A,N/A,N/A,N/A
Tbc1d16,N/A,N/A,N/A,N/A
Tcap,N/A,N/A,N/A,N/A
Tcf7,1,0,0,initial
Tcf7,2,6.64309049256849,0.748192508459598,intermediate
Tcf7,3,60,1.12,final
Tcfap2e,N/A,N/A,N/A,N/A
Tcfec,N/A,N/A,N/A,N/A
Tff2,N/A,N/A,N/A,N/A
Thbs1,1,0,0,initial
Thbs1,2,10.1890849324617,-0.403677885177715,intermediate
Thbs1,3,17.5069654972105,2.04930231709132,intermediate
Thbs1,4,30,1.506,final
Thbs4,N/A,N/A,N/A,N/A
Thrsp,N/A,N/A,N/A,N/A
Tmc5,N/A,N/A,N/A,N/A
Tmem213,1,0,0,initial
Tmem213,2,60,2.456,final
Tob2,N/A,N/A,N/A,N/A
Tpd52,1,0,0,initial
Tpd52,2,12.7408090926529,0.974771456822521,intermediate
Tpd52,3,60,1.252,final
Treml1,N/A,N/A,N/A,N/A
Tsnaxip1,N/A,N/A,N/A,N/A
Ttll3,N/A,N/A,N/A,N/A
Ugcg,N/A,N/A,N/A,N/A
Upf3b,N/A,N/A,N/A,N/A
Usp7,N/A,N/A,N/A,N/A
Vamp2,N/A,N/A,N/A,N/A
Vasp,N/A,N/A,N/A,N/A
Vipr2,N/A,N/A,N/A,N/A
Wdr95,N/A,N/A,N/A,N/A
Wnt7b,N/A,N/A,N/A,N/A
Zfp296,N/A,N/A,N/A,N/A
Zfp704,1,0,0,initial
Zfp704,2,13.6816117161136,-3.18922459322488,intermediate
Zfp704,3,21.428022063813,1.77810081558631,intermediate
Zfp704,4,28.263021335159,-2.91066160620587,intermediate
Zfp704,5,60,-1.877,final
Zmynd8,1,0,0,initial
Zmynd8,2,60,-1.04,final
Zufsp,N/A,N/A,N/A,N/A
