Gene name,number of CPs,RSS,nCP-penalized RSS,R squared
0610039H22Rik,3,1.04078144903588,4.16312579614354,0.793527221388565
1500015O10Rik,3,1.09832429766525,4.39329719066102,0.632630704492997
2010001M09Rik,3,3.46179045286958,13.8471618114783,0.876367527315503
2010309G21Rik,2,4.69871137037037,4.69871137037037,0.692004837350318
2310043J07Rik,3,1.20207934069018,4.80831736276072,0.818262923885252
4933400F03Rik,3,0.872855400521943,3.49142160208777,0.670785627826741
5031425E22Rik,4,1.14002207353395,10.2601986618055,0.687131958084212
Adarb2,3,4.51195938627022,18.0478375450809,0.633582387128153
AI324046,2,11.6985463571429,11.6985463571429,0.812488015265074
Aicda,3,4.20265050094523,16.8106020037809,0.710769522429458
Alox12e,2,7.98526563,7.98526563,0.684122635798223
Ankrd24,5,0.665435654077797,10.6469704652448,0.754891273471997
Aqp3,3,4.31160406017636,17.2464162407054,0.9075218704939
Asb2,3,3.14013133629963,12.5605253451985,0.813398869209871
Bhlha15,2,1.72369160416667,1.72369160416667,0.621746091758512
Blnk,3,1.45838448235755,5.83353792943021,0.802305574162936
Cacna1s,3,1.41816764660243,5.67267058640971,0.837626674966524
Ccnk,3,3.32128996642089,13.2851598656836,0.839599546454509
Cd74,3,1.40061834381019,5.60247337524075,0.726902458734619
Cdk19,,,,
Ces2a,3,1.2765686531703,5.1062746126812,0.779896223351332
Cilp,3,2.95366222582488,11.8146489032995,0.655765492488833
Dapl1,3,3.16167381963646,12.6466952785458,0.726482140626521
Dclk1,3,0.786270934810456,3.14508373924182,0.758200511264703
Derl3,3,2.54537206308957,10.1814882523583,0.84186773279989
Eaf2,3,4.35583776990253,17.4233510796101,0.788004127355769
F730002C09Rik,,,,
Fcrla,3,2.62434397900585,10.4973759160234,0.613854048877615
Fxyd4,2,3.29296366666667,3.29296366666667,0.639880951358026
Fzd10,4,0.777294272735918,6.99564845462327,0.716072185065492
Galnt12,2,0.19504003,0.19504003,0.84174755860224
Gm1499,3,5.13223962654797,20.5289585061919,0.861735617156796
Gm1502,2,3.65194525,3.65194525,0.898301296301966
Gm1524,2,2.54704923148148,2.54704923148148,0.91362000565812
Gm5222,4,0.876570434013645,7.88913390612281,0.667393122716465
Gm5571,3,7.91539972534851,31.6615989013941,0.624493966179695
Gm10879,3,6.77119210075384,27.0847684030153,0.784672215883451
Gng13,3,1.29539955933074,5.18159823732298,0.720056771112089
H2-DMb2,3,1.15719277996054,4.62877111984216,0.785490531279327
Igh-V10,2,9.5349713175,9.5349713175,0.790790614246309
Igh-V7183,2,4.08431967975207,4.08431967975207,0.844422618070729
Igh-VJ558,2,3.61301229398148,3.61301229398148,0.882375484159311
Igh-VX24,3,2.87818830292209,11.5127532116884,0.787425847954002
Ighg,2,6.19263683333333,6.19263683333333,0.831924134578488
Ighm,2,12.3863181922222,12.3863181922222,0.793823524511575
Ighv1-77,2,3.63914817592593,3.63914817592593,0.860718322357486
Ighv1-54,2,8.80629219679752,8.80629219679752,0.763687929342712
Igj,2,3.06217518981482,3.06217518981482,0.922314718495467
Igk-V1,3,2.17398862000865,8.69595448003458,0.932982558607456
Igk-V19-20,3,2.08167080385374,8.32668321541494,0.841365758880974
Igk-V38,3,7.18681723510934,28.7472689404373,0.839009505488123
Igk-V,3,4.17679625482854,16.7071850193142,0.880231394660471
Igkv3-4,3,4.85737158021387,19.4294863208555,0.931570510848656
Igkv6-14,3,6.95157244122772,27.8062897649109,0.845614804295396
Igkv13-84,3,2.97562687884784,11.9025075153914,0.831043887218158
Iglv1,2,6.53304517011834,6.53304517011834,0.811683570762713
Klk4,3,2.18273107820723,8.73092431282893,0.700714464090892
Krt5,3,20.5064551595998,82.0258206383993,0.723099344083322
Krt14,3,10.0941920135312,40.3767680541248,0.808936099670676
LOC544905,3,7.67272706339394,30.6909082535757,0.903619488119327
LOC672291,2,10.02671203,10.02671203,0.76942233290786
LOC672450,2,4.701049,4.701049,0.889238784595994
Ltbp2,4,2.25205930427081,20.2685337384373,0.642327520166129
Ly6d,3,3.09154594971682,12.3661837988673,0.757543538088381
Mef2b,3,2.28794492119877,9.1517796847951,0.642940110548068
Mpzl2,3,0.869079935740502,3.47631974296201,0.762457090356713
Msln,3,0.753482456456643,3.01392982582657,0.70052823148838
Ngfr,3,1.72215220481297,6.88860881925189,0.808159343310307
Nxph3,,,,
Oit1,3,1.17255522103234,4.69022088412937,0.754421313795125
Olfr978,3,2.20826507602298,8.83306030409191,0.720007450860815
Oosp1,2,2.69990311797337,2.69990311797337,0.828657882644709
Pglyrp1,3,1.69574804770829,6.78299219083317,0.900536901223261
Pla2g2d,2,1.62587014222222,1.62587014222222,0.838040336534213
Pla2g5,3,0.698382166777141,2.79352866710856,0.723341071935281
Pou2af1,3,3.31335491740557,13.2534196696223,0.87319509422367
Prg2,2,10.72319212,10.72319212,0.721997728507956
Prnd,2,7.3938739575,7.3938739575,0.603956576566797
Rab30,3,1.13781100505725,4.55124402022899,0.6792222950657
Rab42-ps,,,,
Rgs13,3,1.46892327902427,5.87569311609708,0.709953533495314
Sh3gl3,,,,
Shisa4,3,0.7430458579774,2.9721834319096,0.640536063007724
Slc24a6,2,1.33291045083333,1.33291045083333,0.65225248799729
Sorbs2,2,0.5959591575,0.5959591575,0.79322006113451
Sox9,3,0.711301397298546,2.84520558919418,0.699747513112857
Sp5,3,0.891412174547599,3.56564869819039,0.694255110935464
Sprr2a1,3,3.22563513904557,12.9025405561823,0.926889556277973
Sprr2b,3,3.71101758126669,14.8440703250668,0.63034147588527
Sprr2e,3,1.38318781619608,5.53275126478433,0.679642731088548
St8sia6,3,1.10823134922324,4.43292539689294,0.791700167014217
Tnfrsf13c,3,2.32977450987175,9.31909803948699,0.847458832600931
Tnfrsf17,2,1.42827116568047,1.42827116568047,0.875721204438809
Tprn,3,0.525691560041075,2.1027662401643,0.828899571387102
Trp53,,,,
Trp63,3,3.28668843979635,13.1467537591854,0.859667966940019
Tspan33,3,0.961809217879396,3.84723687151758,0.803085507421016
Unc5b,,,,
Upk3a,3,2.08273045621398,8.33092182485593,0.657109691072956
Wdfy4,2,0.830844218934911,0.830844218934911,0.700136445017692
Apoe,,,,
Apol7c,3,1.53843609391598,6.15374437566392,0.633296217940768
Bank1,,,,
Bcl11a,,,,
Bfsp2,3,1.36080796047077,5.44323184188308,0.799208585884414
Btla,,,,
Ccr6,3,3.9251786787254,15.7007147149016,0.692693083053418
Cd19,5,1.57124389185308,25.1399022696492,0.806258720772174
Cd22,,,,
Cd79b,3,2.51924862346254,10.0769944938501,0.675561225047655
Clec11a,,,,
Cr2,5,0.988563330384964,15.8170132861594,0.749206230757863
Cxcr5,3,1.7385094004711,6.95403760188441,0.703291223525274
Eln,3,6.23029562004814,24.9211824801926,0.696762098862872
Enpp1,3,0.771662062046548,3.08664824818619,0.66667063037912
Faim3,5,1.22333619483675,19.5733791173879,0.756202780144947
Fam167b,3,1.05347823467987,4.21391293871949,0.659606426702552
Fcrl1,3,1.16462681988798,4.65850727955191,0.62141003279825
H2-Oa,3,1.83567805123688,7.34271220494753,0.74657537282718
H2-Ob,3,1.5500638672199,6.20025546887959,0.644958470915197
Hbb-bh1,5,0.231691563307486,3.70706501291978,0.897328636512504
Irf4,4,1.597801552558,14.380213973022,0.647973319827146
Itgae,4,1.6775453786237,15.0979084076133,0.731231277741016
Kcnj10,3,0.733978347390496,2.93591338956198,0.81866269243186
Krt17,3,5.44116815545518,21.7646726218207,0.82088320816177
Lta,3,1.11242901871432,4.4497160748573,0.818805025516152
Mex3a,5,0.382635895105738,6.12217432169181,0.84432806385554
Mfap5,5,0.969220463692918,15.5075274190867,0.795994942628344
Ms4a1,3,1.98263862061422,7.93055448245689,0.680797287342701
Nrcam,6,1.05403942590667,26.3509856476668,0.759963786359471
Prp2,5,0.471662106161038,7.54659369857661,0.81037013113292
Spib,3,2.24825364291904,8.99301457167616,0.788734484928041
Wnt10a,3,6.66533235605366,26.6613294242146,0.757199596248471
Xcr1,,,,
Acsf2,,,,
Gzmd,,,,
Olfr430,,,,
1190002F15Rik,3,4.23942435937961,16.9576974375185,0.610986489097685
1500009L16Rik,,,,
1700017B05Rik,3,0.498378257713218,1.99351303085287,0.714792276517622
2310014H01Rik,,,,
2610036A22Rik,3,0.690488155620568,2.76195262248227,0.71031118027005
2810417H13Rik,4,3.06137951713539,27.5524156542185,0.779131990647729
3200002M19Rik,3,1.1579731667726,4.6318926670904,0.720390975150006
4930427A07Rik,3,0.493489857045679,1.97395942818272,0.744330972847156
4930539N22Rik,,,,
4930547N16Rik,3,0.915563636220103,3.66225454488041,0.733359867967236
5430427O19Rik,4,2.34222506105865,21.0800255495278,0.646960744861397
5430435G22Rik,4,0.943238676903881,8.48914809213493,0.663567237623016
5730416F02Rik,3,0.74847236857525,2.993889474301,0.706016033057489
5830405N20Rik,4,0.657806683165077,5.92026014848569,0.741142065291117
5830416P10Rik,,,,
8030431J09Rik,,,,
8430428J23Rik,,,,
9130206I24Rik,,,,
9930013L23Rik,4,1.58140494673689,14.232644520632,0.725425209466455
9030425E11Rik,,,,
6330578E17Rik,,,,
A530032D15Rik,4,2.11282219663012,19.0153997696711,0.718428534866917
A630001G21Rik,3,0.822270831370355,3.28908332548142,0.774382259288827
A430068E04Rik,5,0.195701084878927,3.13121735806283,0.919264270682324
Acap1,5,1.89066358790027,30.2506174064043,0.622866778290271
Acp2,3,0.691196818504002,2.76478727401601,0.714762255402704
Acp5,4,0.784539732855116,7.06085759569604,0.755042550504114
Acsbg1,,,,
Adap1,3,1.58175021536153,6.32700086144613,0.693556087363107
Adm,,,,
Adora2a,3,2.17499682901589,8.69998731606356,0.627918467833438
AF251705,4,2.02659099453878,18.239318950849,0.67587504647502
Agap2,3,2.27856332848708,9.11425331394832,0.704873345296585
AI662270,4,1.28391439214644,11.5552295293179,0.686329570100808
AI848285,3,0.781206131717492,3.12482452686997,0.689508447094473
Aif1,4,3.22790044145982,29.0511039731384,0.81173609094759
Amica1,4,2.20253874217948,19.8228486796154,0.752345853677908
Ankle1,3,1.21251809746195,4.85007238984779,0.721849121627961
Ankrd37,,,,
Aoah,4,0.714621407874405,6.43159267086965,0.857784808838067
Ap2s1,3,0.506551413754509,2.02620565501804,0.728360006872889
Apbb1ip,4,1.71531586712836,15.4378428041553,0.672939589909191
Apitd1,3,0.800943359612727,3.20377343845091,0.737311352726157
Apobec1,4,1.35290031095853,12.1761027986267,0.794018931709668
Apoc2,3,5.58385284444139,22.3354113777656,0.713722921907328
Apol10b,3,1.34582333145794,5.38329332583177,0.685035166962663
Arhgap4,3,1.5397741791184,6.15909671647359,0.712379422711669
Arhgap9,3,1.96584569881214,7.86338279524858,0.672627069424199
Arhgap11a,4,1.03406612738592,9.30659514647326,0.691240904922525
Arhgap15,,,,
Arhgap25,3,0.588289297732601,2.35315719093041,0.747396851894739
Arhgap30,4,1.49122555111639,13.4210299600475,0.65520707282624
Arhgdib,4,1.68493074085672,15.1643766677105,0.672546779145253
Arid3a,4,0.515221643116677,4.6369947880501,0.782335503269206
Arl4c,,,,
Arl5c,4,0.799110087849862,7.19199079064876,0.871818336387929
Arl11,3,0.747164966213551,2.9886598648542,0.729846412287029
Armc7,3,0.885934623058423,3.54373849223369,0.703218162185079
Arpc4,,,,
Asf1b,4,2.73723351642343,24.6351016478108,0.776185873712342
Atad2,3,0.785716098046193,3.14286439218477,0.72586678485652
Auh,,,,
Aurka,3,5.48975370405384,21.9590148162154,0.620529014790235
Aurkb,3,3.19294788433201,12.771791537328,0.622901129636439
AW112010,4,3.37566795805417,30.3810116224875,0.72561725532084
B2m,4,1.21900793335119,10.9710714001607,0.656505507335638
B3gnt8,3,0.685298607084767,2.74119442833907,0.738988363197472
B4galnt4,,,,
Batf3,4,2.57527497855363,23.1774748069826,0.661419921828134
Batf,4,1.8633611740105,16.7702505660945,0.666815756617762
BC017612,,,,
BC030867,4,2.47268933010978,22.254203970988,0.691964350813373
BC048355,3,0.74794543983738,2.99178175934952,0.731967289368302
BC055004,3,0.786744445553453,3.14697778221381,0.687072652059421
BC055324,3,1.00864262825867,4.03457051303466,0.738935070864857
Bcat1,4,1.53882326682138,13.8494094013924,0.639625709412603
Bcl2a1b,4,2.40003553672329,21.6003198305096,0.689792113610179
Bcl2a1c,3,1.55924413091041,6.23697652364163,0.670865047240879
Bcl3,,,,
Bcl11b,,,,
Bid,4,0.845085090403392,7.60576581363053,0.710209402148221
Birc5,4,3.78282161831743,34.0453945648568,0.781717179425144
Brca1,3,2.07670474275987,8.30681897103949,0.729383733055804
Bri3bp,3,0.460182479612632,1.84072991845053,0.753238176582981
Brip1,3,0.938742858058515,3.75497143223406,0.735432691562148
Btk,3,1.32036635179848,5.28146540719392,0.673800069887062
Bub1b,3,1.15141910259852,4.60567641039406,0.738221564907527
Bzw1,,,,
C1qa,4,3.88426789541277,34.9584110587149,0.700531707012339
C1qb,4,3.66326736376424,32.9694062738781,0.722305078745468
C1qc,4,2.98477597860482,26.8629838074434,0.743300393705682
C1qtnf6,,,,
C3ar1,4,2.2754281212612,20.4788530913508,0.739025672821289
C330027C09Rik,3,0.938325533466128,3.75330213386451,0.725553234657201
Calm3,3,0.728463408927475,2.9138536357099,0.621169932892867
Capg,3,0.789091725617781,3.15636690247112,0.734906190840928
Casp1,3,1.60599233467754,6.42396933871017,0.712908692394471
Ccdc69,,,,
Ccdc88b,4,1.90920399198251,17.1828359278426,0.646125439255355
Ccdc99,3,0.555041019798854,2.22016407919542,0.711134172801858
Ccl5,4,4.82501956023345,43.425176042101,0.677920395959111
Ccl8,4,5.01320554513916,45.1188499062524,0.786020982772665
Ccl9,4,1.7300819926528,15.5707379338752,0.62510387043004
Ccl19,4,1.33155398110373,11.9839858299335,0.750613996860425
Ccna2,4,3.84568928986246,34.6112036087621,0.764404879310954
Ccnb1,4,2.46089027815494,22.1480125033944,0.718381865960805
Ccnb2,3,3.86342383098957,15.4536953239583,0.701250083511969
Ccne1,3,2.41257548533493,9.65030194133972,0.692496300349476
Ccnf,3,1.44966103992797,5.79864415971189,0.7350398660063
Ccr2,5,3.25537004374686,52.0859206999497,0.635083422814584
Ccr5,4,8.44155098926882,75.9739589034194,0.618334875809002
Ccr7,4,1.56123402662635,14.0511062396372,0.608118516056281
Cd2bp2,5,0.833338501585677,13.3334160253708,0.706271853112412
Cd3d,5,7.83769817484919,125.403170797587,0.672030773391493
Cd3g,,,,
Cd5,,,,
Cd5l,3,2.48555581566694,9.94222326266775,0.619181660440947
Cd6,4,2.93532417908792,26.4179176117913,0.683331720242891
Cd7,3,3.1903386940654,12.7613547762616,0.63334182515855
Cd8a,4,8.79120660357363,79.1208594321627,0.622195535040787
Cd8b1,4,6.96303994206124,62.6673594785511,0.696446946829015
Cd27,4,2.35611794858008,21.2050615372207,0.65222413087608
Cd28,,,,
Cd37,3,1.22647379080001,4.90589516320005,0.632739202167053
Cd48,4,2.14100486932814,19.2690438239532,0.600528538862886
Cd52,4,2.03602610730262,18.3242349657235,0.798475977135513
Cd53,3,1.60175608314788,6.40702433259151,0.639897745478349
Cd68,4,1.98895268962562,17.9005742066306,0.708640492794977
Cd72,4,6.96735672761853,62.7062105485667,0.68146922539445
Cd83,3,1.0091854820691,4.03674192827641,0.704543646278411
Cd84,4,1.92979267896988,17.368134110729,0.609951037452168
Cd86,4,1.43691332809913,12.9322199528922,0.783517258878688
Cd96,4,2.88603501252886,25.9743151127597,0.668637881448377
Cd180,,,,
Cd247,3,1.99529616694786,7.98118466779145,0.626266945860724
Cdc6,3,0.959652415572756,3.83860966229102,0.735067639049956
Cdc20,5,5.77130734492743,92.3409175188388,0.656191258807709
Cdc45,3,0.807783744710679,3.23113497884272,0.728740439090294
Cdca2,3,0.965402188801877,3.86160875520751,0.74231897630363
Cdca3,3,3.34418695311557,13.3767478124623,0.640375383921543
Cdca5,4,1.6278433267725,14.6505899409525,0.794510243818761
Cdca8,4,1.98468001852466,17.862120166722,0.796574120008953
Cdcp1,,,,
Cdk1,3,2.35448557726475,9.41794230905901,0.746174918181026
Cdk5r2,,,,
Cdkn3,4,5.05451695978891,45.4906526381002,0.651034863222833
Cdt1,3,1.36012615063061,5.44050460252244,0.738935471541947
Cenpe,4,1.62355296188452,14.6119766569607,0.800836494342164
Cenph,3,1.67656884799283,6.70627539197132,0.729863519209449
Cenpi,3,1.70175780446998,6.80703121787992,0.719268954557972
Cenpk,3,1.81360438362063,7.2544175344825,0.740487470396875
Cenpl,3,0.447451807844776,1.7898072313791,0.750708571407923
Cenpm,3,0.973777389177597,3.89510955671039,0.752052233205561
Cenpn,3,0.677324090002335,2.70929636000934,0.727320330420878
Cenpp,3,1.42124799980129,5.68499199920516,0.674420371743296
Cenpq,3,0.56563948021143,2.26255792084572,0.743280218773241
Cenpw,3,1.36581635560448,5.46326542241792,0.70475599674408
Cep55,3,2.78403843402891,11.1361537361156,0.647446754081895
Cfp,3,0.544588599368504,2.17835439747402,0.729726135964767
Chaf1a,3,0.943032811234119,3.77213124493647,0.744363227741616
Chaf1b,3,1.23598813428864,4.94395253715457,0.69382382335662
Chek1,3,0.625331256579571,2.50132502631829,0.729808818122862
Chrne,6,0.901277005007478,22.531925125187,0.679368136432979
Chst10,4,0.880288902350541,7.92260012115486,0.728867139656033
Chtf18,3,1.46706736469496,5.86826945877984,0.7442906295338
Ciita,4,2.22467424136507,20.0220681722856,0.669890327056185
Ckap2,3,1.69464629964975,6.77858519859902,0.731657645086505
Ckap2l,3,1.38227373983001,5.52909495932005,0.740770381032768
Cks1b,4,1.99351206289682,17.9416085660714,0.732917376549838
Cks2,4,1.63745834208414,14.7371250787573,0.785984936283078
Clca1,3,1.96493646759633,7.85974587038534,0.618964790316946
Clca2,,,,
Cldn4,6,1.65703073738701,41.4257684346754,0.698954213636198
Clec4a2,3,1.98066822683947,7.92267290735787,0.611986473276414
Clec5a,3,0.788425175062871,3.15370070025148,0.721377634931058
Clec7a,4,1.42671159817224,12.8404043835502,0.734491576805689
Cmtm7,,,,
Col1a1,,,,
Col2a1,3,1.56625152726056,6.26500610904223,0.683437729980452
Col5a2,4,0.591260977798523,5.32134880018671,0.761471052235161
Coro1a,4,1.60327608621603,14.4294847759443,0.711468584529537
Coro7,,,,
Cotl1,4,2.06517402716902,18.5865662445212,0.714458416228778
Cpxm1,3,2.29373736425895,9.1749494570358,0.631436791608603
Creg2,4,1.54539059026654,13.9085153123988,0.666151399098512
Crtam,4,3.21174882046647,28.9057393841983,0.72657511626944
Csf2rb2,3,1.41895416704023,5.67581666816093,0.666814049573934
Cst7,4,2.64433190686804,23.7989871618123,0.784950466560601
Cstb,3,1.0683472174022,4.27338886960882,0.689405647889343
Ctsb,3,0.767126979144537,3.06850791657815,0.723097301283739
Ctsc,,,,
Ctss,4,1.59406723088768,14.3466050779892,0.677473897106227
Ctsw,4,5.4011906284001,48.6107156556009,0.686494460244388
Ctsz,3,0.662935080714997,2.65174032285999,0.721829946983512
Cxcl9,4,17.1703245933049,154.532921339744,0.736287536409577
Cxcl13,4,5.58481518003896,50.2633366203507,0.772418490419816
Cxcl16,4,1.14648766904348,10.3183890213913,0.602084191887226
Cxcr3,4,7.56378847530748,68.0740962777674,0.718440136499557
Cxcr6,,,,
Cyba,4,1.48854471453662,13.3969024308296,0.63668983997129
Cybb,3,1.33442102372301,5.33768409489202,0.725504634551218
Cyfip2,4,1.03589505130695,9.32305546176257,0.61910579116153
Cyp4f18,3,3.23616708702174,12.944668348087,0.662814586959806
Cyth4,3,1.28103052666406,5.12412210665625,0.755101435775866
D2Ertd750e,3,0.855097029038185,3.42038811615274,0.730958127074372
D16Ertd472e,,,,
Darc,,,,
Dbf4,4,0.97381159175403,8.76430432578627,0.717900153532555
Dck,4,1.34062990063688,12.0656691057319,0.802046607736498
Dctpp1,3,1.05995964382616,4.23983857530465,0.676236984055237
Ddx39,3,0.76714669085201,3.06858676340804,0.678756541290219
Def6,,,,
Dennd1b,,,,
Dennd1c,3,2.19869644787044,8.79478579148176,0.684238454261593
Depdc1b,3,2.39268222457471,9.57072889829884,0.704225386333849
Dhfr,,,,
Diap3,3,0.569934907809522,2.27973963123809,0.727335646554025
Dlgap5,3,0.976775278791846,3.90710111516738,0.719831784733451
Dnase1l3,4,1.24978496332966,11.2480646699669,0.870668804068936
Dock2,4,0.493915700366135,4.44524130329522,0.721953523280442
Dock8,,,,
Dok2,4,1.88378254130302,16.9540428717272,0.635818830116358
Dok3,3,0.789722395897481,3.15888958358992,0.763533561697419
Dppa3,3,0.68737897481598,2.74951589926392,0.729319597943833
Dscc1,3,0.92045455855815,3.6818182342326,0.741559372337369
Dsn1,3,0.807237603767401,3.22895041506961,0.715372710476377
Dtl,3,2.13766060874733,8.55064243498932,0.705142271743127
Dusp2,4,3.17779961280434,28.6001965152391,0.750622274178726
Dut,4,1.18054846668432,10.6249362001589,0.703587686203665
E2f1,3,0.474698208741661,1.89879283496664,0.724259236886934
E2f7,3,1.39661118622619,5.58644474490476,0.749978986765384
E2f8,3,1.71016302519706,6.84065210078825,0.701472395881741
E130306D19Rik,3,0.968794056055067,3.87517622422027,0.721711215343795
Ebi3,4,0.74503406443805,6.70530657994245,0.789483346248967
Ect2,3,1.88161683755108,7.52646735020431,0.735541968557657
Efhd2,3,0.955741757442969,3.82296702977187,0.688106310915095
Egr1,6,3.20149941031529,80.0374852578823,0.679282552308329
Egr2,,,,
Eif4e2,3,0.485158348187543,1.94063339275017,0.724664932203322
Eme1,3,1.04228648084528,4.16914592338111,0.692119309776691
Emr1,5,1.39244251650281,22.2790802640449,0.677884214025599
Epsti1,3,3.40645018204987,13.6258007281995,0.625445843893996
Ercc6l,3,1.21039475485606,4.84157901942423,0.676604178777304
Esco2,3,1.37183719032836,5.48734876131346,0.733052320627683
Espl1,3,1.49350780181667,5.97403120726669,0.74754064363037
Esrrg,,,,
Evi2a,4,1.40865624151633,12.677906173647,0.787380984614696
Evi2b,3,0.897577709785694,3.59031083914278,0.692514931891379
Evl,3,0.471898170434969,1.88759268173988,0.739994189139633
Exo1,4,1.47549792024344,13.279481282191,0.787853459946505
Ezh2,4,1.02864630233539,9.25781672101852,0.711068537630494
Fam49b,4,1.75603714740646,15.8043343266582,0.667598043716026
Fam54a,3,1.87821337644255,7.5128535057702,0.71582577780051
Fam64a,3,5.22093724963076,20.883748998523,0.666130855481381
Fam78a,,,,
Fam107b,,,,
Fam111a,3,0.878862533479114,3.51545013391646,0.743781763109199
Fam169b,5,2.05950854888044,32.9521367820871,0.646931868868616
Fanci,3,1.99379080750785,7.9751632300314,0.73250736865799
Fasl,4,1.51115431921947,13.6003888729752,0.779443789241041
Fbxo5,3,1.43491975234652,5.73967900938607,0.721602076730571
Fcer1g,4,2.62645495102092,23.6380945591883,0.711793831226478
Fcgr2b,4,1.14000927531492,10.2600834778343,0.770493893060301
Fcgr3,4,0.708788277532586,6.37909449779328,0.804531563290261
Fcho1,4,1.93931571305752,17.4538414175177,0.669153379706316
Fen1,3,1.20939047425701,4.83756189702803,0.714141020385374
Fermt3,3,1.45139191167743,5.80556764670973,0.660196853642692
Fgr,3,1.52235993071074,6.08943972284295,0.680821897131187
Fignl1,4,2.25714652593152,20.3143187333837,0.774794934067566
Fmnl1,,,,
Foxm1,3,1.67923537705063,6.71694150820252,0.746349459111378
Fscn1,4,0.933910127738387,8.40519114964548,0.757440381919796
Fst,,,,
Fyb,4,3.87959171106923,34.9163253996231,0.654075855822395
Galns,3,0.398638747337311,1.59455498934924,0.74372421791423
Gas2l3,3,0.756307232476129,3.02522892990452,0.775846887082656
Gatm,5,4.21237450471643,67.3979920754629,0.747568613085907
Gba,,,,
Gbp8,4,2.47975948659043,22.3178353793138,0.662463906769692
Gcnt1,,,,
Gdf3,4,4.25514275242445,38.2962847718201,0.605285776593408
Gdf15,5,1.65892971906462,26.5428755050339,0.699163781239298
Gfi1,4,2.24368473533254,20.1931626179928,0.711656619684404
Gimap3,4,2.87798840442014,25.9018956397813,0.640613630687578
Gimap5,4,2.42838163236007,21.8554346912407,0.6300884947967
Gimap7,4,1.95473112507397,17.5925801256657,0.720072612830877
Gins1,3,1.10128434618582,4.40513738474327,0.741095653358411
Gins2,3,1.34070024322542,5.3628009729017,0.718874193734411
Gjb5,3,1.23637988381426,4.94551953525705,0.712582816256216
Glipr1,4,0.94840029113395,8.53560262020555,0.728737945596661
Glipr2,,,,
Glrx,3,1.34661500837288,5.38646003349151,0.62415312355448
Gm5086,3,0.965538436366066,3.86215374546426,0.723013325973689
Gm5589,,,,
Gm8096,,,,
Gm9558,4,4.31066911432527,38.7960220289274,0.639316878549554
Gm11428,4,3.39829169853772,30.5846252868395,0.677386739412149
Gmfb,5,1.72369266038888,27.5790825662221,0.641696630864212
Gng2,,,,
Gpr18,3,0.670815056649383,2.68326022659753,0.694092957628034
Gpr65,4,2.10340011250128,18.9306010125115,0.806661178413296
Gpr68,,,,
Gpr84,3,3.7911226470237,15.1644905880948,0.658788928456309
Gpr162,3,5.14099133885678,20.5639653554271,0.66188104308265
Gpr171,4,3.06822716094476,27.6140444485028,0.738091654273443
Gpr176,4,1.98938466904188,17.9044620213769,0.654969427394358
Gpr183,4,1.34240460694437,12.0816414624994,0.769275838225453
Gramd3,6,1.08047420165152,27.0118550412879,0.615314008185288
Grap2,4,2.13817377656154,19.2435639890539,0.666261327077172
Gsg2,3,1.45640319557066,5.82561278228263,0.715422276135989
Gtse1,3,0.921157070371232,3.68462828148493,0.72849099758227
Gzma,4,3.33134615082475,29.9821153574228,0.744984709211625
Gzmb,4,6.81785370221655,61.360683319949,0.827864735869476
Gzmc,3,3.48199909170912,13.9279963668365,0.668214673998286
Gzmk,4,7.63687256810049,68.7318531129044,0.655290437188087
H2-Aa,3,1.47135297186869,5.88541188747476,0.665563533437845
H2-Ab1,4,0.689148168721486,6.20233351849337,0.75365264211216
H2-Bl,3,0.94806908625087,3.79227634500348,0.704402209544442
H2-DMb1,3,0.723334775881492,2.89333910352597,0.708521426175489
H2-Eb1,3,1.7814881792891,7.12595271715642,0.631512072857001
H2-Gs10,,,,
H2-M3,,,,
H2-Q5,4,1.33547495828361,12.0192746245525,0.686821603694904
H2-Q8,4,3.01313424813849,27.1182082332464,0.774110105752518
H2-T23,3,0.669746284030829,2.67898513612332,0.688596271017492
H2afx,3,2.10464602524228,8.4185841009691,0.607992044300759
Has2,4,0.947932696736303,8.53139427062673,0.742598234561092
Havcr2,4,2.32702335657974,20.9432102092176,0.656498979199807
Hcls1,4,1.71634345483688,15.4470910935319,0.704475115640329
Hcst,5,4.89510422088176,78.3216675341082,0.648948170647857
Hells,3,1.45511126169085,5.82044504676338,0.729684821679817
Hexb,4,1.01405549942044,9.12649949478397,0.702407395286959
Hif1a,,,,
Hist1h1b,3,4.18923395514499,16.75693582058,0.601261456488274
Hist1h1d,3,1.13003238681375,4.52012954725499,0.729117049953058
Hist1h2ab,4,4.64656740435226,41.8191066391703,0.667644617032761
Hist1h2af,4,2.87601556368699,25.8841400731829,0.645450477273432
Hist1h2ai,4,2.61823306457828,23.5640975812045,0.686258238679635
Hist1h2ak,4,3.12811674746411,28.153050727177,0.640122547582791
Hist1h2ap,4,3.0605518639242,27.5449667753178,0.774395779996399
Hist2h2ac,,,,
Hk3,4,6.62331678104614,59.6098510294152,0.70544130442452
Hmga1,4,1.17021611625807,10.5319450463226,0.634945715860812
Hmgb2,3,1.8800711552241,7.52028462089639,0.722919364238267
Hmha1,,,,
Hmox1,4,1.29148985290051,11.6234086761046,0.659299685194319
Hn1l,4,0.762531474761076,6.86278327284968,0.630042932973242
Hvcn1,4,1.85315470641071,16.6783923576964,0.674114432109467
Icos,4,6.1394633842469,55.2551704582221,0.636364831728672
Id2,,,,
Ido1,3,9.88781849677111,39.5512739870845,0.644813356197955
Ifi30,3,1.28239916008418,5.12959664033673,0.690794256117575
Ifng,4,12.1455384539205,109.309846085284,0.613111683873688
Igf1,,,,
Igsf6,3,2.76188536812483,11.0475414724993,0.659556397179406
Ikbke,3,0.770572640594359,3.08229056237744,0.744400600708322
Ikzf1,3,0.981475117139036,3.92590046855614,0.716879936793659
Ikzf3,,,,
Il2rb,4,5.81475588420996,52.3328029578896,0.656729583792165
Il2rg,3,0.917937328603029,3.67174931441211,0.691093863237856
Il4i1,4,0.781931663543258,7.03738497188932,0.885768664636712
Il10ra,5,2.4260882553736,38.8174120859776,0.792062681556791
Il12b,,,,
Il12rb1,4,7.3073357610712,65.7660218496408,0.614561377283773
Il18rap,3,0.739936043303417,2.95974417321367,0.681738561629271
Il21r,4,2.45558628541028,22.1002765686926,0.788361829303672
Incenp,3,1.56111575459205,6.2444630183682,0.728515493739346
Insl6,3,1.13198741496455,4.52794965985819,0.84138915848313
Ipcef1,,,,
Iqgap3,4,3.57300233363229,32.1570210026906,0.621339285850447
Irf5,4,1.23991800800257,11.1592620720232,0.816056666235306
Irf8,4,0.589831333725142,5.30848200352628,0.831383190647394
Itga4,6,1.16100933669894,29.0252334174735,0.763630458144806
Itgal,3,1.11407989678321,4.45631958713284,0.696005271861082
Itgax,4,0.813479410596471,7.32131469536824,0.654771437057598
Itgb2,3,0.806964154050659,3.22785661620264,0.702988041176387
Itgb7,,,,
Itk,,,,
Jakmip1,3,1.61988817665078,6.47955270660311,0.651647895453624
Kcnab2,3,1.03084479484507,4.12337917938029,0.655413590277813
Kcnn4,5,1.91980458287127,30.7168733259403,0.757671899996235
Kif2c,3,1.65117333250276,6.60469333001105,0.703933780740074
Kif4,6,2.061833315947,51.5458328986749,0.770156718036388
Kif11,3,0.886578171860934,3.54631268744374,0.728971903578988
Kif18b,3,1.47421796491919,5.89687185967675,0.728921841380823
Kif20a,4,4.36448768697658,39.2803891827892,0.662039315192633
Kif21b,6,1.43118818032059,35.7797045080149,0.733510642480416
Kif22,4,3.27487895969557,29.4739106372602,0.754495173677989
Kif23,3,1.82564882809642,7.30259531238569,0.73036702137821
Kifc1,,,,
Kifc5b,3,1.98667217472038,7.94668869888151,0.630469499945498
Klhl6,3,0.967595115524909,3.87038046209963,0.610515487719081
Klhl25,,,,
Klk1b3,,,,
Klrc2,,,,
Klrg1,3,1.44928185750977,5.7971274300391,0.604218580279804
Klrk1,3,1.00827396426063,4.03309585704252,0.692651396361141
Kntc1,3,1.89173974070391,7.56695896281565,0.743791994633151
Krt6a,3,1.97038174936698,7.88152699746794,0.634170109463831
Krt20,,,,
L3mbtl2,,,,
Lag3,4,5.19749573374914,46.7774616037422,0.730126595708863
Lair1,4,3.83251716009139,34.4926544408225,0.644953290929262
Laptm5,4,1.41123831237911,12.701144811412,0.633196925978525
Lat2,4,1.66878513409804,15.0190662068824,0.744582743573631
Lat,,,,
Lax1,3,1.59786538882577,6.39146155530308,0.753408868214285
Lck,4,4.12297176770694,37.1067459093625,0.752375140143683
Lcp1,3,0.714882339256385,2.85952935702554,0.755483908621528
Lcp2,4,1.88304606250791,16.9474145625712,0.771333122631598
Lgals3,3,0.774680715555607,3.09872286222243,0.724642254196535
Lgmn,4,2.13486456584045,19.213781092564,0.670942655782454
Lhfpl2,,,,
Lhx1,4,0.784383961605593,7.05945565445034,0.601982418278267
Lig1,3,0.800020467307294,3.20008186922918,0.723029907674626
Lin9,3,0.551315011407451,2.2052600456298,0.739078258391034
Lmnb1,4,3.44968816276874,31.0471934649186,0.709537104219958
LOC676708,3,1.998887782917,7.995551131668,0.704239803531555
Lox,4,1.97086773833772,17.7378096450395,0.644286670441377
Lpcat2,4,1.90397007092645,17.135730638338,0.711565198987321
Lpxn,4,3.08671500099953,27.7804350089958,0.742612964697894
Lrdd,,,,
Lrmp,3,2.56218045126701,10.2487218050681,0.643348093303192
Lrrc25,4,3.26616106759437,29.3954496083494,0.747170276091432
Lrrc33,3,0.610805325782865,2.44322130313146,0.694977886510134
Lst1,3,3.26775681486472,13.0710272594589,0.685712946720296
Ltb,3,2.86444680593487,11.4577872237395,0.66286745371504
Ly9,4,1.3465803371718,12.1192230345462,0.868107659384557
Ly86,4,2.09433413483024,18.8490072134722,0.75597479588669
Mad2l1,4,1.49142496470874,13.4228246823786,0.689108943046502
Mafb,4,2.91115758930438,26.2004183037395,0.737260882587284
Map4k1,4,2.09379414372217,18.8441472934995,0.713881451038231
March1,4,1.64537262520879,14.8083536268791,0.749746563869345
Matk,3,1.35463497273094,5.41853989092375,0.664615039710601
Mchr1,,,,
Mcm2,3,1.19283722144111,4.77134888576445,0.725385328083216
Mcm3,3,0.996742482715189,3.98696993086076,0.736907752275727
Mcm5,3,2.01776142845317,8.07104571381269,0.74422545771008
Mcm6,3,0.827851396650067,3.31140558660027,0.766832713332479
Mcm10,4,1.10348021284575,9.93132191561171,0.87523616381714
Mcoln2,4,0.783070472292303,7.04763425063073,0.727604772716767
Melk,4,2.79731625547602,25.1758462992842,0.779713123570702
Mgat4a,5,1.70764705792685,27.3223529268296,0.637252091268514
Mki67,5,3.17182421882684,50.7491875012294,0.777571670946361
Mlec,3,0.771027732636528,3.08411093054611,0.678411697620049
Mmp13,,,,
Mmp14,5,2.86595289007802,45.8552462412484,0.608645864104547
Mms22l,3,1.02094393923082,4.08377575692326,0.707311661076154
Mobkl2a,,,,
Mpst,,,,
Mre11a,,,,
Ms4a4b,4,5.13264733182354,46.1938259864118,0.706638666427357
Ms4a7,4,7.39428985134743,66.5486086621269,0.712443113961016
Msr1,5,3.06143427237196,48.9829483579514,0.750715291936067
Mthfd2,3,2.24103907851342,8.96415631405367,0.669503380561118
Mxd3,4,1.90078414180522,17.107057276247,0.797768827464754
Mybl2,3,2.27358801701204,9.09435206804816,0.687911268171694
Myo1e,,,,
Myo1f,3,1.67197896798004,6.68791587192015,0.723036719269695
Myo1g,4,1.28257808465548,11.5432027618993,0.64186498598252
Myo5a,3,0.885173551582874,3.5406942063315,0.71532175754239
Naip2,3,1.28393160668101,5.13572642672405,0.685909838336469
Nasp,3,1.01609239912968,4.06436959651872,0.671356653785511
Ncapd2,3,2.39934742742686,9.59738970970746,0.60622907144669
Ncapg2,3,2.60014804645821,10.4005921858328,0.735756050882346
Ncapg,4,4.02108765807144,36.189788922643,0.670808965323612
Ncf1,3,0.893539787946106,3.57415915178442,0.727431225469899
Ncf4,4,2.0734419998928,18.6609779990352,0.770703701650897
Nckap1l,4,1.45006435690691,13.0505792121622,0.759179678821258
Ndc80,3,0.880008521253605,3.52003408501442,0.699452142847953
Ndufab1,4,0.917595826551777,8.25836243896599,0.655805626239435
Neil3,3,1.13304507155946,4.53218028623782,0.746791085353831
Nek2,,,,
Neurl3,4,2.51269490866002,22.6142541779402,0.712417427538833
Nfkb2,3,0.694268209993298,2.77707283997319,0.729972411335608
Nfkbid,3,0.712724312353474,2.85089724941389,0.732676101299736
Nfkbie,4,1.12913622956949,10.1622260661254,0.828120445576843
Nfkbiz,,,,
Nkg7,4,6.12604593322142,55.1344133989928,0.684251579635563
Nlrc3,3,1.68701194258274,6.74804777033094,0.650273603431949
Nmral1,4,0.807792808191122,7.2701352737201,0.802055169342843
Noc4l,3,0.562304638522918,2.24921855409167,0.674757573465737
Nr1i3,,,,
Nsg2,,,,
Nsl1,4,1.64584630130391,14.8126167117352,0.72383060219127
Nuf2,3,4.21029665727292,16.8411866290917,0.65064716768967
Nus1,,,,
Nusap1,4,2.14892793345275,19.3403514010747,0.778591321256826
Odf3,,,,
Oip5,3,0.936243504255167,3.74497401702067,0.746591788699536
P2ry6,5,1.59347779403587,25.4956447045739,0.611988740707342
P2ry10,,,,
Pacsin1,4,0.883587096821351,7.95228387139216,0.795289039667541
Padi2,3,1.94018423079611,7.76073692318442,0.69296243946472
Panx1,4,2.07911053328481,18.7119947995633,0.602620986960973
Parp8,,,,
Parvg,4,1.77213658778376,15.9492292900538,0.686306493670113
Pask,3,0.906340631074589,3.62536252429835,0.748793602355456
Pbk,3,2.83830212240658,11.3532084896263,0.749962562473275
Pdcd1,4,10.4601267430641,94.1411406875767,0.660035542667863
Pglyrp2,4,0.693206856044764,6.23886170440287,0.875948277944736
Phf6,,,,
Phf19,3,0.804331337639193,3.21732535055677,0.794706185873492
Phgdh,5,1.39058506591781,22.249361054685,0.631770710802249
Pik3cd,4,1.31787793032979,11.8609013729682,0.702141125558852
Pik3cg,,,,
Pinx1,,,,
Pkib,4,0.558271574526464,5.02444417073817,0.820037394685869
Pkn3,4,1.4604624731298,13.1441622581682,0.72247477989395
Pla1a,4,2.43541341216735,21.9187207095061,0.809734382925633
Pla2g7,4,2.19440402208241,19.7496361987417,0.793522365345873
Pla2g16,,,,
Plbd1,4,0.567505224169497,5.10754701752547,0.781081200833288
Plcg2,3,0.875647635397573,3.50259054159029,0.66332702079109
Plcl2,4,1.19187529212777,10.7268776291499,0.656020879111854
Pld4,3,1.61949669018116,6.47798676072463,0.739644822454562
Plekho2,3,0.612115640863391,2.44846256345356,0.695527268414846
Plk1,3,4.38163705938787,17.5265482375515,0.680857201784779
Plk4,,,,
Pmf1,,,,
Poc1a,5,0.761105151777273,12.1776824284364,0.663281778046816
Pola1,3,0.598002225690362,2.39200890276145,0.715926390725876
Pole2,5,0.67606074070822,10.8169718513315,0.773801017222867
Pole,3,1.49776305688787,5.99105222755149,0.750033627058678
Pou2f2,3,0.600020758773842,2.40008303509537,0.75269151420783
Ppp2r5c,3,0.927128643953175,3.7085145758127,0.655357069182096
Prc1,3,3.9345574050469,15.7382296201876,0.673714101898978
Prf1,4,2.88089949848601,25.9280954863741,0.718309194184873
Prim2,3,0.459162145539661,1.83664858215864,0.73313989095398
Prkcb,3,2.0749099425374,8.2996397701496,0.627358151602586
Procr,,,,
Prrx2,,,,
Psat1,3,1.57790178695035,6.31160714780141,0.716423121052176
Psd4,3,0.597147704673703,2.38859081869481,0.71271777549723
Psmb8,4,1.34199721888784,12.0779749699905,0.804673114775032
Psmb9,4,1.82901764517612,16.4611588065851,0.727582591822644
Psrc1,4,0.982349760800601,8.84114784720541,0.819231976875936
Pstpip1,4,2.51290038182241,22.6161034364017,0.814501131577499
Ptk2b,4,1.01047483385477,9.09427350469297,0.722771455030426
Ptms,,,,
Ptpn6,4,2.77498665040218,24.9748798536196,0.696878382934671
Ptpn7,4,2.69972093930311,24.297488453728,0.70292031363413
Ptpn18,,,,
Ptpn22,4,3.17187671020554,28.5468903918498,0.67292924843288
Ptprc,4,1.48985523816388,13.408697143475,0.612324187922394
Ptprcap,4,3.95629812661498,35.6066831395349,0.608958901702027
Ptpro,3,1.0157265907799,4.06290636311959,0.687353879923917
Pycard,4,2.61362306338547,23.5226075704693,0.719581475785704
Rab3il1,3,0.505767577060334,2.02307030824134,0.74400481478937
Rab8b,,,,
Rab32,3,0.775962512450042,3.10385004980017,0.708728140823144
Rac2,4,3.39983949858567,30.598555487271,0.712248334577001
Racgap1,4,1.11654954731142,10.0489459258027,0.730257203613144
Rad51,4,2.61562620667912,23.5406358601121,0.787207613426211
Rad51ap1,3,1.52294071779415,6.09176287117661,0.747983923380531
Rad54b,3,1.08876861244963,4.35507444979851,0.739805978648651
Rad54l,3,1.3832167442801,5.5328669771204,0.709847999620646
Rap2b,,,,
Rasal3,4,2.32936330442476,20.9642697398228,0.685789523748863
Rasgrp1,4,1.67360013433594,15.0624012090234,0.74216509444503
Rassf4,4,1.44563612169061,13.0107250952155,0.759636114725419
Rbl1,3,0.756959955780707,3.02783982312283,0.712014344886541
Rcan3,,,,
Rcc1,3,0.686859971084507,2.74743988433803,0.762143914012289
Rcc2,3,0.538187398780002,2.15274959512001,0.735275971102053
Relb,3,0.715952511038995,2.86381004415598,0.705115180892175
Rfc4,3,0.872908546776426,3.4916341871057,0.728793138556447
Rfc5,3,0.746207725778183,2.98483090311273,0.72959276309807
Rgs1,4,4.05575156916806,36.5017641225126,0.746951352668779
Rgs10,4,0.860216766014493,7.74195089413044,0.747818722803871
Rgs14,3,0.825164972425902,3.30065988970361,0.711389553751989
Rgs16,4,2.22575784852586,20.0318206367328,0.851557527547669
Rhoh,4,1.9160240043494,17.2442160391446,0.773821871905696
Rinl,3,1.01818419977418,4.07273679909671,0.664810653537771
Ripk3,3,1.51380713730349,6.05522854921394,0.708246492198136
Rnase6,3,0.803203177680101,3.2128127107204,0.716520303070296
Rnf149,4,0.579748310997442,5.21773479897698,0.812256420611698
Rrbp1,4,4.51766999699128,40.6590299729215,0.756771780560243
Rrm2,4,3.50770743515607,31.5693669164046,0.71084542689412
Runx2,5,2.24737812770518,35.9580500432828,0.64372189728777
Runx3,4,0.815590123900524,7.34031111510472,0.826662027000055
Rusc1,,,,
S100a4,4,1.52872749282,13.75854743538,0.825396135696262
Sash3,4,2.02254001697226,18.2028601527503,0.65915569768668
Selplg,4,1.07312262592616,9.65810363333546,0.817489516827932
Sema4d,3,0.759500964465421,3.03800385786168,0.735999810258865
Sept6,4,1.66766358089795,15.0089722280816,0.62203640516923
Serp1,,,,
Serpina3g,4,4.77803007234274,43.0022706510847,0.682294264138605
Sesn3,,,,
Sfn,4,1.86498599785743,16.7848739807168,0.650479646984438
Sgol1,4,2.28139789240732,20.5325810316659,0.7831703267278
Sgol2,4,0.965497570256969,8.68947813231272,0.760700143907427
Sh2d1a,5,4.90765920769766,78.5225473231626,0.654623708246024
Sh3bp1,3,1.00712845063375,4.028513802535,0.649365363561366
Sh3kbp1,,,,
Shcbp1,4,3.1699216049242,28.5292944443178,0.7577891991019
Sirpa,4,0.795633786824137,7.16070408141723,0.641014166665717
Sit1,,,,
Ska1,4,3.02383519415378,27.2145167473841,0.772625109689555
Skap1,,,,
Sla2,3,4.08057551858892,16.3223020743557,0.616539828524548
Slamf1,,,,
Slamf6,4,0.897374294623708,8.07636865161337,0.745418860652289
Slamf7,4,2.08514858353053,18.7663372517748,0.750129799394227
Slamf8,4,4.48859985596039,40.3973987036435,0.787888591806248
Slamf9,3,3.69442623285784,14.7777049314314,0.667482539572384
Slc4a7,,,,
Slc7a5,3,1.07218500393419,4.28874001573677,0.687827114673382
Slc7a8,5,3.27782791551999,52.4452466483199,0.708353849686739
Slc11a1,3,2.43640082133862,9.74560328535446,0.708346020582779
Slc16a6,4,1.42107181926838,12.7896463734155,0.774393498688378
Slc22a16,3,0.452692967928495,1.81077187171398,0.74202671342712
Slc28a2,4,1.76929907683927,15.9236916915534,0.800091267859489
Slc37a2,4,3.26304479396616,29.3674031456955,0.692462049381162
Smc2,4,1.63656412612788,14.729077135151,0.736481530880408
Snx5,5,0.54953879889182,8.79262078226913,0.809801747689507
Snx10,,,,
Snx20,4,2.33143200783179,20.9828880704861,0.606013989510735
Spag5,3,2.2954725774805,9.18189030992199,0.736959242427094
Spc24,3,1.73172446452974,6.92689785811896,0.741974855161967
Spc25,4,1.83343781472518,16.5009403325266,0.804384968605106
Spic,4,1.0950126668113,9.85511400130173,0.699660032796956
Spn,5,3.13273902544902,50.1238244071842,0.615736955371519
Spns3,3,0.615166716176838,2.46066686470735,0.793530055771785
Srd5a3,,,,
Srrm3,,,,
St8sia1,,,,
Stap1,4,0.71305608109731,6.41750472987579,0.802809608053096
Stat4,4,2.48703664137739,22.3833297723966,0.65725338524314
Stra6,,,,
Susd3,4,1.02643311151404,9.23789800362638,0.755026285014481
Sykb,3,0.673390373061413,2.69356149224565,0.743918949051231
Syt8,3,1.22663536298492,4.90654145193968,0.640968374572253
Syt13,4,2.23357513139719,20.1021761825747,0.674305702414826
Taf1d,,,,
Tatdn2,,,,
Tbc1d10c,5,3.0718653343964,49.1498453503423,0.656356431442618
Tbx21,4,2.49856694170675,22.4871024753608,0.799560946889262
Tcf19,3,1.50733678798255,6.02934715193021,0.745621385146681
Tcrb-J,,,,
Tgm1,4,2.83717080623927,25.5345372561535,0.617202653768022
Themis,3,1.05780011018381,4.23120044073523,0.695432102040944
Thpo,,,,
Thy1,4,4.35472639206329,39.1925375285696,0.623816032489713
Timeless,3,1.15518098243771,4.62072392975085,0.757045209532977
Tk1,4,3.29088232790375,29.6179409511338,0.780254846191338
Tlr1,4,1.77337902602556,15.96041123423,0.849518707277338
Tlr6,3,1.46255482983074,5.85021931932296,0.64624015031491
Tmem48,3,0.855566163634557,3.42226465453823,0.671020107313149
Tmem51,3,0.649162811168998,2.59665124467599,0.731779677201157
Tmem171,5,1.97444237789344,31.591078046295,0.680352293084391
Tmem173,4,1.04048300835013,9.3643470751512,0.820951914949515
Tmem229b,3,0.531104046120744,2.12441618448298,0.753688275538426
Tmsb10,4,1.71177006062021,15.4059305455819,0.61793232842393
Tnc,3,2.0862344220618,8.34493768824719,0.764362955312417
Tnfaip2,5,1.02558087331103,16.4092939729766,0.601158775412479
Tnfaip3,5,1.60966108521794,25.754577363487,0.681276810613003
Tnfaip8,,,,
Tnfaip8l1,3,2.00193981156933,8.00775924627731,0.60367929417279
Tnfaip8l2,3,1.54829023664365,6.19316094657459,0.709615254310218
Tnfrsf4,3,2.27758736231248,9.11034944924992,0.634456681930445
Tnfrsf11a,5,0.717835393499054,11.4853662959849,0.642620144665507
Tnfrsf13b,4,1.21741191028147,10.9567071925332,0.73629581676974
Tnfrsf18,4,2.86105775955308,25.7495198359778,0.669293678852384
Tnfsf14,,,,
Tnpo1,,,,
Top2a,4,1.32724428020187,11.9451985218169,0.795963380534215
Tox,,,,
Tpx2,4,3.03274868133825,27.2947381320442,0.781859568335431
Traf3ip3,3,1.70358876527559,6.81435506110237,0.632944184427675
Traip,3,1.67409966343312,6.6963986537325,0.732407845126606
Trem2,3,2.4225079679921,9.69003187196839,0.829039553120664
Trim59,,,,
Trip13,3,2.76993048262048,11.0797219304819,0.721640180986429
Trpm2,5,3.27739788240616,52.4383661184985,0.627969958222395
Ttc39b,3,1.15389107113589,4.61556428454356,0.626543658967255
Tuba1c,4,0.815632393067579,7.34069153760821,0.705053363471638
Tubb6,3,1.04384348887356,4.17537395549424,0.682964880492015
Tube1,3,0.934320375062265,3.73728150024906,0.726918314424705
Tyms,4,1.20494386626079,10.8444947963471,0.755579823166204
Tyms-ps,3,1.47542401349113,5.90169605396452,0.715212712607433
Tyrobp,4,1.24901709545498,11.2411538590948,0.706844629402578
Ubash3a,3,2.85789057551671,11.4315623020668,0.609080029967818
Ubd,4,9.32921852473466,83.9629667226119,0.811946699301982
Ube2c,4,2.77849024492249,25.0064122043024,0.763905331094629
Ube2l3,5,1.49200772059157,23.8721235294652,0.652264112359096
Ube2t,4,1.90364186758675,17.1327768082807,0.731152347450445
Uck2,4,0.901949961737939,8.11754965564145,0.674795159983237
Uhrf1,4,3.21678236498625,28.9510412848763,0.738931198286322
Unc93b1,3,0.934844771535466,3.73937908614187,0.647806411131523
Ung,4,1.8925482156436,17.0329339407924,0.703151626430334
Usp29,,,,
Vav1,4,2.30668046914557,20.7601242223101,0.734680124062909
Was,4,2.27699907698589,20.492991692873,0.6931381016336
Wdhd1,3,0.888542388645171,3.55416955458068,0.750421015967723
Wdr76,3,0.565022457360744,2.26008982944298,0.73043094668054
Whsc1,,,,
Wisp1,3,1.2840964580337,5.1363858321348,0.628702397133231
Xcl1,3,4.80657100372079,19.2262840148831,0.60710650629058
Xlr4b,4,1.34644288819626,12.1179859937663,0.61952970183109
Zap70,3,3.27042439042532,13.0816975617013,0.607931005983276
Zc3h12d,4,0.940639399458269,8.46575459512442,0.868360272448552
Zcchc18,4,0.671559681645154,6.04403713480638,0.762043860243749
Zeb2,,,,
Zmynd15,3,1.50914732279966,6.03658929119864,0.672556401868454
Zwilch,4,1.39982133779658,12.5983920401692,0.68991337381392
2610101N10Rik,3,1.39389205372968,5.57556821491872,0.640372240566765
2810006K23Rik,2,0.375048963333333,0.375048963333333,0.808653292682751
2810474O19Rik,,,,
4632415L05Rik,,,,
4933407C03Rik,3,0.940727706260059,3.76291082504023,0.613005958744899
6330512M04Rik,3,0.712685633005449,2.8507425320218,0.757386050759507
9430098F02Rik,2,0.657532808888889,0.657532808888889,0.707946346140758
Ablim1,3,0.542997650843876,2.1719906033755,0.866734775416482
Adap2,3,2.16361410293268,8.65445641173073,0.606104699635367
Akap9,3,1.89745397979675,7.58981591918699,0.682678646394899
Aldh9a1,2,0.720001915680474,0.720001915680474,0.609830392073095
Asap2,,,,
Atp2b2,4,1.35742614465067,12.216835301856,0.679795635903443
Bach1,3,1.18859031356381,4.75436125425524,0.610271351055025
Baz1b,3,1.41256421987557,5.65025687950227,0.606904407130604
Bbx,2,0.99644948,0.99644948,0.652698128634877
C130022K22Rik,2,1.2047256175,1.2047256175,0.610142889458109
Cald1,2,2.18273542,2.18273542,0.804866085683061
Casq2,,,,
Cbx1,2,0.7098489175,0.7098489175,0.697099788458112
Ccar1,,,,
Ccdc141,,,,
Cdc27,2,0.953254,0.953254,0.739170918602925
Cdk11b,2,0.9497674375,0.9497674375,0.677997647855351
Ceacam2,2,1.488087114375,1.488087114375,0.76092700703678
Chd9,2,0.89131227,0.89131227,0.606412621647538
Ckap5,2,3.4104496575,3.4104496575,0.682790401396282
Clip1,3,1.40538493333069,5.62153973332277,0.826189267274667
Csgalnact1,3,0.724922532141737,2.89969012856695,0.753866970307211
Csnk1a1,3,0.591279773545654,2.36511909418262,0.779966312827275
Csnk1e,,,,
Ctage5,3,1.48157254064875,5.92629016259501,0.611087717919397
Ctla2a,3,0.538657353885795,2.15462941554318,0.772250541267127
Ctla2b,3,0.455479789502373,1.82191915800949,0.811255768896684
D330040H18Rik,,,,
Dag1,,,,
Dcn,3,0.628479215681232,2.51391686272493,0.785689618530561
Ddx46,2,4.7936814375,4.7936814375,0.707079759351576
Dek,2,1.3170350175,1.3170350175,0.73030322068017
Dhcr24,3,1.25718364488706,5.02873457954825,0.787935412566958
Dhx36,,,,
Dicer1,,,,
Dpp8,3,0.729597273511097,2.91838909404439,0.601081200790324
Dusp7,3,0.857863369765207,3.43145347906083,0.719713570662385
E430024C06Rik,2,4.31168915083333,4.31168915083333,0.603249989964089
Egln2,2,0.768261579375,0.768261579375,0.654182300083524
Eif3a,2,1.9596419175,1.9596419175,0.709154605217022
Eif3c,2,2.269738539375,2.269738539375,0.692740070108877
Eif4ebp2,2,1.8044135,1.8044135,0.710560109049469
Eif5b,2,1.91370015083333,1.91370015083333,0.636372442065544
Eltd1,3,0.470702387966343,1.88280955186537,0.839443724677431
Esf1,2,1.4453542075,1.4453542075,0.719848014089257
Fam123b,2,0.85528207,0.85528207,0.612801715217456
Fam168a,3,0.507869315130743,2.03147726052297,0.838642742442888
Fam177a,3,1.53400424995641,6.13601699982565,0.69528285806251
Fgf18,3,1.2369131825155,4.947652730062,0.749933908737023
Filip1,2,1.75989560416667,1.75989560416667,0.690727893259881
Fkbp15,,,,
Fthl17,,,,
Gbf1,3,2.43870339438524,9.75481357754098,0.671714860675659
Ghdc,2,0.7899827175,0.7899827175,0.796219996400054
Gigyf2,3,2.65507396878996,10.6202958751598,0.719242244954872
Gnpda2,2,1.03579543,1.03579543,0.631949704105668
Gon4l,3,1.26860438817159,5.07441755268635,0.619838278901863
Gpatch8,,,,
Gprin3,,,,
Grip1,3,0.579397729623446,2.31759091849379,0.886535013702871
Hcfc1,2,1.68013279083333,1.68013279083333,0.639526805039913
Heatr6,2,1.2715727675,1.2715727675,0.762602188193557
Hnrnpa3,,,,
Hyal1,3,1.89727394106251,7.58909576425005,0.821127476065111
Iffo2,2,0.4836799375,0.4836799375,0.7559279575544
Igf2,3,0.30191733636821,1.20766934547284,0.831028863718761
Irf3,,,,
Isoc1,,,,
Jmy,3,0.83244769155127,3.32979076620508,0.726256408616421
Kcnj12,3,0.488831698407506,1.95532679363003,0.784759270632315
Kdm5a,2,1.07789825083333,1.07789825083333,0.688415582185016
Kdr,3,1.25121400707596,5.00485602830384,0.691282088982086
Kif5b,3,0.722163952257965,2.88865580903186,0.761325751828206
Kitl,3,0.386319205099485,1.54527682039794,0.822901643476549
Klf3,3,0.296827037602202,1.18730815040881,0.85434306088038
Lars,2,3.51840675083333,3.51840675083333,0.613299122638649
Lims1,2,2.6148174375,2.6148174375,0.759467068193942
Lrrfip1,,,,
Lrrn4,3,1.35651929515663,5.42607718062652,0.675002311843795
Lrtm2,3,0.954292709178297,3.81717083671319,0.803443035906925
Luzp1,3,1.88567804826859,7.54271219307438,0.65970863679705
Magi3,3,0.464660587022073,1.85864234808829,0.793560594388359
Mfsd6,3,0.60459750377813,2.41839001511252,0.677515543763578
Micall1,,,,
Mier1,2,1.5276040175,1.5276040175,0.614060852296645
Mras,2,0.800310339375,0.800310339375,0.696505219095009
Mxra7,3,1.30309408680117,5.21237634720469,0.785735851466843
Mybphl,3,1.26873328476981,5.07493313907926,0.720546702702407
Nav1,3,0.924373427470987,3.69749370988395,0.720902803793285
Ncoa6,3,1.15795331391707,4.63181325566827,0.728734371250565
Nfatc1,,,,
Nol8,2,1.44935967,1.44935967,0.63240470383476
Nop14,2,1.51536289666667,1.51536289666667,0.68523630565275
Noxa1,3,0.85933723242428,3.43734892969712,0.618048393385302
Npepps,2,1.45850827104167,1.45850827104167,0.742600194878074
Npnt,4,0.791666927945444,7.125002351509,0.715715552895349
Nr2c2,,,,
Nudt13,2,0.494705064375,0.494705064375,0.798761004396854
Osr1,3,1.07304172256021,4.29216689024083,0.674121363317972
Pam,3,1.78261668734308,7.13046674937231,0.811399213589957
Pank3,2,0.754911054375,0.754911054375,0.776629133203559
Parva,,,,
Pcbp3,3,1.39710214773938,5.58840859095752,0.666848957177661
Pcm1,,,,
Pfdn1,2,0.758008,0.758008,0.749853837406003
Pitpnm2,4,1.88034853786424,16.9231368407782,0.630449635585507
Plcb1,3,2.07134522263215,8.28538089052862,0.740642608639953
Plcb4,3,0.373025261491323,1.49210104596529,0.80056633419039
Plec,3,1.02268167982428,4.0907267192971,0.660839469388253
Ppargc1a,,,,
Ppp2r5e,3,1.1241429653909,4.49657186156359,0.647448421853067
Prpf38b,2,2.62002239083333,2.62002239083333,0.617525767686462
Prpf40a,3,0.831264882475957,3.32505952990383,0.638508142602718
Ptprb,3,1.75912317835961,7.03649271343844,0.721760842142298
Rab36,5,1.11929905700955,17.9087849121529,0.607606348458361
Rapgef6,2,0.742654275555556,0.742654275555556,0.678926752009735
Rbfox3,,,,
Rbm28,2,0.999046104166667,0.999046104166667,0.729257229083297
Rexo1,3,1.25869340569694,5.03477362278775,0.629894212934848
Rif1,,,,
Rnf6,3,0.871938491021012,3.48775396408405,0.65831098666081
Rnf20,4,0.449154295795086,4.04238866215577,0.722221835593741
Rock1,2,2.32067302,2.32067302,0.692881829139495
Rprml,4,0.309741429360113,2.78767286424102,0.811629022316102
Safb2,2,0.662581270833333,0.662581270833333,0.717342737235715
Scaper,3,0.559253121268081,2.23701248507233,0.645056481514196
Scn1a,3,0.717757225487722,2.87102890195089,0.766645933615771
Scnn1g,3,0.69479173827217,2.77916695308868,0.634480598707457
Serpinb6d,3,0.814575855089048,3.25830342035619,0.71974658949877
Setbp1,,,,
Sfxn2,2,1.260070589375,1.260070589375,0.644391001571466
Sh3rf2,3,0.869601549712387,3.47840619884955,0.660834301140963
Ski,3,1.47021299452875,5.88085197811501,0.664110646364903
Slc43a3,3,1.09682389554082,4.38729558216327,0.886843145390395
Slco4c1,3,1.66979836993589,6.67919347974356,0.746788308931005
Sltm,2,1.82082945083333,1.82082945083333,0.724269085235943
Sp4,2,2.4983256175,2.4983256175,0.694873131808235
Spock2,,,,
Srpr,2,2.03899018666667,2.03899018666667,0.712273807338882
Srrm4,2,1.47240155083333,1.47240155083333,0.660982111981532
Stim1,,,,
Sync,2,0.92629852,0.92629852,0.65772352551297
Taf1,2,0.5776026875,0.5776026875,0.841319189305229
Taf3,2,1.033838,1.033838,0.658683186008327
Tbx5,3,1.02596707616023,4.10386830464093,0.613669040815451
Tgfbrap1,2,0.802834814375,0.802834814375,0.629052399891959
Tgs1,2,1.1391259375,1.1391259375,0.669247407733682
Thoc2,2,0.868133413333333,0.868133413333333,0.756648338273569
Tlm,,,,
Tmx4,4,0.820797766490994,7.38717989841895,0.714717893763819
Tnnc1,3,0.814383377366913,3.25753350946765,0.781350517521786
Tnrc18,,,,
Topors,3,0.753122188078939,3.01248875231576,0.783293099438597
Trim37,3,1.10771788160852,4.43087152643409,0.619545346818463
Tro,3,0.743881857894621,2.97552743157848,0.627221254983742
Tspan9,,,,
Txlna,2,0.7617021575,0.7617021575,0.701472064136912
Ube2o,2,1.177318234375,1.177318234375,0.625961796002343
Ubr4,2,1.4643951875,1.4643951875,0.612818911090496
Vwf,3,0.620339460885092,2.48135784354037,0.675362519818559
Wapal,2,2.21613359666667,2.21613359666667,0.693415434261549
Wasl,3,0.764744030391347,3.05897612156539,0.722631583850427
Wdr60,2,3.25232684666667,3.25232684666667,0.624534081414619
Xiap,3,0.479875468658121,1.91950187463249,0.797958904665906
Zbtb7a,3,2.50555439532442,10.0222175812977,0.82920438596584
Zbtb38,2,1.07431649666667,1.07431649666667,0.74109183551448
Zc3h13,2,2.2280815625,2.2280815625,0.737131296412821
Zfp445,3,0.973602673397765,3.89441069359106,0.65186586177039
Zfp932,3,0.946305311301998,3.78522124520799,0.647140368473178
Zmiz1,3,1.06741203186936,4.26964812747743,0.676066097214506
Zranb2,2,1.11186888,1.11186888,0.670871500274119
1600014C10Rik,5,3.30138844246207,52.8222150793931,0.641830540770261
2010106G01Rik,4,1.29917989884104,11.6926190895694,0.651956108299559
4833422F24Rik,4,4.20547576845162,37.8492819160646,0.609775115395786
4930599N23Rik,4,1.05166708738999,9.46500378650989,0.788132839660069
9130017N09Rik,4,0.737241004748944,6.63516904274049,0.877048527995644
9230105E10Rik,4,2.18714970409339,19.6843473368405,0.70148629253931
9330175E14Rik,3,1.26239535759736,5.04958143038945,0.648988057097996
A430084P05Rik,4,1.17196210368541,10.5476589331687,0.815305367139883
Adamts4,4,1.97034015249141,17.7330613724227,0.690106354265025
Aftph,4,1.63061222105907,14.6755099895316,0.616223343569752
Agfg1,4,0.730902858454164,6.57812572608747,0.728730163882164
AI607873,5,7.29185288269739,116.669646123158,0.77190785213551
Aim1,3,1.32958153727925,5.31832614911698,0.644059735713325
Akt3,5,1.66699375525431,26.671900084069,0.604351985552361
Ankrd1,5,2.30667586102639,36.9068137764222,0.782462198843001
Apod,5,9.06974034515288,145.115845522446,0.727897427396372
Apol6,4,4.62775206494237,41.6497685844814,0.751913203087808
Apol7a,,,,
Apol9a,5,3.66290167571569,58.606426811451,0.833158129939653
Apol9b,4,1.49386969314827,13.4448272383344,0.903258255342251
Arid5a,3,1.09827236408549,4.39308945634196,0.603523805023426
Arsi,4,1.42327330048274,12.8094597043447,0.749148202805799
Ass1,4,2.91689768791801,26.2520791912621,0.645697688325955
Atf3,4,2.50127114351642,22.5114402916478,0.650857524721203
Atp1a3,3,0.91405542716615,3.6562217086646,0.684628137476721
Batf2,4,3.57186702814975,32.1468032533478,0.71494591269727
BC013712,4,1.61101852423996,14.4991667181597,0.825742164173565
BC094916,4,5.27812005382043,47.5030804843839,0.675464975691333
Bst2,4,2.64127411834715,23.7714670651243,0.759876972219487
C4b,,,,
Car13,4,1.90937525478228,17.1843772930405,0.819021231236085
Casp4,4,1.69367969466814,15.2431172520133,0.792646534477118
Ccl2,4,28.7551090403554,258.795981363199,0.647111766922587
Ccl3,5,9.66208252398053,154.593320383688,0.618363886846264
Ccl4,5,12.576070362816,201.217125805055,0.711638601661958
Ccl7,4,23.6403954521562,212.763559069405,0.672673280264453
Ccl11,,,,
Ccl12,4,8.97695061201092,80.7925555080983,0.749543549749068
Ccnd3,,,,
Ccno,3,1.0442564064695,4.17702562587802,0.615139609976725
Cd47,4,1.18434729650507,10.6591256685456,0.682306796987246
Cd69,4,3.019998161262,27.179983451358,0.705007517005087
Cd274,4,2.60990983074855,23.489188476737,0.830254079480195
Cd300a,4,2.82302696462109,25.4072426815898,0.617540027488477
Cd300e,,,,
Cd300lf,3,2.82135583174296,11.2854233269718,0.60772308084839
Cdkn1a,,,,
Cfb,5,9.14833949568005,146.373431930881,0.716329309242848
Ch25h,5,3.95952171530826,63.3523474449321,0.792307234628903
Chit1,4,3.42250447079827,30.8025402371844,0.786488313733178
Chl1,4,2.83428657136228,25.5085791422605,0.744840893751265
Chrm1,2,0.862816484375,0.862816484375,0.788727371053622
Ckap4,4,1.45873312951443,13.1285981656298,0.674438703544337
Clec4a3,3,2.54123205787006,10.1649282314802,0.62449092955891
Clec4e,4,2.90688567947625,26.1619711152862,0.807625202041934
Clic4,,,,
Cmpk2,4,12.876593784566,115.889344061094,0.600276898192495
Coro2a,,,,
Csf2,6,0.954872374370069,23.8718093592517,0.729374283946852
Csf2rb,3,0.621858521075407,2.48743408430163,0.700342365143157
Csf3r,,,,
Cxcl1,4,3.93576216155616,35.4218594540055,0.75404937314208
Cxcl3,4,1.91705724632993,17.2535152169694,0.78422434389136
Cxcl10,,,,
Cxcl11,4,3.39626821357571,30.5664139221814,0.810466307230834
Cxcr2,5,1.08939920339334,17.4303872542934,0.601398953786634
Cyp7b1,4,3.78996784026212,34.1097105623591,0.656033277178508
Cysltr1,4,1.10831060189647,9.97479541706819,0.773982140932597
D14Ertd668e,4,2.35236478880222,21.17128309922,0.879865808814695
D17H6S56E-5,4,1.1551719623904,10.3965476615136,0.741917264132517
Dcaf12l2,,,,
Ddx21,4,2.37089059199022,21.3380153279119,0.680843882869454
Ddx58,4,1.7187143352911,15.4684290176199,0.852483736587506
Ddx60,4,1.67990617542703,15.1191555788433,0.77721012434597
Dhx58,4,2.70093408726002,24.3084067853401,0.752468249537035
Dio2,5,2.76689108183935,44.2702573094296,0.738729588336315
E330016A19Rik,3,0.87423371084804,3.49693484339216,0.679947783620704
Eif2ak2,5,4.3836637601129,70.1386201618064,0.728132722226571
Emilin2,4,2.16599676488013,19.4939708839212,0.608435390425269
Enpp4,2,1.6037657175,1.6037657175,0.808074522575522
F10,5,1.28185185648062,20.5096297036899,0.778691270388642
Fam26f,4,8.15156585403072,73.3640926862765,0.710991953658603
Farsa,,,,
Fcgr1,4,6.19863043692315,55.7876739323083,0.793068502830899
Fcgr4,4,5.20527088879434,46.8474379991491,0.743446511086255
Fgl1,,,,
Fgl2,5,1.41030625968569,22.564900154971,0.630883471753606
Gbp2,3,5.90791551606249,23.63166206425,0.606130114026596
Gbp3,4,5.35871834437867,48.228465099408,0.655802258738726
Gbp4,3,3.6800323910741,14.7201295642964,0.635702428575898
Gbp5,4,5.83029235656733,52.4726312091059,0.779364840070573
Gbp6,5,2.77766251036689,44.4426001658703,0.678327289710516
Gbp9,3,1.89010964866801,7.56043859467205,0.621169228686566
Gda,4,0.966462630950192,8.69816367855173,0.697126543059933
Ggct,3,0.806292905476382,3.22517162190553,0.669581119942698
Gla,3,1.84054923522806,7.36219694091225,0.642399363375582
Gm1966,,,,
Gm4955,4,2.99814185906152,26.9832767315537,0.805710330815695
Gm5483,,,,
Gm8995,5,1.73867867139307,27.8188587422892,0.60094219581576
Gp9,2,0.927607554733728,0.927607554733728,0.623907852126803
Gpr133,3,1.50230926221228,6.00923704884912,0.647778759511091
Gvin1,3,2.17128271534588,8.68513086138353,0.629734013656014
H2-K1,4,0.785522568541752,7.06970311687576,0.714061977060351
H2-Q1,4,0.533105829116887,4.79795246205198,0.818750952688809
H2-Q2,,,,
H2-Q7,3,0.831013620867296,3.32405448346918,0.62199360771769
H2-Q10,5,1.25636030142062,20.1017648227299,0.699447656874924
H2-T22,4,2.31918859626112,20.8726973663501,0.768340122603324
H2-T24,4,2.04643074941794,18.4178767447615,0.732541017356601
Hbegf,4,2.01580530732337,18.1422477659104,0.720169513371376
Herc6,4,2.42337471504401,21.8103724353961,0.779881863418523
Hpse,3,1.52229592887538,6.08918371550154,0.651025343575555
Hsd17b7,,,,
Hsh2d,4,1.02607316210374,9.23465845893367,0.832565661169846
I830012O16Rik,4,14.3953850285615,129.558465257053,0.660526825274643
Ier3,3,0.873737003607578,3.49494801443031,0.650740380006227
Ifi27l2a,4,3.33103325922513,29.9792993330262,0.80255183069372
Ifi27l2b,4,1.24583530738474,11.2125177664626,0.809585300853175
Ifi44,4,2.60560885293646,23.4504796764281,0.88607420756369
Ifi47,4,2.53398767762618,22.8058890986357,0.81996029919666
Ifi203,3,1.82290698589133,7.2916279435653,0.60029249856718
Ifi204,4,4.70781481886038,42.3703333697434,0.773616166265925
Ifi205,5,7.60673894720526,121.707823155284,0.692775781880583
Ifit1,4,1.00626971255855,9.05642741302693,0.961863494128795
Ifit2,4,10.9023075780663,98.1207682025969,0.626614252700382
Ifit3,4,1.14353005982973,10.2917705384676,0.956982312772094
Ifitm6,5,5.7342654470817,91.7482471533072,0.633976544355583
Igtp,4,3.91091417089704,35.1982275380733,0.782360313623514
Iigp1,6,5.67464391276934,141.866097819233,0.758554415090648
Il1b,,,,
Il1r2,6,3.97573571755515,99.3933929388788,0.612315281659381
Il1rn,4,2.27040573087481,20.4336515778733,0.808063278749118
Il6,4,6.4859683614482,58.3737152530338,0.774345917059715
Il18bp,4,3.86940551111589,34.824649600043,0.832327824520345
Irf7,4,3.38150130742044,30.433511766784,0.927802860182041
Irg1,5,23.6010896735339,377.617434776542,0.668338223404735
Irgm1,4,3.65809141066467,32.922822695982,0.806741486809207
Irgm2,4,1.83717722330609,16.5345950097548,0.791892358068093
Isg15,4,2.51954998371348,22.6759498534214,0.93475679633781
Itga2b,2,0.809261025555556,0.809261025555556,0.760075990301414
Itgb3,,,,
Junb,5,1.28691332389461,20.5906131823137,0.687573315874845
Klra2,3,1.50216981810413,6.00867927241654,0.640740185726472
Klra6,5,1.01750734662006,16.2801175459209,0.615316269366277
Klra7,4,2.22226996824218,20.0004297141796,0.625095336878912
Klra8,4,0.656577082723705,5.90919374451334,0.796085714469132
Klra12,,,,
Klra15,4,2.73322321217172,24.5990089095455,0.620705488053723
Klra16,,,,
Klra21,4,1.66644071459665,14.9979664313699,0.661148229000207
Klra22,3,1.73128088584946,6.92512354339782,0.64863150888677
Klra23,4,1.63642325506088,14.727809295548,0.641315869169098
Klrb1c,,,,
Krt85,3,1.23396029573449,4.93584118293796,0.628295097873332
Lap3,,,,
Lcn2,4,2.07104302371728,18.6393872134555,0.796969225868144
Lgals3bp,4,2.27577722703951,20.4819950433556,0.781512892761836
Lilra6,3,1.3566959154217,5.42678366168679,0.601627481455282
Lilrb3,4,1.47666900249145,13.2900210224231,0.765484038025871
Lilrb4,5,3.49908993570254,55.9854389712406,0.692034772710514
Litaf,4,1.50668125846487,13.5601313261839,0.611568271436517
LOC639910,4,1.0141701574106,9.12753141669536,0.800440587695574
Loxl2,5,1.31724434989443,21.0759095983109,0.608648179331726
Ly6a,4,3.03305097532303,27.2974587779073,0.6134429261666
Ly6c1,4,0.954489272131464,8.59040344918317,0.841054359128163
Ly6e,5,1.69691364813883,27.1506183702213,0.64309630322491
Ly6f,4,4.56005115904771,41.0404604314294,0.804075293271523
Mbd1,5,1.3879139599349,22.2066233589583,0.661708646562858
Mefv,,,,
Mitd1,5,1.85185094037128,29.6296150459404,0.710078197037769
Mlkl,4,2.14619786563657,19.3157807907291,0.831072532464333
Mmp8,3,2.24426632672928,8.97706530691713,0.685266401211485
Mmp25,3,1.07547985349399,4.30191941397594,0.639212830679465
Mnda,4,4.81634608429797,43.3471147586817,0.693812891437508
Mov10,3,1.11149514907834,4.44598059631334,0.620212723500481
Mpa2l,4,11.8945455920415,107.050910328373,0.668754079317138
Ms4a4c,4,5.03504287730442,45.3153858957398,0.813309312101919
Ms4a4d,,,,
Ms4a6b,4,4.15737149306124,37.4163434375512,0.796763297282811
Ms4a6c,5,6.29393668555943,100.702986968951,0.704275272599327
Ms4a6d,4,4.44148526041206,39.9733673437085,0.786853208447222
Mt2,5,6.63826692285689,106.21227076571,0.623554225558529
Muc4,4,1.47778391094616,13.3000551985155,0.604109892116489
Mx1,6,4.3695891153569,109.239727883922,0.830254376519983
Mx2,4,1.1562315197159,10.4060836774431,0.949812199118846
Mxd1,5,1.4828327898687,23.7253246378992,0.71029253316864
Myd88,5,1.45791325583704,23.3266120933927,0.776889246302389
Nfil3,,,,
Nlrc5,,,,
Nuak2,3,0.886891161192818,3.54756464477127,0.627938200841008
Nub1,,,,
Oas1a,4,8.66200599000419,77.9580539100377,0.775691730992106
Oas1f,4,3.89614630179742,35.0653167161768,0.827668749028911
Oas2,4,3.50193080939144,31.517377284523,0.734363320888465
Oas3,4,2.46277210186304,22.1649489167674,0.902954976182255
Oasl1,4,4.27035835869875,38.4332252282888,0.914950450913539
Oasl2,4,2.40499857530055,21.644987177705,0.763022977714559
Ogfr,4,0.976986026426693,8.79287423784023,0.779652133759227
Osm,5,1.30370881642747,20.8593410628396,0.615338524863664
Parp9,4,1.73150788728672,15.5835709855804,0.765149410625299
Parp11,5,1.42170032306696,22.7472051690714,0.797087006498932
Parp12,5,3.36820780581888,53.8913248931021,0.623374153589123
Parp14,4,0.893853829124616,8.04468446212154,0.804383761344918
Pcgf5,4,1.79836769083534,16.1853092175181,0.631101545765266
Pdyn,,,,
Phf11,4,4.58932408809293,41.3039167928363,0.77360693458585
Pik3ap1,4,0.504189826894993,4.53770844205494,0.792527793732175
Pik3r5,,,,
Pilrb1,3,1.13752306537719,4.55009226150878,0.634352646822615
Plac8,4,4.46960046059076,40.2264041453168,0.723450688072526
Plek,3,1.01829342730655,4.07317370922621,0.665042879818743
Pnp,5,1.48428068627204,23.7484909803527,0.773098046214995
Ppa1,4,1.51920033693605,13.6728030324244,0.764527609341153
Prg4,,,,
Prm1,,,,
Prss22,5,1.85100510875826,29.6160817401321,0.791405914619578
Psme2,3,0.576714131319831,2.30685652527932,0.667342061149371
Ptx3,5,6.78652474877025,108.584395980324,0.612060679392892
Pyhin1,5,7.41100980966644,118.576156954663,0.670660027835434
Rab10,4,1.49409933832334,13.44689404491,0.668788702472443
Rab20,,,,
Rasa4,3,1.54396800817947,6.17587203271787,0.645775676563672
Reg3g,,,,
Retnla,5,1.25691653874823,20.1106646199716,0.769663908641483
Retnlb,3,4.11622128909838,16.4648851563935,0.687359377920422
Retnlg,6,3.13959454042689,78.4898635106722,0.694217542897697
Rnf19b,4,1.04310563872289,9.38795074850598,0.816277994995193
Rsad2,5,7.47990218326107,119.678434932177,0.853644281050453
Rtp4,4,0.843629675042834,7.59266707538551,0.919086740974623
S100a9,,,,
Saa1,4,16.6781372863251,150.103235576926,0.640551602754199
Saa3,4,41.9927323290433,377.93459096139,0.642600932991331
Samhd1,4,2.29139934128296,20.6225940715466,0.746878791845415
Samsn1,,,,
Sct,5,9.89280834489675,158.284933518348,0.717276255225046
Sdc3,4,0.908490718247009,8.17641646422308,0.681203835422442
Sectm1b,,,,
Sell,,,,
Selp,5,1.6585037229349,26.5360595669583,0.628212032050956
Serpina3c,5,1.76746569391776,28.2794511026841,0.67730595732968
Serpina3f,5,7.27082616254676,116.333218600748,0.676173287125335
Serpina3m,4,3.26768411237374,29.4091570113637,0.744991944110639
Serpina3n,4,0.951207753113926,8.56086977802534,0.872323385756493
Sfrp1,3,1.18152750778464,4.72611003113857,0.660990299373704
Sh3bp2,3,1.46590134537314,5.86360538149255,0.653565879682307
Siglec1,4,2.09759823318539,18.8783840986685,0.802441648284718
Sirpb1a,4,1.19781349702134,10.7803214731921,0.851532651891666
Slc2a6,3,2.15786657808759,8.63146631235036,0.657880050349188
Slc15a3,4,1.12789900305924,10.1510910275332,0.839874597087259
Slc39a14,4,1.13136913770856,10.1823222393771,0.828974272244656
Slco4a1,3,0.551295247054529,2.20518098821812,0.665675952223749
Slfn1,4,2.51252921684079,22.6127629515671,0.817769135988046
Slfn2,4,2.36155106962107,21.2539596265897,0.839601690086788
Slfn4,4,7.97133981246726,71.7420583122053,0.788744794858323
Slfn5,4,1.7265897025662,15.5393073230958,0.665725482204536
Slfn8,4,1.92554738030105,17.3299264227094,0.712405285988236
Slfn9,4,2.58771671599537,23.2894504439583,0.783141157375687
Slfn10-ps,4,4.15607237822481,37.4046514040233,0.795026693499579
Socs1,4,4.06058141589852,36.5452327430867,0.749008657629037
Sp110,3,2.17712519376323,8.70850077505292,0.621665357955786
Sprr1a,5,8.16981532116439,130.71704513863,0.606072257556388
Ssr1,,,,
Stat1,4,1.36882245171388,12.3194020654249,0.85790888756267
Stat2,4,2.04323615632657,18.3891254069392,0.770663978602528
Steap1,3,0.710714299699366,2.84285719879746,0.618230469860676
Stfa2l1,5,2.47411014059559,39.5857622495294,0.620072303996497
Syt12,3,1.62463378612247,6.49853514448987,0.605370805698997
Tap1,4,2.02152493532931,18.1937244179638,0.791563655621089
Tap2,3,1.50286857963614,6.01147431854456,0.611676104269939
Tapbp,5,1.02655350179675,16.424856028748,0.648201945538432
Tcirg1,4,0.496799734448665,4.47119761003799,0.819550403324437
Tcstv1,3,3.87298235663216,15.4919294265286,0.607661637515595
Tcstv3,3,4.65124443869687,18.6049777547875,0.60752347909163
Tgfbi,4,1.54828839529855,13.9345955576869,0.852088576889086
Tgtp1,4,2.54247431820484,22.8822688638435,0.836565484045788
Tifa,6,1.49315814903666,37.3289537259165,0.720239806839861
Timp1,5,13.286241715883,212.579867454129,0.731763650274662
Tlr2,3,1.62880735659974,6.51522942639898,0.637029359768021
Tlr7,3,2.13290549742451,8.53162198969804,0.61206069834387
Tmem106a,3,2.02254203390552,8.09016813562207,0.601184460162426
Tnf,4,2.09194541838243,18.8275087654419,0.832276000713781
Tnfaip6,,,,
Tnfrsf1b,3,2.68459727548669,10.7383891019468,0.663377776412136
Tnfrsf9,4,2.13356140940081,19.2020526846073,0.628913288780195
Tnfrsf12a,6,2.11155669534608,52.7889173836521,0.604286556963621
Tnip3,3,0.699831772322442,2.79932708928977,0.631718961449132
Tor3a,5,2.7195083974849,43.5121343597584,0.60362024434858
Trafd1,4,1.00909020200134,9.08181181801203,0.7634476454617
Trex1,4,2.24972447421873,20.2475202679685,0.786349519438124
Trim21,5,1.68703124450675,26.992499912108,0.721220304612409
Trim25,4,0.803531132357844,7.2317801912206,0.821961084741201
Trim30a,5,4.86792350411069,77.886776065771,0.734162453121391
Trim30d,4,2.77044135991561,24.9339722392405,0.761070964046238
Trim34a,5,1.08539614539957,17.3663383263932,0.743474565322441
Txk,3,1.07685136294722,4.30740545178888,0.670471885937615
Ube2l6,5,2.65225477070877,42.4360763313403,0.767486472006606
Usp18,4,1.65937311796325,14.9343580616693,0.91939702942176
Vcan,4,1.15173728451456,10.365635560631,0.772570758451165
Wars,4,1.59068583782333,14.31617254041,0.632274560487765
Wdfy1,,,,
Xaf1,4,3.07175228884207,27.6457705995786,0.814457927424589
Xdh,,,,
Zbp1,4,2.96910280993095,26.7219252893785,0.902423676458219
Zc3hav1,4,0.8778605102996,7.9007445926964,0.82676824188557
Znfx1,4,2.99979435870357,26.9981492283321,0.604628423767405
1110003O08Rik,5,0.966199607614106,15.4591937218257,0.626634099991707
1110012J17Rik,4,0.610735635949951,5.49662072354955,0.729363170650645
1110017D15Rik,3,0.787135910471104,3.14854364188442,0.693463492787974
1110069O07Rik,3,1.23548681036026,4.94194724144103,0.619249355462401
1190002H23Rik,,,,
1190007F08Rik,,,,
1200016B10Rik,3,0.596643440672109,2.38657376268844,0.693683877398365
1300014I06Rik,,,,
1500035N22Rik,4,0.40822746090182,3.67404714811638,0.800600454031005
1600029I14Rik,4,0.611526808799727,5.50374127919755,0.839039914841048
1700001C02Rik,3,0.812245286801275,3.2489811472051,0.63391057042449
1700007G11Rik,3,0.869878878163634,3.47951551265454,0.645176754677001
1700007K13Rik,4,0.951466187246579,8.56319568521922,0.680829972641307
1700009P17Rik,3,0.593993189333752,2.37597275733501,0.673593472460444
1700012B09Rik,4,0.496834574903498,4.47151117413148,0.8170778316151
1700019L03Rik,4,1.08036928323055,9.72332354907493,0.646742125432342
1700024G13Rik,4,0.943034442128801,8.48730997915921,0.776996106451155
1700026D08Rik,3,0.823643874832804,3.29457549933121,0.771985979149067
1700027A23Rik,,,,
1700040L02Rik,3,0.369132529374078,1.47653011749631,0.668090312324509
1810011O10Rik,5,1.1611022030442,18.5776352487072,0.645423322593534
2010001K21Rik,4,1.37533040841395,12.3779736757255,0.694844602154965
2010003D24Rik,3,0.65346415782162,2.61385663128648,0.653439500624121
2210011C24Rik,4,1.45059910459805,13.0553919413824,0.608599124700089
2210019G11Rik,5,2.02359243296303,32.3774789274085,0.627649319727988
2310014D11Rik,4,0.976231818375715,8.78608636538143,0.628693610623386
2310016C08Rik,4,0.614138938756944,5.5272504488125,0.723432124924389
2610027H17Rik,6,0.605921213614501,15.1480303403625,0.781277307673693
2700046A07Rik,5,0.527448348564368,8.43917357702989,0.766468963737019
2900006A17Rik,5,1.05342288425287,16.854766148046,0.749672942959953
2900009J20Rik,3,0.875620856547406,3.50248342618963,0.683135729157341
2900064A13Rik,3,0.450595097350124,1.80238038940049,0.734101694550617
3300002A11Rik,4,0.456215158322859,4.10593642490573,0.921588061047337
4732418C07Rik,2,1.38604205333333,1.38604205333333,0.707550614684718
4833417J20Rik,,,,
4922501L14Rik,3,1.18253707701186,4.73014830804743,0.666053021035575
4930451C15Rik,4,0.839117947546634,7.5520615279197,0.795246079953619
4933436C20Rik,,,,
4933439F18Rik,4,0.699640991757401,6.2967689258166,0.865068197587668
5330417C22Rik,4,0.802089562159337,7.21880605943403,0.768384865929227
5430405H02Rik,2,0.966506990833333,0.966506990833333,0.604559160213566
5930430L01Rik,4,0.577971214735884,5.20174093262296,0.653020677631263
6230424C14Rik,,,,
6330439K17Rik,4,0.627996162552111,5.651965462969,0.739238171276692
6430548M08Rik,5,0.629858785449344,10.0777405671895,0.660387527273773
6720401G13Rik,5,0.767181604293374,12.274905668694,0.691334383377976
9230104K21Rik,,,,
9230104L09Rik,,,,
9430020K01Rik,5,0.333559208271069,5.3369473323371,0.670191986844559
9430079G20Rik,,,,
9530006C21Rik,4,1.03930520365692,9.35374683291231,0.636438128985205
9530010C24Rik,5,0.659254617871,10.548073885936,0.841981121337236
9530083O12Rik,4,0.787845213813415,7.09060692432074,0.735140766634958
9530091C08Rik,,,,
1700088E04Rik,3,0.415503206326957,1.66201282530783,0.773254335289948
2410066E13Rik,4,0.744984136428326,6.70485722785494,0.716374073787683
4632427E13Rik,3,0.845489648398438,3.38195859359375,0.691529286389386
A130038J17Rik,3,1.1670465394777,4.66818615791081,0.634300423065557
A730054J21Rik,,,,
A930001A20Rik,3,0.706840783773884,2.82736313509554,0.600942656539989
Aass,4,0.546947105221969,4.92252394699772,0.855390723746223
Abca3,,,,
Abca8a,4,0.788727597989914,7.09854838190923,0.762846625515342
Abhd3,3,0.51631572468688,2.06526289874752,0.646264238193406
Abhd14b,3,0.507478678452935,2.02991471381174,0.675066735518437
Abi3bp,4,0.33898842524108,3.05089582716972,0.716759230078508
Ablim3,,,,
Acaa2,4,0.816552426709603,7.34897184038643,0.622908707183003
Acap2,4,0.879344465341728,7.91410018807556,0.675235794722251
Acbd4,3,0.565500422643022,2.26200169057209,0.689165759645324
Ace2,4,1.40411013305293,12.6369911974764,0.756070932055004
Ace,,,,
Acer2,5,0.828895340981318,13.2623254557011,0.680002689857191
Acot1,4,2.40392747621945,21.6353472859751,0.647422579040678
Acoxl,5,0.913710626710565,14.619370027369,0.684803403122984
Acss1,3,0.44938429593694,1.79753718374776,0.682500732573954
Acss2,4,0.613574164128595,5.52216747715735,0.608755120780091
Acvr2b,4,0.578927104696782,5.21034394227104,0.674940062655714
Acvrl1,3,0.865958957532749,3.463835830131,0.722328468696935
Adam28,4,1.15419238238976,10.3877314415079,0.785186150858241
Adam33,4,0.479237653615891,4.31313888254302,0.680839877162433
Adamts1,,,,
Adamtsl4,3,0.806554882080515,3.22621952832206,0.62865119548429
Adcy5,,,,
Adcy8,3,0.549333007691441,2.19733203076576,0.755749910899897
Adcy9,3,0.487023750161934,1.94809500064774,0.692802931739577
Adh7,5,0.93205474672707,14.9128759476331,0.829497362497676
Adipor2,,,,
Adrb1,,,,
Afap1l1,4,0.839911661062827,7.55920494956544,0.620232291200726
Agap1,5,1.09094675417373,17.4551480667796,0.715928038712447
Ager,,,,
Agtr1a,4,0.431297539642607,3.88167785678347,0.742181473167292
Ahdc1,4,0.476122412554121,4.28510171298709,0.600516797521539
Ahnak,5,0.535172815063922,8.56276504102276,0.611647471428153
AI426330,5,0.999771325833245,15.9963412133319,0.704872674317229
Ak7,4,1.45753602366597,13.1178242129937,0.67363407510441
Akap2,2,2.19117819083333,2.19117819083333,0.769263549115672
Akap5,4,0.288162320970718,2.59346088873646,0.858614580678656
Akap14,3,1.37919770607025,5.51679082428102,0.617631586347702
Akr1b7,4,0.536034321586985,4.82430889428287,0.730337086445082
Alas1,,,,
Alas2,3,2.35458957662724,9.41835830650894,0.614307124214797
Aldh1a1,4,1.22547351289577,11.0292616160619,0.74732442836241
Aldh1a7,4,0.909278210113214,8.18350389101893,0.658816928938774
Aldh2,4,0.503977757107603,4.53579981396843,0.794402337677887
Aldh6a1,3,0.988010262579693,3.95204105031877,0.716779560325132
Aldoc,,,,
Alox5,,,,
Amhr2,,,,
Amotl2,3,0.523710887288753,2.09484354915501,0.720838408036556
Ampd1,,,,
Amph,4,0.781645973264674,7.03481375938207,0.64387166966271
Amy1,,,,
Angptl2,,,,
Ank3,4,1.19490856020976,10.7541770418879,0.820103598813503
Aox1,4,0.90791659723908,8.17124937515172,0.678302379919058
Aox3,4,1.52693757031049,13.7424381327944,0.784539507994055
Ap1ar,5,0.824423232958392,13.1907717273343,0.738903223454578
Apbb1,,,,
Apln,,,,
Aplnr,4,1.5383463255899,13.8451169303091,0.666184690850742
Aplp2,5,0.562039055280788,8.9926248844926,0.649846258281471
App,4,0.334931555491918,3.01438399942726,0.668620571610863
Appl2,3,0.542427127654611,2.16970851061844,0.690227770197158
Aqp1,4,0.714539595412082,6.43085635870874,0.628223168250414
Aqp4,3,1.15053305081328,4.60213220325313,0.822437672480218
Arap3,5,0.422753586441704,6.76405738306726,0.717048774182415
Arf5,3,1.01159461642857,4.04637846571429,0.685272981429242
Arf6,2,1.04565208,1.04565208,0.674227507139143
Arhgap5,3,0.636552119946657,2.54620847978663,0.696104443284971
Arhgap29,,,,
Arhgap31,,,,
Arhgdig,3,0.870846607798546,3.48338643119418,0.679890385307713
Arhgef12,4,0.668580520770323,6.0172246869329,0.657018488066161
Arl3,3,0.47356349696274,1.89425398785096,0.678339423599901
Armcx1,3,0.418060923751809,1.67224369500724,0.611996216166978
Arpc5,2,1.2637577175,1.2637577175,0.724146720432437
Arvcf,4,0.400759273604343,3.60683346243908,0.810237656536443
Arxes2,4,0.702759234239994,6.32483310815995,0.730893011284459
Asb14,4,0.461017824382858,4.14916041944572,0.757581647566137
Asgr1,4,1.59367919525468,14.3431127572921,0.664421843220372
Atp1a2,3,0.59176550741396,2.36706202965584,0.790945494384231
Atp2a2,4,1.04877911204261,9.43901200838351,0.602752542912517
Atp6v1c2,3,1.27003401875829,5.08013607503316,0.703331703334606
Atp8b1,3,1.57452874514099,6.29811498056394,0.714855263365884
Atxn1,,,,
AU021034,4,0.770212813612721,6.93191532251449,0.683005937569774
AU021092,5,0.738638994148841,11.8182239063815,0.611749451232471
Azgp1,4,0.483569665213646,4.35212698692282,0.876345698632162
B3gnt4,4,1.56399364237687,14.0759427813918,0.603336241488365
B930095G15Rik,,,,
Bambi,3,0.418097219030019,1.67238887612008,0.761143264132393
Bbip1,4,0.580255101210232,5.22229591089208,0.673636970793108
Bbox1,3,0.503358436202662,2.01343374481065,0.747922110212725
BC020535,,,,
BC031781,,,,
BC048546,,,,
BC057022,4,0.430859238962063,3.87773315065856,0.725200273072068
Bcan,,,,
Bcas2,2,0.83770287,0.83770287,0.719428347231718
Bcl10,,,,
Bdnf,4,0.561119607022093,5.05007646319884,0.698801970344269
Bend7,3,0.82150959178498,3.28603836713992,0.605239991444173
Bex2,4,1.25567546793255,11.3010792113929,0.768636184705698
Bex4,3,0.826002195939143,3.30400878375657,0.734991311423164
Bmp6,5,1.79494035352031,28.719045656325,0.692397486440897
Bmpr2,3,0.450340424151585,1.80136169660634,0.809665301834586
Bpgm,,,,
Btg1,3,1.39639392547298,5.58557570189191,0.630313616692125
C1qtnf2,3,0.519637111256265,2.07854844502506,0.601208295773574
C85492,3,0.597800001664824,2.39120000665929,0.676443019993689
C130074G19Rik,,,,
Cadm1,,,,
Calcoco1,,,,
Calcrl,4,0.771317788191175,6.94186009372057,0.667567666094305
Calm1,5,1.30875128821549,20.9400206114478,0.728328955275404
Calml3,5,8.96909046076305,143.505447372209,0.607977559803972
Calml4,3,1.12572110242065,4.50288440968258,0.634152841468821
Camk2n1,4,0.742114316356185,6.67902884720566,0.688123082501781
Camkk1,,,,
Car4,,,,
Car8,3,0.994891928436622,3.97956771374649,0.63602065997862
Card10,,,,
Carkd,,,,
Casc4,4,0.537655421400511,4.8388987926046,0.747912518625398
Caskin2,5,0.889823190894049,14.2371710543048,0.610840031483965
Casp7,,,,
Cat,3,1.08212729367952,4.32850917471808,0.689542611294913
Cav1,3,1.97140871744911,7.88563486979642,0.662553653335652
Cav2,,,,
Cbfa2t3,4,0.365679340898679,3.29111406808811,0.748842678598774
Cbfb,3,1.06999817935379,4.27999271741517,0.68450549931327
Cbs,4,0.404361682120593,3.63925513908533,0.794477278751128
Cbx7,4,1.00268335546128,9.02415019915153,0.617690922568533
Ccdc17,3,1.05505311820179,4.22021247280718,0.660101658893655
Ccdc33,3,1.08214959670519,4.32859838682074,0.713449039164208
Ccdc37,4,1.15032641659616,10.3529377493655,0.779903900341729
Ccdc81,3,0.748009285943961,2.99203714377584,0.670112369470539
Ccdc85a,5,0.744019415855019,11.9043106536803,0.618103625754243
Ccdc108,4,0.624229105119166,5.61806194607249,0.821080231800456
Ccdc113,3,0.718934284477582,2.87573713791033,0.738377716740548
Ccdc129,3,2.11405419418472,8.45621677673888,0.612099570552623
Ccdc146,,,,
Cckar,4,0.668090680103363,6.01281612093027,0.718459126881
Ccrl1,,,,
Cct6a,3,1.09192095856513,4.36768383426052,0.639521036207936
Cd36,4,0.511515921974652,4.60364329777186,0.723923586515168
Cd97,4,0.384702572960663,3.46232315664596,0.785818197614566
Cd99l2,,,,
Cd207,4,3.62790731631714,32.6511658468543,0.603259373838686
Cd209b,4,0.773378502322187,6.96040652089968,0.77373430227748
Cd300lg,,,,
Cdc42bpg,4,0.851078282442013,7.65970454197812,0.636730881270121
Cdc42ep1,4,0.503385754310475,4.53047178879428,0.667954693777
Cdh3,3,0.712053645902312,2.84821458360925,0.713039298804929
Cdh5,5,0.837974923339119,13.4075987734259,0.604476654451109
Cdh13,3,0.655056944185745,2.62022777674298,0.672152204153973
Cdh16,4,2.50237523265652,22.5213770939086,0.673751697142045
Cdkl5,,,,
Cdkn1c,,,,
Cds2,4,0.554779614677434,4.99301653209691,0.666167171754266
Ces1d,5,1.38404701284413,22.1447522055061,0.605020242551032
Ces1e,3,1.45006147450013,5.8002458980005,0.686078222658882
Ces1f,,,,
Ces2b,4,1.45811569184213,13.1230412265792,0.672034168087846
Ces2e,3,1.18767377093083,4.75069508372331,0.619043697469493
Ces2g,4,0.520960329137312,4.68864296223581,0.714133626017912
Cfd,,,,
Cgn,,,,
Cgnl1,,,,
Chad,3,1.3353617383015,5.34144695320599,0.643209326460825
Chchd10,3,0.928393425314951,3.7135737012598,0.681993433921165
Chd2,,,,
Chia,4,1.2194089794717,10.9746808152453,0.722604512213811
Chka,,,,
Chmp4c,3,1.64732952609058,6.58931810436232,0.833064549951238
Chrdl1,4,0.531861299187786,4.78675169269007,0.782702216357942
Chst8,4,1.09788618042922,9.88097562386301,0.765665555902244
Cidea,4,1.00590880194082,9.05317921746734,0.627643678411279
Cidec,,,,
Ckmt2,4,1.37257539547127,12.3531785592414,0.686017022962115
Cldn8,3,0.81548415949551,3.26193663798204,0.661053261809329
Cldn10,3,0.574202611417291,2.29681044566917,0.829428888673268
Clec1a,,,,
Clec4g,5,0.40236182463845,6.4377891942152,0.718821061078835
Clec12b,4,0.641132371498226,5.77019134348403,0.760018368921829
Clec14a,4,0.494499433436824,4.45049490093141,0.721358724492018
Clic5,3,0.190166553074523,0.760666212298093,0.82954166872873
Clic6,3,0.735574874767566,2.94229949907026,0.714303996206577
Clmn,3,0.67018546703146,2.68074186812584,0.636966231296182
Clstn1,3,0.667213139081695,2.66885255632678,0.678394851203109
Clstn2,,,,
Cmtm8,4,0.404842424883507,3.64358182395157,0.841850719687294
Cnn1,4,0.852997186213716,7.67697467592345,0.727740281177323
Col4a3,3,0.826910121599951,3.30764048639981,0.710904945320272
Col4a4,5,1.12638593421192,18.0221749473907,0.611901860688047
Col4a6,3,0.544059445073492,2.17623778029397,0.62623119886057
Col8a2,5,1.01398710287905,16.2237936460649,0.774246294663528
Col13a1,3,0.375577548702195,1.50231019480878,0.724575628372089
Col17a1,4,0.807535956317402,7.26782360685662,0.815154964663002
Col20a1,,,,
Cox7a1,5,1.56593258973662,25.0549214357859,0.643077430718899
Cox8b,,,,
Cpb1,,,,
Cpe,4,0.565028529494759,5.08525676545283,0.617366426224951
Cplx2,3,0.403645959070598,1.61458383628239,0.670978829858062
Cpm,,,,
Cpn1,5,1.08360230203925,17.337636832628,0.622848913818118
Cpt1a,3,0.601135714101318,2.40454285640527,0.608645434890502
Crip2,3,0.426436638180634,1.70574655272254,0.716520156322222
Crispld2,3,0.766948741994548,3.06779496797819,0.72407338720103
Crlf1,4,0.749559330614258,6.74603397552832,0.693696005492253
Cry2,,,,
Csad,,,,
Cst8,4,1.17344105115448,10.5609694603903,0.744276118642124
Ctdspl,,,,
Ctnnal1,3,0.532668441659728,2.13067376663891,0.678072817957597
Ctnnb1,,,,
Ctnnd1,3,0.507280259330333,2.02912103732133,0.697707943922055
Ctsf,5,1.09777743460318,17.5644389536508,0.633724479869003
Cxcl15,,,,
Cxcl17,5,1.53500131986703,24.5600211178724,0.673635976051471
Cybrd1,3,0.735348964051816,2.94139585620727,0.61788540752444
Cyp2a4,5,7.24360624119353,115.897699859097,0.729920505350557
Cyp2a5,5,7.59779408270651,121.564705323304,0.733695028346556
Cyp2b9,3,1.57518154312129,6.30072617248517,0.660149524700522
Cyp2b10,3,1.50924308589092,6.0369723435637,0.69257474580396
Cyp2b13,4,1.65189666902804,14.8670700212524,0.825123507500791
Cyp2d9,4,0.374148489943427,3.36733640949085,0.748340206322648
Cyp2d12,3,0.932995572086187,3.73198228834475,0.618409408399755
Cyp2d22,4,0.672153045747778,6.04937741173,0.717290244318848
Cyp2f2,3,2.39938454856479,9.59753819425917,0.651293629387618
Cyp2s1,3,0.738978189014048,2.95591275605619,0.726111031651668
Cyp3a13,3,0.648406418830017,2.59362567532007,0.705621046087466
Cyp4b1,3,0.922498084504329,3.68999233801732,0.813628474271867
Cyp4f15,4,0.934908858101748,8.41417972291573,0.727210902948304
Cyp27a1,4,0.384039751938766,3.45635776744889,0.648374332757485
Cyp39a1,5,0.556805033842257,8.90888054147611,0.625332774237805
Cys1,,,,
Cyth3,4,1.13547360021768,10.2192624019592,0.65572073988588
Cytl1,4,0.626290685231018,5.63661616707916,0.825066688317001
D0H4S114,,,,
D7Ertd715e,,,,
D10Bwg1070e,5,0.750017380916838,12.0002780946694,0.767941332268752
D130060J10Rik,4,0.994156158209109,8.94740542388198,0.731392638983476
D230025D16Rik,,,,
D430036J16Rik,3,0.475705856197276,1.9028234247891,0.779675603516096
D630004D15Rik,4,0.956422535338892,8.60780281805003,0.709693188377729
D630013G24Rik,4,0.758916720081034,6.83025048072931,0.78855269750801
D730040F13Rik,,,,
D830026I12Rik,5,0.592859302267685,9.48574883628295,0.63095192971876
Dab2ip,5,0.749921556320241,11.9987449011239,0.661449453490148
Dach1,4,0.78503403038293,7.06530627344637,0.608569836092482
Dact2,3,0.38992099673388,1.55968398693552,0.71360400332435
Dapk2,3,0.461212694442545,1.84485077777018,0.688878295843001
Dars,3,0.725518470508674,2.9020738820347,0.726622086913415
Dbndd1,5,0.598542152718241,9.57667444349186,0.832269031693143
Dbp,,,,
Dcxr,3,0.514979272706249,2.059917090825,0.672678967110063
Ddc,,,,
Ddx50,5,0.461774353268382,7.38838965229412,0.747231317869615
Degs2,4,0.558260671418937,5.02434604277043,0.67360906058356
Dennd5b,5,0.528333830364183,8.45334128582693,0.83559069266898
Deptor,4,1.1721612775207,10.5494514976863,0.751879090482385
Dgat2,,,,
Dgkg,4,0.924422608682285,8.31980347814056,0.707766137958406
Dhrs3,4,0.54522814275169,4.90705328476521,0.664564247825825
Dixdc1,4,1.89503994660671,17.0553595194604,0.646193340601611
Dld,3,1.86847977741244,7.47391910964975,0.610018250672913
Dlk2,3,1.19081846756809,4.76327387027235,0.690485296906624
Dll4,,,,
Dmbt1,2,6.37597242,6.37597242,0.791471924424457
Dmrt2,3,2.32827013038601,9.31308052154403,0.762629265179046
Dnahc2,5,0.451946572222866,7.23114515556585,0.880796824605884
Dnahc5,4,1.77492516750447,15.9743265075402,0.70138293476494
Dnahc7c,4,0.991300598899658,8.92170539009692,0.645195932328948
Dnahc11,3,0.76313917763888,3.05255671055552,0.623321859345564
Dnaja4,4,0.867859305551905,7.81073374996715,0.612172674199684
Dnajb4,4,1.85937175563649,16.7343458007284,0.724619353817734
Dnajc28,,,,
Dnali1,,,,
Dock6,3,0.614971586205766,2.45988634482306,0.670725717029058
Dock9,3,0.78555569912397,3.14222279649588,0.74455529269516
Dsp,4,0.973531640873795,8.76178476786415,0.640492680581108
Dst,4,3.00892167156523,27.0802950440871,0.806626475484097
Dstyk,4,0.948100622253799,8.53290560028419,0.737501083574577
Dusp26,3,0.99507824648737,3.98031298594948,0.607565059122923
Dync1li1,,,,
Dync2li1,3,1.29955369518483,5.19821478073931,0.610374864850013
Dynlrb2,4,0.565923092187677,5.0933078296891,0.757666270924302
E130308A19Rik,,,,
E330013P08Rik,,,,
E430014L09Rik,,,,
Ear1,,,,
Ear3,,,,
Ear6,,,,
Ear7,4,1.65090459024802,14.8581413122322,0.638053953403591
Ear10,,,,
Ear11,4,1.18985707983732,10.7087137185358,0.761195678339377
Ece1,,,,
Echdc2,5,0.795053830922945,12.7208612947671,0.667839488409529
Ecm2,3,0.330978768661608,1.32391507464643,0.788819047152347
Edem1,4,0.990188637398411,8.9116977365857,0.631935289569455
Edil3,,,,
Ednrb,4,1.07507231083216,9.67565079748947,0.789368013887505
Eef1a1,2,0.894177296666666,0.894177296666666,0.681073023023579
Efcab2,4,0.476750963913492,4.29075867522142,0.726217187227689
Efcab4a,4,0.625094578571115,5.62585120714004,0.726752983135291
Efcab6,4,0.363954702351936,3.27559232116743,0.806450219301812
Efcab10,4,1.25888417486955,11.329957573826,0.713089797511031
Efemp1,4,0.63550070213019,5.71950631917171,0.733236531718263
Efnb2,3,0.549060994643856,2.19624397857543,0.755350513849942
Egfl6,,,,
Egfl7,4,0.361888515953827,3.25699664358444,0.66441713008302
Egflam,,,,
Ehd4,4,1.09735560289475,9.8762004260527,0.628705879609769
Ehf,2,1.0985380075,1.0985380075,0.636695803837026
Eif2c4,3,0.340636989573905,1.36254795829562,0.73282623708606
Eif3e,,,,
Elf5,4,0.368851455089437,3.31966309580493,0.81433383681907
Ell2,3,1.06289108440774,4.25156433763094,0.754206499495837
Elovl6,4,0.435326992148472,3.91794292933625,0.786981777097022
Emp2,4,1.09230471297685,9.83074241679163,0.620517603133249
Endog,4,0.455476401338946,4.09928761205052,0.799582635943627
Eng,3,0.836333439925798,3.34533375970319,0.692439140245681
Enkur,3,0.505469852610984,2.02187941044394,0.730382290116073
Eno4,4,0.614742307662055,5.53268076895849,0.772588711913921
Enpep,3,0.799001756321791,3.19600702528717,0.643174616953129
Enpp5,3,0.384464950091464,1.53785980036586,0.714492096425244
Eny2,,,,
Epas1,4,1.15581393615377,10.4023254253839,0.655577710227544
Epb4.1l2,4,1.42872838170005,12.8585554353004,0.685615967477721
Epb4.1l4a,5,0.629095300453524,10.0655248072564,0.694862963951193
Epb4.1l5,,,,
Epcam,3,0.837078088193612,3.34831235277445,0.730601757078864
Epha1,5,0.663132328957821,10.6101172633251,0.637486827166241
Ephx1,4,1.45880899421468,13.1292809479321,0.675029998770229
Epor,,,,
Eps8l2,4,0.668390036344929,6.01551032710436,0.699300152613521
Erg,,,,
Erlec1,5,0.353597733440795,5.65756373505272,0.850709222646736
Esm1,4,1.11285695456562,10.0157125910906,0.67171518721406
Esyt3,4,0.573179791956454,5.15861812760808,0.715324094513074
Etl4,,,,
Etv5,4,0.634044318393818,5.70639886554436,0.702593691447443
Evpl,,,,
Fabp1,4,5.60338274545546,50.4304447090991,0.657061447755754
Fabp3,4,1.00645415088658,9.05808735797921,0.673665494721807
Fabp4,,,,
Faim2,3,0.434181992474981,1.73672796989992,0.702983905715639
Fam13a,4,1.16155909543448,10.4540318589104,0.620107001541016
Fam19a1,,,,
Fam46b,6,1.03097966593898,25.7744916484746,0.668088462029979
Fam47e,4,1.8984677219956,17.0862094979604,0.650587262277396
Fam65a,,,,
Fam84a,2,0.6989878675,0.6989878675,0.781992570141741
Fam92b,5,0.744503495982528,11.9120559357204,0.795460610856963
Fam103a1,4,1.88980712623055,17.0082641360749,0.728875398334548
Fam107a,,,,
Fam115a,,,,
Fam120a,,,,
Fam131a,3,0.453531257493528,1.81412502997411,0.704881777919824
Fam150a,2,1.09078294666667,1.09078294666667,0.62227137612585
Fam160a2,,,,
Fam166b,4,0.327270752562951,2.94543677306656,0.828728185723497
Fam174b,,,,
Fam183b,3,1.05557164014759,4.22228656059036,0.723704801320256
Fam193b,,,,
Fank1,3,0.58375299024288,2.33501196097152,0.674936197197377
Fbln1,3,1.03696430052743,4.14785720210974,0.714231365936942
Fbln7,2,0.45406125887574,0.45406125887574,0.78895975558325
Fbxl3,,,,
Fbxl5,4,0.767647878792717,6.90883090913445,0.771303263978747
Fbxl7,5,0.497122052529359,7.95395284046975,0.717258683150727
Fbxl13,5,0.651233701355191,10.419739221683,0.714073937235071
Fbxo30,5,0.519446900068093,8.31115040108949,0.689741531499502
Fermt2,4,0.310921770075751,2.79829593068176,0.756707229377548
Fetub,3,1.72809196191355,6.91236784765421,0.757229501564465
Fgf1,4,0.552985797254025,4.97687217528622,0.722947368478367
Fgfbp1,4,0.918408210777746,8.26567389699971,0.721188078869691
Fgfr2,4,0.706555962209533,6.3590036598858,0.736981057536953
Fgfr3,3,0.80073099799121,3.20292399196484,0.726070769533034
Fgfr4,3,0.200579483688687,0.802317934754747,0.840658986423796
Fgfrl1,6,0.498657019317887,12.4664254829472,0.660581064948058
Fhdc1,4,1.30723256774628,11.7650931097166,0.689952834897928
Fhl1,3,0.822845054842832,3.29138021937133,0.661974645874481
Fibin,,,,
Fitm2,4,0.508358750635601,4.57522875572041,0.771593366004523
Fmo1,5,1.83864827654805,29.4183724247688,0.618988659485352
Fmo2,4,0.938357106021687,8.44521395419518,0.709243558839478
Fmo3,3,3.0166406447061,12.0665625788244,0.677335856841188
Fmo5,4,0.239201611461103,2.15281450314993,0.778457088337301
Fn3k,4,0.494744885834168,4.45270397250751,0.859849501500864
Fndc5,,,,
Foxf1a,4,1.13982125155426,10.2583912639884,0.752308959370736
Foxf2,3,0.432097149898153,1.72838859959261,0.676801299162516
Foxn2,4,1.54940095635894,13.9446086072305,0.703996248919012
Foxo6,4,0.505081371830341,4.54573234647307,0.7307557430587
Foxp1,5,1.02495743130721,16.3993189009153,0.600534945917755
Foxp2,5,0.611609992526046,9.78575988041673,0.658073125397074
Fpr1,,,,
Frmd6,3,0.221588205065918,0.886352820263674,0.866743037249596
Fry,,,,
Fxyd1,4,0.265647335062431,2.39082601556188,0.711793468522131
G0s2,4,0.652543374020858,5.87289036618772,0.712709700056802
G3bp1,,,,
Gab1,3,0.370463058106172,1.48185223242469,0.725399038981532
Gabarapl1,3,0.57156457793793,2.28625831175172,0.615258227669445
Galnt2,,,,
Galntl2,4,0.995878195320145,8.96290375788131,0.760226209553176
Galntl4,4,0.599946620739869,5.39951958665882,0.600216825376991
Gas1,4,1.53865619514516,13.8479057563064,0.663245913067357
Gata2,5,0.714265101570935,11.428241625135,0.776048549462262
Gchfr,4,0.185961053247224,1.67364947922502,0.885739799665175
Gdf1,3,0.679798361175718,2.71919344470287,0.666809771262877
Gdi1,,,,
Gdpd1,,,,
Gdpd2,4,0.740857493948118,6.66771744553306,0.836121219327961
Ggcx,,,,
Gja1,,,,
Gjb6,,,,
Glb1l2,5,0.498784801554427,7.98055682487084,0.681851204672437
Glt25d2,4,0.585104918203566,5.26594426383209,0.781190186472409
Gm1060,3,0.894496773639499,3.577987094558,0.703463209185298
Gm9779,3,2.5665625712953,10.2662502851812,0.626063431336153
Gm10914,4,1.05959766360032,9.53637897240287,0.668910502481022
Gm14964,4,1.25459753720599,11.2913778348539,0.802938591619578
Gm16499,4,0.920574978861449,8.28517480975304,0.764642623199865
Gnmt,5,0.742465341969944,11.8794454715191,0.61786771526727
Gpbp1,,,,
Gpbp1l1,,,,
Gpihbp1,3,0.754598356498913,3.01839342599565,0.695524926298427
Gpm6a,4,1.17407936086033,10.566714247743,0.727257123978415
Gpr4,,,,
Gpr120,,,,
Gprasp1,5,0.528205473474572,8.45128757559315,0.870652708365932
Gprc5a,4,0.649728047692742,5.84755242923468,0.61545514819436
Gprc5b,3,0.406574834702602,1.62629933881041,0.6730656325294
Gpsm1,3,0.71183271367078,2.84733085468312,0.686389154307991
Gpt,,,,
Grasp,5,1.10768482494785,17.7229571991657,0.668022403375375
Grb10,3,0.474130553106279,1.89652221242511,0.661391068751696
Grb14,3,0.656955923947548,2.62782369579019,0.748593495898888
Grem2,,,,
Gria1,4,1.36595349026437,12.2935814123793,0.695749071421595
Grtp1,,,,
Gspt1,,,,
Gsta1,,,,
Gsta2,,,,
Gsta3,4,1.05859632251185,9.52736690260662,0.732755445397053
Gstk1,4,0.559699629953986,5.03729666958587,0.679748041705282
Gstm1,4,1.97080351449058,17.7372316304152,0.663187591866214
Gstm3,4,1.25829809413215,11.3246828471893,0.795448364378352
Gsto1,3,1.13885721292283,4.55542885169131,0.753263887568941
Gucy1a3,5,0.913082335588694,14.6093173694191,0.663052115606525
Gucy1b3,5,0.676591496354779,10.8254639416765,0.658464334722467
Gulp1,,,,
H3f3a,3,0.512037516344086,2.04815006537635,0.790766595442741
Hba-a1,,,,
Hba-a2,,,,
Hbb-b1,,,,
Hc,,,,
Hdac11,5,0.912084268002512,14.5933482880402,0.676859439047747
Hecw2,,,,
Hepacam2,4,1.07159897658033,9.64439078922293,0.862008038191559
Hey1,3,1.8375187576056,7.3500750304224,0.717016725194875
Hfe,,,,
Hhatl,4,0.891453737524394,8.02308363771955,0.622498002204467
Hipk2,,,,
Hlf,,,,
Hmcn1,5,1.39159805753349,22.2655689205358,0.785117412133114
Hmgcs2,4,1.03389235329027,9.30503117961244,0.605077265081751
Hnmt,,,,
Hnrnpf,2,1.0130751175,1.0130751175,0.745926334797767
Hnrnpk,3,0.489000753867697,1.95600301547079,0.770125178696749
Hopx,3,0.582899354407385,2.33159741762954,0.751783994089998
Hoxb5,4,0.228319009376252,2.05487108438627,0.885976131793457
Hpgd,4,0.76604251184661,6.89438260661949,0.684943979849241
Hspa12b,,,,
Hydin,4,0.624197035991811,5.6177733239263,0.82667549880025
Hyou1,,,,
Ica1,,,,
Id4,5,1.44207940060038,23.0732704096061,0.609311534028461
Ids,3,0.560374127565221,2.24149651026088,0.714116128306146
Ifi202b,,,,
Ift172,,,,
Igf1r,,,,
Igfbp3,3,1.86227377707023,7.4490951082809,0.706887767491067
Igfbp6,3,0.908945113328202,3.63578045331281,0.815962053707533
Igsf3,,,,
Inadl,5,0.675361526687487,10.8057844269998,0.703196054549242
Inhbb,4,1.38017778517571,12.4216000665814,0.763437981965534
Inmt,4,1.06835054729235,9.61515492563113,0.812921269920788
Inpp5a,3,0.677967301761471,2.71186920704588,0.660974857657613
Inpp5k,4,0.39499219668646,3.55492977017814,0.621321303534176
Insig1,3,0.785724281456401,3.1428971258256,0.708081835646038
Insr,3,0.442589256466195,1.77035702586478,0.693513456509824
Iqca,4,0.353609156744632,3.18248241070169,0.875156256937707
Iqsec1,4,0.384372590878583,3.45935331790725,0.650888686636781
Irs1,3,0.960454659188748,3.84181863675499,0.691530914115897
Irx1,6,1.11295415676697,27.8238539191743,0.713041474341319
Irx2,3,0.632001961970829,2.52800784788332,0.623126416680499
Itga8,4,0.933995921989206,8.40596329790285,0.72900971055508
Itsn1,3,0.47877418054493,1.91509672217972,0.631639346743987
Jag1,,,,
Jup,,,,
Kalrn,,,,
Kank3,5,0.891608559533168,14.2657369525307,0.704594235482148
Kank4,3,0.756865473551323,3.02746189420529,0.605947761669474
Kazald1,3,0.952116350212963,3.80846540085185,0.65233667289866
Kcne2,4,1.56202286328363,14.0582057695526,0.660875961130107
Kcne3,2,1.9010124375,1.9010124375,0.669408731324744
Kcnip4,4,0.52892366017917,4.76031294161253,0.639117671186025
Kcnj15,,,,
Kcnk12,4,0.446123795936495,4.01511416342845,0.793075913826055
Kcnmb4,4,0.559691605722946,5.03722445150651,0.808596015435496
Kcns3,3,0.467145276297409,1.86858110518964,0.717252666638819
Kdelr2,2,1.34602943,1.34602943,0.743682904776458
Kidins220,4,0.401486214288019,3.61337592859217,0.75011398856521
Kif1b,5,0.311581215013587,4.9852994402174,0.738006520160021
Kif1c,,,,
Kif13a,3,0.966601529709217,3.86640611883687,0.805847395124358
Kifc2,4,0.153200359212235,1.37880323291012,0.935881247917349
Klf5,,,,
Klf7,3,0.642753705956627,2.57101482382651,0.681497114019188
Klf9,5,2.6655412900576,42.6486606409216,0.641303504901864
Klf10,3,0.876272935175637,3.50509174070255,0.697961788643318
Klf15,,,,
Klhdc8b,,,,
Klhl24,5,0.731882428458024,11.7101188553284,0.659955756833778
Kndc1,4,0.778279518633691,7.00451566770322,0.650659718984691
Krt10,3,1.1697430150551,4.67897206022039,0.660381606170992
Krt79,,,,
Krtap17-1,3,2.87725482769645,11.5090193107858,0.622195507119232
Lamb2,,,,
Lamp3,4,0.893542572002039,8.04188314801835,0.787277263644137
Lass4,5,0.310214753626382,4.96343605802212,0.851959303535214
Ldhb,4,0.874659538609846,7.87193584748861,0.758935839159002
Lepr,5,0.461741833855722,7.38786934169155,0.796438129386203
Leprel1,,,,
Lgi3,,,,
Lima1,3,0.49017327355343,1.96069309421372,0.797929301986511
Limch1,4,0.374768765158837,3.37291888642953,0.690516529729204
Lims2,4,1.38240628062821,12.4416565256539,0.701840513179128
Lmo1,3,0.811607128349766,3.24642851339906,0.699062024399887
Lpar3,5,0.806829541145715,12.9092726583314,0.63029463757951
Lphn1,4,0.122356309286161,1.10120678357545,0.901313437857629
Lphn3,5,0.69301866105166,11.0882985768266,0.615413171320662
Lpp,4,0.750344834790135,6.75310351311121,0.664256496293932
Lrat,4,1.35350414135281,12.1815372721753,0.688952716784089
Lrp4,,,,
Lrrc16a,,,,
Lrrc17,3,1.36927653466907,5.47710613867627,0.654615163606593
Lrrc26,3,0.972724264970611,3.89089705988244,0.657506892305343
Lrrc41,,,,
Lrrc48,3,0.579188928351991,2.31675571340796,0.66722505878141
Lrrc50,5,0.871185193120877,13.938963089934,0.601596794692557
Lrrc51,5,0.666362931616255,10.6618069058601,0.752044845734665
Lrrn3,,,,
Ltbp3,3,0.455397962725522,1.82159185090209,0.627859602535489
Ltbp4,5,1.60714913539617,25.7143861663387,0.743160076098103
Ltf,2,8.7315796518595,8.7315796518595,0.680071204297112
Lypd2,4,3.65472742364277,32.892546812785,0.680528513736033
Lypla1,3,0.822461396286059,3.28984558514424,0.696159204850112
Lyzl4,3,0.524172078654147,2.09668831461659,0.654266194645971
Macf1,4,0.272290855760549,2.45061770184494,0.759061021013585
Macrod1,3,0.503944136876608,2.01577654750643,0.672956079146311
Mak,3,0.554716878707791,2.21886751483116,0.68941619227835
Mal2,4,0.866511952285166,7.7986075705665,0.635195533346755
Mal,3,0.785854508848827,3.14341803539531,0.678095355875216
Mamdc2,4,0.575325337366109,5.17792803629498,0.84352435376035
Maob,4,1.09467185933774,9.85204673403969,0.614798036242883
Map1lc3b,,,,
Map3k6,6,3.33803003174787,83.4507507936968,0.683163693756065
Mapk1ip1,,,,
Mapk8ip3,5,0.755343441414867,12.0854950626379,0.624638521943865
Mapk12,,,,
Mapre3,5,0.542624305350953,8.68198888561525,0.639214053640957
Mapt,3,0.919870045091538,3.67948018036615,0.713605866904857
Mast4,3,1.73839528477341,6.95358113909362,0.605391819950812
Mau2,,,,
Mcf2l,,,,
Mcmbp,2,1.95520197,1.95520197,0.621703367087545
Mdh1b,4,0.542934751027153,4.88641275924438,0.672028196043256
Med25,,,,
Megf6,,,,
Meig1,,,,
Mesp1,4,0.877181239491188,7.89463115542069,0.808483042519051
Mettl7a1,4,0.301370441347599,2.71233397212839,0.814157107138947
Mettl7a2,4,1.35768352187752,12.2191516968977,0.710543189916093
Mfap3l,3,0.60244294585832,2.40977178343328,0.656474357611319
Mfge8,4,0.351347897410874,3.16213107669787,0.653461365755175
Mfsd7c,3,0.547010373281347,2.18804149312539,0.603155051014849
Mgll,3,0.397134865754906,1.58853946301962,0.685068770159246
Mia3,4,1.79796596869864,16.1816937182878,0.666267540283718
Mid1ip1,3,0.395291126720559,1.58116450688224,0.67601427575553
Mill2,4,0.797598174228347,7.17838356805512,0.643104900214693
Mlf1,4,0.61228659670778,5.51057937037002,0.607311286370951
Mmp15,,,,
Mmp28,,,,
Mobkl1b,2,0.718610305555556,0.718610305555556,0.736039000888438
Morn1,,,,
Morn3,,,,
Mpdz,4,1.47739283049352,13.2965354744417,0.660006420617659
Mpp3,,,,
Mpp5,4,0.470859357118658,4.23773421406792,0.711596611760169
Mpp7,5,0.759687958801904,12.1550073408305,0.696217889350793
Mpped2,,,,
Mprip,,,,
Msi2,4,0.620204303938201,5.58183873544381,0.632011821436803
Msrb2,4,0.492515424838098,4.43263882354288,0.672801370427462
Mst1,3,0.929313895554745,3.71725558221898,0.75309078405724
Mtss1l,,,,
Mtx3,,,,
Muc1,,,,
Mycbpap,3,1.22998803817669,4.91995215270675,0.603608797306155
Myh6,4,1.11189849996897,10.0070864997207,0.673288572680374
Myh7,4,2.54606388890915,22.9145750001824,0.657641528827645
Myh10,4,0.339589480134005,3.05630532120604,0.766074527392607
Myh11,,,,
Myh14,5,0.42135668740152,6.74170699842432,0.69861569227013
Myl4,,,,
Myl7,4,0.543745033522541,4.89370530170287,0.746240113953628
Mylk,4,0.247726044253912,2.22953439828521,0.797549599159987
Myo1b,3,1.5954155903664,6.38166236146559,0.694932015904095
Myo5b,,,,
Myo5c,5,0.300874243018531,4.81398788829649,0.917162757527727
Myo6,3,1.39598003505957,5.58392014023828,0.672796237420447
Myo10,,,,
Myoz2,3,0.869020611331076,3.4760824453243,0.653025897728813
N28178,4,0.35962026527139,3.23658238744251,0.786480084221705
Nav2,5,0.553265362668143,8.85224580269028,0.625759200849906
Nbeal1,4,0.323512440104666,2.911611960942,0.683981867824877
Nckap1,3,1.45205583530352,5.80822334121407,0.680280182843084
Nckap5,3,0.871555204971017,3.48622081988407,0.734209132730382
Ndrg2,3,0.805659620586404,3.22263848234562,0.665298692367834
Ndst1,5,0.796871198043206,12.7499391686913,0.633784586471022
Neat1,,,,
Nebl,,,,
Nedd4,3,1.01716290171031,4.06865160684124,0.665702156798484
Nedd4l,,,,
Nek5,3,0.779231663355451,3.1169266534218,0.683621019910172
Nfia,,,,
Nhlrc1,,,,
Nhlrc2,3,0.580509067338281,2.32203626935312,0.711236299175025
Nisch,,,,
Nkx2-1,,,,
Notch3,,,,
Notch4,,,,
Npr1,4,0.725693201608586,6.53123881447728,0.678548293275097
Npr2,4,0.650507063158737,5.85456356842863,0.69858517537613
Npr3,5,1.2827480736625,20.5239691786,0.643302965252516
Nr1d1,,,,
Nr1d2,,,,
Nr2f2,4,0.589183289676461,5.30264960708815,0.672415653618015
Nrbp2,3,1.07546404249522,4.30185616998089,0.643289477341919
Nrn1,4,2.49511343334715,22.4560209001243,0.607136625645922
Nrp1,4,0.851678539423588,7.66510685481229,0.626774306338135
Ntn4,3,0.557176846558395,2.22870738623358,0.743765665086154
Nuak1,4,0.274943332590825,2.47448999331743,0.761396671622347
Nup98,2,1.10077815333333,1.10077815333333,0.655191009396397
Oaz2-ps,,,,
Obscn,4,0.869064215445469,7.82157793900922,0.626123941656888
Odf3b,3,0.783150295220162,3.13260118088065,0.611257532364365
Ogn,4,0.692606845389178,6.2334616085026,0.761931438791875
Olfml2a,,,,
Omd,4,0.564768548016804,5.08291693215124,0.657299955078133
Osbpl5,3,0.620772545679965,2.48309018271986,0.634759669894767
Osbpl6,5,0.56866040659646,9.09856650554336,0.653412025558934
Otud7b,4,0.392811520403043,3.53530368362739,0.779492831922151
P2rx6,,,,
P4htm,4,0.228752276000222,2.05877048400199,0.817815129791965
Pabpn1,4,0.457958971383962,4.12163074245566,0.744501882037093
Paqr9,,,,
Pard3,,,,
Pax9,3,3.13482976553098,12.5393190621239,0.731684430761215
Pbx1,,,,
Pcdh12,,,,
Pcdhac2,5,1.42161142669659,22.7457828271455,0.614737580752925
Pcdhga9,,,,
Pclo,3,0.460624018602837,1.84249607441135,0.661032839488479
Pcnx,5,0.583498277208673,9.33597243533877,0.656242815684047
Pcolce2,4,1.36176257484584,12.2558631736125,0.678390825855068
Pcp4l1,3,0.881447271432078,3.52578908572831,0.629229145286479
Pcyox1l,2,0.89388,0.89388,0.708496259546393
Pde3a,3,0.471042366544293,1.88416946617717,0.664331160703323
Pde4dip,,,,
Pde8b,5,0.501678181648757,8.02685090638012,0.747267066219054
Pdgfd,3,0.490693969201207,1.96277587680483,0.61028309389451
Pdia4,3,2.1243596399781,8.4974385599124,0.647524601617704
Pdk4,,,,
Pdlim3,4,0.857352013324072,7.71616811991664,0.625014091520856
Pdlim5,,,,
Pdpk1,,,,
Pdzd2,5,0.535285543135185,8.56456869016297,0.771523688792608
Per1,4,2.21264814994419,19.9138333494977,0.619187493006169
Per2,,,,
Perp,,,,
Pgm2l1,4,0.622453033634548,5.60207730271094,0.698990604771218
Pgm5,4,0.639039900892975,5.75135910803678,0.63188622837046
Phactr1,3,0.371052757352843,1.48421102941137,0.708284533006627
Phldb2,5,0.663772886491043,10.6203661838567,0.692784033014318
Pi4k2b,4,2.45278195904853,22.0750376314367,0.676137711723403
Pim3,,,,
Pir,4,0.468926163521353,4.22033547169217,0.70694408441982
Pisd-ps3,,,,
Pitpnc1,,,,
Pja2,,,,
Pkp1,,,,
Plagl1,4,0.499669642452362,4.49702678207125,0.631034593592978
Plekha6,,,,
Plekhb1,3,1.05320784299525,4.21283137198098,0.616553893098782
Plekhg5,4,0.48710539737732,4.38394857639588,0.67466579095556
Plin4,,,,
Plk5,4,0.727278145975089,6.5455033137758,0.850307088402858
Pllp,4,0.441441581600322,3.9729742344029,0.732700396514969
Pltp,4,0.447312121581889,4.025809094237,0.736174066382369
Plunc,4,3.28059915913664,29.5253924322298,0.884454077328533
Plvap,4,0.575596972394352,5.18037275154917,0.646911662415868
Plxdc2,3,0.402293548252727,1.60917419301091,0.727922094079375
Plxna2,,,,
Plxnb1,3,0.508849878885952,2.03539951554381,0.662295753416033
Pmp22,3,0.663908598377548,2.65563439351019,0.650556745391043
Polh,3,1.00523924119701,4.02095696478806,0.606054539846058
Pon1,4,4.37376055649013,39.3638450084112,0.713234090709139
Por,,,,
Ppap2a,3,0.971963338422582,3.88785335369033,0.658539783448238
Ppap2b,4,0.297455993796863,2.67710394417177,0.762172536732405
Ppfibp1,,,,
Ppip5k2,3,0.998542847386064,3.99417138954426,0.665995711448425
Ppl,,,,
Ppm1f,,,,
Ppm1l,5,0.859232777491064,13.747724439857,0.671231187396304
Ppp1r9a,4,1.23707821321969,11.1337039189772,0.630375941616285
Ppp1r13b,,,,
Ppp1r14a,4,0.0978552029185757,0.880696826267181,0.879774825116286
Ppp1r14c,,,,
Ppp4c,3,1.06969424967795,4.27877699871181,0.641899868246292
Prdm6,4,0.702522790537568,6.32270511483811,0.621964569388528
Prdx6,4,0.381572191487336,3.43414972338603,0.702085100050704
Prelp,4,0.966802615744559,8.70122354170103,0.659544149176485
Prex2,3,0.773392111160092,3.09356844464037,0.689014910913132
Prickle1,5,0.558439952026989,8.93503923243183,0.665084769422209
Prickle2,5,0.405700708603708,6.49121133765932,0.670420355342954
Prkce,5,0.557328121587792,8.91724994540467,0.637623310734209
Prkcz,3,0.694005615106853,2.77602246042741,0.714255566330395
Prkg2,3,0.0617441374319139,0.246976549727655,0.952729531970899
Prkrir,,,,
Prodh,3,0.680533785774607,2.72213514309843,0.669777871366894
Prss8,,,,
Prss12,,,,
Pten,4,1.43652310362282,12.9287079326053,0.777295332513194
Ptgfr,4,0.342894146342866,3.08604731708579,0.824497026101311
Ptp4a1,,,,
Ptpn13,3,0.414429844930342,1.65771937972137,0.691555543138711
Ptprm,3,1.07119515832401,4.28478063329603,0.618074285324379
Ptpru,,,,
Pus1,2,0.9588388575,0.9588388575,0.621619696533955
Pvrl3,5,0.414673607522018,6.63477772035229,0.701090344378719
Pxmp3,3,2.34636420849365,9.38545683397459,0.6379127009378
Rab3a,5,0.854373379388102,13.6699740702096,0.76151646979638
Rab6b,4,0.492404368007632,4.43163931206869,0.710259247228247
Rab21,3,1.08754478994487,4.35017915977946,0.656054796443271
Rab44,,,,
Rabgap1,2,0.870491520833334,0.870491520833334,0.669822778171809
Rac3,3,0.561591323361678,2.24636529344671,0.681337136298015
Rad21,3,0.843611069325742,3.37444427730297,0.708587710312301
Ramp1,3,0.435925733718204,1.74370293487282,0.690952316274248
Ramp2,6,0.690657087117108,17.2664271779277,0.719200498202237
Rap1b,,,,
Rap1gap,5,0.621333460806865,9.94133537290983,0.785611332473801
Rapgef3,,,,
Rapgef5,,,,
Rasal2,,,,
Rasgef1a,5,0.53326250604905,8.53220009678479,0.739956555260955
Rassf2,,,,
Rassf3,3,0.427706970843122,1.71082788337249,0.711160488139516
Rb1cc1,4,0.487927328803688,4.39134595923319,0.724343305884058
Rbm47,2,1.419431359375,1.419431359375,0.61883570304753
Rbms3,,,,
Rbmxl2,5,1.53270735579191,24.5233176926705,0.61460698086203
Rbp4,,,,
Rcan2,3,0.955687239321868,3.82274895728747,0.637575613438582
Rcor3,3,0.691501046428723,2.76600418571489,0.691645305268986
Reck,4,0.743051189698678,6.6874607072881,0.691933718405505
Reep3,4,1.00684340792893,9.06159067136036,0.683886986553397
Reep6,,,,
Refbp2,3,1.71410893216256,6.85643572865024,0.663769470329537
Retsat,,,,
Rffl,3,1.13385378022127,4.53541512088509,0.691130133111792
Rftn2,4,0.50877603075502,4.57898427679518,0.6768249921362
Rgnef,4,1.38181971247621,12.4363774122859,0.610283853229566
Rgs5,5,0.767225078809902,12.2756012609584,0.801691850579512
Rgs9,,,,
Rgs11,,,,
Rgs12,4,0.494071855769687,4.44664670192718,0.606212779041781
Rhobtb1,,,,
Rilpl1,,,,
Ripply3,4,0.297682489829124,2.67914240846211,0.781875937560971
Rnase4,3,1.0866922961717,4.34676918468679,0.732037909501704
Rnf43,4,0.444873622197591,4.00386259977832,0.712937348234553
Rnf215,,,,
Rock2,,,,
Rora,,,,
Rps19,,,,
Rsph1,3,0.854877462532902,3.41950985013161,0.693376874367411
Rsph10b2,,,,
Rtdr1,3,1.11647255327781,4.46589021311123,0.697562575265074
Rtkn2,4,1.52558067249953,13.7302260524958,0.60544549446085
Rusc2,4,0.84927690715881,7.64349216442929,0.673423984518012
S1pr1,,,,
S100g,4,0.68056724854241,6.12510523688169,0.82724975513936
Samd4,3,0.556892061426996,2.22756824570798,0.744641121865917
Scel,4,1.02075026942651,9.18675242483862,0.698215080689856
Scgb1a1,,,,
Scgb3a1,3,4.34559297406373,17.3823718962549,0.690894692656014
Scgb3a2,3,2.03679213566682,8.14716854266728,0.671420601232762
Scn3b,,,,
Scn5a,4,1.69024747897847,15.2122273108062,0.621019973329368
Scnn1b,3,0.926326796511961,3.70530718604785,0.759086156843701
Scoc,5,0.692565445672299,11.0810471307568,0.836264799689657
Scrn1,3,1.01456338247158,4.05825352988634,0.652332340173391
Scube2,,,,
Sdpr,5,1.18359292315836,18.9374867705338,0.682074476745519
Sec14l3,3,1.6419109351458,6.56764374058322,0.719493209673984
Sec14l4,3,1.67215537946064,6.68862151784257,0.662117196165182
Selenbp1,3,1.04165216258397,4.16660865033589,0.674030828694834
Selenbp2,4,1.55560875705637,14.0004788135073,0.640195223048016
Sema3c,,,,
Sema3e,,,,
Sema3g,4,0.827149668300672,7.44434701470605,0.720273202833712
Sema6a,,,,
Sema6d,4,1.68620096373694,15.1758086736325,0.632020860744044
Senp6,,,,
Sepp1,5,1.00324263694784,16.0518821911655,0.615128449277287
Sept4,5,0.229627848208642,3.67404557133827,0.72003225065492
Sept11,4,1.655800491725,14.902204425525,0.611164500279497
Serinc1,3,0.440765799166947,1.76306319666779,0.716393610796213
Serpina9,,,,
Sertad2,,,,
Set,,,,
Setx,,,,
Sfrp2,4,0.402727396495272,3.62454656845744,0.869716469450355
Sftpb,,,,
Sgce,3,0.428902764975577,1.71561105990231,0.741884685529709
Sgip1,4,0.418342669772171,3.76508402794954,0.742912533188163
Sh3bgr,,,,
Sh3bgrl,3,2.51071625353117,10.0428650141247,0.651322011834363
Sh3bp5,,,,
Sh3tc2,,,,
Shank3,,,,
Shisa2,4,0.514371712916694,4.62934541625025,0.762951553521407
Siglec5,,,,
Sik1,,,,
Sirt1,,,,
Six1,2,0.579799479375,0.579799479375,0.802618838448635
Slain1,2,1.04258264666667,1.04258264666667,0.670131244512463
Slain2,3,0.349736351586087,1.39894540634435,0.707624162308582
Slc2a4,,,,
Slc2a12,,,,
Slc4a5,4,1.91334592362902,17.2201133126612,0.694093090389158
Slc5a9,4,1.11142218022111,10.00279962199,0.781322576978358
Slc5a12,4,0.590399988544471,5.31359989690024,0.787835429542844
Slc6a2,,,,
Slc6a4,4,0.679957282785122,6.11961554506609,0.695283648958772
Slc6a9,3,0.436343505223744,1.74537402089498,0.731174856232475
Slc6a20a,2,1.14831495083333,1.14831495083333,0.836495388097732
Slc7a4,,,,
Slc7a10,,,,
Slc10a6,,,,
Slc12a5,,,,
Slc15a2,4,1.32203724320202,11.8983351888181,0.744514402241752
Slc16a2,,,,
Slc16a9,5,0.521574532719594,8.3451925235135,0.647152797062769
Slc16a11,5,0.858439212557305,13.7350274009169,0.865779803856643
Slc22a23,3,0.56888305865829,2.27553223463316,0.658002415804375
Slc23a1,4,0.38332875814065,3.44995882326585,0.796040972726791
Slc24a3,3,0.436276209357434,1.74510483742973,0.619958866681819
Slc25a3,,,,
Slc27a1,4,3.49879350812749,31.4891415731474,0.622599436925402
Slc28a3,2,1.074193609375,1.074193609375,0.607324192217675
Slc34a2,4,1.98437475671263,17.8593728104137,0.647093913831399
Slc35f3,4,0.681045765036193,6.12941188532574,0.696461111426466
Slc38a4,4,1.38869154819806,12.4982239337825,0.639873392645826
Slc38a5,,,,
Slc39a8,3,0.40319395570007,1.61277582280028,0.803168981807672
Slc44a3,,,,
Slc47a1,4,0.611726244248757,5.50553619823881,0.656698806885015
Slco2a1,,,,
Slco2b1,4,1.13862342194648,10.2476107975183,0.716227508011477
Slk,3,1.15788348344704,4.63153393378818,0.65345839969065
Slpi,6,3.64657562434649,91.1643906086623,0.702474286417865
Smad1,,,,
Smad6,4,1.1636876970968,10.4731892738712,0.751085903247955
Smarca2,,,,
Smurf2,3,1.30735550666651,5.22942202666602,0.744259016528589
Snca,,,,
Sned1,,,,
Snhg11,3,0.466673181420173,1.86669272568069,0.76899340596584
Snrk,,,,
Snrpf,3,1.15537170372097,4.62148681488388,0.688647230707578
Sntn,3,0.84727881263724,3.38911525054896,0.758634380249803
Snx7,,,,
Snx21,4,0.516918219472208,4.65226397524987,0.695096153974916
Snx25,3,0.693349374210341,2.77339749684136,0.66792070038294
Socs2,,,,
Sorbs1,4,0.792867633011731,7.13580869710558,0.676331977672568
Sorbs3,4,0.921407690651342,8.29266921586207,0.628450977985811
Sord,3,0.795161603301712,3.18064641320685,0.697841800269747
Sox7,4,0.708342556277688,6.37508300649919,0.621062457149514
Sox13,,,,
Sox18,3,0.594789641679167,2.37915856671667,0.701044031090772
Sox21,3,2.36832164474963,9.47328657899854,0.722096708572313
Spag6,3,1.04892766635701,4.19571066542804,0.658219708529687
Spag16,4,1.05172063746382,9.46548573717436,0.759462401641046
Spata17,4,1.00025399943443,9.00228599490991,0.610174243369122
Specc1l,3,0.548786043653975,2.1951441746159,0.716749964731243
Spef1,,,,
Sphk1,,,,
Spnb1,4,0.639723747964939,5.75751373168445,0.671635358163343
Spnb2,3,1.10899231114654,4.43596924458617,0.667285349943017
Spry1,4,0.818624642652909,7.36762178387619,0.615908446933234
Srcin1,4,0.502523429204103,4.52271086283692,0.779635268436649
Srl,6,1.6921588693413,42.3039717335325,0.603736416258625
Srp9,3,1.3291377746399,5.31655109855959,0.69855631493408
Srrm2,,,,
Srsf1,3,0.844662514791176,3.3786500591647,0.708503787918641
Ssfa2,4,1.16263953116925,10.4637557805232,0.666659653815128
Stard8,,,,
Stat5a,3,0.875503319024783,3.50201327609913,0.703391232611369
Stk35,,,,
Stmn2,,,,
Stox2,,,,
Stx3,3,0.838683539356227,3.35473415742491,0.64641731143757
Stxbp3a,,,,
Sult1a1,5,1.74098711876328,27.8557939002125,0.648028655267406
Sult1d1,4,2.76252336872948,24.8627103185653,0.765208967542168
Sun1,3,0.516166179089076,2.0646647163563,0.725244035046629
Supt16h,2,1.39281893666667,1.39281893666667,0.649046352451587
Svil,,,,
Svip,4,0.400895927813988,3.60806335032589,0.774457675502825
Syn3,,,,
Syne1,5,0.539922710392227,8.63876336627564,0.621780249169042
Syne2,4,0.515451038886216,4.63905934997594,0.715128877270742
Synm,4,1.23889329106311,11.150039619568,0.649393429572436
Syt7,5,0.455139419492501,7.28223071188001,0.750781880415368
Tacc1,,,,
Tanc1,,,,
Tanc2,,,,
Taok1,4,1.57618779547102,14.1856901592392,0.616865069204368
Tbc1d30,,,,
Tbx2,,,,
Tbx3,4,0.995866715720624,8.96280044148561,0.668401936860476
Tceal1,3,0.478192606672451,1.9127704266898,0.673403103035335
Tcf21,3,0.856631049769534,3.42652419907813,0.720421134175675
Tcf25,,,,
Tcfcp2l1,3,0.537033616185336,2.14813446474135,0.705817282993017
Tcn2,,,,
Tcta,,,,
Tef,3,1.82571109981383,7.30284439925534,0.610308704768108
Tek,4,0.788608775209606,7.09747897688646,0.726318749378689
Tekt1,,,,
Tekt2,3,0.878558899237816,3.51423559695127,0.685455975425961
Tenc1,4,1.44708605799957,13.0237745219962,0.694140054871042
Tfdp2,,,,
Thbd,5,0.950812450045856,15.2129992007337,0.64903274173551
Thbs3,4,1.38676306796947,12.4808676117252,0.709618088788051
Thoc4,,,,
Thra,4,0.473359993062826,4.26023993756543,0.701507638180845
Thrb,3,0.391417763694738,1.56567105477895,0.721879398378871
Thsd4,3,0.746906904129129,2.98762761651651,0.802406599315802
Tie1,5,1.12490487167199,17.9984779467518,0.602156235269615
Timp2,4,1.07222052190163,9.64998469711463,0.645058710440894
Timp3,,,,
Tinag,,,,
Tjp1,,,,
Tle1,,,,
Tle2,3,1.27495119629074,5.09980478516297,0.670574219394178
Tln2,4,0.267020598748658,2.40318538873792,0.81247778301387
Tmcc2,3,0.848949860464831,3.39579944185933,0.67385326857731
Tmcc3,4,0.642137543518927,5.77923789167034,0.717703945326305
Tmed2,3,1.04972654160471,4.19890616641885,0.693470335104941
Tmeff2,3,0.581559621438943,2.32623848575577,0.757361062750924
Tmem2,,,,
Tmem35,4,0.960494558180246,8.64445102362222,0.699027771968823
Tmem38a,,,,
Tmem38b,3,2.16029090626805,8.6411636250722,0.63207331168901
Tmem42,,,,
Tmem44,5,0.686647690503543,10.9863630480567,0.610284206864558
Tmem49,3,0.787798871892895,3.15119548757158,0.687444804207247
Tmem100,4,1.13054231496385,10.1748808346746,0.774659723886338
Tmem109,4,0.515339165483052,4.63805248934747,0.674790242056895
Tmem110,3,0.5809582270531,2.3238329082124,0.660914814789827
Tmem123,3,1.22153182961031,4.88612731844125,0.726422358468902
Tmem132d,4,1.19963371235589,10.7967034112031,0.600945752162535
Tmem159,3,0.46895359818499,1.87581439273996,0.695185646695062
Tmem204,4,1.50427218636184,13.5384496772566,0.638797789549439
Tmem205,,,,
Tmem210,5,2.77392930791623,44.3828689266597,0.620236218562999
Tmod1,5,0.869630496703481,13.9140879472557,0.627664258244098
Tmprss2,,,,
Tnfrsf25,4,0.386381114535316,3.47743003081785,0.690391925589012
Tnni3,4,0.511878427709051,4.60690584938146,0.79803285564068
Tns1,,,,
Tnxb,6,1.02452356061995,25.6130890154988,0.606348507389562
Tob1,3,0.403926199464664,1.61570479785865,0.738811677674901
Tpcn1,5,0.579214261244216,9.26742817990746,0.610723764958815
Tppp3,4,0.856030288685022,7.7042725981652,0.790937343293112
Tppp,3,0.69586170065637,2.78344680262548,0.71025352051038
Tril,,,,
Trim2,,,,
Trim41,,,,
Trim63,4,0.765328626140021,6.88795763526019,0.664246971207673
Trnp1,3,0.765992940992572,3.06397176397029,0.716823322486172
Trp53bp2,4,0.684976808709707,6.16479127838736,0.629533893575149
Trp53inp1,4,1.35752487335681,12.2177238602113,0.602777788984633
Trpc3,3,0.448403195564297,1.79361278225719,0.640281278489959
Trpm5,2,1.207920234375,1.207920234375,0.682645379459547
Tsc22d3,,,,
Tspan2,5,0.694525238995459,11.1124038239274,0.787693793697474
Tspan7,3,0.781143081180585,3.12457232472234,0.710945060136066
Tspan12,3,0.893804194946912,3.57521677978765,0.658241088114
Tspan13,,,,
Tspan18,3,1.19441881330747,4.77767525322988,0.6133305610242
Ttc5,3,1.07873131809694,4.31492527238776,0.715052475623057
Ttc16,,,,
Ttc18,3,0.75735717654634,3.02942870618536,0.626420810469865
Ttc25,,,,
Ttc28,3,0.732050799993574,2.9282031999743,0.600931488524562
Ttc29,3,0.963261099559771,3.85304439823909,0.735727538009111
Ttll6,4,0.62969705812949,5.66727352316541,0.712308643645637
Txndc5,3,1.04104716133909,4.16418864535635,0.742678666493446
Txnip,4,3.03983135221186,27.3584821699067,0.618723408861535
Txnrd3,3,0.638225867359274,2.5529034694371,0.653169989997509
U46068,,,,
Ube2b,,,,
Ube2g1,5,0.729959313636726,11.6793490181876,0.774846373857058
Ucp3,,,,
Ugt2b34,,,,
Umod,3,0.915389850160763,3.66155940064305,0.627299871624424
Unc13b,3,0.518521335719451,2.0740853428778,0.640125679828072
Unc45b,,,,
Unc79,4,0.873665610048971,7.86299049044074,0.707524015594616
Upk2,4,0.930563345136498,8.37507010622848,0.614757903877094
Upk3b,,,,
Ushbp1,,,,
Usp54,4,0.713125391720311,6.4181285254828,0.606276498939225
Utrn,4,0.399094683689584,3.59185215320626,0.625077662543137
Vapb,,,,
Vegfa,5,0.828813393853204,13.2610143016513,0.669877148172524
Vegfb,4,0.731213566694575,6.58092210025117,0.755344727940798
Vldlr,3,0.663262762221367,2.65305104888547,0.700817908530138
Vmac,,,,
Vpreb3,3,1.46537409937086,5.86149639748343,0.642984691627119
Vsnl1,,,,
Vtn,4,0.515363765513935,4.63827388962541,0.733931473555009
Wdfy3,4,0.535205120817188,4.81684608735469,0.738050984620628
Wdr52,4,0.428433092694082,3.85589783424674,0.80703076540844
Wdr63,3,0.824108967688923,3.29643587075569,0.63257306448352
Wdr65,4,0.72374212260148,6.51367910341332,0.748108360648072
Wdr69,4,0.420484228393199,3.78435805553879,0.728224385038508
Wdr72,4,1.27353358534551,11.4618022681096,0.781035968163427
Wdr96,4,0.724784695472492,6.52306225925242,0.699730698612721
Wif1,4,0.293533782114759,2.64180403903283,0.840511119542986
Wnt2,5,0.944619602824708,15.1139136451953,0.672345749832425
Wnt10b,4,0.409533296547153,3.68579966892438,0.752219392703146
Wsb1,3,1.22910910949514,4.91643643798058,0.640720986109083
Wscd1,,,,
Wwc1,3,0.882928331903164,3.53171332761265,0.681073661202798
Wwc2,,,,
Wwp1,4,0.545493433779072,4.90944090401165,0.628007438150552
Ywhaz,3,1.66599743983944,6.66398975935775,0.630072714871523
Zbtb4,4,0.344376106592599,3.09938495933339,0.796871359989465
Zbtb20,,,,
Zdhhc1,3,0.785563051286932,3.14225220514773,0.675339730926415
Zfp266,4,0.319665770777935,2.87699193700142,0.662106646163527
Zfp319,4,0.652662402220007,5.87396161998006,0.652665282447422
Zfp462,,,,
Zfp579,5,0.650812790316332,10.4130046450613,0.63076982441368
Zfp612,,,,
Zfp641,4,0.470355821043255,4.2332023893893,0.811610672990418
Zfyve21,,,,
Zhx3,,,,
Zmat4,,,,
Zmynd10,,,,
Zrsr1,3,1.3463825109697,5.3855300438788,0.705674723149375
Zscan18,5,0.899084216924393,14.3853474707903,0.60274373908353
Zxdc,4,0.667336019829211,6.0060241784629,0.608216702749684
Zyg11b,3,0.391433757541291,1.56573503016516,0.64622656548243
1110032A04Rik,,,,
2310042E22Rik,,,,
Acta1,,,,
Actn2,,,,
Actn3,,,,
Ada,,,,
Apobec2,,,,
Asprv1,,,,
Atp2a1,,,,
BC117090,,,,
Calm4,,,,
Ckm,,,,
Cnfn,,,,
Crct1,,,,
Csta,,,,
Dmkn,5,0.945237260887746,15.1237961742039,0.631578004607587
Fam25c,,,,
Gm94,,,,
Gsdma,,,,
H19,,,,
Hrc,,,,
Itgb1bp2,,,,
Kprp,,,,
Krt4,,,,
Krt13,,,,
Krt78,,,,
Krtdap,,,,
Lce1a1,,,,
Lce1a2,,,,
Lce1b,,,,
Lce1c,,,,
Lce1d,,,,
Lce1e,,,,
Lce1f,,,,
Lce1g,,,,
Lce1i,,,,
Lce1j,,,,
Lce3c,,,,
Lce3f,,,,
Ldb3,3,0.670173904495341,2.68069561798137,0.604578906457415
Lgals7,,,,
Lor,,,,
Lypd3,,,,
Mb,,,,
Mt4,,,,
Mybph,,,,
Myh1,,,,
Myh4,,,,
Myh8,,,,
Myl1,,,,
Myl3,,,,
Mylpf,,,,
Myom2,,,,
Myot,,,,
Myoz1,,,,
Nkpd1,,,,
Nrap,,,,
Pgam2,,,,
Pitx1,,,,
Psapl1,,,,
Pygm,,,,
Rptn,,,,
Sbsn,4,0.636151577860287,5.72536420074258,0.664174996061708
Serpinb3b,,,,
Serpinb3c,,,,
Serpinb11,,,,
Serpinb12,,,,
Sln,,,,
Smpx,,,,
Sprr3,,,,
Tnnc2,,,,
Tnni2,,,,
Tnnt3,,,,
Tpm1,,,,
Ttn,,,,
Txlnb,,,,
1100001G20Rik,,,,
1300002K09Rik,4,0.621014392391816,5.58912953152635,0.816630612072213
3110080O07Rik,,,,
4732457N14,4,0.571446577830371,5.14301920047334,0.634481085141108
4930588G05Rik,,,,
5031410I06Rik,,,,
5530400B01Rik,,,,
6030422H21Rik,,,,
9330101J02Rik,5,1.02424014862559,16.3878423780095,0.604516618907993
9530077C05Rik,3,0.583187381253259,2.33274952501304,0.673888596561538
9630010G10Rik,,,,
9930023K05Rik,4,2.15770872763357,19.4193785487021,0.665828403329519
9630019E01Rik,,,,
4833414E09Rik,,,,
Actc1,,,,
Adam8,4,1.55575973067952,14.0018375761157,0.661009895957151
Adamts2,4,1.8874638055557,16.9871742500013,0.643499813486051
Adamts10,,,,
Adcy7,,,,
Adipoq,,,,
Adora2b,,,,
Agr2,,,,
Ahsp,,,,
Akr1c18,,,,
Aldh3a1,,,,
Angptl4,,,,
Ankrd12,,,,
Anp32a,4,0.631896037531118,5.68706433778006,0.609740619302957
Anxa7,,,,
Arg1,,,,
Arhgap20,,,,
Arhgef15,5,0.32466366003292,5.19461856052672,0.708836179084311
Arntl,,,,
Bak1,,,,
Basp1,,,,
BC005537,3,0.947341857101218,3.78936742840487,0.623342743827326
Bcl2l1,4,1.3210664565116,11.8895981086044,0.602115792653458
Bcorl1,,,,
Bex1,4,0.67381463787864,6.06433174090776,0.721863450507708
Bhlhe40,,,,
Bmp4,,,,
Brwd1,,,,
C7,,,,
C130026I21Rik,,,,
C230098O21Rik,,,,
C430049B03Rik,,,,
Car3,,,,
Cass4,,,,
Ccl20,4,2.84470250671708,25.6023225604537,0.748947886172357
Ccl24,,,,
Ccna1,,,,
Ccnjl,,,,
Cd14,,,,
Cd163,3,0.88911296902858,3.55645187611432,0.672021635801098
Cd163l1,,,,
Cd177,5,7.02708299084888,112.433327853582,0.614288846036386
Cdc37l1,,,,
Cdk17,6,1.00947262109708,25.2368155274271,0.707754347470054
Ces1c,,,,
Ces1g,,,,
Cflar,4,1.66640363978746,14.9976327580871,0.666028457043928
Chd4,5,0.572326512639126,9.15722420222601,0.719345188246724
Chi3l4,,,,
Clca3,2,8.90977641333333,8.90977641333333,0.614878358445434
Cldn2,,,,
Cldn5,,,,
Clec2d,,,,
Clec4d,,,,
Clec4n,,,,
Cnot4,,,,
Cnot10,3,1.63189882159709,6.52759528638835,0.669167351107184
Col3a1,,,,
Copg2as2,,,,
Cpne2,4,0.823574233087279,7.41216809778551,0.693478076528363
Cpne5,4,0.519417894891244,4.6747610540212,0.693149685279337
Csrp3,,,,
Ctsk,,,,
Cttnbp2,,,,
Cxadr,5,1.63651707279574,26.1842731647319,0.645314342504915
Cxcl5,,,,
Cxcl12,,,,
Cyp1a1,,,,
Cyp2e1,,,,
Cyp26b1,,,,
Cyr61,,,,
D5Ertd579e,,,,
D130051D11Rik,,,,
D430007A19Rik,,,,
D830015G02Rik,5,0.814706770180635,13.0353083228902,0.606215867626241
Ddx25,,,,
Dnaja1,,,,
Dnalc1,,,,
Dnmt3a,3,3.81191214051304,15.2476485620521,0.611110422095434
Dpep1,,,,
Dtx4,,,,
Dus1l,,,,
Dusp8,,,,
Eea1,,,,
Efnb1,,,,
Eif2c1,,,,
Eif3j,,,,
Eif4a1,,,,
Elf3,,,,
Ero1lb,3,0.96287541087387,3.85150164349548,0.761070669726259
Ets1,,,,
Expi,4,0.617454571390373,5.55709114251336,0.852812557777137
F3,,,,
Fabp12,,,,
Fam38b,,,,
Fam189a2,,,,
Fbp1,3,2.14580102309253,8.5832040923701,0.726234731426722
Fcamr,,,,
Fgg,,,,
Fibp,,,,
Fkbp5,,,,
Foxq1,,,,
Fras1,,,,
Fus,,,,
Fyco1,5,0.538382233159137,8.61411573054619,0.615982184674651
Gadd45g,,,,
Gcap14,5,0.470615283050511,7.52984452880818,0.625019352690096
Glul,3,1.50056570713239,6.00226282852955,0.611310662778574
Gm129,,,,
Gm8300,,,,
Gm9758,,,,
Gm9806,6,3.40379341976552,85.094835494138,0.619137206486092
Gm9975,,,,
Gmps,2,2.11455504916667,2.11455504916667,0.61632113925311
Gp2,6,2.07918785883142,51.9796964707854,0.643502771989602
Gpnmb,4,3.26506036658789,29.385543299291,0.705367134680985
Gpx2,,,,
Gpx3,,,,
Grin2d,,,,
Gsr,2,1.147707104375,1.147707104375,0.67944104096796
Gtsf1l,5,1.33578499563636,21.3725599301818,0.645280780772131
H13,3,0.873871895401373,3.49548758160549,0.641049569210353
Hamp,,,,
Hbb-y,,,,
Heatr5a,,,,
Hes2,,,,
Hoxa5,,,,
Hspa1a,,,,
Hspa1b,,,,
Hspa8,,,,
Hspbap1,,,,
Il7r,,,,
Il13ra1,,,,
Inpp4b,,,,
Itih5,,,,
Itsn2,,,,
Kcna1,,,,
Kcne4,,,,
Klf4,6,0.806668482187187,20.1667120546797,0.604516584925496
Klhdc10,4,1.05403689020573,9.48633201185153,0.783648472608842
Krt15,5,11.5609050611061,184.974480977698,0.615979724084228
Lama4,,,,
Lnpep,,,,
LOC100503474,,,,
LOC100503984,,,,
Lpl,,,,
Lrch4,4,0.90708657338619,8.16377916047571,0.618056267369543
Lrg1,,,,
Ly6k,,,,
Lyve1,,,,
Maf,5,1.03422785451233,16.5476456721973,0.663727420652858
Malat1,5,1.57063127584899,25.1301004135838,0.617916885590692
Malt1,4,0.688393828566643,6.19554445709978,0.777336370073593
Manf,,,,
Mapre2,4,0.460766358902669,4.14689723012402,0.707759056830889
Marcksl1,4,0.880845013831835,7.92760512448652,0.761818555173418
Marco,,,,
Mcart1,,,,
Mdk,5,0.959052338806947,15.3448374209112,0.674340311513954
Meg3,,,,
Metrnl,,,,
Mfap2,,,,
Mfsd2a,3,1.21530952913056,4.86123811652222,0.704471379638698
Mmp9,5,1.13322542918328,18.1316068669325,0.646888568592833
Mmp12,3,1.73183825198275,6.92735300793098,0.627457899531018
Mrps2,,,,
Mthfd1l,,,,
Muc5ac,,,,
Mup1,,,,
Mup4,,,,
Mybpc2,,,,
Myc,,,,
Nags,,,,
Nampt,,,,
Niacr1,6,3.21430339544097,80.3575848860242,0.676029302663166
Nppa,,,,
Nr4a1,,,,
Nt5dc2,3,0.693507416836733,2.77402966734693,0.678075724582511
Nts,,,,
Numa1,3,0.484459996946804,1.93783998778722,0.740507218769329
Odz4,,,,
Olfr1495,,,,
Orc3,,,,
Pfn1,,,,
Pim1,,,,
Plekha5,,,,
Plin1,,,,
Pnkd,4,0.453321094811149,4.07988985330034,0.705054270362978
Ppbp,,,,
Ppp1r14d,,,,
Prdm8,5,1.19987484407992,19.1979975052787,0.647421169535739
Proz,,,,
Prune,,,,
Ptger4,,,,
Ptgs1,,,,
Ptpn11,3,3.1743242741534,12.6972970966136,0.696091847873308
Pxdn,,,,
Rab22a,,,,
Radil,,,,
Rasl11a,4,1.14284804723004,10.2856324250704,0.712918409071941
Raver2,,,,
Rbp7,,,,
Rcsd1,,,,
Reep1,,,,
Riiad1,,,,
Rnd3,,,,
Rnf144a,6,0.653571541779718,16.339288544493,0.765070644370453
Rrad,,,,
S100a8,,,,
S100a14,4,1.88299047465737,16.9469142719163,0.711688228984059
Sap30,,,,
Sash1,,,,
Sat1,,,,
Scd2,,,,
Scin,4,1.9323598097345,17.3912382876105,0.600805085944201
Sdc4,,,,
Sdf2l1,4,0.773006931919543,6.95706238727589,0.751977105485708
Sema3b,,,,
Sephs2,,,,
Serpinb5,3,7.48211032301629,29.9284412920652,0.622846560420239
Serpine1,,,,
Sla,,,,
Slc4a1,,,,
Slc26a4,5,1.82476408661329,29.1962253858127,0.734902159179784
Slc43a2,,,,
Smg6,,,,
Snrnp70,,,,
Socs3,,,,
Sox4,,,,
Speer4a,6,0.787066293265541,19.6766573316385,0.761407027262433
Speer4d,5,3.9343229050366,62.9491664805857,0.606915974221886
Speer5-ps1,5,2.92824442666218,46.8519108265949,0.636901117580236
Spink5,,,,
Spon2,,,,
Spp1,3,1.48427147515629,5.93708590062516,0.75764419650776
Srpx2,,,,
Srsf11,2,1.6398132075,1.6398132075,0.611780772048258
Srsf12,,,,
Ssh2,,,,
St6galnac3,,,,
Stard4,,,,
Suv420h2,,,,
Tbc1d16,,,,
Tcap,,,,
Tcf7,3,1.09009060206526,4.36036240826105,0.611140395291763
Tcfap2e,,,,
Tcfec,,,,
Tff2,,,,
Thbs1,4,2.27429491850507,20.4686542665456,0.650013927077256
Thbs4,,,,
Thrsp,,,,
Tmc5,,,,
Tmem213,2,1.73105081333333,1.73105081333333,0.797699697658938
Tob2,,,,
Tpd52,3,1.53966743947704,6.15866975790815,0.605000787434236
Treml1,,,,
Tsnaxip1,,,,
Ttll3,,,,
Ugcg,,,,
Upf3b,,,,
Usp7,,,,
Vamp2,,,,
Vasp,,,,
Vipr2,,,,
Wdr95,,,,
Wnt7b,,,,
Zfp296,,,,
Zfp704,5,1.87556519299798,30.0090430879677,0.651432862639652
Zmynd8,2,0.813447,0.813447,0.61369672562475
Zufsp,,,,
