genes,wt_d0,wt_d1,wt_d2,wt_d3,wt_d4,wt_d5,wt_d6,wt_d7,R204W,R279H,R304W
DPM1,0,-0.502132277909923,-0.517225999273013,-0.279918618117709,-0.688890616760557,-0.925116225972235,0.356668271027884,0.143674547693686,-0.279382399921278,-0.683914575716963,-0.749981590142503
FGR,0,-0.584962500721156,-0.584962500721156,1,0,0.415037499278844,2.58496250072116,3,0.736965594166206,-0.263034405833794,-1
FUCA2,0,-0.944351970450086,-1.98388033463672,-1.87582058877927,-2.03278993511767,-2.38827058971606,-1.89077093024524,-0.975887543883193,-0.396248647139583,-1.12700527673532,-0.90587782263545
GCLC,0,0.0190128863177392,-1.12461980214143,-1.91076911707079,-2.8514642671231,-1.72055342068359,-1.86246885931191,0.416859084168432,-0.399827237868706,0.186537396289609,-0.292124954550953
CYP51A1,0,0.563332484749614,0.301169534720565,0.280107919192735,-0.667803569658811,-1.23749931372666,-2.5405683813627,-1.83007499855769,-1.53589189415323,-0.079434467494405,-0.561802215801922
LAP3,0,-0.200779032063116,-1.04940504362788,-1.21738463926517,-1.99521946767967,-3.51096191927738,-3.64146394351151,-2.29415053020423,-0.69195663748085,-1.20392730399635,-1.09470644184186
HS3ST1,0,-1.46566357234881,-1.85798099512757,-1.68805599368526,-0.951090399519053,0.164386817900882,0.142019004872428,1.10780328953452,-1.46566357234881,-2.68805599368526,-1.81358687576912
AOC1,0,1,1,0,0,0,0,0,1.32192809488736,0.584962500721156,0
HECW1,0,-0.415037499278844,-2,-2,-2,-1,0.584962500721156,1,2.28540221886225,-0.192645077942396,1.08746284125034
CYP26B1,0,-0.356143810225275,-0.540568381362703,0.247927513443586,-1.67807190511264,0.20945336562895,0.285402218862248,0.321928094887362,-0.415037499278844,-1.60768257722124,-1.91253715874966
MTMR7,0,0.841302253980942,0.736965594166206,0.807354922057604,0.415037499278844,-0.337034987277571,1,2.02974734339405,1.54432051622381,0.906890595608518,-0.678071905112638
SLC7A2,0,-0.935869662580285,-1.18641312423088,-1.68684211474037,-1.75899190049621,-1,-0.935869662580285,-0.101879614019214,-2.31647366479525,-1.0331668639352,-1.68684211474037
AK2,0,-1.0475404001904,-1.2878872113163,-1.26958639457336,-1.18483605778612,-2.48351723716161,-2.84970763222502,-1.64712846467172,-0.71278090634016,-1.23484984214845,-1.06689870206329
CD38,0,0.584962500721156,1,1.8073549220576,0.584962500721156,0,-1,0.584962500721156,1,-1,-1
FKBP4,0,-0.588198799237768,-0.445529062126154,-0.132432534202513,-0.574379775564712,0.297711857466539,-0.564784618783526,-0.133445307175582,-0.875316018463437,-0.973460617810932,-0.791395616367446
CAMKK1,0,-0.341919570074828,-0.464403576599824,-0.813988014390051,-1.46440357659982,-1.39314489343,-2.72379020541847,-2.27633122844725,-1.3335560971402,-1.10284840759175,-1.09575898280543
NDUFAB1,0,-1.00405821657435,-1.29831389297716,-0.911583940980666,-1.44782743439651,-2.11818142634831,-2.18571458403378,-1.32344858865982,-0.953151899711568,-1.29706857995993,-0.899249084169546
PDK4,0,1.58496250072116,-0.299560281858908,-0.415037499278844,-1.67807190511264,2.28540221886225,5.09275714091985,6.98228060455828,-0.142019004872428,-2,-1.1926450779424
SLC22A16,0,1.58496250072116,0,0,1,0,0,2,2.4594316186373,0,0.584962500721156
SLC25A13,0,-0.645504042656207,-1.17487421741405,-0.859903673239124,-0.601526345595605,-0.261717477361803,-0.967432137543569,0.074878667314395,-0.0243592056284048,-0.0265942100117131,-0.495563415668049
SLC4A1,0,0,0,2.32192809488736,0,0,0,0,2.70043971814109,0,0
HCCS,0,-0.668252844082192,-0.657112286476991,-0.422092256812794,-0.211874549422449,0.615140649386181,0.755148128131279,0.615140649386181,0.239383137769148,-0.215955726234266,-0.228268987673117
SLC25A5,0,-0.85069467962322,-0.717415152736488,-1,-1.20163386116965,-1.20107041845954,-1.9005950112665,-1.42882445100892,-1.76575528385978,-1.60544410502524,-1.30742239963188
POLR2J,0,-0.762749619936439,-0.553935605100532,-0.436099114806674,-1.07877711338412,-0.993047239358233,-0.938599455335857,-1.10852445677817,-1.36257007938471,-1.08615664374971,-1.32716474325351
ACSM3,0,0.866733469136536,0.371968777386958,0.436099114806674,-1.76553474636298,-1.76553474636298,-1.76553474636298,-1.50250034052918,0.197939377611909,-0.917537839808027,-0.502500340529183
PRKAR2B,0,1.41503749927884,1.41503749927884,0.415037499278844,-0.584962500721156,0.736965594166206,1.41503749927884,0,1.41503749927884,-0.584962500721156,0.415037499278844
CREBBP,0,0.22125330162398,0.0237160689738076,0.214399630582917,-0.455451767724752,0.430891450479681,1.51417458323173,2.34093203651185,0.7241557871149,-0.196065138906102,-0.339974550304816
MPO,0,-1,-1,-1,0,-1,-1,0,0.321928094887362,-1,-1
PON1,0,-1.58496250072116,-1.58496250072116,-1.58496250072116,-1.58496250072116,-1.58496250072116,-1.58496250072116,-0.584962500721156,0.736965594166206,-1.58496250072116,-1
CROT,0,-0.199477111424821,-0.274439169106043,-0.670367845437183,-2.50325785960192,-4.06268526821594,-3.58269232709633,-1.47140899356258,1.24109547996116,0.598530265680369,0.712448468075807
ABCB4,0,0.667424660913129,0.304854581528421,-1.28010791919274,-2.08746284125034,-2.50250034052918,-0.628031222613042,0.612976876890753,0.082462160191973,-1.62803122261304,-1.76553474636298
KMT2E,0,0.272108973478717,0.0698511092539714,0.064457850483753,-0.944575961381308,-0.76741939070792,-0.27286155178555,0.982948908060775,0.518147228478236,-0.194260336600647,-0.446774261704031
MYCBP2,0,0.291632232999577,0.853915746901436,1.16202248181227,-0.599661507557923,-1.25967471354034,-1.12280800067732,-0.304123547795582,-0.0132223485288441,-0.0232192488150811,-0.566796873652297
PDK2,0,1,0.136204383598311,-0.372809263889546,-1.90332398058833,-2.75132088714328,-2.9577717646107,-0.930291028188596,0.18727856819258,-0.715696977412555,-1
GDE1,0,0.186662634797022,0.265502661424544,0.89808021683262,0.230135618967872,0.264131929691129,-0.275937853069449,0.237139006705634,0.235041557766935,0.170656776776738,-0.179063365499546
MAP3K14,0,-0.747233929620033,-1.26918663281539,-1.23266075679027,-1.34513548604869,-2.96962635095648,-2.96962635095648,-1.26918663281539,-0.554588851677637,-0.786404526900711,-0.939879007562429
ABCC8,0,2.32192809488736,0,0,0,0,0,2.32192809488736,2.70043971814109,0,0
MAP3K9,0,0.139162747671626,1.12667180348843,1.8586105805798,2.41560807276498,3.19805643672519,3.45693919928852,4.13656937102346,0.314604754081504,1.10984718084707,-0.264861758884801
AGK,0,-0.692111358381946,-1.19134398507722,-0.955145764215739,-1.60638148435606,-2.24792751344359,-2.46551894851621,-1.12359937844138,-0.238938730216331,-0.94926919787907,-0.872192974860429
ALDH3B1,0,1.24792751344359,2.08746284125034,0.584962500721156,-2,-1,0.169925001442312,1.85798099512757,1.7279204545632,0.754887502163469,0.700439718141092
GGCT,0,-0.0172494968477224,0.878226837356375,1.66973313976907,0.795821441542088,1.87532888852615,1.61190764932339,0.978555748260937,-0.29665235436215,0.71600136074496,-1.15792792740216
COX10,0,-0.961230429835425,-1.18544558677869,-1.09873395358536,-1.18544558677869,-0.738838008498977,-1.06311004385464,-0.521808771929622,-0.805952204357514,-0.944928617506324,-1.09873395358536
ARSD,0,-1.52083216330144,-2.92891690193852,-3.30742852519225,-2.98550043030489,-2.87446911791614,-1.52083216330144,-0.57407418457842,1.43673257037816,-0.459431618637297,0.370643379920391
PNPLA4,0,-0.233707734564282,-0.714597781137752,-0.552326352238874,-1.85898769047293,-2.98717595964242,-3.09310940439148,-2.15630323087868,-0.710639767569069,-1.9308379754926,-1.74395984076909
CDKL3,0,-0.280107919192735,-0.387023123109247,0.082462160191973,-1.76553474636298,-0.917537839808027,-0.387023123109247,-0.502500340529183,-0.0874628412503394,-0.387023123109247,-0.695145418471579
UPP2,0,0.584962500721156,-1,0,0,-1,0,0,2.24792751344359,-0.415037499278844,0.584962500721156
MARK4,0,-0.212220616279157,0.249359468936717,0.411630897835594,-0.310067939677301,0.208717484439371,-0.0912958340195504,0.0468666050379741,0.139358285146463,-0.135463417295119,-0.220125814364503
PAFAH1B1,0,-0.541157597234029,-0.42746185158714,-0.168526577448071,-0.210171504556389,-1.00767864065765,-0.850709294319246,-0.373043410614217,-0.275339924894554,-0.0139105943691604,-0.257272789552732
NOS2,0,-0.584962500721156,-1.58496250072116,-0.584962500721156,-1.58496250072116,0,-0.584962500721156,0.415037499278844,0.736965594166206,-1,-1.58496250072116
SLC13A2,0,-1,-1,-1,-1,0,-1,0.584962500721156,0.321928094887362,-1,-0.415037499278844
MATK,0,0,-1,0,-1,0,0,-1,3.88264304936184,0.807354922057604,0.807354922057604
TKTL1,0,1,0,0,0,1,2,1,1.58496250072116,0,0
PIGQ,0,-0.630050390249694,-0.812914447399505,-0.700439718141092,-1.09636839447223,-1.95197848513706,-1.85244281158614,-1.13484254228687,-0.480109763261537,-0.549880041565711,-0.740669562929625
FMO3,0,-0.415037499278844,-1,-2,-2,-2,-2,-0.415037499278844,0,-2,-1
MYLIP,0,0.521303863498838,-0.404695555057385,-0.959069735945118,-2.39102061816031,-0.815160324546404,0.608979381839692,0.84684321193858,-1.08551807118606,-1.49688925326713,-1.70955013658581
CDKL5,0,0.082462160191973,0.270089163367744,0.304854581528421,-0.695145418471579,0.12199052437861,0.64045761331286,1.37196877738696,1.39635293601392,0.0210616155278296,0.556393348524385
CAMK1G,0,0.710493382805015,0.628031222613042,-0.137503523749935,-0.874469117916141,-1.13750352374993,1.29545588352617,1.62803122261304,1.37345839552744,0.447458976971221,0.494764691749578
CDK11A,0,1,0.222392421336448,1.11547721741994,0,0.584962500721156,0.415037499278844,2.22239242133645,0.736965594166206,0,0.115477217419936
NADK,0,-0.364093034282694,-0.326196426524166,-0.286668062337528,-0.810554986306916,-1.46637408457243,-1.49012268734504,-1.12688761830076,-0.149164538587594,0.0686631908170478,-0.187479023829341
CELSR3,0,-0.415037499278844,-1.1926450779424,-1.49749965947082,0.142957953842043,-0.777607578663552,1.32192809488736,1.16992500144231,0.533978572002351,-0.109229069754758,0.101538026462062
AASS,0,-0.800691191776593,-2.07681559705083,-1.90689059560852,-2.73696559416621,-1.87714325221447,-1.72808744281975,-1.54543413653452,-0.891940254142547,-1.93215735421895,-1.49561501512587
MGST1,0,-0.545252790919185,-0.135938657200564,-0.493951562213672,-0.932275914028432,-0.595063090690126,-1.25633975325979,-0.729529005324424,0.556348613100859,0.75563288840629,0.529482007248177
PGLYRP1,0,-1.58496250072116,-1.58496250072116,-0.584962500721156,-1.58496250072116,-1.58496250072116,-1.58496250072116,1,0,-0.263034405833794,-0.263034405833794
ST3GAL1,0,-1.09378214632062,-2.35251641472079,-1.57490883605723,-1.57490883605723,-1.09378214632062,-0.0830557397275585,0.547487795302493,0.634544529571717,-0.39832010433391,0.889977212672172
UBE3C,0,-0.457111118403427,-0.801108170728414,-0.591236417639215,-0.957026314176848,-1.64769825606912,-1.33694996031182,-0.604071323668861,-0.309661744946475,-0.477773254626807,-0.501591874144922
REV3L,0,-0.0246199667730036,-0.336649600594128,-0.361524269233157,-1.47230469995169,-1.56315813040281,-1.31827107127927,0.11491377470983,0.059772220517369,-0.310681916267591,-0.745534872891377
POMT2,0,0.413374450056199,0.393266876607625,0.39832010433391,-0.941372270029292,-1.11769504266975,-1.2696981361148,-0.335286477742381,0.720248199221272,0.192645077942396,0.309911130112145
METTL13,0,-0.351196784055289,-0.591973181150991,-0.559217087884601,-0.881145182771963,-1.85923040634352,-1.10353760410841,0.0178725690652663,0.292047532504261,-0.0854036753831762,-0.0160747628580713
DYRK4,0,-0.724568568016738,-1.14218001095941,-1.24909521487592,-2.18400018665404,-2.62760683812965,-3.14218001095941,-2.04264433740849,0.0368760022350326,-0.913911023286291,-0.682748392322111
UQCRC1,0,-0.896179602506354,-1.69234729719237,-1.55884343975727,-1.99225248212038,-2.29444735846526,-2.42692382843898,-1.91384335625029,-1.40913085831212,-1.6745250193903,-1.63650541238699
SLC6A13,0,0,0,1.58496250072116,0,1,1.58496250072116,3.4594316186373,2.8073549220576,1.8073549220576,0
IDS,0,0.318529518425497,0.79680945169616,1.11417101991931,0.863627558268714,1.21996568394191,0.97431335633635,2.18679882000671,0.544805374249173,0.943755889360381,0.525282815984355
BTK,0,0,0.678071905112638,0.84799690655495,-1.32192809488736,-1.32192809488736,-1.73696559416621,-1,0.432959407276106,-0.415037499278844,-0.321928094887362
FYN,0,0.572251448971602,0.915973700370957,1.36825371788829,1.15976513522209,0.418829078441218,0.572251448971602,1.18503189383252,1.47931226404122,1.04301288896009,1.18168845075815
FMO1,0,1.32192809488736,1.74723392962003,0.440572591385981,-2.8073549220576,-3.8073549220576,-2.8073549220576,-2.22239242133645,-1.48542682717024,-1.48542682717024,-3.8073549220576
LYPLA2,0,-0.244134200490514,-0.317970081318679,-0.210114091558011,-0.191890332939104,-0.973816068196345,-1.1918903329391,-0.621081926527808,-0.140015893733364,-0.25828609093563,-0.4817323436125
SLC6A7,0,0,-1,0,-1,-1,-1,1,2,0,-1
ABHD5,0,1.30727439933975,1.18882561538853,1.89406251883143,1.28588029943569,2.46389412085517,2.84110511332379,2.38527691134103,0.035995999411052,0.449379031718566,-0.382076140139532
RNF216,0,-0.454978852630666,-0.589429052403047,-0.51744293957732,-0.700997281448859,-1.21350059016332,-0.833796163996757,-0.21350059016332,0.183978537731219,-0.217384024650548,-0.230404826401125
PIK3C2A,0,0.00906724728231849,-0.192717268642248,-0.0977320790656201,-0.372712089805322,0.412508672968105,0.764196508146125,1.12365576066503,0.104512924252132,-0.138590375886767,-0.418916847608063
PPP5C,0,-1.10771381730025,-1.23629802336167,-1.08185175398829,-1.66498458415236,-2.23629802336167,-2.70390357344466,-1.54403223666627,-0.681535760416209,-1.23629802336167,-1.26927534580794
MAP4K3,0,0.104907975709749,0.148312660120368,0.703945661642628,-0.273603647543981,-0.449374906921981,-0.397592364819435,0.0466261598713555,0.308527262394012,0.0398129474878636,-0.368977879780325
EXTL3,0,-1.0019830862791,-1.0836283513806,-1.19038202643383,-1.88940913794009,-2.7798741856355,-2.16794463731407,-1.27178044829861,-1.0179466797594,-1.166831875947,-0.793549122532574
ELOVL5,0,-0.989084222520816,-1.06856428648307,-1.42276878439419,-2.00610019953642,-1.76358811757597,-2.1073835353736,-1.67539596716482,-0.826967051311569,-1.06346641884339,-0.800219992281627
ALOX5,0,1.58496250072116,1.58496250072116,0,0,0,0,1.58496250072116,4.16992500144231,0,1.32192809488736
UBR7,0,-0.88619676657088,-1.13412428001447,-1.40140815884962,-1.80373460637891,-2.36360612613723,-2.5922305011852,-1.87285896703373,-1.09230410431984,-1.31169403749476,-1.36360612613723
MAP4K5,0,0.193363372724916,0.289611118664799,0.620913483317308,-0.433936862455481,-0.871406882665322,-1.13612471347529,-0.727417610667043,0.0469348420151604,-0.164188631893168,-0.526114794712449
MAN2B2,0,-0.496591332902444,-0.509726735091578,-0.913082429322787,-1.69735373826735,-2.82288462035121,-2.80118954925189,-1.18077821252644,0.43536018407789,-0.481416339068201,0.088371167818712
PGM3,0,-0.966766696817241,-0.661504055594149,-0.0750010367972109,0.295076875237931,0.672396680959289,0.477260014361702,0.437877475636955,0.280709668957826,-0.193689525277443,-0.394237176942126
RWDD2A,0,-0.0679040645018036,0.257496222292364,0.644519345401611,-0.0853914912306447,-0.82823365173352,-0.799087306074004,0.364411426208876,0.795461243476351,0.612338939652461,-0.0166787411466303
CLK1,0,1.06105856845165,0.461071977018553,1.17302189204308,0.650733196522127,1.58851425623754,1.68380501812778,1.86953682237391,0.43429613626744,0.0898744880973801,-0.636974078391875
POLR3B,0,-0.863498000095138,-0.553642737508351,-0.156906054972451,-0.163058281954046,-0.667100787291635,-1.69357299865283,-0.582211889705122,-0.43723324539304,-0.360997659565955,-0.811835880272645
RNF14,0,-0.612023659121758,-1.27832769310198,-1.16215267879256,-1.84974366198519,-2.34328313494275,-2.08871030785715,-0.820822052682677,0.265733555434749,-0.214000117997782,-0.116152794599637
POLA2,0,-2.26303440583379,-3.21572869105544,-2.21572869105544,-2.77760757866355,-5.58496250072116,-4.71049338280501,-2.67807190511264,-1.90313846074741,-2.9801004425623,-2.31194400631474
ACP3,0,0.6463630453853,1.1057946640226,1.52628659339355,0.334419039070559,-2,-2.3536369546147,0.563900885193326,0.729103476393236,0.127489735121916,-0.183711953172388
MDH1,0,-0.97623361386795,-1.30044031894656,-1.15206360790746,-1.96078077686563,-2.67079241022853,-3.06973593338707,-2.09394472823927,-1.31154968112198,-1.33918640143881,-1.30682616647858
DPEP1,0,1.58496250072116,-1,-1,-1,-1,-1,-1,1.16992500144231,-0.415037499278844,-1
NPC1L1,0,1.58496250072116,0,0,0,1,1.58496250072116,1,2,0.584962500721156,1.32192809488736
XYLT2,0,-0.929610672108602,-1.41888982477445,-1.70368943929191,-3.0350469470992,-3.35107444054688,-3.44222232860507,-2.41119543298445,-0.722610301189136,-1.61043318823727,-0.98564470702293
CHDH,0,0,-1.41503749927884,-1.41503749927884,-3,-2.41503749927884,-2.41503749927884,-3,0.285402218862248,-3.41503749927884,-1.29956028185891
GLT8D1,0,-0.923764414172915,-1.58496250072116,-1.81483004261975,-2.13675813750711,-3.31078753728216,-2.78883483408681,-1.75069970520004,-0.554530604507196,-1.33409491077423,-0.630405471482323
ATP2C1,0,0.155391724312916,0.223186725734032,0.274207049591904,-0.788293666737428,-1.18109142747331,-1.30341581028952,-0.413184802169357,0.910519646368513,-0.194075928835815,0.388233094880395
SLC38A5,0,-0.623190553832035,-0.733500698977125,-0.494823824654224,-0.777421748169202,-1.35682043543499,-2.09267583713326,-1.18430631259882,-0.182828898193325,-0.53950440332718,-0.56525898221385
RALBP1,0,-0.220299910426307,-0.618675736577633,-0.107125322476311,-1.00711902584476,-1.86901674921598,-2.46298674043091,-1.43909062408475,-0.303136465970173,-0.851168747883051,-1.20133344478917
SLC11A1,0,0.222392421336448,-0.584962500721156,-0.584962500721156,-1.58496250072116,-2,-1.58496250072116,-0.125530882083859,1.05889368905357,-0.415037499278844,-0.192645077942396
AGPS,0,-1.63796257524231,-2.4225890965587,-2.46354577078156,-2.22719340760027,-2.26289746928195,-2.38992290763838,-1.49601016602807,-0.64758414137332,-0.905265312712907,-0.791268541847602
ATP1A2,0,-0.321928094887362,-0.736965594166206,-1.32192809488736,-2.32192809488736,0,1.37851162325373,0,0.263034405833794,-1.73696559416621,-1.73696559416621
CYP24A1,0,3.18982455888002,2.08746284125034,0.700439718141092,-1,-0.192645077942396,-0.678071905112638,-0.192645077942396,1.20945336562895,-0.415037499278844,-1
CYP3A43,0,0,1,1,1,2,1,1,2.70043971814109,0.584962500721156,0.584962500721156
SLC7A9,0,0,0,-1,0.584962500721156,0,0,1.32192809488736,1.16992500144231,0.807354922057604,0.321928094887362
CPS1,0,-0.659615000405077,-1.48480777758302,-1.40885892434972,-2.84181833162583,-4.00620514952671,-3.43792138995218,-2.21313445347535,-1.16028257120962,-2.4633067083721,-1.14994062698816
ZDHHC6,0,-0.350610849591447,-0.89276026677363,-0.763718321771891,-0.806787043663777,-1.09144426119737,-0.993200167894659,-0.525977936102008,-0.673988161115879,-1.0603143637532,-1.16595453882765
NDUFS1,0,-0.708182693537177,-0.923049816910461,-0.62106913083615,-1.04147285057222,-1.64289123328546,-2.03308235495583,-0.89574785411522,-0.143648956423858,-0.459005822976424,-0.456510349851067
ALAS1,0,0.176549391753564,0.459172908865082,0.775709295441139,0.775709295441139,0.497973840260916,0.0448251992436008,0.459172908865082,0.683928951522177,0.782342387773586,0.514003950079865
GLRX2,0,-0.425884881515836,-0.0834160081876375,0.32839759021692,-0.0834160081876375,-1.09202913849235,-1.83187724119167,-0.458925143279844,-0.710861840230307,-0.0348642633555279,-0.758057007900002
DERA,0,-0.361950551294761,-1.10711541601919,-1.11648968578434,-2.08118695102866,-2.81692940392543,-2.51469711037899,-1.0738636102228,-0.814638805337508,-1.12497892594966,-1.0738636102228
ABCC2,0,0.65367525080517,-0.167727445738066,-0.657112286476991,-1.83399004856107,-1.1096244911745,-0.602664502454615,0.697730430883106,-0.187627003175771,-1.35755200461808,-1
GCLM,0,-1.16992500144231,-1.72935241005633,-2.23581293709877,-2.48542682717024,-1.91119073304214,-2.2907793963167,-0.0347654181606766,1.45160362851027,0.612371223014869,1.76587147061258
UBR2,0,0.0986640203012955,-0.211676100310855,-0.368417112762568,-1.31866407756547,-1.68823754468794,-1.77224915733353,-0.612592491345046,0.387719746518069,-0.265650947092186,-0.0758936564439949
HSD17B6,0,-1.28010791919274,-1.08746284125034,-1.28010791919274,-2.50250034052918,-4.08746284125034,-4.08746284125034,-2.08746284125034,1.27008916336774,-2.08746284125034,-0.133266530863464
TYMP,0,0.849961093435464,0.0728207844248676,0.0078407532171834,0.923307243005516,0.0039257032138,-0.413727744272055,0.19975256809887,-0.738276539318553,0.251853216657386,0.0224282894402297
KPNA6,0,-0.464716039153348,-0.437504839404774,-0.411856252034164,-0.714842783268066,-1.04036903112582,-1.00318827763105,-0.127269069090372,-0.0160123179886309,-0.253037139015437,-0.127269069090372
FAS,0,-0.690234543821215,-1.6959938131099,-2.15398345757329,-2.23551334306989,-2.10718924609435,-2.25238716163429,-1.81628804682761,-0.229236197383729,-0.803797102644415,-0.535073624928797
AGPAT4,0,0.0801703486839834,-1.22239242133645,-0.919829651316017,-1.22239242133645,-0.669851398307669,-0.637429920615292,-0.475840778341044,0.375866901998166,-0.19854567938208,-0.283792966000591
PRKCH,0,0.0059248339571055,0.125036045844781,0.759936116815845,0.711812116937868,1.3536369546147,1.52639860822655,1.46857795383821,-0.60063195698704,-0.31748218985617,-1.18334551720463
INSRR,0,0,1.58496250072116,0,0,0,0,1,3.08746284125034,0,0
B4GALT7,0,-0.837204849804164,-1.22897256976016,-1.15036273506379,-1.27589361714765,-2.73532523578495,-2.83720484980416,-1.33677585929468,0.160594242002565,-0.675120601579035,-0.312113805060407
VRK2,0,-0.750972452160085,-1.37517011616434,-1.26052755022322,-0.709353362958346,-1.47625624127866,-1.26052755022322,-0.50564004805975,0.145086695168999,-0.918699897898152,-0.768674453893544
TFB1M,0,-0.523097245136297,-1.12417941122073,-1.04532399050949,-2.07635088613011,-3.01495034146597,-2.51245000093679,-1,-0.533823651729355,-0.845025340023659,-0.333126301492226
NUP160,0,-1.02188311789845,-1.53017002788078,-1.3934813559124,-1.26117406380827,-2.27612440527424,-1.78427130894456,-0.451695969857692,-1.07972719247073,-1.53017002788078,-1.50353490137731
MUSK,0,1,0,1.58496250072116,0,0,0,0,2.32192809488736,0.584962500721156,0.584962500721156
SARS1,0,-0.35870763862191,-0.465725554701422,0.288962208431575,0.43571424217777,0.295976430181968,-0.445023489341407,-0.696832288048022,-0.189153576692835,-0.415037499278844,-0.596593512460243
PNPLA6,0,-0.245520442146019,-0.261933532036852,-0.175442006409878,-1.18167396012139,-2.13860523822951,-1.64110557875869,-0.972727069849896,-0.533577114454245,-0.37699813825967,-0.596711459400237
ALG1,0,-1,-1.03675855001012,-1.3016556998611,-1.50552803322675,-3.22542011403402,-2.10342958965541,-0.981966077169738,-0.964154801053278,-1.10831181103515,-1.23606735823352
CHPF2,0,0.037474705418663,-0.227578868051783,-0.264415636232154,-1.15277028040325,-1.78849589480629,-1.29796819594318,-0.542452205405195,0.620193512000358,0.0657800746388084,0.167622215572892
FUT8,0,-0.993013569683893,-2.55721751023825,-2.66413271415476,-3.40109830832097,-3.26023577248112,-2.87914560512561,-1.73230421679634,-1.26443576101041,-1.64210640782476,-1.32894852256513
UBA6,0,-0.495218718219578,-1.03582366377426,-0.66670309103344,-1.15657582323487,-0.836684714271356,-1.01722298656915,-0.316516736104564,-0.192645077942396,-0.856697521967451,-0.648026438032886
ATP6V0A1,0,0.255411164630769,0.522817979225284,0.822750297457309,0.297777195436292,-0.275634442613427,0.653631045849339,0.873431953931221,0.426397361443392,0.623411638003475,0.181913351981378
SLC4A7,0,0.444610614662191,-0.556644448523433,-0.614283074391378,-1.27986403532082,-0.812914447399505,-0.62741050837699,-0.74839294136402,-0.625433762179324,-0.49218659803968,-0.751263977218775
MAP2K3,0,-0.942856092896391,-0.289506617194985,0.158545939311822,1.04660041286214,3.15200309344505,3.89812038598079,3.80266322673288,-0.716467283849648,-0.0901978089715781,-0.459431618637297
RNF19A,0,0.660491245323057,0.996719903761224,1.49715833052681,0.223172298668207,-0.126623419084871,-0.34227518896832,-0.391566783240043,0.574366491031703,0.765084978381682,0.136410986748923
DAPK2,0,-0.896906507035896,-1.80069119177659,-1.39733549754538,-2.36257007938471,-1.26303440583379,-0.732519689135014,-0.625604485218502,-0.379848070816544,-0.678071905112638,-0.960471635813363
ADSS2,0,-0.178990500696195,-1.12504048640257,-1.22743681473051,-1.78859399394894,-1.61659942531643,-2.1900268956711,-1.40179017539904,0.188390034593133,-0.600966990773171,-0.244593046901517
OTC,0,-1.58496250072116,-1.58496250072116,-1.58496250072116,-1.58496250072116,-1.58496250072116,-1.58496250072116,-1.58496250072116,0.874469117916141,-1.58496250072116,-1.58496250072116
CYP46A1,0,-1.32192809488736,-1.32192809488736,-1.32192809488736,-2.32192809488736,-1.32192809488736,-0.321928094887362,0.678071905112638,1.76553474636298,-1.73696559416621,-2.32192809488736
SLC18A1,0,1.58496250072116,0,0,0,0,0,1,2.4594316186373,0,0
USP2,0,1.24392558288609,2.45251220469751,3.33703498727757,4.69751632293433,7.07230893179806,6.57464331750658,6.81209284106427,0.774440299584869,2.7120744186245,-0.788495894806288
FLT4,0,0,-1,0,-1,-1,0,1,3.12928301694497,0,-0.415037499278844
MRI1,0,-0.353274331754707,-0.869039322116837,-0.857165221828545,-0.799217872619266,-1.88101196378291,-2.11547721741994,-1.37851162325373,-1.18057224564182,-1.00654284586677,-1.57844919376248
METTL1,0,-1.86249647625007,-1.54933859099043,-2.15200309344505,-0.819427754358179,-2.32192809488736,-1.90689059560852,-0.757143476103836,-0.00602378762776995,-1.56704059272389,-0.697437229979569
AGA,0,-0.0887373694675146,0.0942413738814015,0.90764534061181,-0.0959810417941388,-0.935771195185038,-1.23300052090243,-0.948827348010485,0.570546811083095,-0.54531171862686,-0.546965237479374
PI4K2B,0,-0.772559402912316,-1.20706229491989,-1.35443987930199,-2.07183491422566,-2.41287183206073,-2.44005666138696,-2.67359977051135,-1.55847715430763,-1.58424025037271,-1.89081608289977
MAT2B,0,-0.322835165046692,-0.943974601159773,-1.12001828204701,-1.60781212376116,-1.46079243783037,-1.53768603737052,-0.81713594285019,-0.471439682029877,-0.708680951610753,-0.630795441762002
TRIO,0,-0.00755735117808198,-0.506840979023723,-0.544823109867942,-1.07900787443979,-0.748823082777914,0.231409294693882,0.683056937106937,1.02317932538753,0.126221662581083,0.659867309735047
MTREX,0,-0.939535358736106,-0.929878011132973,-0.73509560681316,-0.886683476470371,-1.2968855078343,-1.54783328893784,-0.807916391238028,-0.535575823182552,-0.760547273834207,-0.677398430406147
PNKP,0,-1.23824637253728,-1.45269004075824,-1.03073312753961,-1.01017180505729,-1.22239242133645,-1.95673254609583,-1.01699307091331,-0.927520624879343,-1.14937762403823,-1.04809428820105
PHLPP2,0,0.0939761482090138,0.33847927115121,0,-0.98619420047497,-0.805621954833149,-0.16905825762478,0.15754127698648,0.341219433496122,-0.142019004872428,0.0477531314483683
INPP4A,0,-0.558991921854897,-0.759204108342567,-1.04198244947478,-1.53881403991727,-1.82121377061799,-1.46842471202587,-0.638349713468181,-0.0180425973818819,-0.376031107718974,-0.347672552565258
PARP3,0,0.231325546106456,-1.15432814639129,-1.58496250072116,-2.52356195605701,-2.93859945533586,-3.30116953472056,-1.86059694333458,0.679378102613263,-0.201633861169651,0.549687025973626
TRIT1,0,0.237197015497243,-0.532541584124231,-0.633961902020089,-1.25576117092162,-2.67079867020046,-1.8658146526056,-1.16537493446451,0.232771567116447,-0.35885466388572,-0.232628205374092
PHKA2,0,-0.78199934778071,-1.79970134951417,-2.28157035727122,-2.41163089783559,-2.30666133823405,-2.09515723304034,-1.29406130145442,-0.484915323870826,-1.16227142889888,-0.738671916116609
EPHA3,0,-0.584962500721156,0.584962500721156,1.11547721741994,0.222392421336448,0,-1.58496250072116,-1.58496250072116,4.16992500144231,1.8073549220576,1.66296501272243
CTPS2,0,-0.819084214639711,-1.56466293911063,-1.79862011208,-2.73891386595573,-3.19347972942121,-2.75854267270466,-1.50542373573595,-0.31355618141296,-1.40147277169704,-1.02058926950234
ATP6V1H,0,-0.32724189478383,-0.344378785700754,0.145197915539936,-0.363904279778236,0.306227922937114,0.471417012225103,0.800062429491248,-0.337392355384647,-0.131406188837936,-0.19945025584751
POLR2B,0,-0.318017186566469,-0.60593702946941,-0.358591130644018,-1.03089400794578,-1.45533020522688,-1.12692089571956,-0.545021147369334,0.246800973670105,-0.369162173382795,-0.363252508013881
TPR,0,-0.3348340790843,-0.660122804929062,-0.572352887504399,-1.10584254716175,-1.24421542619011,-1.49013334998122,-0.564731084655462,0.303157941250361,-0.399943353402402,-0.379503128418028
CP,0,-0.874469117916141,-1.13750352374993,-1.13750352374993,-1.87446911791614,-2.4594316186373,-1.13750352374993,-1.13750352374993,-0.552541023028779,-2.13750352374994,-1.87446911791614
ROS1,0,1.93859945533586,1.50250034052918,1.58496250072116,0.874469117916141,1.32192809488736,1.41503749927884,1.22239242133645,6.22881869049588,1.50250034052918,3.93859945533586
USP28,0,-0.702456063739597,-1.45701571792054,-1.515725025219,-2.88688063487702,-3.06427688575047,-3.16188768237689,-1.81705918537945,-1.11225691465229,-1.47706894482367,-1.31589591171232
RRM2B,0,-1.06711419585854,-1.7502570905186,-1.17402939977505,-1.68221956980237,-1.49790576645193,-1.94913591735416,-1.00518644671534,-0.179393490946928,-0.464185148607932,-0.068923218090411
H6PD,0,-0.21215323683161,-0.509298230789084,-0.660911353954455,-1.46437235990757,-2.85244281158614,-2.00246825559075,-1.63770396279313,-0.502294843051321,-0.95150148230881,-0.568411324457308
NEDD4L,0,-0.401539714219686,-0.56322072156709,-0.169142840923892,0.717431097741754,2.63871467477784,4.23784505303473,4.17755465645989,0.388587020325684,0.504523885068744,0.352275664609106
HEXB,0,-0.498613064921324,-0.959193783612114,-0.539278917513219,-0.649039087464057,-0.452574444825254,0.0350469470992006,0.246183774081476,-0.350667246781753,-0.58777376316416,-0.805582206240597
SLC4A8,0,-0.584962500721156,-0.222392421336448,-0.584962500721156,0.308122295362332,0.131244533278253,0.251538766995964,1.09953567355091,2.76250068627334,1.87446911791614,1.70571466018177
MAPK9,0,-0.290825471881299,-0.523413660323636,-0.768147249414486,-1.64059719969397,-1.96252529458134,-1.92599941855622,-1.03360839264282,-0.333542381288143,-0.823761224625486,-0.368344263830802
POLQ,0,-1.9312010030147,-3.24607434036811,-3.58125853195774,-4.14419472634889,-4.84873884282272,-5.43370134354388,-3.9031866268451,-4.72098329562435,-4.49510188820802,-5.11177324865652
PIK3CB,0,0.268615438097094,0.229087073910456,0.779284156470936,-0.421763362467157,-0.519374159093579,-0.877828130006056,0.584962500721156,-0.309400997011199,-0.613766529368534,-0.701068937475435
MSMO1,0,1.10200549415247,1.30060418257802,1.37167119885766,-0.238488427082669,-0.016759650878495,-1.57310941279157,-1.88208811493817,-1.24194890706489,0.642632520463086,-0.40100675804389
AKR7A2,0,-0.66781943312544,-0.923764414172915,-0.993305347425992,-1.82536071011192,-3.50026533614587,-3.10433665981474,-2.73324250812349,-1.47517435518304,-1.03394733192334,-1.70016015316766
PHPT1,0,-0.558034173314153,-1.45317262816561,-1.16054666912645,-1.68449817427207,-2.20806013032908,-2.48403359187038,-1.6578630477686,-0.42109044846184,-1.04387149843592,-0.52256043221194
ENTPD2,0,-0.415037499278844,-1.41503749927884,-2,-4,-3,-1.67807190511264,-2.41503749927884,-0.415037499278844,-1.83007499855769,-2
ARID4B,0,-0.0298705295821377,0.0971686590069982,0.225767148117104,-0.169186105118407,0.0916304754655683,0.117295358858915,0.751086702410859,0.854987568523175,0.114567286742727,0.224080771489218
PTPRN,0,1,0.584962500721156,0,-1,-1,-1,0,1.16992500144231,-0.415037499278844,0
HHAT,0,-0.0497530351970996,-0.65382435886596,-0.712718047919529,-2.97575245375332,-2.97575245375332,-2.71271804791953,-1.21021770739035,1.76661312815547,0.434769564403028,1.57268417094272
GALC,0,-0.213173891307069,-0.976413179682384,-1.00794875311549,-2.24100809950379,-3.0483630215614,-3.0815298854966,-1.62515159083686,-0.779874185635497,-1.01594154386902,-0.88940913794009
EIF2AK2,0,-0.245593957891355,-1.40424691014992,-1.62198835770462,-2.84021955596323,-3.50901364748786,-3.22456025801916,-1.46574093902216,-0.171906411666771,-0.505549792184286,-1.08791984828892
USP36,0,-0.235488078948131,-0.235488078948131,-0.35267161831847,0.187202992874148,1.57040440503099,3.03858849767725,3.2929591043256,0.254317188732685,0.164119379761107,-0.415037499278844
KMT2C,0,0.217301549412822,0.0453919028140144,0.37699059513088,-0.370496995156337,0.180572245641821,0.417012441463902,1.22352129075311,0.413554516409642,-0.0119067666841742,-0.410214627305317
GYG2,0,-0.144389909335175,-0.222392421336448,-1.39231742277876,-2.8073549220576,-1.22239242133645,-0.932885804141463,0.652076696579693,-0.222392421336448,-3.8073549220576,-3.8073549220576
SOAT1,0,-1.30050911125246,-2.04593628416686,-2.18386419240019,-2.59734622517699,-1.17920281503032,-0.290420293628873,0.0643090325386519,-0.556725832900623,-0.789991303119384,-1.05444778402238
USP13,0,-1.32192809488736,-1.4374053123073,-2.63005039024969,-2.56293619439116,-3.21501289097085,-2.63005039024969,-1,-1.29444735846526,-1.87262069352377,-1.87262069352377
CDK14,0,0.429167828113732,0.315096061404937,0.94205265079072,-0.274439169106043,-0.465122730715153,-0.373974842656958,1.13543662505702,3.2856934664742,2.18249211087961,2.97276500762603
CAMK2B,0,0.415037499278844,-1.58496250072116,-2.58496250072116,-2.58496250072116,-1.58496250072116,-2.58496250072116,0.415037499278844,1.54432051622381,-1.58496250072116,-1.26303440583379
POLR3E,0,-0.410632320158843,-0.627172015249853,-0.603995692883759,-0.699022300269531,-1.14091101919781,-0.903113904863035,-0.420721137782427,-0.405614245392218,-0.686795997936271,-0.868180114753648
ATP2B4,0,0.392059453168616,0.0219510699585242,-0.329168737643621,-1.02734184881277,-0.569249158383769,-0.227895013653836,0.448391582153629,-0.648051901135454,-0.386432943088381,-1.08124122420004
RIOK2,0,-0.520007058880386,-0.528196456693733,-0.56423105913707,-0.981140972748684,-1.52000705888039,-1.79506854872977,-0.897430266359452,-0.00952277411850654,-0.614205700802574,-0.408723725346642
NDC1,0,-1.72577420074498,-2.55682103836999,-2.72140900818357,-2.78831566681369,-3.00463357374045,-3.61636298402439,-2.53750756331315,-1.98749766142642,-2.20183213796968,-2.19122960701004
DGKG,0,-1.41503749927884,-3,-2,-3,-3,-3,-2,0.700439718141092,-1.67807190511264,-1.41503749927884
TBXAS1,0,-1.24100809950379,-2.70043971814109,-3.70043971814109,-2.37851162325373,-2.11547721741994,-4.70043971814109,-1.70043971814109,-0.700439718141092,-3.37851162325373,-2.11547721741994
PARP12,0,0.357926862744067,-0.57838984679767,-0.694413643137153,-2.14058103986017,-2.13093086982645,-1.11657557684938,-1.41723505498309,0.155950277961713,-0.568586671767311,-0.537975578351762
ALDH18A1,0,-0.733200104912714,-1.1898566933933,-1.28437429217759,-1.83958944950469,-2.61509550552296,-2.64051810240286,-1.9465046534212,0.123601543267071,-0.919023916999096,-0.576248380891363
TARBP1,0,-0.682688533183008,-0.89341406575076,-1.07085032647046,-2.07085032647046,-3.33582253654574,-2.95016884404799,-1.09034650209625,-0.103904607390976,-0.633593983654838,-0.574056856677474
CDK17,0,0.147287946366974,-0.165604775895855,0.0989817495506793,-0.379481129869798,0.335707521901157,0.368250895165478,0.309133723028683,0.0649728573857804,-0.20655738479765,-0.214567927537361
SLC2A3,0,-0.780953606543543,-1.64873841115447,-1.79441586635011,-2.18560662367458,-0.351472370501378,-1.46529227005854,-1.44391861926597,-2.71546452495528,-1.08292095970002,-1.08567682499053
CTDP1,0,0.0256258076754946,0.387631341938192,0.41891050842605,0.259582980644865,-0.0419722704753161,0.0607540310790962,0.72762772958687,0.21350059016332,0.193291301935682,0.0357500249492017
STYK1,0,-0.713695814843359,-1.45066140900957,-0.602664502454615,-0.772589503896928,0.286304185156641,0.68684211474037,1.03476541816068,0.134301091711591,-0.576192291093424,-0.249027547839915
WNK1,0,-0.224229079816065,-0.570482597123015,-0.737490115183032,-1.17544200640988,-0.470090516787837,-0.78685204206395,0.357667117857308,1.10026968274553,0.104300071512762,0.0724855070337072
PIGV,0,0.191396531745137,-0.467566550419796,-0.620336830823041,-1.54556906242107,-2.36757076044307,-2.04564266555571,-0.88952346363843,-0.206258889305471,-0.450411829380729,-0.695145418471579
PTPRU,0,0.0764981374740436,0.896377368925843,1.31045531044341,1.13945004310197,0.471071534193172,-0.0508811690021841,0.892535302631449,0.998213380525986,0.725492809722257,0.943559305655915
MPC1,0,-0.128584206061413,-0.0899813668376656,-0.121267055764613,-2.73324250812349,-3.28876123095216,-3.60523489574742,-2.10433665981474,-1.26976026902211,-0.835303513359499,-0.855397083866728
ACAA1,0,-0.383914981783063,-0.251905701579462,-0.568682330819594,-0.767462194934091,-0.687735002463357,-0.960107272876488,-0.687735002463357,-0.560137221686585,-0.516776181527943,-0.273861436318149
BCAT1,0,-2.52083216330144,-2.65207669657969,-0.854569560478436,-0.0557094325862875,0.09515723304034,2.29099623533547,2.68862120232751,-0.978304928900681,-1.87446911791614,-2.68684211474037
GUCY1B1,0,-2.50250034052918,-0.180572245641821,-2.08746284125034,-2.08746284125034,-0.387023123109247,-0.387023123109247,0.082462160191973,2.64045761331286,-0.332575339086871,2.52724700286487
TNK2,0,-0.355374577980504,-0.815190761471708,-0.62148837674627,-0.717066036728501,0.75702324650746,0.280956313831056,0.448900951145128,-1.09696172988709,-0.880090536264803,-1.23446525363702
DGAT2,0,1.26214686656195,2.82699400598603,3.81039377529468,3.11629600009849,1.74915820244818,-0.367903523687749,-1.15141170379099,0.671067707825084,2.14064586151424,0.401666735910385
CS,0,-1.02072542485195,-0.766220818361746,-0.900616758700365,-0.957200287066732,-1.45600614403817,-1.53994496253807,-0.879431428809737,-0.727849007489227,-0.919953243797964,-0.930808788175331
LTK,0,1.58496250072116,0.584962500721156,0.584962500721156,0,1,0.584962500721156,2.32192809488736,2.08746284125034,-1,-0.415037499278844
POLD1,0,-1.6509600594954,-1.90542518660402,-1.70729804364521,-2.0680453874231,-3.88362081628567,-3.66949601093282,-2.56169272139831,-2.30830848559823,-2.35255132355972,-2.35755200461808
SPHK2,0,-0.556393348524385,-0.599462070416271,-0.785875194647153,-1.83650126771712,-1.73696559416621,-1.47393118833241,-0.943416471633632,-0.415037499278844,-0.971430847803229,-1.21759143507263
MTMR1,0,-0.250581966889563,0.292143529778867,0.333494629572322,-0.180572245641821,0.0992378729427996,0.264522487493203,0.893428335801956,-0.15548126467899,-0.0157182337469305,-0.493040011280117
HAGH,0,0.30006252556838,-0.239912520379466,-0.193219284931424,-1.77359451615693,-2.14799003093843,-2.2024378149608,-1.14799003093843,-0.235174601372803,-0.330493098460209,-0.516296479872279
ST3GAL6,0,0.538526927730872,1.17499344594583,1.77243027482101,1.51587818878567,2.08246216019197,1.8120102827957,1.70194540104787,-0.233313707713794,0.338801913451758,-0.776675303968177
ATP2C2,0,-0.0535810402048441,1.59743185268337,2.40372218605101,2.8538293518571,2.1258439329782,1.38658105322962,1.27612440527424,-0.227410496103073,0.880603904088243,-0.797059941329725
HIPK2,0,-0.960107272876488,-0.726516644935176,-1.26034029666453,-2.41953889151378,-1.69707286704269,-0.413540150892342,1.40488954390276,0.241526588293163,-0.846649223093203,-0.404588550047813
CTSA,0,0.143273704218845,0.7241893718773,1.27912307715784,1.10799072729355,1.40327404996301,1.89681352292057,2.25618405554316,0.0428718072610077,0.592751848826719,-0.306529213220675
SLC12A2,0,0.06048110352609,0.0773057261674487,-0.0470851360697413,-0.948005362361739,-1.19327548871969,-1.21872050527716,-0.455301369492571,0.677520310748859,0.450984195685235,0.291610767018174
EYA2,0,1,-1,1.8073549220576,-1,-1,-1,0,2.90689059560852,0.584962500721156,1.90689059560852
FAR2,0,-1.01435529297707,-0.7393482454772,-0.508464363247113,-1.46838692387178,-2.16635838642212,-2.16635838642212,-0.81272143180742,-0.368192635819176,-0.554923674339773,-1.57074864150146
OAT,0,-0.244278384756378,-1.0920547800322,-0.989426681400205,-2.17076304679895,-1.59673966849751,-0.593084070492197,-0.387438503550309,-0.366165134922792,-0.920851477396071,-0.615015325099874
PKN2,0,-0.291937443449747,-0.453977188545189,-0.421676696641879,-0.861774045067774,-0.615082489097492,-0.725748608460393,0.0459589299521088,0.0319356399909048,-0.232946442666966,-0.347742661707069
DGKA,0,0.0320612092322986,-0.663235205632834,-0.624400811848191,-1.5979891810174,-2.34920102503747,-2.68218430843382,-1.21520588074318,-0.193417191977892,-0.367208974188229,-0.372095920688432
ERBB3,0,0.814208593098667,1.41202874940651,1.61601781794994,0.84465346348058,-0.279964801783671,0.177031887936572,1.64257322389125,0.258853889895274,0.383896255090381,-0.171052547448038
KARS1,0,-1.00282272647452,-1.34997564751902,-1.22013820987644,-1.01530875677095,-1.14962375122987,-1.55510006123054,-0.919921112599453,-0.889041799715481,-1.29462295199241,-1.15495140270524
PDIA5,0,-1.68251781014383,-2.32192809488736,-2.02236781302845,-2.34994247105696,-2.21501289097085,-2.29444735846526,-2.59610305832636,-1.32888085552913,-1.93490497177812,-1.34288771352301
NDUFB4,0,-0.569062297187999,-0.546909154949448,-0.342291435340976,-0.848373147277095,-0.932031076324005,-1.58872933064408,-1.07528812730424,-0.617298482840846,-0.791919878947915,-0.742304843907879
MYLK,0,-0.148191479495031,-1.09219369820975,-0.514573172829758,0.277276328409573,-1.3392060863192,-0.590124205836935,-0.15200309344505,1.62671724658558,0.943965965085672,2.37619775741548
MAP2K4,0,-0.0771774630932773,-0.181329764714562,0.248249415278891,-0.0957332821215211,0.0699315342469116,-0.186292600846514,0.103665889387806,-0.21339097394686,-0.376808658223152,-0.565649606669117
SLK,0,-0.232737302488178,-0.434215269873621,0.0164394123598103,0.0240876461697036,0.508108631329039,0.339456836160708,0.725777566839106,0.0962251918277256,0.0444188605337093,-0.344142828702889
CYB5R4,0,-0.267891969483096,-0.711595939252173,-0.53726575868986,-1.15785216914174,-1.0040468330627,-1.12663343853102,-0.360839191305592,-0.74337833271081,-0.661198086548242,-1.12222825941102
GSTO2,0,-0.769762561829268,-0.690607540176264,-0.681747563256036,-1.40893213662966,-2.30550254697425,-2.07922669115058,-1.54692313970198,-1.03718492033365,-0.958389609828629,-0.863498000095138
PRKCQ,0,-2.13750352374994,-3.4594316186373,-2.4594316186373,-2.4594316186373,-1.65207669657969,-1.4594316186373,-0.874469117916141,2.0163018123291,0.494764691749578,0.915607812709628
ME1,0,-0.500693583823552,-0.12191962853148,0.0239060157702264,-0.195920209975257,0.323614471515249,-0.627154936781902,-0.208399149256948,-0.887585534950994,-0.42592581542158,-0.932885804141463
CDK13,0,-0.0462936522739349,-0.19655541172256,0.01209814251787,-0.38795796522256,-0.38795796522256,-0.446768857349887,0.39708237094751,0.249046067554691,-0.0447263571269747,-0.318136515724988
MTHFD2,0,-1.08136264171392,-0.82672267662236,0.189134759799492,0.705851142329568,0.334815778969492,-0.401199736110097,-1.08593537150375,-1.75093737015002,-0.842111569635787,-1.61916670906575
SLC9A7,0,-1.01367493689708,-1.35288102321627,-1,-1.40599235967584,-1.61939599778503,-1.18876164345517,0.0664954117869069,1.40393650604559,0.600754472764748,1.24792751344359
PDE4A,0,-0.415037499278844,-2,-1.26303440583379,-1.58496250072116,-2.58496250072116,-3.58496250072116,0,0.841302253980942,-2.26303440583379,-1.26303440583379
TIE1,0,-1.58496250072116,-2.58496250072116,-1.58496250072116,-1,-1.58496250072116,-1,-0.263034405833794,-0.125530882083859,-2.58496250072116,-2
SLC9A3,0,0.241008099503795,-2.4594316186373,-0.552541023028779,-4.4594316186373,-4.4594316186373,-1.65207669657969,-1.87446911791614,0.295455883526171,-1.4594316186373,-2.87446911791614
ELOVL1,0,0.144462992339212,0.912609099860231,1.82997907149619,1.89682834472627,1.5903242617566,-0.297201008984986,-1.06113365075146,-0.697229841918996,0.273230172939682,-0.983215415704436
POLR1H,0,-0.584962500721156,-1.0759488532333,-0.557481764299049,-0.427421223734676,-0.0694648196630999,-0.142444265020205,0.0365258760251139,-1.46948528330122,-1.35466488129936,-1.35466488129936
FGFR2,0,-0.240922992283708,-1.01222231847904,-1.16548485769669,-2.30888037638418,-2.96029452643518,-2.80174858712335,-2.30424892765254,-0.397975000162358,-1.34647716304183,-1.09880026977449
TRMT11,0,-1.10980400900474,-1.0878892325763,-1.0450337536145,-0.811624516889988,-1.6801197337615,-1.61598939634178,-0.930097986769844,-0.682854701482735,-0.784934638805257,-0.716085231049369
ACSM2B,0,0,0,0,0,0,0,1,2.70043971814109,0,1
FECH,0,-0.913082429322787,-1.09909441493274,-1.63846004921378,-1.71753162020498,-3.03438872554492,-2.7379957227647,-0.990761793144662,-0.626487407547705,-0.847688011351781,-0.850470452023108
PFKP,0,-1.30817105400305,-2.04682796728546,-1.88491664947511,-1.39975996462208,-0.991831853391618,-1.50190318087863,-1.16124787792236,-1.37166765759273,-1.67336957175802,-1.15724594736486
IDI1,0,1.31248259589761,1.46220151689126,1.55965825734188,0.225703634726859,1.04712391211403,1.33289218083873,1.13578471916713,-0.661460227920979,0.812366090523993,-0.0271046586081976
PLPP1,0,0.397335497545385,0.608232280044003,0.53726575868986,-0.898120385980786,-0.931287249915986,-0.898120385980786,-0.270089163367744,1.1542006491493,0.383914981783063,0.555337331611878
PHKA1,0,-0.791715798280014,-1.66165525771564,-2.12731883006445,-2.36988913333853,-3.43217341159287,-2.21585550466611,-0.643119306278213,-0.748146783342614,-1.36988913333853,-0.897584433386836
PKM,0,-1.372982216235,-1.84726747162136,-1.7272418984729,-2.32511308780849,-3.24994385904209,-3.32447552646311,-2.43139073037962,-0.667236279702843,-1.52766127853347,-1.13560013399304
METTL22,0,-0.242701403736787,-0.561878887608115,-0.646767785194628,-0.883806982495477,-1.34538706771135,-0.603699063302742,-0.430634354329862,-0.199308808223407,-1.02819689183065,-0.80851885519124
PRKCZ,0,-0.102899907584291,-0.333737397176996,-0.493814612662961,-1.17778711921528,-1.30116953472056,-1.23815973719476,-0.538668848447221,0.174563896245833,-0.228941207165386,-0.125530882083859
IDH3G,0,-0.521459558414998,-0.753085259529483,-0.785875194647153,-1.26303440583379,-1.88896868761126,-2,-0.96203214980098,-0.500898235932682,-0.875671864997798,-0.494109070270043
PDZD4,0,-0.263034405833794,-1.36257007938471,-0.584962500721156,-3.16992500144231,-1.58496250072116,-1,0.222392421336448,1.15200309344505,-1.46948528330122,-0.710493382805015
ATP2B3,0,0,-1,-1,-1,-1,0,0.584962500721156,2.39231742277876,-1,-1
ROCK1,0,-0.721886566210739,-1.00894420125105,-1.0675388551619,-1.66564245557112,-1.36767425962794,-1.33581534581124,-0.57917836482165,0.0395765608572916,-0.543651931192509,-0.139377211873698
PDK3,0,0.159198594849254,-0.263034405833794,-0.206450877467426,-2.09953567355091,-3.58496250072116,-3.58496250072116,-1.86249647625007,-0.808858512647992,-0.678071905112638,-0.558162441377441
HYAL2,0,-0.238237946884475,-0.358219367278999,-0.181792799894732,-0.501992080865343,-2.47630543720169,-2.90841644983948,-1.67624300771045,-0.362134417282382,-0.530345276914583,-0.321546883353664
FGFR3,0,-1.18708957568175,-2.45238834163318,-3.03735084235433,-5.67478076296963,-6.7572429231616,-6.84470576441194,-6.32114380835492,-3.24727391172856,-4.17936984722676,-3.59046447703615
COASY,0,-1,-0.0143078366838834,-0.220021516873701,-0.520007058880386,-2.24792751344359,-1.98114097274868,-0.383741368789305,-0.899199359212508,-0.776252299051541,-0.724365557386573
OTUD5,0,-0.439343405794977,-0.179424973183039,0.131543909714456,0.0306605527017952,-0.179424973183039,-0.44401989300445,-0.122091798117088,0.0255954976189386,-0.257535799688728,-0.446363833472749
ACSL4,0,-0.283166059735836,-0.980734140474271,-0.694979658140393,-1.40693755740544,-0.94774572852036,-1.34751647114589,-1.71769973464048,0.121318327854928,-0.258863041801668,0.794581626681292
INPP5A,0,-0.439285045525521,-0.0803421083176036,0.28786625881373,-0.819427754358179,-1.60310984743142,-0.976153258045632,-1.15200309344505,-0.206450877467426,-0.598551565469111,-0.501749132472175
FTSJ1,0,-0.773085019972858,-0.88574282074232,-0.571156701196126,-0.544898634861436,-1.01193961331153,-1.29347551939793,-0.742923049462606,-0.25158595167131,-0.321680400657054,-0.527655062559539
ATP11A,0,-0.239071162483078,0.198850227469104,-0.205904298547879,-0.0654230749980485,0.122566642206255,-0.361555169008073,0.84245872301352,0.714042449886086,0.0523405058812197,0.297560088152084
POLR1A,0,-1.41908433234155,-1.45741245100065,-1.86507041991389,-1.44635726249165,-2.51399597936701,-2.11345804978328,-0.581934808023588,-0.0223993849565643,-0.475559797710905,-0.108003619691176
IP6K2,0,0.687621963967933,0.703867905989975,0.994842395552436,-0.480173597913032,-0.730496951997272,-0.350525849569109,-0.480173597913032,0.398352106442125,0.0311242615313998,-0.333126301492226
SIRT2,0,0.241627370528136,-0.0312019551845203,0.200174381995217,-0.446239454463364,-0.582280910653771,-0.36276181239594,0.0066946525740084,-0.783563182868865,-0.879061729945166,-1.18595042536839
PYGM,0,1.22239242133645,-0.584962500721156,0.415037499278844,1.22239242133645,-1.58496250072116,1.22239242133645,0.736965594166206,-0.263034405833794,-0.263034405833794,-0.584962500721156
MAST4,0,-0.146116654054643,-0.382107224176541,-0.085220132817193,-0.186413124230881,0.349149563622387,0.529793909768527,1.36257007938471,0.0656230380607835,-0.0339659196415241,-0.275264694619206
NUP133,0,-0.628031222613042,-1.02466205423427,-0.735288459494857,-1.34622440059872,-2.2627467585313,-1.93668288907473,-1.09512454295841,-0.132083832307635,-0.705076948154021,-0.669753330283961
ABCC9,0,1.58496250072116,-1,1,-1,-1,-1,1.32192809488736,2.52356195605701,-1,-1
MAOB,0,-0.736965594166206,-2.32192809488736,-3.32192809488736,-3.32192809488736,-3.32192809488736,-3.32192809488736,-3.32192809488736,-0.514573172829758,-2,-1
RORA,0,1.26172938987788,2.55390409688458,3.48069830719174,2.10520601509316,3.11938519734694,1.83137883510453,1.96590254776262,-0.754316928677333,1.29063272721978,-1.6612992083786
PLA2G10,0,-1.8073549220576,-1.8073549220576,-0.485426827170242,-1.8073549220576,-0.485426827170242,0,-0.222392421336448,-1.48542682717024,-1,-1.48542682717024
ATP1B3,0,0.323035498413337,0.34183179115594,-0.461951610615813,-1.61704068393461,-2.56247848656978,-1.76835743338912,-1.31815634099815,-0.10304686793248,-0.485024036620857,-0.350214023242458
NEDD4,0,0.144175430030403,-0.133605561172577,0.20665102938796,0.183042765549857,-0.128673265630346,-0.30106230702414,0.1250303807637,0.84607737450187,0.321627814931884,-0.0060175062877248
PIGB,0,-0.112894056405934,-0.516790998079577,-0.632268215499513,-1.73180388905043,-2.68117781598046,-2.07972719247073,-1.12976787497033,-0.0473057147783566,-0.142554029926173,-0.590791579523354
MAPK6,0,0.210006894934226,-0.0464646317553975,0.168949218489396,-0.492945178685122,0.0158249671616825,0.320171210106546,0.364600843269594,-0.8423199798998,-0.705248782397986,-1.5717630029663
GUCY2C,0,1.30256277002043,0.900464326449086,0.180572245641821,-0.736965594166206,-1.58496250072116,-0.0995356735509144,0.341036917835067,0.341036917835067,-0.0995356735509144,-0.447458976971221
PTPN3,0,-0.22097034626725,0.418501354582415,0.714164213879526,-0.361960446989882,-1.29497092771103,-1.68663391861606,-0.812164800699921,-0.279345918942152,-1.06325753428968,-0.466451395655381
SLC44A1,0,0.184667020518872,-0.468087097075593,-0.398518761947077,-1.68319981356567,-2.36951447325451,-2.86507041991389,-1.46669026458866,-0.85012007844792,-1.13993026114448,-1.22435821403859
RNF126,0,-0.382406495038877,-0.472752997135131,-0.267283878835152,-0.35954238668714,-0.164630701772799,-1.44360665147561,-1.05037352251512,-0.750584404897006,-0.689431767277185,-0.765534746362977
POLB,0,-0.451837417481796,-0.383328639551506,-0.0926820025098519,0.0749620576812219,-0.460634365718954,-0.974577403120093,-0.412901754934853,-0.0790715709911988,0.237427749697728,-0.280451458911203
ST6GALNAC1,0,-1.64385618977472,-3.64385618977472,-3.05889368905357,-3.64385618977472,-3.05889368905357,-3.05889368905357,-4.64385618977472,1.94110631094643,-1,1.4541758931858
GBA2,0,-0.075749420686549,-0.180572245641821,0.827767055270909,1.8350246094092,3.08594272892693,3.24656748839017,3.05431111987782,-0.280107919192735,-0.0679929770521145,-0.710157989326604
NDST1,0,-0.422050508109167,-0.309209038593501,-0.568629929599195,-1.55784337437296,-2.62099710316449,-1.74092527901898,-0.464230323601466,0.448857497129646,-0.196691911005098,0.115266620376881
ASNS,0,-2.45158710364568,-1.51100818990523,-0.184340446524972,1.35395879618005,1.16384571469708,-0.0575833042390337,-1.3584776992542,-2.41164835827554,-1.93044817975604,-2.34901737000513
ST6GALNAC2,0,0.56790201342473,-0.553307162354618,-1.02817529605431,-2.03152650555394,-2.10729401317191,-2.01153503036648,-0.37883991886122,0.759924151094632,0.165724481234508,0.534297348757954
CHAT,0,0,0,0,0,0,1,1.58496250072116,2.58496250072116,0,1
TESK2,0,0.711430502059069,0.218772105657751,0.0978473233981446,-1.71741279674481,-1.6899320603227,-2.4178525148859,-1.26810539538122,-0.966641403053569,-0.97490901903717,-1.64966819010897
CSNK2A2,0,0.0627357553479627,0.61476932320412,1.58593368557162,1.17799830197799,1.25938662881865,0.265461143228334,1.06133982389809,0.20479836132171,0.770668897834414,-0.465455406265067
PTPN21,0,2.48256149347585,3.67472846203827,4.15290449618658,1.14959659573795,-0.348895142487632,-0.321928094887362,0.245112497836531,1.25745768825636,2.03301505722796,0.328325866085513
CAMK2A,0,2.32192809488736,1.66296501272243,1.11547721741994,-1.58496250072116,-1.58496250072116,0.415037499278844,0.415037499278844,0.807354922057604,-0.584962500721156,0.115477217419936
EPHA8,0,0,0,0,0,1,1.58496250072116,1.58496250072116,3.58496250072116,0,0
SLC12A3,0,1,0,0,1,0,0,1,1.8073549220576,0,0
RAD18,0,-1.50825632723903,-2.19475685442225,-1.85490685153762,-1.99508450958588,-2.13947441892106,-1.71902342345585,-0.644010069039005,-1.2938900464415,-1.4499230169227,-1.23475492235417
ATP2B1,0,-0.904913659323051,-1.13800338921924,-0.72893598775848,-0.485593429750355,-0.25837732764352,-0.88785849514332,-0.337210358947499,-0.105378241724745,-0.105378241724745,-0.257381335169796
MAP4K4,0,-0.350790758799687,-0.886567910809472,-1.13528095306592,-1.50796842281922,-1.24669232925778,-1.15578383305957,-0.475820319659994,0.320815524216741,0.110001183790254,0.389637556961178
MGAT4A,0,0.949373926930032,1.75181335857352,1.55705650415127,0.389946518316013,1.22239242133645,1.14201900487243,1.37083769536831,1.25749622229236,1.43663975376405,1.29852349055242
RPS6KA2,0,-0.796231543585894,-0.634950636552833,-0.116221834231763,-0.358110431194008,-0.670054437508749,-1.0407696058023,-0.41652711741933,-0.904937803028394,-1.54748779530249,-1.11138868049582
BUD23,0,-1.25993516717491,-1.07427276237863,-0.95670316599745,-1.14684138832927,-1.94421222181425,-1.73180388905043,-1.02608922886866,-0.979463068997305,-1.29916257130067,-1.06477685100476
ATP6AP1,0,-0.334169653583181,0.489109783465653,0.290028010421075,0.0142700969666388,-0.147866102514612,-0.367084276055916,-0.00287103585475514,0.0326126770884413,0.199262546497893,0.134109866972642
HLTF,0,-1.92535213145606,-2.59688119070192,-2.77007390597814,-3.1273959074007,-3.86122179403634,-4.15596505959747,-2.69129679259403,-1.39184541392754,-2.10169539706935,-1.68781622385907
MYO3B,0,0.0491476493290881,-0.658211482751795,-0.775568433389954,-3.65821148275179,-4.1987798641145,-4.1987798641145,-3.85085656069419,2.60035455113814,1.39299745816297,2.32192809488736
CYBRD1,0,1.55244078714735,0.689670904909654,0.187398406301489,-1.49416342266538,-0.98846935979649,-1.6189885888222,-1.4097182947043,0.379105185345459,0.655255570478162,-0.235730505330903
SLC6A15,0,-0.270220946427063,-0.823122237915921,-0.373814836552331,-0.799535417598305,-0.616671360448494,-0.507549638068382,0.168929008968588,0.269925236272684,0.334419039070559,-0.388402372775377
RDH11,0,-0.0373864158901087,0.189548770487635,0.502401657602855,-0.592742118277323,-0.961106525037844,-1.93762121484831,-1.52419117539136,-0.318263108236187,-0.470324303412619,-0.412523362643356
PRKACA,0,-0.385891153619327,-0.13897641314881,-0.0448542357842604,-0.781819829950467,-0.637429920615292,-0.0755510330071767,0.794681092022493,-0.320089095223581,-0.475158491716415,-0.537894247064377
RPS6KA6,0,0.395928676331139,0.600069393111365,-0.0620609681322516,-1.14359085362885,-1.86941589018986,-1.76250068627334,-0.984893107609792,0.610053481683987,0.178337241258512,0.0300572338561799
PTPN18,0,-0.79836613883035,-1.51457317282976,-1.81942775435818,-1.86249647625007,-2.73696559416621,-3.58496250072116,-1.07400058144378,-1.29218075149331,-2.41503749927884,-1.43115716464212
SPEG,0,-0.285621090901034,-1.17870588698452,-1.36457243229586,-1.53675340767854,-2.16293857112621,-1.27710959104552,-0.841010476238843,0.0783710635528724,-0.761688023577438,-0.57275836113403
ALDH3A2,0,0.210658792554019,-0.0376704179660551,0.127497134677443,-0.749726004541353,-1.00446885759765,-2.11770991589117,-0.560171257581716,-0.671098408023851,-0.400608578751124,-0.708129138968817
TFRC,0,0.757526269769548,-1.07746929489411,-1.25755927576764,-2.40592379214934,-2.71699089440494,-0.568260115231751,1.15028784530472,0.860060215330212,1.18130816796837,0.951007641267588
SREBF1,0,-0.452772961516098,-1.18097595582774,-1.46411793511011,-2.07977723305418,-2.42812367624608,-3.00275481283033,-2.11988744642833,-2.32385591139761,-2.00938790516278,-1.59185942102183
UBE2D1,0,0.404695555057385,0.156119201917282,0.313660478903762,-0.214399630582917,-0.0560340349143279,0.394278939112046,0.855610090664825,0.0339473319233375,0.222392421336448,-0.754243585598042
HSD17B10,0,-0.559991644626095,-0.366556698040433,0.00214208657154138,-0.77607719235171,-1.77241087515394,-2.64626984502086,-1.99785791342846,-0.819869167272706,-0.969246791310933,-0.988257689191463
MARK2,0,-0.488838799688961,-0.274439169106043,-0.253975066546328,-0.0171411328213938,-0.496831590442491,-0.666756591884804,0.0336831262562886,-0.0403174551874881,-0.127597780776772,-0.112167740207166
CHFR,0,0.483339996949747,0.395442019203607,0.384301461598407,-0.360139253129946,-0.828184002071952,-0.66114150916276,0.165322235842548,0.560426279375649,0.263845136420394,0.0964507355934035
TRHDE,0,-2.58496250072116,-1.58496250072116,0,-1,-1.58496250072116,-1,0.222392421336448,0,-2,-2
P4HA2,0,-0.642342457298863,-1.37436346165847,-1.39925764080931,-3.30215895270423,-3.07368176890681,-2.90213848906611,-1.87967114894018,0.0655594932079578,-1.14461767571775,-0.395837579845607
TRNT1,0,-0.463084673685953,-0.341871086716872,-0.326103770858556,-0.244803668756707,-1.61444926522154,-1.37934579213553,0.0411052033296732,-0.0574176972481726,-0.0903323197209078,-0.636966701782965
ACADVL,0,0.550974673231631,1.07053105342232,1.68303286129229,0.900555437317213,0.11596774649232,-0.0335525597110265,0.761000526008123,0.803279423711647,0.521508455296268,0.0160676958466778
STK10,0,-0.408003379830294,-0.494764691749578,0.377534959530846,1.21936726811879,1.96141150232275,1.29200445833724,2.40175536678937,0.431862121920203,0.427149994570882,0.219367268118785
SCARB1,0,-0.949373926930032,-0.549967079364952,-0.762960802699151,-1.56895018273253,-1.69883046527944,-2.06588793565646,-1.08625573335042,-1.03256786245643,-1.05246741989414,-1.14914343930581
PDE8A,0,-0.0434143603796171,-0.515388024611313,-0.616671360448494,-1.11880743004003,-1.02879726430744,-1.33913738491959,-0.507260143727912,0.0924855747937067,-0.623244014371981,-0.645371672701803
SDHA,0,-0.866870206680992,-1.4638936656206,-1.68024300415426,-1.70024602880189,-1.64346883709663,-1.15183092385944,-0.667880503136546,-0.820978205921579,-1.39911298428761,-0.874662833262641
PPP2R3A,0,0.358501155587821,0.451150443553496,0.0914126800407479,-2.47484897500273,-2.26752400175522,-2.30784145694271,-1.34032930969161,-0.68540425080289,-0.945595906867859,-1.47321047960697
ABCB11,0,0.415037499278844,-1.58496250072116,0,1,2.87446911791614,5.7279204545632,5.27301849440642,1.22239242133645,0.415037499278844,-1
DHRS9,0,-1.07476776840197,-0.325575871902507,0.336427664582477,1.78427130894456,5.0510029034341,6.24543266273452,4.73860408956196,-1.79646660591487,1.78638514821048,-1.82200169802201
PTGS2,0,0.399095955409822,-0.53051471669878,-0.278975949702815,-0.752907138035228,3.30758865561484,4.6098484611904,2.22352439082637,0.206450877467426,0.930997212379565,-1.62515159083686
MAP3K13,0,-0.418468404679117,-0.102966578951188,-0.0346818393847131,-0.246001208674352,-0.325359000287636,-0.0103172909855134,0.250990370128812,-0.386759544951779,-0.436905652935794,-0.570471498124167
ST6GAL1,0,-0.771522816202575,-1.23095443483987,-1.72845409431069,-2.06102943339756,-2.1529519228386,-2.09709868810508,-1.21105487740217,1.40163692883904,-0.181710915820023,1.06876238095733
PPP2R2C,0,0.593895625491164,0.501973136050125,0.0784740580230848,-0.424026282506099,1.32371915041335,0.312939311660108,0.729779053572937,-0.281068328664055,-1.28652275875616,-1.24345403686428
ATP2A3,0,-1.73696559416621,-1.32192809488736,-3.32192809488736,-3.32192809488736,-1.73696559416621,-1.73696559416621,-1,0.432959407276106,-2.73696559416621,-1.73696559416621
CA12,0,-1.12563505907353,-2.38517323148906,-3.29806256771902,-4.6599887305383,-4.80620947138934,-5.40082214214422,-5.09642870654937,-4.17290743639673,-2.60597019229144,-4.43759630920185
MGLL,0,-0.720540046253095,0.375967934600251,0.466422885545755,0.592285841527015,2.010971117821,2.03131976321281,1.62121302699052,-0.553642737508351,0.156401557342567,-0.761959973633076
NUAK1,0,0.633165374084479,0.685998820884267,1.1071990593116,0.450370572391125,-2.35407861849107,-2.12878630664883,-0.933970129664803,1.85537474713788,0.793090468883539,1.9437741202842
SLC24A1,0,-0.456857674973471,-1.24663996758313,-1.95935801550265,-1.77173101232688,-2.8073549220576,-1.77173101232688,-0.271302021817394,0.0406419844973458,-0.853158611670729,-0.169281084876886
HACD3,0,-0.346947494067406,-1.2896497914164,-1.43420549918201,-2.43769167496026,-2.41689987335521,-2.38289920211988,-1.42379723330188,-0.646717894486113,-1.28493252822431,-1.26363583306975
ENO1,0,-1.95710649751009,-2.84244342607138,-2.71464165568473,-2.20715790764129,-2.46435143488602,-2.78978121848494,-2.20715790764129,-1.7477794965144,-1.85913009518106,-1.64619497794475
SLC12A1,0,-0.584962500721156,-0.584962500721156,0,-1.58496250072116,-1.58496250072116,-0.584962500721156,-0.584962500721156,1.22239242133645,-1,-1.58496250072116
TXK,0,0.637429920615292,1.28950661719498,2.3536369546147,0.736965594166206,0.15200309344505,0.736965594166206,0.917537839808027,0.637429920615292,1.15200309344505,-1
NUP37,0,-0.993938247212799,-1.78325924644014,-1.56985560833095,-2.32954127899724,-3.35262489211028,-3.39993060688864,-2.31435487518256,-1.76507923037512,-1.83921565241416,-1.85561009066482
ACAT1,0,-0.472068444315223,-1.20735794762676,-1.35959371505681,-2.56425575777442,-2.80916963304013,-3.09655930922302,-2.50129180011012,-1.19796604800744,-1.3126633599894,-1.60919467781128
MARK3,0,-0.578536231561723,-0.78646755558378,-0.237499313726656,-0.30061758864195,0.0263785268232907,-0.353398433486458,0.176018759354987,-0.116193017504523,-0.267679108600055,-0.240539768046707
SLC25A3,0,-0.436981593283156,-1.18221659171204,-1.43884976452625,-1.69712510604741,-2.15893429448219,-1.71399234853891,-1.24212119945092,-1.23297539480763,-1.22953534609236,-1.10974244403459
PLD1,0,1.11203702524989,0.810628098669339,0.649879977402495,-1.09609043002492,-1.47460205327865,-1.5934382827885,-0.0922243400626841,0.144619848378717,-0.111007167067099,-0.0553767570363734
ATP12A,0,0.754887502163469,1.19826962713627,1.48818444834923,2.10073741876067,2.91545260911194,2.29645740737124,3.92124588858559,-1.07400058144378,1.45144663465399,-0.0524674198941355
MKRN2,0,-0.12458763586465,-0.318041172803203,0.106668061296483,-0.411581940642625,-1.40928282455304,-1.5746205564997,-0.536485427612926,-0.232228359052619,-0.370748223134047,-0.45716297495152
PTPN23,0,-0.0641303374197156,-0.0381351288867711,0.154509949055625,-0.0641303374197156,0.198904068414078,0.354182293891989,1.06140054466414,0.143194635827791,-0.361674273680119,-0.607085311619296
FMO4,0,0.661719699705194,0.83744698721404,0.817455512026574,-1.64533511870064,-2.76081233612057,-2.28688114778816,-1.37614848588525,0.755763189620332,-0.230297619421794,0.0636160992959718
SLC46A1,0,0.685891409571937,0.476438043942987,0.902702798645085,-0.275634442613427,-3.52356195605701,-0.3536369546147,0,0.685891409571937,0.743224584637889,-0.0641303374197156
ACACB,0,0.179168845685932,-0.150678912497668,-1.16397573511113,-2.39530128121758,-2.27500704749987,-2.01197264166608,-0.443129806308197,-0.863580801773405,-1.13750352374993,-2.2184235191335
NT5C2,0,-0.106689200149951,0.0993397749776092,0.593750517991141,0.715056814213274,1.13723638273614,0.597639186223903,1.36191698066786,0.709676963202621,0.273525005327214,-0.0266898780847314
MAP2K7,0,-0.476149013582231,-0.621999880045686,-0.335286477742381,-0.0473057147783566,0.331205908475373,-0.302119613807182,-0.00666373028101074,-0.581642142429545,-0.377846939970427,-0.556980088195276
NMRK2,0,0,0,0,0,1,1,0,0.584962500721156,0.584962500721156,0
DGKD,0,-1.22239242133645,-1.29278174922785,-1.15527822547791,-1.12285674778553,-0.683972506552322,0.396517411308046,0.255654875468196,-0.13897641314881,-0.886789389552009,-0.454838507336819
UBE2T,0,-1.8513855048031,-2.44784364436209,-2.41362792902417,-3.24370292758186,-4.20417456339522,-5.32616508777383,-3.28434491207921,-2.57442414092723,-3.07377792613955,-2.97899970138745
USP33,0,-0.225980811077847,-0.727655756688199,-0.651983610471916,-1.55785065510391,-2.08453351021167,-1.92014669231079,-0.818967857943418,-0.497729662666344,-0.878220828543082,-0.838643907567288
PAK3,0,-2.58496250072116,-1.84799690655495,-1.58496250072116,-1.84799690655495,-2.58496250072116,-4.16992500144231,-2.16992500144231,1.63742992061529,-0.6463630453853,-0.31194400631474
SIRT6,0,0.0592392033746761,-0.21377929103174,-0.00866486112712754,-0.406424368974136,-0.296241451223713,-0.306888695423221,0.0675068193582765,-0.208778609973373,-0.361336479445598,-0.725492809722257
TYR,0,0.93229514086161,0.235911357472031,-0.0983550719785747,-0.987651607572355,-0.678898901432726,-0.0983550719785747,0.888307128484273,-2.45839853943749,-6.8621207254885,-2.32814215348614
POLD3,0,-1.62268216667032,-2.17458637881218,-1.90689059560852,-2.27612440527424,-3.81669278663694,-3.71133978649071,-2.21723071622067,-1.63467471320661,-2.36923380966572,-2.07645206043787
UBE2A,0,-0.485966253252761,-0.325302821668019,-0.430399884145551,-0.898488154612821,-1.10919877090163,-1.00269914960096,-0.252823446547362,-0.112110366321537,-0.332076050263445,-0.439513591275051
FGFR1,0,-1.08746284125034,-1.6724253419715,-1.42449782852791,-1.50250034052918,1,2.30485458152842,1.61297687689075,0.851136614085517,-1.76553474636298,-1.76553474636298
FKBP6,0,1,0,0,0,0,0,1,1.32192809488736,0,0
ARAF,0,-0.413043449146756,-0.198643818563839,-0.664961822786376,-0.573039333345337,-0.618268587338335,-0.76314221672528,-0.445283786146964,-0.622870489297343,-0.879466334692511,-0.708318191980758
MCCC1,0,-0.0817940911636473,-0.66375410372328,-0.494162403666507,-1.52925306813487,-1.44436417054836,0.310523331615113,0.812215213148139,-0.500844652949115,-0.800507980773631,-1.2427303093787
ACER3,0,-1.12239663135973,-1.57807611513592,-1.4689543927558,-1.58841805935738,-1.40357838390378,-1.36750912919626,-0.713005695222025,-0.158537223622132,-0.604071323668861,-0.405862937098334
UBE2K,0,-0.933212908788798,-0.487587089676531,-0.538933969676751,-0.623242189034097,-0.431521027255772,-0.855210396787524,-0.369783569617283,-0.76277910993656,-0.768896553904896,-0.694231995123658
PIK3C3,0,-0.189545055806029,-0.249046067554691,0.0891906649326333,-0.426584253106878,-0.657013993508744,-0.830216989113473,0.00382847205888159,0.435182103433779,-0.0586807294191293,-0.268154890502395
TIGAR,0,-0.349746039027125,-0.248679112856724,-0.227410496103073,-0.442004546879113,-0.627666951675394,-0.914424268293926,-0.480625840906421,0.192018772292929,-0.0877759600884408,0.016932065734838
SYNJ2,0,-1.23744022441695,-1.8558774296892,-1.63058511784695,-1.45103569751624,0.904268534576164,1.97736902550043,1.76090435940499,-0.902336740781856,-1.1414384045396,-1.1414384045396
ADCY2,0,1.3112016882943,0.799701349514169,0.799701349514169,-0.947532580105864,0,0.768674453893544,1.3743955147815,-0.625604485218502,-2.75488750216347,-1.11103131238874
ITCH,0,-0.371136106355538,-0.635391927564296,-0.290672478538394,-0.452043058010859,-0.235915865436193,-0.584176076585636,0.323710041253705,-0.0107909828419468,-0.156029303173429,-0.25518938899951
UBE2D4,0,-0.422233000683048,-0.511500338780135,-0.708537185839689,-0.936806173512806,-2.89616418901546,-1.81816167701419,0.181838322985813,0.433756696625433,-0.159198594849254,-0.0660891904577725
FKBP7,0,-1.1926450779424,-2,-2,-4,-1.5405683813627,-1.5405683813627,0.0443941193584534,1.14974711950468,-1.5405683813627,0.507794640198696
SLC1A3,0,-1.0607540310791,-0.555518722828674,-0.300704823799849,-0.544630406685938,-1.10805974585745,-2.14048122354983,-1.24236083756904,1.67038248428491,1.03308235495583,1.59668928433604
MKNK1,0,-1.06864166560513,-1.67516030969273,-1.72246602447109,-2.18310039019005,-1.87446911791614,-1.51665648733025,-0.381429106636024,-0.230185526259787,-0.931693986609091,-0.463444681143921
CDC14A,0,0.584962500721156,0.665132849405139,0.989658055778541,-1.73696559416621,-1.54432051622381,-0.0207585601667973,0.625604485218502,1.19714647017734,0.296981737757132,0.741081702638438
DUSP13B,0,-0.356143810225275,-1.09310940439148,-2,-3,-2.67807190511264,-3,-3.41503749927884,-2.41503749927884,-3.67807190511264,-3
LIPE,0,0.681177815980459,0.883485991273575,0.408805545567329,-0.050626073069968,1.72698150559358,1.79307069605136,1.47293588298704,-0.214124805352848,-0.130060540564373,0.499571009490512
FDFT1,0,0.0966636436985825,0.464889074925359,0.310279758065714,-0.763130921800921,-1.06311004385464,-2.19826962713627,-1.79431562698645,-1.03490234171612,-0.439208024829701,-0.381307765135875
PAFAH1B3,0,-0.857980995127572,-2.13215595856657,-2.13215595856657,-2.8035332111052,-3.20086870865058,-3.06656761693899,-2.53605290024021,-0.929064093189055,-1.60422440288179,-1.20527388777058
PGM1,0,-0.980930037001413,-1.63759400307676,-1.8080934401392,-2.34725225124723,-2.2111155632612,-2.3397577147003,-2.52282381583068,-0.141866255216471,-0.878288870437281,-0.314747286674189
DNM2,0,-0.209607070021114,0.243779848753849,0.510961919277379,0.632268215499513,0.680119733761496,-0.18330721336306,0.0515303006400821,-0.0992429485745853,-0.138405490044328,-0.384754932342801
PTPRH,0,-1,0.222392421336448,-2.58496250072116,-2.58496250072116,0.736965594166206,0.874469117916141,1.41503749927884,-1,-2,-0.584962500721156
DCT,0,-0.641650670781984,-1.06829808629908,-1.45975864913646,-2.16470257025214,-1.99347490954219,-2.28703811317619,-1.51102731944697,-6.40677735745029,-7.10721707559138,-7.20032647998286
EPHA6,0,0.584962500721156,-1,0,-1,-1,-1,0,1.70043971814109,0,-0.415037499278844
SLC4A4,0,0,0,0.584962500721156,-1,0.584962500721156,1.8073549220576,2,2.08746284125034,0,0.321928094887362
RDH8,0,0,0,0,0,0,0,0,1.8073549220576,0.584962500721156,0
CNOT4,0,0.0569023912344769,0.357956404071576,0.257496222292364,0.0648511443499679,0.837827274281874,1.14951354141935,1.58496250072116,0.519952509488532,0.175442006409878,-0.308517175627802
CPOX,0,-0.656980491378842,-1.49850790260423,-1.58325010284547,-2.31679698678421,-2.94949209828947,-2.51800407823003,-1.42305567417477,-0.908712248147135,-1.33397213059234,-1.06842024554908
MOK,0,-0.841634404331411,-1.31002132820319,-1.37056287013824,-1.85598969730848,-1.32992088564089,-1.61720283772136,-0.319936797068271,0.122205932373171,-0.499845887083205,-0.295274742834002
ARG2,0,-1.1096244911745,-1.77258950389693,-0.474908955256242,0.356693513048039,0.719263592432747,0.729910836632256,-0.207804885113402,-1.27008916336774,-1.89812038598079,-1.14809863898913
PTPRC,0,0.415037499278844,-1.58496250072116,-1.58496250072116,-1.58496250072116,-0.584962500721156,2.73696559416621,0,1.50250034052918,-1,-0.263034405833794
STK17B,0,0.252632810373324,0.435720546953163,1.11700711686435,-0.690061129575637,-0.30954437043153,-0.519913197584957,-0.282063634009423,-1.68006320293173,-1.06226598862584,-1.48816557084366
CDC14B,0,0.252849712148311,0.0460964145894541,0.241008099503795,-0.659456226945291,-0.106915203916512,0.0369942074822016,0.820676300555438,0.0209258388545479,0.17200531188336,-0.174029399775049
LRP2,0,0,0,-1,-1,-1,-1,0,2.75488750216347,-1,-1
DUSP12,0,-0.64171727901839,-0.904751684852184,-0.66189516095602,-0.857445970073827,-1.57642581876667,-1.1774362607197,-0.257053428783065,-0.298572698221332,-0.582823589964822,-0.696165063040766
AACS,0,0.120480375907621,0.137503523749935,0.0161972275278013,-1.16238223922505,-2.48170853892413,-2.33948646627167,-1.69116190455308,-0.850908501974853,-1.00349462029787,-0.775282525717308
SLC13A1,0,1,0,0,0,0,0,0,1.58496250072116,0,0
PHLPP1,0,-0.313815449100043,-0.547487795302493,-0.267379876109758,-0.477853607465441,0.354108500636512,0.924857142137968,0.910501849160897,-0.612338939652461,-0.671578143027137,-0.746943405361782
ATP8B1,0,0.0874628412503394,-0.277087942122701,-0.0429572006116628,-0.797726220859827,-0.145068026875692,0.342392197447078,0.873130189707843,-0.15835542900692,-0.307509034974399,-0.475158491716415
SMARCD3,0,0.565597175854225,-0.184424571137427,-0.171368418311981,-1.79585928321977,-2.15842936260448,-2.10780328953451,-1.68038206579984,0.477159211186641,-0.490050853695689,-0.171368418311981
ME2,0,-0.913216233857933,-1.46195854666634,-1.58640591759082,-1.81096617560998,-1,-1.48600402063299,-1.16488438474178,-0.339162632303716,-1.08161376555365,-0.300448367476911
RNF13,0,0.175122895619836,-0.212504425367531,0.0534622884694206,-0.763383075507928,-0.626075025647716,-0.946537711530579,0.0138661141236257,-0.0509201428531437,-0.0767364346572809,-0.364018386737752
BCKDHB,0,-0.336427664582477,-1.32192809488736,-1.69899774396719,-2.83650126771712,-3.87832144341175,-3.21089678249862,-1.79585928321977,-0.0115879742752118,-0.77595972578207,-0.251538766995965
KAT6A,0,-0.357247756251509,-0.0278552840528436,-0.0130413999093563,-0.427533147322078,-0.388771844585038,-0.0444955497406718,0.595203980597672,0,-0.241450757152133,-0.370823705530386
TUT7,0,0.496319253701641,0.64566129890571,1.02654178745249,0.481046725009863,0.89978081146928,0.621985772041971,0.771151412496712,0.311635705204284,0.175950206394311,-0.33249030209761
ULK2,0,-0.0844503217993114,-0.797736919496007,-0.772790562365776,-1.88415167131348,-2.1050606014746,-1.77279056236578,-1.02924481977586,-0.309616542042662,-0.650354486704783,-0.497783514865906
PLOD1,0,-1.4447848426729,-2.24058553810242,-2.63381866706291,-3.47031993478003,-3.37078426122912,-3.73335434061383,-2.32347854645076,-0.253458619416814,-1.59585081686389,-0.659289354579031
OXCT1,0,-0.912537158749661,-0.956239614471587,-0.984403144948981,-2.44318853959299,-2.9792414398332,-3.21370669347023,-2.57714299626186,-1.54151908653114,-1.7280633916892,-1.35530770759921
CYLD,0,0.705830376647911,0.738776319274804,1.19066199166329,0.550583708595458,1.69712578259982,2.64575739150942,2.60240899625407,0.522478370915104,0.750603139560672,0.283368248356322
SLC27A5,0,-0.432111012637785,-0.57650092197296,-0.949959317500404,-1.45519462575083,-2.4093909361377,-2.4093909361377,-2.01707351335894,-1.16146342269412,-1.28010791919274,-1.18057224564182
PPIE,0,-0.847422242121585,-1.17712768760067,-1.10735740929649,-1.43238474284274,-2.15136459153558,-1.83199220155198,-1.00287676075556,-0.749956432685967,-1.3294918610228,-0.912199093126347
ZMPSTE24,0,-0.462284303297851,-0.252574305886836,-0.0684024180044354,-0.755285212721711,-0.998410253237607,-0.972169168926076,-0.306633432837657,-0.0804051740431442,-0.228768984384112,-0.369974081080585
STARD7,0,-0.566336945714923,-0.654132550209936,-0.379025312075567,-1.68600306549696,-3.28091522662572,-2.80120488059843,-1.25126976487719,-0.601751729255824,-0.969508656357734,-0.762789613729399
HAL,0,1.64236880546848,3.86599760184869,5.37320645463777,4.08408020185569,2.93433308235101,1.73561348999892,2.49492816685401,-1.35871389254923,2.19854567938208,-5.09423606984577
SSH1,0,-0.709658248170471,-0.702163711623547,-0.468072261600712,0.395377222527818,0.736046387355314,0.395377222527818,0.606246059089122,0.0976966738871333,-0.308778811888287,0.280918497942903
GSTP1,0,-0.465169771830371,-1.45143264427341,-1.54413398897022,-2.16177762838044,-2.53805398882991,-2.52812071027082,-1.79727975371656,-1.35867400841877,-1.66705601855132,-1.73808526441324
SLCO1A2,0,0,-1,-1,-1,-1,0,0,0.807354922057604,-1,-1
APOB,0,0.465663572348812,0.76418706290123,1.39775950784701,0.15200309344505,-0.195920209975257,0.110182917750423,0.905363125861925,-2.39231742277876,-0.46948528330122,-4.16992500144231
NCOA1,0,0.301943720433208,0.868210127444459,1.06346641884339,0.320400625140769,0.498453507466481,-0.231325546106456,0.295738570906499,0.874469117916141,0.332575339086871,-0.0946368741380752
HADHA,0,-0.428728098151406,-0.941303664264235,-0.923482009561957,-1.59255890433169,-1.78376238727776,-2.34914117334832,-1.50094477909381,-0.691667639766275,-1.08491025486797,-1.13317559372034
CAD,0,-1.84758999778314,-1.79016171773407,-2.14771372235215,-1.17043379885224,-2.75539629957339,-1.77615485974019,-0.880927181657252,-0.811430334487721,-1.12312808407388,-0.619454979593742
AK6,0,-0.633056788922201,-0.824537933730961,-0.69410299365066,-0.760812336120574,-0.65633761275811,-0.352469489415738,-0.0363686622090404,-0.449012639510604,-0.562150041482214,-1.03906612957181
PREP,0,-0.779059712697465,-0.520390499425073,-0.452779593270395,-0.53872232219733,-1.53503727538947,-2.06228427825434,-1.4286479307975,0.134498630324988,-0.194097211976308,0.122882665471688
HACE1,0,-0.196027717337048,-0.223378205482004,0.0971686590069982,-0.512884822676989,-1.54703304508883,-2.36088172923194,-1.03591957425494,-0.157598130843195,-0.391578526454855,-0.936383900704028
SEH1L,0,-0.673639658797377,-0.920829786566392,-0.688467076475016,-0.565671162112396,-0.131596882783213,-0.697437229979569,-0.185265547576798,-0.82269546819209,-0.642989445957193,-0.717066036728501
MAP3K4,0,-0.245683071322667,-0.656668053777038,-0.505069700141317,-1.03902929742837,-0.14574163344876,-0.0141884428789667,0.160194428670701,0.917802073126476,-0.738892184758623,-0.409060062325284
ABCB1,0,-1,-1.58496250072116,-1,-1.58496250072116,-2.58496250072116,0.415037499278844,-1.58496250072116,0.222392421336448,-1.58496250072116,-1.58496250072116
AKR1B1,0,-0.984569959430394,-0.872402219223228,-1.67126234711538,-2.83871909296694,-2.36923380966572,-2.52123690311077,-1.10619940383193,-0.411938260619957,-0.811238356544832,-0.510147724448963
MGST2,0,0.137184378733505,-0.856446096390768,-0.982554865540591,-3.03913839390696,-3.63860046432323,-3.87563966162408,-1.85010456951694,-0.446980391781598,-0.8034113340689,-0.52564764831884
USP40,0,-0.643420358457675,-1.48582541676827,-1.31249381388271,-1.94142517381454,-3.15999588419858,-2.58098264980861,-1.11614159460915,-0.141194686190319,-0.563207948080635,-0.539843955015124
POMGNT1,0,-1.28585884017984,-1.27256201756638,-1.12586295598126,-1.00732334080586,-2.31282588778011,-2.64842891956455,-0.967497360312671,0.269108920243478,-0.531631157392561,0.273648079858646
MAST2,0,-1.10092890885078,-0.800062429491248,-1.00978102079259,-0.952065522936298,-1.02954427561402,-1.20945336562895,0.10795924813592,0.416255477435515,-0.0957111995797614,0.410766459878537
B4GALT1,0,-0.409897860637127,-0.543098193090921,-1.05670710496851,-1.71753162020498,-1.44521397353685,-1.44521397353685,-0.525204071710523,-0.097440896080222,-0.56463981592211,-0.369426902758544
AQP6,0,-1.32192809488736,-1.32192809488736,-1.32192809488736,0,-0.321928094887362,0.84799690655495,0.485426827170242,-0.15200309344505,-1.32192809488736,-2.32192809488736
EIF2AK1,0,-0.293025057271409,-0.48056926352094,-0.577077244374286,-1.29004735747151,-1.52189032312656,-2.26352106296133,-1.13507269749517,0.0589910007827807,-0.606408776484334,-0.316313012165319
SEPHS1,0,-0.917751588240285,-1.38082178394093,-1.54512223618937,-2.04295214518455,-2.45271470242272,-2.18442457113743,-1.18442457113743,-0.717856771218502,-1.23107466443625,-0.826232932263294
ITPKC,0,0.235695697243284,0.450901577986462,0.886060673186079,1.18028257692468,2.27284869566075,3.04871468397408,3.16031889224681,-0.255177640107555,0.29509110601705,-0.112607813068376
HSD17B2,0,0.807354922057604,1.16992500144231,3.4262647547021,4.18982455888002,4.71424551766612,4.37503943134692,4.06608919045777,3.75488750216347,5.30833903013941,3.74146698640115
PPEF1,0,1,-0.584962500721156,0,-0.584962500721156,-0.584962500721156,0.415037499278844,0.736965594166206,-0.584962500721156,-0.584962500721156,-1
HUWE1,0,-0.218166532894933,0.0192494947700514,0.055066377063767,-0.424198917299059,-0.525400742639262,0.438073381335624,1.16881086512863,0.680200297494081,-0.135466879598411,-0.151335024416724
ALG9,0,-0.593786351108162,-1.21459405077604,-1.69458699189565,-2.32780466122403,-3.24207478719815,-2.13515958328164,-1.0598714559774,-0.813231488394273,-1.24902754783991,-1.45066140900957
ACOX3,0,0.0755166368542341,0.171422349828815,0.138116263211636,-0.64343490344062,-1.77568270173906,-2.02722146873502,-1.05496645921793,-0.23962980149885,-0.64343490344062,-0.383914981783063
MTMR2,0,-0.987460804339654,-1.01264913643049,-1.12413224402871,-1.45908183198487,-1.30938889922702,-1.83490293486743,-0.428628035443151,-0.588815761588882,-0.776208940608406,-0.470669806260077
HSD17B14,0,0.691877704637668,0.62148837674627,0.823122237915921,1.46948528330122,1.15754127698648,1.58496250072116,2.54748779530249,0.547487795302493,0.509013647487858,-0.176877762084079
ACHE,0,0.893084796083488,0.514573172829758,-0.222392421336448,-0.807354922057604,0.514573172829758,-0.222392421336448,0.652076696579693,1.83650126771712,-0.637429920615292,0.777607578663552
NLK,0,-0.0482551686072212,-0.0730018309429066,0.0235355144607891,-0.780321963360588,-1.2821432287815,-1.25924282667142,-0.0880561766651961,0.0489886934357038,-0.0655331600390567,-0.16844272961677
PIGS,0,0.0145973762129581,-0.227291220749287,-0.387587520993823,-1.81225372147044,-3.03464614280689,-3.18220333122075,-1.45637829465974,-0.275312735612231,-0.871415793938587,-0.428138111804471
PGS1,0,0.0142842260062475,-0.267347398704876,-0.175318260212531,-0.830872728763741,-2.03634184706372,-0.780686971595524,-0.501304571674246,-0.427050016980824,-0.486144764503241,-0.590355759491375
LPCAT2,0,0.922254905260698,1.1114317193967,1.36033720370456,0.406516859504603,0.380648773733924,-0.38547930804391,0.340955618630127,1.53759671530555,1.08327715733785,1.40535104526671
L2HGDH,0,-0.474908955256242,-0.0629312557264567,-0.0537712564409808,-1.17764291460315,-2.18762700317577,-2.60266450245462,-1.65711228647699,-1.69934052186629,-1.55019708256048,-1.93969948973219
DNM1L,0,-1.09610793820877,-1.36849255956418,-1.27079588567705,-1.42709911655572,-1.58496250072116,-1.96440864168546,-1.21293306129105,-0.305836233812998,-0.72390142578941,-0.558842179518913
AURKA,0,-2.06828473956647,-3.72879827329481,-3.98255486554059,-5.40997608927527,-5.87563966162408,-5.31376077401596,-4.22356296504439,-4.47354121805273,-4.66804424221571,-4.68299458368168
METTL2A,0,-0.722015252700235,-0.635427567704144,0.00599874062144307,-0.273895398465561,-0.79314842955933,-0.976153258045632,-0.310700839464108,-0.62148837674627,-0.623802242584517,-0.536203188801301
SULT2B1,0,0.0710830980614827,1.39301119294884,1.47655188849155,1.77578484305673,2.38605843230708,1.8564726886223,2.13717228851925,-1.34395440121736,-0.271804615461526,-1.4594316186373
ALG6,0,-0.471580701303414,-0.531523241759696,-0.63105891531061,-1.74809833650083,-2.78932099922734,-2.85345133664706,-0.897845456005511,-1.22188842306376,-1.11648574248085,-1.42617024161347
PTPN4,0,-0.102193512541358,-0.273078071744943,-0.0598472218317627,-1.08692675588805,-1.99571688441205,-1.99571688441205,-0.730782945662772,-0.180238658004738,-0.616766685371116,-0.777811854067913
DNMT3B,0,-0.696607856550065,-0.554588851677637,-0.799701349514169,-2.55458885167764,-2.28157035727122,-3.05208851114845,-2.4391116342577,-1.49569516262407,-1.85414913353655,-2.28157035727122
SLC15A1,0,0.275634442613427,2.25589822455217,3.16992500144231,3.7221783771686,2.99286381871837,1.55297238647672,1.82353484911304,0.956643630805618,1.6828098241193,0.823534849113039
TGDS,0,-0.355413516592425,-0.819964970912847,-1.15403362867242,-1.16422939577831,-1.71881824745595,-1.09432738254815,-0.332237194226331,-0.405935292171591,-0.649144719649136,-0.393887664407061
CRLS1,0,-0.385072077879556,-0.860069738855525,-0.855228475786026,-1.71487182331559,-1.71487182331559,-1.96307343100164,-1.23761180895389,-0.332822735990656,-0.87469177322037,-0.845594416339645
SMOX,0,-0.841737916083268,-1.49381461266296,-0.314108590428063,0.483932580489911,1.72119827830789,1.18609629211346,0.513527362678207,-1.20163386116965,-0.989583384054662,-1.58496250072116
FKBP1A,0,-0.75769048544443,-0.740953696335094,-0.803874353322642,-1.41603349175257,-1.76952284853187,-1.42670041680442,-0.475702317278421,-0.833730337481902,-0.635881964414329,-0.862405965566458
MAPKAPK5,0,-0.588345140115808,-0.849349010722231,-0.783895949233615,-1.00338263939465,-1.4901647461769,-1.47130571892559,-0.499687520295411,-0.177759425408049,-0.672003069162718,-0.459642801400009
SLC23A2,0,-0.573735245297902,-0.744499266851614,-0.862496476250065,-0.527512228537256,-0.904075580001464,-0.427110331579419,0.39231742277876,0.846744023244868,0.446256229889564,0.380244590478185
SLC8B1,0,0.518070617065985,0.92820931693199,1.46324659232146,0.748127700453506,-0.355583649068601,-0.546949174784425,0.352418462109084,0.16212241324612,0.190016419381781,-0.0462555909608726
BRAP,0,-0.0410501596424901,-0.177084793015178,0.0537422234063382,-0.187891547971761,0.0787541114144113,-0.0707464748274684,0.228501230919094,0.644808149585503,0.0798807768686957,-0.0398259804931883
NOS1,0,-0.893084796083488,-0.945552215977624,-1.27417496343899,-1.11547721741994,-1.84245872301352,-0.945552215977624,-0.0710830980614826,-1.80562195483315,-2.17687776208408,-0.37851162325373
HEPH,0,0.438884241233212,-0.206450877467426,-0.243925582886089,-2.68449817427207,-3.16992500144231,-3.90689059560852,-2.49185309632967,4.44036165563871,1.74176658043003,3.87009067740557
GANAB,0,-1.2981582262867,-1.62618516344767,-1.92339668459955,-1.99635748578867,-2.76272399639543,-2.90767233230653,-1.80215414122397,-1.1416776895288,-1.62136814714989,-0.733842876408306
BLVRB,0,0.52451685628441,0.200519011493792,0.722798864486615,-0.151392945395825,0.22422209189353,0.412747143120891,0.127817607940468,-2.00366631719777,-1.37056940883616,-1.86382860472965
SLC9A1,0,-0.461904104316818,-0.189824558880017,-0.0400774393753352,0.468386923871777,0.865457876621172,1.15890359535106,1.34155690163629,0.325875279404025,0.211054877402167,0.0862998463942204
SPTLC1,0,-0.184930395384141,-0.318224126123944,-0.106173649008955,-0.789845153769155,-0.964104745475358,-1.3443538579486,-0.749381290766064,-0.0575035861283962,-0.478988030807487,-0.603062902276086
PAPOLA,0,-0.88279044446102,-0.683637500483061,-0.687008284822301,-0.756132645477121,-0.555653710352516,-0.592317844611339,0.225159716127885,-0.611005350467376,-0.893945983634279,-0.875080632974873
NDUFB2,0,-0.974059781653675,-0.953042000384592,-0.366093683739593,-0.77387315469866,-2.22804904788446,-2.22085354648026,-1.64308654716331,-0.63948431048311,-0.736195951554787,-0.89319477855283
IRAK3,0,0,-0.584962500721156,-0.932885804141463,-2.39231742277876,-1.39231742277876,-0.691877704637668,1.13124453327825,-1.39231742277876,-4.39231742277876,-3.39231742277876
SI,0,0,-1.58496250072116,-1.58496250072116,-1.58496250072116,0,-1.58496250072116,-0.584962500721156,0.222392421336448,-1,-1.58496250072116
MUL1,0,-0.382688721580983,-0.492313212755482,-0.114863957032003,-0.13897641314881,0.400240497350763,1.18726790048795,1.10524932474531,-0.187047805971305,-0.310929095938105,-0.338585438840971
CERS4,0,-0.00251999197851543,0.278477838853965,0.87378228379658,-0.424299069136415,-1.65459668855821,-2.68665789779051,-2.78735189740998,-0.482911229251459,-0.279748279395064,-0.772222372556721
USP48,0,-0.568891807507475,-0.525951285290521,-0.665783615100428,-1.45173918049164,-1.78476110526259,-1.79492097148281,-0.367826570811148,-0.00146988809545429,-0.450734867857357,-0.324869370199485
PDPR,0,-0.543739837994643,-1.44555944405574,-1.96556650293613,-2.60602411624899,-2.44555944405574,-0.408084738637077,-0.0641303374197156,-0.258858729862601,-1.16210549698301,-0.792620149518577
AARS1,0,-0.943859854838748,-0.614853928710853,-0.07086966584852,0.091187092260453,-0.48550367049716,-1.07288883348517,-0.843930056154693,-0.907010665105562,-1.2352564837494,-1.23616127841116
NAT14,0,-0.512812714965321,-1.0630097975258,-0.939627382020518,-1.58496250072116,-2.8703647195834,-3.16992500144231,-1.41093310094611,-0.082462160191973,-0.410933100946107,0.387023123109247
SLC26A4,0,-0.436099114806674,-0.201633861169651,-0.436099114806674,-1.20163386116965,-1.71620703399941,-2.20163386116965,-0.823122237915921,-0.879705766282288,-1.61667136044849,-1.27563444261343
SLC26A3,0,0,0,0,-1,-1,1,0,0.807354922057604,0,0
DLD,0,-0.875919208540676,-1.02544192183742,-1.30592921475568,-1.61394912960199,-2.35180226304005,-2.82573345137246,-1.36294282064525,-0.630008980498091,-0.758724350763714,-0.652387307608707
MAP3K20,0,-0.724175543850976,-1.46750001390732,-1.29769710403542,-0.958100361055049,-0.0204073426485885,0.342520903332023,0.347525921503213,-1.18229502502548,-1.49131928668221,-1.32730200826848
FH,0,-1.02815668517994,-1.13231808221522,-1.00497415571164,-1.51889041343212,-2.36535568030636,-2.41950069516899,-1.67845392419097,-0.937215483539352,-1.28730137433855,-1.24821401826846
SLC17A6,0,0,0,0,0,0,0,0,1.32192809488736,0,0
CPA1,0,0,0,0,0,0,0,1,1.32192809488736,0.584962500721156,0
CMA1,0,-1,0,-1,-1,-1,-1,0,0,1.58496250072116,1.4594316186373
SLC7A8,0,0.224384269010144,-0.303214036615583,-0.377395849771286,-1.68310359220032,-0.824195911434918,-2.01402047031493,-1.15603947518736,0.637031220863994,-0.399310626199726,-0.552541023028779
RNF31,0,0.033015057227963,-0.415037499278844,-0.415037499278844,-1.05444778402238,-2.8969065070359,-2.6256044852185,-1.12553088208386,-0.11826288161982,-0.545434136534519,-0.478763096889231
HECTD1,0,0.329150737136287,0.444977133866666,0.959513874543468,0.79490279019812,1.94773461636977,2.45749163283146,2.65793156758524,0.0694679987744591,0.443792617708827,-0.414872194776699
TGM1,0,0.900612805329563,1.18216104969342,1.79793991956088,2.13920336755044,1.8831362423091,0.138636975457488,0.853069517006957,-0.990056054548864,0.32607973815783,-1.61861289016307
TRPM7,0,-0.00180826642543754,-0.727958103672425,-0.756168123384026,-1.61663120248156,-1.18689095133124,-0.123178051768575,0.415790275210814,-0.00120525908504367,-0.233933841620128,-0.669303885951614
TYRO3,0,0.608312987998537,1.58047161759014,1.97027017173662,1.36369061927862,1.01172248502454,0.232446086000371,0.440041505408738,-0.413916959384929,0.232446086000371,-0.796466605914868
CAPN3,0,0.612976876890753,0.160464672193246,0.371968777386958,-1.28010791919274,-0.180572245641821,1.19793937761191,2.54189377882927,0,-0.502500340529183,-1.08746284125034
PHGDH,0,-0.761955089838005,-1.11623196242323,-1.2543080978262,-1.13185548688373,-1.84152234715632,-2.43326125789775,-2.71351473478025,-3.30467705183634,-2.27698531796729,-2.7061099535585
DPYSL2,0,-0.231123707060149,-1.58612362355316,-1.98959173411987,-3.1197392442741,-2.60718523908099,-1.65025396097288,-0.222972865939284,-1.52974115365564,-2.0435963891524,-0.537301144968486
NUP50,0,-0.182316908175436,-0.31561432095516,-0.0238186195181159,-0.190958701314509,0.132124627885927,0.00421225128691459,0.485426827170242,-0.753227460016601,-0.696069746426104,-0.990749227733057
COMT,0,-0.836442079014128,-1.10927562437332,-1.2638633027488,-1.58579139763617,-1.75447323222785,-1.89842174794144,-1.46649246926382,-0.646110866909979,-1.03353306198772,-0.969660878821331
ADA2,0,0.514573172829758,0.192645077942396,0.362570079384708,-2.8073549220576,-0.807354922057604,-0.222392421336448,0,0.716207033999409,-0.485426827170242,-2.8073549220576
VNN3P,0,2,1.58496250072116,0,1,0,2.58496250072116,2,2.58496250072116,3.52356195605701,0
XYLB,0,-0.807354922057604,-1.8073549220576,-2.48542682717024,-2.48542682717024,-3.22239242133645,-2.48542682717024,-0.807354922057604,-0.876617584494718,-1.48542682717024,-1.59790155642865
UPRT,0,-0.235530890795572,-0.740995471202359,-1.1593998215796,-2.54331480336266,-2.34627795630311,-2.28615696386554,-1.22844146600925,0.154415627520441,-0.751119688476067,-0.521488440909486
AAAS,0,-0.621943892734127,-0.877102975408788,-0.649541451298157,-2.11284815967025,-3.10433665981474,-2.94387198762149,-1.68717910866152,-0.347564513306324,-1.07701605381522,-1.10009966692826
FMO2,0,1.65896308216493,2.22780591752281,2.59756253750079,0.337034987277571,0.506959988719883,1.27563444261343,1.9808911770523,1.52025681133334,3.22374770094846,-2.07800251200127
MAP3K1,0,0.314786025643343,0.173219579354746,0.143965774379632,-0.9052217752479,-1.38178068335054,-1.24885547066403,-0.803278986265749,-0.179138179603647,-0.663892969942876,-0.41404833568789
DHPS,0,0.330412292260139,0.201802017244308,0.363858775353281,-0.091820708422909,-1.10008832440651,-1.05921604299098,-0.388213711203134,-0.200957152256099,-0.529011349940303,-0.557189883251897
ARCN1,0,-0.638200179598292,-0.735810976224714,-0.568881338541561,-0.525837814142334,-0.141899518776075,-0.00520724662692164,-0.0238756192457925,0.321465988848533,-0.193140197219997,-0.0905704635794488
PTGS1,0,-1.06889508121107,-0.494424954307554,0.101029920231245,-3.06889508121107,-5.59245703726808,-6.00749453654692,-4.42253203582577,-3.30705481840583,-4.78510211521048,-4.06889508121107
NUP188,0,-1.36308158268412,-0.984569959430394,-1.14948610958483,-1.18703047844497,-2.17890259756157,-1.25660495455481,-0.601162615258652,-1.0119825858349,-1.32820654140566,-1.0289271854635
CRAT,0,0.146841388329271,-0.949373926930032,-1.13492958008611,-2.63742992061529,-2.8073549220576,-2.55942740861402,-2.34792330342031,-0.275973461541292,-1.0794344674944,-1.5405683813627
NANS,0,-1.08692220229296,-1.60675589158341,-1.39854937649027,-0.606755891583412,-0.3453693386311,-0.3536369546147,-0.162374430722423,-0.480676143203837,-1.16479709298928,-1.05062607306997
PDE6C,0,0.321928094887362,1.32192809488736,-1,0.321928094887362,-1,-0.415037499278844,-0.415037499278844,1.24792751344359,0.459431618637297,-1
CYP26A1,0,0,-1,-1,-1,-1,-1,-1,1.4594316186373,-1,-1
MYO3A,0,-0.584962500721156,0.415037499278844,-0.584962500721156,-1.58496250072116,-1.58496250072116,-1.58496250072116,-1.58496250072116,1,-1,-1.58496250072116
TPSD1,0,0,0,0,0,0,1,1,1,0,0
CRISP3,0,0.415037499278844,1,0,0.415037499278844,-0.584962500721156,-1.58496250072116,-1.58496250072116,-0.263034405833794,1.93859945533586,-1
FKBP5,0,-2.19722314386421,-3.80797432602027,-4.69940796880091,-5.38716603888348,-5.58104577247752,-6.2162814796799,-5.51348248866488,-4.38070137515735,-4.84309236927519,-3.84013299379465
SRPK1,0,-0.45853469909278,0.317353293642294,1.06942578019871,0.103228488289447,-0.17974597225334,-0.956931278108114,-0.298306004301779,-0.00555700600844995,0.293593826425008,-0.502228487838317
SIRT1,0,0.208586621811417,0.0317088597273381,0.394859617341214,0.581395885700964,2.93929624116968,4.06847973788277,4.24116222535629,-0.484358559782751,-0.263034405833794,-0.819427754358179
JAK2,0,0.175004918806665,0.841302253980942,1.04092025531331,-0.753278249301811,-1.82753280399523,-1.96605266807666,-1.39231742277876,0.164827133802634,0.108856301527393,-0.386692873584882
ABL1,0,-1.0163018123291,-1.08341600818764,-1.24051696927237,-1.24051696927237,-1.12995859412467,-0.279336218162894,0.283599976228263,-0.100693999619473,-0.626067704050829,-0.343019508621158
ACOT7,0,-1.29110517142046,-1.67137725253863,-1.53317995861861,-0.876067672141618,-0.512520488052517,-1.04874433385142,-0.397569321701632,-0.628140158698033,-0.395991743588297,-0.388129625815327
SH3GLB1,0,-0.201955496449299,-0.633362068135154,-0.710201049307046,-1.4658779879011,-1.19752325013404,-1.30466541779536,-0.72394614084154,0.534344084760143,-0.309439923115705,-0.00903300382651988
CDC7,0,-2.45524867850522,-3.03562390973072,-3.42794133250948,-3.4644672085346,-4.54041606176789,-4.70547530803839,-3.50194191395326,-3.95545356104674,-3.72750161436839,-4.89188843226927
SCD,0,0.986304435762242,0.326544331846154,-0.178928388081611,-2.02723447289371,-2.24228849108869,-3.12304614176595,-2.53357841511258,-2.05504188671151,-0.699368958903452,-0.844169366190148
MAST3,0,0.215728691055437,0.29373120305671,0.976541027176011,0.600392541290762,-0.561878887608115,-2.36923380966572,-0.784271308944563,0.71822903158462,0.584962500721156,0.569365645670138
HSD3B7,0,0.565853677773452,0.916979413232102,1.00946032924907,0.57862097384733,-0.772194082477188,-1.05810295456357,0.152951922838599,-0.716546052927273,0.235888263820671,-0.0336083926428197
SETD1A,0,-0.841302253980942,-0.216811389073148,-0.426264754702098,-0.725825036561006,-0.296981737757131,0.18844508941311,0.682259702076071,0.231946728049697,-0.426264754702098,-0.81155491058689
ATP5F1D,0,-1.12113643750163,-0.95238197976726,-0.818289084179977,-0.80977758432446,-1.47770153406101,-1.93376630159991,-1.21916852046216,-1.30030528318757,-0.943044115187924,-1.43126596107073
MARCHF2,0,0.104085632634178,0.297985409922991,0.47924604638827,-1.04754558426779,-2.670178502955,-2.39953091301133,-1.10056396656728,-0.433139305654154,-0.303162518539103,-0.746591618474172
NDUFB7,0,-0.80260056760712,-1.25483668484021,-1.0252844719309,-1.54248364515562,-2.77660535907418,-2.74265802715084,-1.44919172510308,-0.973181488606486,-1.2100801066097,-1.20660512691063
TECR,0,-0.359201841132225,0.623777653612045,0.397926792353688,-0.247840732184521,-0.422927438742612,-1.18808992473947,-0.925582916111655,-1.05953024450602,-0.677794223456331,-1.1216230159811
CDC34,0,-0.112416272035167,-0.0915241042519667,0.633872101202103,0.770741891121997,1.21278165274026,0.826691407155203,1.05516859095263,-0.240713180411584,0.356549308435905,-0.249685990575792
MTAP,0,-0.739408770094535,-1.09223087292768,-1.00734197534117,-1.15607735495231,-1.63564088420433,-1.64019916616664,-0.724811393881577,-0.410650182037905,-0.371279687856446,-0.337574701645954
POLR2E,0,-0.978413137791854,-1.10784495521562,-1.31469652565629,-1.58134218504246,-1.75398157118181,-1.95012409336043,-1.44022740774015,-1.69020566074849,-1.42879682696374,-1.4206872213445
POLRMT,0,-0.784271308944563,-0.596644305768792,-0.430634354329862,-0.179409250785702,-1.18601198560995,-1.43063435432986,-0.553316874104691,-0.659575561495248,-0.350569965400683,-0.668794091524627
MKNK2,0,-0.822151923985685,-0.979121270324084,-0.967765472552913,-0.935229744609762,-1.21994094234235,-1.02545998499095,-0.886789389552009,-1.80276181075713,-0.770116155449366,-1.65885239935841
ZDHHC8,0,-0.567475073992315,-0.94251450533924,-1.55019708256048,-1.0598714559774,-1.89812038598079,-2.13515958328164,-1.48308288670194,-0.865698908288409,-0.898120385980786,-1.12233554292405
GSTT2,0,-1,-0.15200309344505,0.37851162325373,-1,-1.73696559416621,-3.32192809488736,-1,-2.32192809488736,-2.73696559416621,-3.32192809488736
GGT5,0,2,0,0,0,0,0,1.58496250072116,1.58496250072116,0,0
PPIL2,0,-0.679959014656903,-0.664930805424571,-0.749593202493956,-1.01898310336757,-2.30319153230578,-1.88234841134573,-0.563900885193326,-0.159355759732125,-0.602751814164684,-0.499164627965927
UPB1,0,-0.137503523749935,0.241008099503795,-1.13750352374993,-1.87446911791614,-2.4594316186373,-2.4594316186373,-0.874469117916141,-0.652076696579693,-3.4594316186373,-2.87446911791614
MAPK1,0,-0.473566789998844,-0.58042809665035,-0.515510619969011,-0.795670064904743,-1.12925147883566,-0.99848694790443,-0.58269351722716,-0.82979468397836,-0.716423313895007,-0.872578050610525
GGT1,0,1.16772744573807,0.302028537449658,-0.102361717629678,-2.2829339632715,-2.0198995574377,-2.48938484073892,-1.666262602823,-0.0813001021018482,-0.295006795572074,-1.90442234001777
PRODH,0,0.434095835094528,-0.476247400395846,-0.986904342388317,-4.19201877229293,-6.55458885167764,-4.96962635095648,-1.71808758396052,-1.64769825606912,-2.60705627157177,-2.87009067740557
PPM1F,0,-0.220517573716011,-0.133569153951203,0.228543507851712,-0.0969918275225287,-1.91441444599033,-1.69809653906357,-0.595317941886131,-0.512698325209321,0.0488783323692211,-0.578411165891246
SLC25A1,0,-0.111406087047531,-0.485426827170242,-0.6537133332168,-1.66852721736029,-2.29205329930533,-2.34395440121736,-2.29716018973842,-1.50154649253352,-0.964020702894433,-0.972165791803274
GRK3,0,-1.23989232602135,-1.73696559416621,-2.08210108021489,-1.64769825606912,-1.42530583473267,-1.16915781448412,-1.05633798414981,-0.696607856550065,-0.534442278565861,-0.676844601728635
PLA2G3,0,1.151065974191,1.75280418766298,2.40386970842354,2.96203214980098,2.74862851169179,-0.168754457734375,-0.324272035355662,-0.498602215917975,1.38784948783307,0.167841686941823
SH3BP1,0,-0.718024030512746,-0.45150905594399,-0.175496796111986,-0.279654027403278,-1.24158598656976,-2.46899648267283,-1.89581114972803,-1.26430606306984,-1.21183864317571,-1.47782033305984
ENSG00000100101,0,-0.871357848560895,-1.05329822616005,-0.912976937762634,-1.45290568486929,-2.06889508121107,-2.25260703438346,-1.29783628837645,-1.14951354141935,-1.53176110558053,-1.58122978184483
GCAT,0,-1.48938484073893,-2.2829339632715,-2.33184356375245,-2.18982455888002,-2.54596836910529,-1.40846484535536,-1.68202991868132,-1.49633760138069,-1.666262602823,-0.8589076807654
GGTLC2,0,0,0,0,0,0,0,0,0.584962500721156,0,0
POLR2F,0,-1.25460030882326,-1.42079259138924,-0.849877865153714,-1.07556787659074,-2.00785355799439,-1.99530830467528,-1.05589445753632,-0.404113850242607,-0.949211890085824,-0.486210261911671
SLC16A8,0,-0.263034405833794,0.415037499278844,-0.584962500721156,-3.58496250072116,-3.58496250072116,-0.584962500721156,-1,0.222392421336448,-1.26303440583379,-0.777607578663552
SLC5A1,0,0.0316096065168218,1.73239286437638,2.16992500144231,2.64750396678987,1.59708605980365,2.13605013580429,2.55885660938169,0.254639965091561,1.00910220710725,0.312768095601886
CYP2D6,0,0.206450877467426,-1.11547721741994,-1.70043971814109,-2.70043971814109,-1.70043971814109,-1.11547721741994,-0.53051471669878,-1.70043971814109,-1.70043971814109,-2.11547721741994
CYB5R3,0,-1.01380579952503,-1.3392060863192,-1.85626452253855,-2.04182017569463,-1.73696559416621,-2.01380579952503,-1.27130202181739,-0.347923303420307,-1.52442095878611,-0.939458458064949
MIOX,0,-1,-1,-1,-1,-1,-1,0,-0.415037499278844,-1,-1
CHKB,0,-1,0,0.584962500721156,1,0.321928094887362,-1,1.58496250072116,1.24792751344359,-0.192645077942396,-0.192645077942396
HMOX1,0,1.18737013590172,1.73169065212553,3.18852567864743,4.49722539848851,5.61664274434747,5.00065801371307,4.77387315469866,-1.14383577257365,1.85033514862415,-1.81262986409828
MCAT,0,0.0320612092322986,-0.521537120579523,-0.420450995465208,-0.556870193691803,-1.36720897418823,-1.77529371282531,-1.2089468902715,-0.674833531046093,-0.720845928802929,-0.747812976403199
ARSA,0,-0.174029399775049,0.286522758756164,-0.186413124230881,-0.796466605914868,-1.04439411935845,-1.23703919730085,-0.289506617194985,0.343623165986681,-0.192645077942396,-1.07860983469637
MTMR3,0,0.370837695368309,0.532774223880905,0.902965713930359,0.552952105818535,0.669851398307669,1.72082052096691,2.0505480958767,1.37214864052066,0.809936927294249,0.877959593637869
PNPLA3,0,0.266786540694901,0.651051691178929,0.562242424221073,-0.771181309504119,-1.1926450779424,-0.912537158749661,-0.0458036896131248,-0.160796211903056,0.247927513443586,-0.557056504151272
TXN2,0,-0.49835466227163,-0.740429449469778,-0.933074527412173,-1.28099783083248,-1.84095632542374,-2.75436864042765,-1.86344033957512,-1.01041661594534,-1.34811202669102,-1.29112204810619
TNRC6B,0,-0.433261257897751,-0.60854517517871,-0.59025402632122,-1.95835230264151,-2.05537675703637,-1.39307216778205,0.0135183241746941,0.188583673135158,-0.409013711651074,-0.0967357867974308
SLC25A17,0,-0.622704594712707,-0.997744026059632,-0.730957485364731,-0.927354698168234,-1.09085343045111,-0.910281184809293,-0.502688497691614,-0.870523475571558,-0.782453720408398,-1.03658376792299
EP300,0,-0.137503523749935,-0.182986293543943,-0.0182045953775905,-0.240597016714039,0.447458976971221,1.56828375957453,2.27877714237954,0.658435354241915,0.024662054234269,-0.413530768028689
ACO2,0,-0.595560346860675,-0.488765112595464,-0.674963125924111,-1.36479474449922,-1.8263748297151,-1.93268373186144,-1.02466205423427,-0.918958757852038,-0.894991441789486,-0.610755636974075
POLR3H,0,-0.853375086281517,-1.63966839281129,-1.86554980022762,-1.99330534742599,-4.04775313144837,-3.3558754268107,-1.10433665981474,-0.486098004219281,-1.14086253583985,-0.908989061492516
TRMU,0,-0.415037499278844,-0.464403576599824,-0.10284840759175,-0.831546385774356,-2.44625622988956,-1.83744698721404,-0.618437205272244,-0.651840363539458,-0.831546385774356,-0.928980536679982
PMM1,0,-0.554860468931737,-0.797610603311176,-0.674599713205833,-1.11765158865427,-1.67459971320583,-2.16558606571797,-1.13663469202185,-0.561258240129888,-0.895259167317825,-0.435460217032232
CERK,0,-0.203246181995854,-0.139210743115287,0.133879743857869,-0.243077716175598,-1.77733677715344,-1.95704279938834,-0.748385403457311,-0.567532177185351,-0.37822728300233,-0.927896453728821
FKBP3,0,-1.10691520391651,-0.715655087920794,-0.283792966000591,-0.99485669672404,-1.49265839640132,-1.56704059272389,-0.848512246814364,-0.0564804824007589,-0.709322839097077,-0.48723132401699
CTSG,0,0,0,1,0,0,0,0,1,0,1.32192809488736
PRMT5,0,-0.761332038950722,-0.582626151966199,-0.219278129698856,0.252473760574309,-0.030721939824339,0.0662636755445071,0.412111732628387,-0.123194533328902,-0.532724747831128,-0.652577835370429
POLE2,0,-2.12417941122073,-3.01495034146597,-3.17364808748503,-3.24236083756904,-4.07635088613011,-4.27798474729977,-3.01495034146597,-3.66917550462424,-4.01495034146597,-4.10805974585745
VCPKMT,0,-0.222392421336448,-0.147845467971394,0.217029236569355,-0.408805545567329,-0.926936537810277,0.0819416135361763,0.412693558810545,-0.168754457734375,-0.238880544125017,-0.594361198723406
CDKL1,0,-0.698344300138899,-1,-0.871675903024461,-1.21681138907315,-1.33880191345176,-1.47206844431522,-0.871675903024461,-0.698344300138899,-1.27651763519742,-1.1594782140072
PYGL,0,-0.39254965480941,-1.21301061167598,-1.35880650192275,-2.15974362509408,-2.644506533688,-3.76308465513009,-2.93996241721417,0.939293908943035,-0.0634212055258247,-0.461476544622322
GNPNAT1,0,-1.27792091264827,-1.1197392442741,-1.49105536612362,-0.852088210369932,-1.01798574547336,-1.51275043722294,-0.707478829665825,-0.601010441953026,-1.11143992105561,-0.831494275643022
CDKN3,0,-1.59114107565028,-3.99589560166726,-3.90073836862692,-5.99589560166726,-5.75488750216347,-5.8703647195834,-4.64797229824696,-5.1333991254172,-5.09777521568648,-5.50113090991769
ATP6V1D,0,-0.104731324033006,0.04046659150693,0.429564691426388,0.0534536083534061,0.644739846037747,0.770817482316082,0.822161127693725,0.0485017789291647,0.0358548826011172,-0.20714920302988
PIGH,0,0.157952359776236,0.0236512680646453,0.498989277611303,-0.177396250873447,-1.67093572383101,-1.50947230113689,-0.885440235737144,-0.596935142387232,-0.826106096354742,-0.958861305206514
GSTZ1,0,-0.143452790081121,-0.705643983143619,-0.549773072258856,-1.5239330673236,-2.38565369249775,-2.41701786340708,-1.36257007938471,-0.558490289359965,-0.623316308623232,-0.515421567468079
SPTLC2,0,-0.418473073376026,-0.64809047928662,-0.26038968457823,0.0073345101586728,-0.635470402431687,-1.03272232120111,-0.387362540835995,-0.200439463041786,-0.26215229327749,-0.417981775894387
LGMN,0,-0.420924342355758,-0.12073217711969,-0.351819694015758,-0.757249865620561,-1.24352809148231,-1.23757882515112,-0.840463233869543,0.0249607444435916,-0.420924342355758,-0.214024097172227
ITPK1,0,-0.640918906695172,-1.05686233695568,-1.45508221817425,-1.23405533886203,-0.528580030823638,-1.71049338280502,-1.03170885972734,-0.801703254281015,-0.801703254281015,-0.865350473305218
PPM1A,0,0.254533464575442,0.353520575391398,0.743908060101335,0.290722747285449,1.03960070329668,1.26273697360083,1.60005080539318,-0.395247943877579,-0.0675816169029268,-0.527890058387389
GALNT16,0,1,0,1.58496250072116,1.58496250072116,0,1,2,3.24792751344359,0.584962500721156,0.584962500721156
HIF1A,0,-0.617345674571959,-0.943445282030752,-0.775041646389304,-1.30406167409385,0.252257688172366,-0.0848435005525443,-0.25854701484148,-0.43895498779213,-0.394707038533849,-0.853738647879523
SLC10A1,0,0.584962500721156,0.925999418556223,1.20163386116965,-0.514573172829758,-1,0.137503523749935,2.16992500144231,0.584962500721156,-0.0740005814437769,-0.234465253637023
SLC8A3,0,0.584962500721156,0.584962500721156,0,-1,0.584962500721156,-1,0.584962500721156,2.16992500144231,-0.415037499278844,0
MTHFD1,0,-2.48329108282625,-2.73951227627655,-3.08975465275833,-2.59415167217582,-3.26946067499323,-3.97727992349992,-2.67959937485923,-1.70799737000095,-2.31431491077749,-1.75746604626524
VRK1,0,-1.50104270459726,-2.01208202375346,-1.8935536348595,-2.45833825364303,-3.03431197113693,-3.18531975923661,-2.13160917249184,-2.01871511608591,-2.30453291756399,-2.13400766854036
RPS6KA5,0,0.536915326314047,0.59327776893316,0.609765891721729,0.320259274526744,1.32359498709,1.3335560971402,1.50788627770252,0.313564621952736,-0.0125634614639123,-0.595424439539781
CCNB1IP1,0,0.0842790074734821,-0.955174800756399,-0.728454094310689,-1.20448222347868,-0.848850824923111,-1.580700473867,-1.02873989544105,-0.605380871914368,-0.914379574446716,-0.534630825171012
CINP,0,-0.584962500721156,-0.699490888747543,-0.832890014164742,-1.32192809488736,-2.08872891859433,-2.41335112265096,-1.53276628959573,-0.523641053348125,-0.823901230937487,-0.881022509837839
DHRS2,0,0,-0.15200309344505,-1,-1,-1.73696559416621,-1.73696559416621,-3.32192809488736,4.19377174339668,1.90689059560852,2.67807190511264
PCK2,0,0.363497708441511,-0.0359371192064,0.146774037191756,0.0330245044211404,-0.977214680083698,-1.83262905820113,-1.81783205627305,-3.61236293797307,-2.71829638272214,-3.32401744361009
GMPR2,0,0.165222382477024,-0.435980759251343,-0.346277956303111,-1.5171625155067,-1.91977527053081,-1.32092238202622,-0.64190825741287,-0.166721732876921,-0.669645627269563,-0.616235465461121
PLTP,0,-0.33190068096214,-1.20047487042777,-1.21963444871123,-2.3742114858201,-2.67906606734853,-3.59660390715655,-2.84766567132427,-0.782110449797727,-0.834314156630479,-1.10119299141369
GSS,0,-1.29741840046323,-2.01536238486671,-1.88017325723274,-1.84745768208936,-2.62598976898121,-3.35373683311804,-2.58766165032211,-1.09568848449539,-1.43039988414555,-1.06433464175212
PYGB,0,-1.26722806940252,-2.03549778348674,-1.94238837909526,-1.04691896256656,-2.053187017499,-1.63370683457257,0.275009132320799,0.132817580350565,0.0394397283370962,1.34206883755173
ABHD12,0,-0.0186845632649267,0.317678621886004,0.740673642943768,-0.043068721891886,-0.756545963135722,-1.31267578164917,-0.756545963135722,-0.945355783947789,-0.703758548776287,-1.40798274174489
SGK2,0,1,0.678071905112638,0.485426827170242,-2.32192809488736,-0.736965594166206,-0.736965594166206,0.678071905112638,1.32192809488736,1.20163386116965,-0.15200309344505
STK4,0,-0.669399603098187,-0.814830042619751,-0.657590300808554,-0.564603413086577,-0.499913845087762,0.128324096975539,0.631025048648881,-0.0428804566933455,-0.485054085909703,-0.557270766852108
RAE1,0,-0.412926752683036,-0.467374536705413,-0.325629348625802,-0.053797994554849,-0.230866425381807,0.117587964015743,0.251369773784937,-0.526998519391831,-0.592374528243855,-0.836425830710076
CTSZ,0,-1.20820651509314,-2.17563865263671,-2.62544157007623,-2.01720929003222,-2.3536369546147,-2.10035052533247,-1.72560573200166,-0.199995365773897,-1.43609911480667,-0.483147687611105
SLCO4A1,0,-0.919080004616433,-0.0710830980614826,1.00691941393979,2.44676520680114,4.0060562999201,3.18982455888002,3.1606471878543,-1.43365317744619,0.0677446066358343,-1.94555221597762
EEF1A2,0,0.843274496312547,1.27008916336774,1.8073549220576,0.082462160191973,1.04182017569463,0.612976876890753,1.06228427825434,1.63363634745685,2.83734966235544,1.86090439033434
PTK6,0,-0.731095006041706,-1.13397830503592,-0.173237735483148,-0.244622368719913,-0.458329062190139,-1.58496250072116,-0.203399705993401,-0.350331809891029,0.235567810084181,0.015359636009609
CDC25B,0,-1.12029423371771,-2.78587519464715,-2.81096617560998,-3.35845397091248,-2.47393118833241,-2.13606154957603,-1.49410907027004,-1.9928044985958,-2.06642736173898,-2.17625063969173
NDUFAF5,0,-0.94251450533924,-0.883620816285672,-0.521852456866518,-1.41895254928223,-1.84097647887718,-1.7995565514972,-0.694586991895654,-0.424189197648374,-0.992201629439593,-0.802963152940446
TRIB3,0,-0.182507686562595,-0.525541414461609,-0.0252760783157339,1.43403353135359,0.931126419727209,-0.00131933712065189,-0.6115812455283,-1.86657833229668,-0.765600684571855,-0.265674287706498
CSNK2A1,0,-0.316087216298302,-0.831701670328723,-0.162445627457498,-0.328894992598922,-0.0597474630385164,-0.420902121342062,-0.368015008342163,-0.431222927019782,-0.492173202367288,-0.750071628975173
SLC52A3,0,-0.289506617194985,-0.652076696579693,-0.459431618637297,0.347923303420307,-3.4594316186373,-2.4594316186373,-1.87446911791614,0.447458976971221,1.34792330342031,0.669851398307669
CDS2,0,-0.208043336156009,-1.02466205423427,-1.40815708500225,-2.26115467261557,-2.54965976596548,-1.99812026678178,-0.986893011358523,-0.249927417192317,-0.756534280212019,-0.155769923367969
MYLK2,0,-1.32192809488736,-1.32192809488736,-1.32192809488736,-2.32192809488736,-1.32192809488736,-2.32192809488736,0,-1,-1,-2.32192809488736
HAO1,0,1,0,0,0,0,1.58496250072116,1,1.58496250072116,0,0
PLCB4,0,0,0,0,0.222392421336448,0.736965594166206,0.874469117916141,1.73696559416621,3.86624861111117,2.08746284125034,1
HCK,0,0,0,0,0,1,0,1,1.8073549220576,0,0
PAK5,0,-0.584962500721156,-0.584962500721156,-1.58496250072116,-1.58496250072116,-1.58496250072116,-1.58496250072116,-1.58496250072116,1.22239242133645,-1,-1
IDH3B,0,-0.664217896032511,-1.33304412708154,-0.9051120520824,-1.1032692706117,-1.62343664853579,-1.9502469648029,-1.02875899298142,-0.957908666510967,-1.36324819692523,-1.39721975322819
SLC32A1,0,0,0,0,0,0,0,1,2.58496250072116,0,0
AHCY,0,-1.22365434579118,-2.10902712252821,-2.25718091357274,-2.06284087357023,-2.59731360383769,-3.20390612053039,-2.11311408005146,-1.69118654094924,-1.73145761622626,-1.4858052886207
PIGU,0,-2.18762700317577,-1.97904038136435,-2.06477025539024,-1.70220017600553,-2.97904038136435,-2.59201725825511,-2.09451759878429,-0.766590763275484,-1.52973298000076,-1.21187454942245
ACOT8,0,0.46394709975979,0.496047942926814,1.20379520245912,-0.113819899557162,-1.30954437043153,-1.75364433531284,-0.922521247322282,-0.546913892871977,-0.0250909809628305,-0.7918918046698
USP14,0,-0.365581969916813,-0.685815102744062,-0.495642510481187,-0.934801734092223,-1.0905375464136,-1.45899290948358,-0.233845938306246,-0.0719697863743307,-0.604843775947033,-0.645447629719505
VAPA,0,-0.247362557754778,-0.57210417103225,-0.465417578053337,-0.640926203776687,-0.170247932622371,0.292439044402583,0.355040163472077,-0.711433019761386,-0.547984642447566,-0.973551272105606
METTL4,0,-0.682259702076071,-0.823122237915921,-0.250543461650597,-0.823122237915921,-1.55393560510053,-1.55393560510053,-0.0104923738176424,-0.860596943334584,-1.13124453327825,-1.09729720135491
LPIN2,0,-0.112474729258412,-0.531851164261594,-0.862496476250065,-1.29218075149331,0.881011963782913,1.75844532157666,1.96038814410114,-0.206450877467426,-0.747019258830129,-0.62148837674627
ST8SIA5,0,-0.584962500721156,-1.58496250072116,1.41503749927884,-1.58496250072116,0,-1.58496250072116,-1.58496250072116,-0.263034405833794,0,-0.584962500721156
RNMT,0,0.097823952914017,-0.0957729592259251,0.198158682171256,-0.188577708344204,0.385512886813382,0.707004396725135,0.963912699762088,0.216065248958711,0.331023129207048,-0.00356837936283692
LIPG,0,-0.59998888986375,-0.676820953122511,-0.0896372124846764,0.474959828119173,0.715813999104189,0.683709980988599,0.287166068306692,0.602469473193214,0.144439570960312,0.424306956175362
RNF125,0,-1.03170885972734,-2.3536369546147,-2.27563444261343,-1.66558096092944,-0.823122237915921,-1.76867445389354,-1.20163386116965,-0.546282032557096,-0.755377631280087,-0.275634442613427
POLI,0,-0.128628585071241,-1.05062607306997,-1.23554378898775,-1.99738405179299,-2.0615143892127,-1.84852066587851,-0.618068474748106,-0.63017507760476,-0.788495894806288,-0.570633131950354
MIB1,0,-0.2299363707621,-1.13851334299851,-1.07451721351407,-1.90373945848195,-1.8715744827088,-1.49053928598399,-1.15840432646463,-0.341158432738789,-0.447267802911326,-0.554374180887733
RIOK3,0,0.607744675361393,0.0507631136818867,0.168599603975745,-0.232362710091376,0.449885714365761,0.477741543907264,0.866498406807561,-0.185659561904587,-0.138232341669395,-0.400100815494371
STS,0,0.101086125114314,0.185355042011918,2.0173472435639,2.20315062497597,1.9941709211978,2.86278731286851,4.44774981358966,-0.267695783203657,0.67151253267759,-1.80444919088219
TBL1X,0,-0.0213736507925669,-0.217098121666935,-0.548304030142308,-1.62803122261304,-2.08746284125034,-1.83953532780675,-0.958179824305373,-1,-1.72991083663226,-1.33257533908687
POLA1,0,-1.73112471557715,-2.29439214519898,-2.30881921583426,-2.48601221774061,-2.8265027636544,-3.21752338181471,-2.21752338181471,-1.86329479502404,-2.36801500834216,-2.19389977728881
MID1,0,-0.0299532221016278,-0.786102372829008,-0.340158831964449,-1.9168060644736,-0.344334507935642,-0.752419246572719,-0.604862058158861,0.925652658539919,-0.0588250693460292,0.557249488760478
GUCY2F,0,0,0,0,0,0,0,0,2,0,0
ATP1B4,0,0,0,0,0,0,0,0,1.58496250072116,0,0
ALG13,0,0.233027590298432,0.12121358696908,0.643166290164436,0.237909811678178,0.237909811678178,0.26207612280893,1.06737543534153,0.252458120247333,0.162882766270154,-0.636153199256847
PRPS2,0,-1.30297532222252,-1.65251872131099,-1.47576565735923,-1.05357546598289,-1.00723675131602,-1.71886121613969,-1.95832715083508,-1.79375538388697,-1.6188730033627,-1.90908363181523
SUV39H1,0,-2.03952836418664,-3.20945336562895,-2.88752527074159,-2.88752527074159,-4.20945336562895,-2.40209844357135,-2.40209844357135,-1.84021955596323,-2.79441586635011,-2.43686386173202
ATP11C,0,-0.284682969138557,-0.565904164905472,-0.432192220317911,-0.891623838955208,-1.31300286510788,-1.39808436599765,-1.06808898984217,-0.111645355828909,-0.565904164905472,-0.425305834732671
ABCD1,0,0.308122295362332,-0.39231742277876,-1.0703893278914,-2.39231742277876,-1.39231742277876,-0.691877704637668,1.71620703399941,0.947532580105864,-0.485426827170242,0
BMX,0,1,0,1,0,0,1.58496250072116,1.58496250072116,2.32192809488736,0.584962500721156,2
NAA10,0,-0.82693529102712,-1.33257533908687,-1,-0.891065628446836,-1.74168800440861,-1.58496250072116,-0.617142906470306,0.188661564023898,-0.569137533559474,-0.429251358498545
RENBP,0,1.70043971814109,0.662965012722429,0.662965012722429,-1,-0.415037499278844,1.4594316186373,2.22239242133645,-0.0614005446641433,-1.26303440583379,-2.58496250072116
MTMR8,0,-0.839535327806754,-0.280107919192735,-0.765534746362977,-1.91753783980803,-1.62803122261304,-1.18057224564182,-1.38702312310925,-1.28010791919274,-1.13326653086346,-1.69514541847158
SLC25A14,0,-0.324129003080633,-0.512061953673709,-0.657112286476991,-1.35755200461808,-2.35755200461808,-2.31315788525963,-1.35755200461808,-0.512061953673709,-0.780123176582335,-0.55019708256048
PIM2,0,-0.0752881273042371,-0.542793046477217,-0.673189683732892,-1.26793320524663,-1.45637829465974,-1.02466205423427,-1.15472259479864,-1.10128333583718,-0.774118592583672,-1.02466205423427
SLC35A2,0,-0.441412914703141,-0.468279520555823,-0.238159737194765,-0.338686613148729,-1.25677541536211,-1.20163386116965,-0.47916783669856,0.0519772907775175,-0.00786211777297045,0.0405875339287187
TAFAZZIN,0,0.0955776599822312,-0.373907623318989,-0.356934544715276,-1.18982455888002,-2.22019820792354,-2.18982455888002,-1.06054154193505,-0.661044893551985,-0.703324697044549,-0.655845986877666
PGK1,0,-1.13249226960761,-1.44039937998948,-1.1974686986983,-1.69411800174671,-2.54903696310527,-2.56186733953467,-1.64968821405175,-1.30346438243253,-1.49882694499625,-1.50088450898783
SMS,0,-1.2200215168737,-1.93958848330418,-1.75007567649247,-1.45188790461382,-0.388392727060933,0.0896943885489221,0.278571725692981,-1.0167063327324,-0.88762908682554,-0.937314731784057
CDK16,0,-0.590191556974451,-0.964936350305261,-1.01047713421545,-1.36107953783163,-1.31360082766475,-1.31360082766475,-0.916842062104216,-0.639751606087195,-1.35572630333743,-1.13792115149663
USP11,0,-0.630766190334281,-0.59627781394899,-0.777607578663552,-1.85704204615796,-1.43521538121647,-0.290341751829529,0.639039173476949,0.622051819456376,-0.584962500721156,0.636624620543649
PCYT1B,0,-0.0727563424353142,-1.34577483684173,-1.6828098241193,-4.12338241550528,-3.76081233612057,-3.34577483684173,-2.76081233612057,-2.20281688299969,-3.02384674195437,-3.6828098241193
PIN4,0,-0.528857398836006,-0.68805599368526,-0.255096586409154,-1.07138463323677,-1.95109039951905,-1.65634713395792,-0.885288341123308,-0.356541849968699,-0.568884292707582,-0.486422132515609
PORCN,0,-0.379413589548122,-0.288505093349912,-0.299560281858908,-0.0458036896131248,0.738767836800192,0.705977901682522,0.566815154010897,0.263034405833794,0.371558862611963,-0.132103536007345
ZDHHC15,0,-2,-1,-1,-2,-1,-1,-2,1.32192809488736,-1.41503749927884,-1.41503749927884
GLA,0,-0.875392442773826,-0.645761195207246,0.40740233810975,-0.650100130931583,1.05966882552585,3.52151378537645,3.83904658237577,-0.798727369489723,-0.883032504975958,-1.00833127459195
STK24,0,-0.392289865450248,-0.50103135044107,0.0667734435774255,0.210882672942671,0.766727334924084,0.494906917470179,0.730513735587535,-0.875057133021444,-0.361657031044215,-0.835572482230083
ACP5,0,-0.522901532588905,-1.10407245414769,-1.0593341393824,-2.8073549220576,-3.44890095114513,-4.00529429966951,-2.5077946401987,-1.67490462603395,-1.29834127456975,-2.10407245414769
UGGT2,0,-0.411408075878153,-0.655715273643041,-0.793791409046014,-1.19005170129423,-1.30656571002065,-1.79379140904601,-0.664328403947749,0.654139988943746,-0.271051423407716,-0.193164313161565
PARP4,0,-0.644486246576467,-2.11068579806764,-2.52572329734648,-3.18730707967055,-3.20048246841828,-2.51745568136288,-0.991386869695292,-0.287428381417404,-0.897204430638584,-0.10061593945005
SLC25A15,0,-1.81413345468867,-1.96437609026928,-2.11247472925841,-1.78276928377933,-3.79836613883035,-2.96437609026928,-1.55374377011044,-1.62844113738804,-1.48903808072262,-1.1926450779424
FLT1,0,-0.263034405833794,-1.58496250072116,-0.263034405833794,-1.58496250072116,0.222392421336448,-1.58496250072116,-0.263034405833794,1.16992500144231,-0.777607578663552,-1
DGKH,0,-0.416821908957027,-1.16015000534677,-0.846214701212941,-1.22120403985172,-0.657180876822924,0.0106603566884624,0.2883713391547,0.80760965765302,0.153785298787059,0.190972258552461
MGRN1,0,-0.465663572348812,0,0.200912693925996,0.298523490552419,1.38994651831601,1.80498401759486,2.19005170129423,0.250543461650597,-0.376854305390956,-0.635588573791124
MAPK3,0,-0.329646008048199,0.639627476319538,0.631132682154082,0.633969841457612,1.01748742672884,-0.51834821652114,-0.254264196206062,-0.524661990453342,-0.0333714579993426,-0.643306486951961
PHKB,0,-0.361159130577001,-1.03669479998068,-1.06742792752029,-2.44387018148656,-2.59487796958624,-2.59487796958624,-0.941897045436432,0.0155614371507409,-0.980371193251067,-0.261059463648736
NUP93,0,-1.4813486598949,-1.91133650063971,-2.09636839447223,-1.84285676275694,-2.13094862618238,-2.10016996463209,-1.63831800623329,-0.959727984741991,-1.45069100305752,-1.02688329415095
DHODH,0,-1.57115670119613,-1.89308479608349,-2.53051471669878,-1.79354912253257,-2.53051471669878,-2.30812229536233,-1.41503749927884,-0.805621954833149,-1.34288771352301,-1.13058410981014
POLR2C,0,-0.497614812525185,-0.639824435755675,-0.497614812525185,-0.948091981059321,-1.60665757182048,-1.24011859023282,-0.80100695597512,-0.54252723440076,-0.914496011787717,-0.74416109557041
NME3,0,-0.36513259345253,-0.967512147251095,-0.866030829385212,-1.27202318906105,-3.55832737421769,-3.24345403686428,-2.09570041642059,-1.40412672506839,-1.15100778809968,-0.930037441832433
SETD6,0,-0.266074860153845,-0.482392767080608,-0.779778677705179,-1.21230360371286,-2.13245029602365,-2.00507098954742,-0.671002331787848,0.0521962111254283,-0.393266876607625,-0.56610347346984
HAS3,0,-0.624708679513913,-0.649092838140872,-1.68225970207607,0.186096292113458,0.317740297923929,0.767992489786831,1.08623239764408,1.22909744521434,0.881579507079331,2.41012869889522
SMPD3,0,0.686997134892121,1.26559011073755,2.57983746854329,2.58496250072116,3.59091878478543,3.97158431783591,4.3662602015208,-1.25690830303695,1.81318989478769,-2.4671260104273
SLC7A6,0,0.239912520379466,0.069485100321284,0.195015982405143,-0.365284464081744,-0.890375508825502,-0.908077510558961,-0.29373120305671,0.22577823617583,0.037474705418663,-0.326086576369095
PLA2G15,0,-0.482694449382106,-0.294834434005087,-0.363547184089101,-0.698731375678731,-0.952914863930259,-1.16651033702955,-1.31170825256948,-0.463711346014533,-0.743819265207269,-0.952914863930259
MLYCD,0,0.146078259487945,-0.258311995591391,-0.244236810379668,-1.23029761942179,-1.72128397193394,-0.740912778682869,-0.0603726179794818,0.61615712232475,-0.294112717019238,-0.294112717019238
NAGPA,0,0.1045889012772,0.0427496474593371,0.183122303823889,-0.715432432616565,-2.59585081686389,-1.3548427173601,-0.235103473086002,-0.0552824355011897,-0.0384741478146357,-0.222392421336448
USP10,0,-0.870871372807537,-1.20686657983045,-1.16992500144231,-1.30136252449289,-1.23203050338454,-1.25764114706358,-0.803308088994902,-0.996402254891396,-0.936574619858366,-0.933131431968887
NME4,0,-1.37596793460025,-2.50250034052918,-3.16146342269412,-2.70895121799661,-2.9831261814356,-2.91753783980803,-3.19993757050875,-0.51154548013219,-0.96230770992805,-0.688291747430517
ABCC1,0,-0.162084248225129,0.0876940609063978,0.173850704656112,0.0078407532171834,0.837915751774871,0.414054402109021,1.16160215893459,0.240251930378622,0.16335833083847,0.306912234447702
HAGHL,0,-0.0685313816708155,-1.1569693463384,-0.669175504624241,-0.705095078879184,-2.89947312404604,-2.17364808748503,-1.20759541940837,-0.675100338581347,0.0511388489918011,-0.319142072056525
SLC7A5,0,-2.76890848666896,-3.5997812154327,-3.61906027792758,-2.38929304160095,-2.68412212968741,-1.53578965873945,-1.76293952887472,-3.15317363715299,-3.83875959592293,-4.71030192967742
STUB1,0,-0.391082767127121,-0.642073137255934,-0.408464845355358,-0.937684794149517,-1.77478705960117,-2.24080848759882,-1.35412501112845,-0.187322051676847,-0.531613076128223,-0.659309842181238
UBE2I,0,-1.02163001597154,-0.837728571101123,-1.12553088208386,-0.876617584494718,-0.467504919172979,-0.232446086000371,0.224231421000229,-0.374117243965535,-0.494471966773249,-0.112706841726275
AQP8,0,-1.58496250072116,-1.58496250072116,-0.584962500721156,-1.58496250072116,-1.58496250072116,-1.58496250072116,-1.58496250072116,-1.58496250072116,-1.58496250072116,-1.58496250072116
USP31,0,-0.0954959972283593,-0.565716411776512,-0.459431618637297,-0.779311884875801,-0.0270795340562843,0.189661219503575,0.366538981587654,-0.16564648809564,-0.135865028354181,0.121426483751122
HMOX2,0,-0.653307665119297,-0.888171398261929,-0.593601418995029,0.184367149296552,0.440648142957881,0.306630794986194,0.37020592938159,0.224851211945906,-0.329123596291566,-0.194081310057915
QPRT,0,0.942697192027115,0.659412449881037,0.653710090516854,-1.78727067601427,-1.65400414515081,-1.93411206434354,-0.908576972236406,-1.34914956362239,0.173416399960902,-1.64694938761686
XYLT1,0,-0.181750436839102,0.124057992684983,0.197788381218356,-0.485426827170242,-0.828113482224402,1.00880589737534,1.15875908378999,-0.11965431574719,-0.282001910474603,-0.674543093632391
CDIPT,0,0.414062375861599,-0.0658150557069133,-0.0475656832520557,-1.02358682031762,-2,-1.84488093333309,-1.12623999737997,-0.367731784500487,-0.382904878338035,-0.529973266123504
BCKDK,0,-0.441435189343451,-0.0121235590824895,0.110360447442506,0.0239456956250324,-0.393072167782052,-1.52582737663382,-0.634080267285847,-0.66246206865567,-0.72594112548007,-0.89524225878687
KAT8,0,-0.347116426978195,-0.589408405752348,-0.338671358721939,-0.704050971693471,-0.778241869744725,0.295949028306529,0.458220457205406,-1.10589116859074,-1.06120755489181,-1.27015444516331
SLC6A2,0,0.736965594166206,2.40209844357135,2.89308479608349,1.30812229536233,0,-0.691877704637668,0.251538766995964,1.86507041991389,-0.182864057149811,1.26589405997303
RNF40,0,-0.434335249024992,-0.437717888419644,-0.125303596531457,-0.267040503627352,0.0284710963929618,-0.302062789062078,-0.232848294330789,-0.113083047821058,-0.595943161848631,-0.537616458473765
AQP9,0,0.172702086112886,1.71384835454155,2.65680715868688,2.39112560524639,1.76749559619374,1.82746661773345,1.00416362494154,-1.04661094229159,0.963046405311543,-1.22030910683596
CSK,0,-1.0886576198204,-0.355761689963238,-0.284208428938204,-0.392914688380704,-0.863365307978154,-1.33151414371656,-0.418225776909891,-0.216036926296624,-0.0988533869262854,-0.00478506256537688
HERC1,0,0.0247983153687872,-0.157472562498082,-0.0648614123132069,-0.482392767080608,-1.59932672682211,-0.690092190745294,0.141963171940635,0.592387607388417,-0.144084335775235,0.00846157874819607
MTFMT,0,-0.956931278108114,-1.18641312423088,-1.50007360313464,-1.90143616551641,-3.34395440121736,-2.1057946640226,-1.28950661719498,-0.799633884993551,-1.07860983469637,-1.17402939977505
ACSBG1,0,0.900464326449086,2.18057224564182,3.16992500144231,1.37851162325373,-0.321928094887362,-0.321928094887362,1.55254102302878,-0.0489096004809464,0.84799690655495,-2.09953567355091
CTSH,0,0.919698371909139,1.26092702275544,2.70889716321697,1.32926074112183,-0.160194428670701,0.0250513720553673,1.21119080502797,0.662481292670659,0.821723212345841,-0.407400133423242
FAH,0,-1.0574502721839,-1.61119404229434,-2.31328917661349,-2.73552217729654,-3.52139737194369,-2.76466852295605,-1.58496250072116,-0.739133430848916,-1.25525705524207,-1.08475761817964
OCA2,0,0.473515964544573,-0.533978572002351,-0.726623649944747,-1.98965805577854,-1.62708797639383,-0.391020618160308,0.787949522885011,-3.87101355927992,-5.79701297783614,-3.9490160712812
TGM5,0,2.29176612437711,4.34169134970879,5.15882729255898,3.85282543857178,3.87333803589749,2.30189034165082,1.84245872301352,2.30189034165082,2.73820876101684,2.06088224214702
SGK3,0,-0.467778961350817,-1.04508788952854,-1.29444735846526,-1.85244281158614,-2.02236781302845,-1.73696559416621,-1.02236781302845,-0.483209001920423,-1.32192809488736,-1.09163047546557
ZDHHC2,0,0.13102365062592,-0.731894604618784,-0.355331253154576,-1.49153563675289,-0.491535636752887,-0.470267019999236,-0.201379887920004,-0.166753544810372,-0.254929356196739,-0.0756056567521766
CA2,0,0.13821144053038,-0.404288441738369,-0.749132973860309,-2.12409967589303,-2.77822588538064,-3.15614392909878,-1.34548638436833,-3.12033186220563,-2.721756534929,-3.00121213057436
RIPK2,0,0.118319967188761,0.605368711382993,1.19572447087437,1.78784676316839,2.81613580759981,2.13525982961047,2.15754127698648,0.984503663676832,1.2920266091735,0.798520264682843
EYA1,0,-1,0,-1,-1,-1,-1,1,1.8073549220576,-1,-0.415037499278844
DECR1,0,-0.375350769463348,-0.573871527313183,-0.471199180134352,-0.517422196894997,-0.759803492564863,-1.77376195015478,-0.66570220429733,0.284650760384283,-0.439861213601344,0.0501006115377444
BPNT2,0,-0.623790244072872,-0.599990709953488,-0.386256649434218,-0.749059365284945,-0.952212101045735,-0.880503331109947,-0.648965427224447,-0.426712551764288,-0.553995248119325,-0.672104181852999
UBE2W,0,0.218480025607508,0.182782657028995,0.691470658098024,0.181275925778841,0.409471374098242,0.217010137512054,0.0503902807934134,-0.0319747837939271,0.185039807488195,-0.330930232507002
IKBKB,0,-0.0547294778709505,-0.342828175523252,-0.264499814838292,-0.660119860289896,-1.62958549214178,-1.71516122384786,-0.68345236412052,-0.214075984011719,-0.527534220672086,-0.69131448189349
STK3,0,-0.412773026924293,-0.496620089237127,-0.121950532277792,-0.455019184770354,-0.347305367470101,-0.637581011890592,-0.389430843142778,0.261674014369591,-0.208073029803415,0.107400747299713
UBR5,0,-0.150698863998785,-0.409105535180065,-0.0374518140362275,-0.651952433440866,-0.302272839344036,0.556114960247846,0.938920896705677,0.275161604574595,-0.110466001527998,-0.333993617295248
GFUS,0,-1.10619940383193,-0.85827189038834,-1.36923380966572,-1.04730571477836,-1.81669278663694,-2.52123690311077,-0.841496177637513,-0.144267444665445,-0.393481355912396,-0.0545372840094326
PYCR3,0,-1.37637587890974,-2.12261928666396,-2.37637587890974,-2.26946067499323,-3.61738397841353,-3.61738397841353,-1.40439025507934,-0.989352755800492,-1.39031506986761,-0.791413378188583
SQLE,0,0.619362188902718,1.03502442081198,1.29662153694466,0.120273755289321,-0.713102066831576,-2.82021096008729,-2.40788784550548,-1.12394933649938,0.101667252557651,-0.848969953068715
SLC39A14,0,-0.271638196825531,-1.16214765085059,-1.21246211550129,-1.67132911536905,-0.983201748836867,0.110670232411665,0.0955443333085353,0.166744391786534,-0.32396034630228,-0.165059246270496
GSR,0,-0.877023082705348,-2.65123572014032,-3.73500407783292,-4.79913441525264,-4.37592298452809,-4.40058503876236,-2.45121111183233,-0.565950532195353,-2.05889368905357,-0.978955452837448
PPP2CB,0,-0.338745712947636,-0.324318642312357,0.0847251007720367,0.146450945900342,0.291416207203616,0.94382406298157,0.918436785263322,-0.63403683943133,-0.346823533831979,-0.608076934395001
TUSC3,0,-0.89155327254169,-1.63128530099927,-1.52972039043459,-1.8394412400224,-1.65360984767073,-0.646596245909672,-0.121149486656977,0.396143187526373,-2.24703392714008,-0.510492717457265
ASAH1,0,0.109481935084831,-0.0747342895953218,-0.13418047832937,-1.95965776514863,-2.95094054804752,-2.65355463742295,-1.02402658426835,-0.175724958092266,-0.65143458554858,-0.561108388658355
MAN2B1,0,0.076149338925796,-0.0680453874230988,-0.16115479181458,-1.0680453874231,-1.47219457055921,-1.8550516640889,-0.920146692310785,0.449802917439521,-0.163342351052344,0.153761405717409
DHDH,0,-0.877515993475005,-2.13385574673479,-3.4964258261195,-3.13385574673479,1.05377125644098,3.05816302555814,3.44608867921974,-2.13385574673479,-2.25938662881865,-1.98185265328974
GYS1,0,-0.584962500721156,-0.59673966849751,-1.01177716777635,-1.21459405077604,-1.65711228647699,-1.36760566928201,-0.657112286476991,-0.207804885113402,-0.90909150380179,-0.491303393506911
MAP4K1,0,-0.415037499278844,-1,-0.415037499278844,-2,-1,-2,-1,0.906890595608518,-1.41503749927884,-0.192645077942396
ECH1,0,0.57915687903995,1.00866486112713,0.393144893430001,-0.517058436219353,-0.308950240889152,-1.24575641440196,-0.593679717822265,-0.165586065717975,-0.0531113364595624,-0.136634692021846
CKM,0,1.58496250072116,0.584962500721156,0,-1,0.584962500721156,-1,0,1,0,-1
DOT1L,0,-0.473931188332412,-0.158429362604483,0.0786098346963665,-0.0469210473874926,1.15315678806142,1.13224779829844,1.22404027421793,-0.736965594166206,-0.899695094204315,-1.44222232860507
SLC17A7,0,-1.58496250072116,-0.584962500721156,-1.58496250072116,-1.58496250072116,-0.584962500721156,-1.58496250072116,0.736965594166206,2.58496250072116,-1,0.222392421336448
TRMT1,0,-1.20281688299969,-1.34577483684173,-1.05422039099789,-0.126606316379568,-0.415037499278844,-1.06037261797948,-0.599820459448269,-0.534132556381028,-0.711568817100725,-0.728613513732426
DMPK,0,-0.628031222613042,-0.563900885193326,-0.043068721891886,-0.628031222613042,-0.332575339086871,0.527247002864869,0.160464672193246,0.102361717629678,-0.180572245641821,-0.802060622388091
IL4I1,0,0,-2,-1,-2,-2,-2,-0.415037499278844,0.700439718141092,-2,-1.41503749927884
VRK3,0,-0.18093799416473,-0.0559254145979922,-0.114106485686521,-0.352418462109084,-0.424209145177094,-0.790991475848717,-0.0502343025201364,-0.370034005026055,-0.62529106026813,-0.786253556842054
SLC1A6,0,0.622930350920177,-0.286304185156641,-0.943416471633632,-1.73696559416621,-2.47393118833241,-3.32192809488736,-3.05889368905357,1.34482849699744,-0.321928094887362,-0.184424571137427
AURKC,0,0.906890595608518,-0.678071905112638,0.321928094887362,-0.678071905112638,0.459431618637297,-0.415037499278844,0,0.700439718141092,0,1.12928301694497
LGALS13,0,0,0,0,0,0,0,0,0,0,0
FBL,0,-1.47943541372344,-2.01598078539389,-2.97375255000459,-2.32546411391461,-2.51937415909358,-3.61890983264449,-2.78544901924742,-2.62434371869512,-2.66017179783075,-1.84446953305962
DYRK1B,0,0.217591435072627,0.128324096975539,0.14359085362885,-1.47206844431522,-1.21681138907315,-1.9668331360648,-0.472068444315223,0.315202231699049,-0.122484006524995,-0.0425604622280458
CLC,0,0,0,1,0,4.75488750216347,6.10852445677817,6.5077946401987,1.8073549220576,0.584962500721156,0
GPI,0,-1.45384892510113,-1.81641900448584,-2.14899434357271,-2.24567036298439,-2.26415354158413,-2.89745557657675,-1.65324504503461,-1.39382415402891,-1.91276496669217,-1.42699101796411
AKT2,0,-0.41722174654072,-0.545139221461457,-0.504320316853411,-0.927637293896822,-1.42599195616845,-1.376984615432,-0.841029455447296,-1.24567846670002,-1.0342331762005,-1.26653079055846
PLD3,0,0.0504784450277936,0.107220956813892,0.175147862321687,-0.49573797320111,-1.15343079770891,-1.84201592950422,-1.06121442648793,-0.235472898197552,-0.446778070422748,-0.063449430871242
TBCB,0,-0.49784608642431,-0.838605856042044,-0.862496476250065,-1.31458611954619,-2.10374792483783,-2.65123572014032,-1.60124758430865,-0.606841600781869,-0.861158789514554,-0.723533719360664
POLR2I,0,-0.562594687692702,-0.425091163942767,0.163230348868304,-0.642447995381916,-1.45567948377619,-2.41503749927884,-1.5625946876927,-0.720776356066876,-0.91962658353598,-1.13375138888883
SLC1A5,0,-1.06444175301893,-1.59527487515729,-0.676155066017665,-0.0262692507107822,-0.345931833804265,-1.15611920191728,-0.925246070864007,-1.30558010079988,-1.29377539988725,-0.91100670408075
PRKD2,0,-0.176250639691727,-0.3040061868901,-0.701341684435485,-1.51457317282976,-1.0439433475876,-1,0.070389327891398,0.063502942306158,-0.405451450449646,-0.124219936931512
PLIN3,0,-0.182636053191866,0.275634442613427,0.875235897121483,0.497030871476151,-0.380763196150678,-1.38810517149185,-1.22145530208239,-0.555731789397402,-0.106482611697112,-0.410357978338974
ETFB,0,-0.485426827170242,-0.521952703195356,-0.572138460363573,-1.48542682717024,-2.74846123300404,-2.48542682717024,-0.916583991812363,0.408582477141544,-0.876617584494718,-0.237499313726656
TYK2,0,-0.298371130742277,-0.429098244471941,-0.53395555829105,-1.01108917866181,-1.94154824540873,-1.53076021913124,-0.518049167381689,-0.662688872413253,-0.784885143375339,-0.928874415373619
SULT2A1,0,0,0,0,0,0,1,1,1.32192809488736,0,0
ATP1A3,0,-0.736965594166206,0.84799690655495,-2.32192809488736,-0.321928094887362,-2.32192809488736,-2.32192809488736,-0.321928094887362,1.67807190511264,-1.32192809488736,-1
PTPRS,0,0.00428735840309816,-0.868755466721747,-1.86875546672175,-3.18286405714981,-2.66439696821556,-2.20249286389874,-1,0.0588936890535686,-1.52195270319536,-0.674640999712364
PLA2G4C,0,1.54432051622381,1.73696559416621,2.22239242133645,1.34577483684173,2.38082178394093,4.7987417917529,5.59370235028532,2.59494658929378,1.18322182405577,0.196397212803503
HAS1,0,2.32192809488736,2.4594316186373,2.4594316186373,2,6.17990909001493,7.467605550083,7.53138146051631,3,0.584962500721156,-0.415037499278844
DBP,0,0.505464580406787,0.856936950908165,1.01005366466392,-0.605282485100752,0.125530882083859,-1.05134688000022,-1.43195088221519,-0.802319332160306,-0.776167044304337,-0.846988381494034
PLPPR2,0,-0.326500824677186,0.866144253265209,0.794251334783424,0.762308442280669,0.368644593794393,-0.603341030036011,0.0537712564409807,-0.154033628672421,-0.259386628818649,-0.496425826119499
BCAT2,0,-0.968703869510462,-2.64306545528472,-2.66296501272243,-3.10496955960154,-3.18903382439002,-2.70360699721977,-2.18903382439002,-2.09142302776359,-1.92599941855622,-1.33703498727757
PPP2R1A,0,-0.771165021760433,-0.763886544854918,-0.888380635632288,-0.895180467737629,-0.614270902826422,-0.205793249397157,-0.204385055004349,-0.879363762274854,-0.787940734511259,-0.54579735696718
GCDH,0,-1.51530162275227,-1.75234082005312,-2.03613378605371,-1.60549943172385,-2.7871062382138,-2.97473324138957,-1.68522662419459,-1.40994862260604,-1.66892481186548,-1.35024237648178
MAST1,0,0.807354922057604,0.807354922057604,1.08746284125034,-0.192645077942396,0.807354922057604,-1,0.584962500721156,1.93073733756289,0.857980995127572,-0.540568381362703
JAK3,0,-0.106915203916512,-1.22239242133645,0,-2.8073549220576,-3.8073549220576,-1.8073549220576,0.280107919192735,1.07528812730424,0.947532580105864,0.192645077942396
SLC5A5,0,-1,-1,-1,-1,-1,1.32192809488736,0.584962500721156,1.16992500144231,-0.415037499278844,-1
PIK3R2,0,0,-0.584962500721156,-0.584962500721156,-1.58496250072116,-1.58496250072116,-1.58496250072116,-0.584962500721156,-0.584962500721156,-1,0.415037499278844
PDE4C,0,0,-1,0,0,0.584962500721156,0.584962500721156,3.52356195605701,3.08746284125034,0,3.24792751344359
ISYNA1,0,-0.427421223734676,-0.893084796083488,-0.700439718141092,-1.82597060022495,-0.478047296804644,0.238159737194765,0.174029399775049,0.924051146766701,0.0544477840223765,0.758991900496205
COPE,0,-0.478573156129179,-0.558222652768735,-0.23581293709877,-0.756728848987636,-1.00655771602216,-1.30081906829326,-0.76504411719964,-0.377367081312789,-0.58251102172706,-0.674804191278727
ATP4A,0,1.22239242133645,0.415037499278844,0.736965594166206,1.22239242133645,-1.58496250072116,0,0.736965594166206,1.66296501272243,-0.263034405833794,-0.263034405833794
GAPDHS,0,0.415037499278844,0,0,0,0,0,0.415037499278844,-0.584962500721156,0,-0.584962500721156
FKBP8,0,0.0389210726681149,-0.0115526244996321,0.234629622743506,-0.708751027339494,-1.21655966022555,-1.35546453915209,-0.813669897587312,-0.337698421343514,-0.264130678713968,-0.486742454626007
CDK6,0,0.0435200577444296,-0.375584556324463,-0.210965685690956,-1.11920270700699,-0.944346942508123,-0.810264638345632,-0.150350403305538,0.750989302983485,0.427194625853135,0.236080520969004
NAMPT,0,-0.22924609237751,0.113055792694134,0.894346536597601,1.28956877419467,1.71332054192204,0.496131527513484,1.24092920407057,-0.100146286435506,0.141538168851608,-0.22085482211837
PIK3CG,0,1,0,0,1,1,0,0,2.16992500144231,0,0
PON3,0,0.398549376490275,0.628031222613042,1.2684888359259,-1.4594316186373,-2.13750352374994,-2.87446911791614,-3.4594316186373,0.494764691749578,-0.249978253008347,-0.371968777386958
PON2,0,-0.523365309830185,-0.611959233099173,-0.56698232438079,-1.91596541998927,-2.94596016028711,-3.36504449262866,-2.14729096609573,0.581286842577758,-0.286189071917417,-0.125673914358887
CBLL1,0,-0.17306470897288,-0.373814836552331,-0.166009951438929,-0.550869302052748,-0.302458230689137,-0.169533018002626,0.0911478880581954,-0.269950804109845,-0.3536369546147,-0.708498938864146
ATP6V0A4,0,-1.58496250072116,-2.58496250072116,-2.58496250072116,-2.58496250072116,-2.58496250072116,-2.58496250072116,-2.58496250072116,1.84130225398094,-2,1.22239242133645
ZC3HAV1,0,-0.357635188233922,-0.664296526467974,-0.899754687949343,-2.07092178593062,-3.40972369938238,-2.44552442081022,-1.06255831299599,-0.156594601480317,-0.4437131273634,-0.402668941848426
OGDH,0,-0.169149329140803,0.496279902628642,1.24862738653871,1.7832125761598,1.66934461160152,0.773908168869711,1.34950586543689,0.378784434683823,1.0302720420195,0.18296961530991
MET,0,-0.119507094456089,-0.406511204447904,-0.307942652353111,-0.86331985401857,0.178284597441143,0.16824725379319,0.243791434851134,0.506533746087897,0.214989673934329,0.362108893247195
HIBADH,0,-0.272111160952956,-1.0084024409957,-1.2781942130048,-2.21848796688053,-2.52105073690096,-2.79567311700997,-1.30278620118719,-0.180963272894761,-0.795673117009969,-0.576192291093424
FKBP14,0,-1.17647208903895,-1.25002869600903,-0.99441176173772,-1.13489298528755,-0.708628230585452,-0.0397357522472101,-0.761434589760106,0.0904240164967783,-0.785360429005586,-0.289402934343175
GARS1,0,-0.681719682127782,-0.456304162305495,0.240622712820352,0.567552822461527,1.22667977973955,1.22102558557254,0.946891509763642,-0.594901524752424,-0.594901524752424,-1.13850574333931
EPHB6,0,0.712590018896869,1.28572497665256,0.939584342192326,-0.753000392619203,-2.97256676987689,-4.63882937269989,-2.57742882803575,-1.69478577867391,-1.01264420925222,-1.55876498377071
CYP3A5,0,1.95977015521147,1.71149490665009,1.87578006306849,-0.971430847803229,-2.59946207041627,-3.64385618977472,-2,0.684818737553223,0.438292851579147,-0.494109070270043
PTPRZ1,0,-0.368333838249698,0.503828443484367,0.506596204603555,-1.1304497243561,-2.89126206047667,-3.46533624505509,-2.38106732815749,0.582996975838266,0.0397141536561613,-0.139075729371695
HYAL4,0,4.64385618977472,5.6724253419715,6.16992500144231,4,2,3.4594316186373,3.90689059560852,3.58496250072116,5.61470984411521,2.8073549220576
SPAM1,0,0,0,0,0,1.58496250072116,0,1,1.58496250072116,0,0
USP42,0,-0.227805917522812,0.252187023596801,-0.227805917522812,-0.190331212104149,0.252187023596801,0.09412217736455,0.490050853695689,0.388452713687882,-0.28590887208638,-0.190331212104149
IMPDH1,0,-1.19007113427857,-2.52751222853726,-2.69987627543099,-3.23446525363702,-3.9296106721086,-3.01814734671026,-2.47643804394299,-1.72947105761928,-2.02730734599574,-1.98430619289485
MOGAT3,0,0,0,0,0,0,0,0,2.16992500144231,0,0
C1GALT1,0,-0.550268746124605,-0.878823163131945,-0.768748771732113,-1.43999941098874,0.173710143777975,0.243167361246665,0.0647408912383395,-0.0531364183020841,0.147682591086012,-0.262232017025074
PLOD3,0,-1.19886969848302,-1.88239603368777,-1.61693489045944,-1.62910960440554,-2.22635043490513,-1.32192809488736,-0.666262602823005,-0.534472730267463,-1.13237428669612,-0.672548865670436
NRF1,0,-0.155794672607424,-0.207324973247506,-0.48089004657347,-0.596367263993406,-0.31625934480067,-0.155794672607424,0.445943540864559,-0.00569111207785571,-0.488838799688961,-0.808775596757231
EZH2,0,-0.683928951522177,-0.709768956457437,-0.899933044896078,-1.37056287013824,-1.10752846430445,-0.731661562306279,-0.258259900513447,-1.9555253708594,-2.05138538626691,-2.3366155382149
BLVRA,0,-0.44859005898987,-1.77051815387723,-1.68805599368526,-2.09421534161765,-2.16681909057449,-3.17615695515383,-2.42057568282027,-0.196202897355585,-0.774058511582481,-0.133467142007622
PRKAG2,0,-0.908918276955501,-0.884772189623799,-0.990306603796156,-0.915018476491919,-0.742379090352571,-0.549734012410174,-0.227805917522812,-0.348512880478324,-0.471232038731457,0.00808234629785853
POLD2,0,-0.997123239244436,-0.914740911664104,-1.10757988719981,-1.46484105519946,-2.0768830899769,-2.96304224400133,-2.33567159605225,-1.80124864736347,-1.67634516039317,-1.66831423286699
GCK,0,-1,-2,-1,-2,-1,-2,-1,1.58496250072116,-1.41503749927884,-2
YKT6,0,-0.614648631265807,-0.38883242893145,-0.234522868103231,-0.471973664231696,-1.16919061861104,-0.962299290814776,-0.584962500721156,-0.213928933376321,-0.423222560612573,-0.361521075455056
GALNTL5,0,0,0,0,0,0,0,0,1.8073549220576,0.584962500721156,0
LIMK1,0,-0.421463768438277,-0.658963082164933,-0.130786607535354,-0.980891177052295,-0.705256734438868,-1.12029423371771,-0.434402824145775,0.374807654490311,-0.178970141045319,-0.053893007995202
SLC1A1,0,-1.07800251200127,-1.66296501272243,-1.44057259138598,-1.92599941855622,-4.24792751344359,-1.24792751344359,-3.24792751344359,3.5690561098118,1.38142910663602,1.83953532780675
NMRK1,0,0.562004832177456,-0.230222535758872,-0.145726261672099,-1.61654121791619,-2.43139847118562,-2.54074586737399,-1.30061186365027,0.217083766992313,-0.648316593471054,-0.288639221984194
TGFBR1,0,0.134561379124729,-0.653081102441122,-0.631869994795147,-1.26181666492251,-0.840892322566756,-0.360630208630594,-0.706367444444372,-0.586134375564965,-0.242840905327022,-0.657139319015476
PTGR1,0,-0.65062474522716,-0.739085646040576,-0.497424890999349,-1.12333701989977,0.937659642849032,0.118309958516624,0.633702611652931,-0.273495234524503,-0.553219100729242,-1.32034009798417
DNM1,0,-0.347923303420307,-1.8073549220576,-0.347923303420307,0,-1.48542682717024,-1.48542682717024,-0.106915203916512,1.28010791919274,-1.10691520391651,-0.222392421336448
AK1,0,0.263034405833794,0.37851162325373,0.748461233004035,-0.0588936890535686,0.238786859587116,-0.599462070416271,0.263034405833794,0.6959938131099,0.367371065648529,-0.200912693925996
TESK1,0,0.942284502143713,0.415037499278844,0.108934371553164,-0.387023123109247,0.393663848486277,-0.246160587269398,0.304854581528421,1.13492958008611,0.371968777386958,0.736965594166206
CA9,0,-3.48542682717024,-4.8073549220576,-5.8073549220576,-5.8073549220576,-5.8073549220576,-5.8073549220576,-5.8073549220576,-4.22239242133645,-5.8073549220576,-5.22239242133645
TYRP1,0,0.786106779276184,0.281015881330018,-0.0228579421450725,-0.999517573966115,-0.282954067857525,0.325975468573719,1.31961020170023,-4.00871136854687,-5.59756253750079,-2.84809341112309
PIP5K1B,0,0.807354922057604,-0.415037499278844,1.4594316186373,0.584962500721156,0.321928094887362,-0.415037499278844,-1,1.85798099512757,0.169925001442312,1.32192809488736
PTGDS,0,-1.58496250072116,0.415037499278844,-1.58496250072116,-1.58496250072116,-0.584962500721156,0.736965594166206,1,-0.584962500721156,-0.584962500721156,-1.58496250072116
UBE2R2,0,0.315202231699049,0.125251262925916,0.622494557217757,0.530256608631021,1.93392391536061,1.99243119489995,2.59721239712833,0.353782821359771,0.364246657192092,0.0183360590094042
PHYH,0,-0.641546029087524,-0.730813367184611,-1.22650852980868,-2.22650852980868,-2.51281271496532,-2.44409996488131,-1.31577586790577,0.331759104247056,-0.108813487138925,-0.132272459962914
CUBN,0,0.906890595608518,1.08746284125034,0.459431618637297,-1,-1,0.459431618637297,2,2.2667865406949,0.321928094887362,-0.415037499278844
TRDMT1,0,-0.547487795302493,-0.0981803939389034,-0.317190175880699,-0.925999418556223,-0.604071323668861,-0.633217669328377,0.438573013739633,-0.0482551686072212,-0.838536577305884,-1.41503749927884
MAPK8,0,-0.464886048729405,-0.900101429945879,-0.377423207479066,-0.239276914709415,0.657510582630321,1.53417439080698,1.54820395071104,0.459926454876376,-0.072568625950645,-0.301655699861101
ATE1,0,-0.485426827170242,-0.426406313358041,-0.570315724756755,-0.441705449740924,-0.372635056917061,-0.918544781074442,-0.100830441455535,-0.665893384738986,-0.308122295362332,-0.700439718141092
PPP3CB,0,-0.251032469380349,-1.04683316480987,-0.823394933321872,-1.21767387243392,-1.03952836418664,-0.835994970101505,0.170318803830697,-0.211504105193712,-0.442472791477461,-0.668884984266247
BMPR1A,0,-0.17167448026843,-0.255063694725214,-0.169425539764868,-0.834076929115184,-1.12081559554025,-1.6503649759428,-0.454195875249956,-0.0716887380690708,-0.376913954163664,-0.579975648051398
MINPP1,0,-0.276891206509193,-0.319278516473413,0.296241451223713,-0.716775434443122,-1.09310940439148,-1.73873468701926,-0.887790496413975,-0.0945245050845257,-0.100198829177801,-0.265688859279772
LIPA,0,0.209342203341757,-0.480955331323165,-1.07455387736513,-3.20648603042709,-3.72347173733224,-3.89641809074979,-2.59367140906604,0.0349884521011205,-0.595396501990576,-0.435749699605637
SFXN3,0,0.414029678741255,0.141893065800209,0.411001986043687,-0.97602113706556,-1.62583478213668,-1.4614479642358,-0.535448545679579,0.718308046566204,0.517592417128552,0.341142963264266
TNKS2,0,-0.0325531645201708,-0.0384915471867861,0.0374912123213443,-0.136280873493797,0.470915180876908,1.2311944012244,1.40995885924108,0.0764769804634535,-0.185214872466908,-0.415681415844271
LHPP,0,-0.567888987362215,-0.347923303420307,-0.333423733725192,-1.30485458152842,-1.58496250072116,-2.02308361311304,-1.93288580414146,-0.100762976934917,-0.189377364108485,-0.176380023579612
MTPAP,0,-0.876549428357188,-1.09894184969364,-1.42756459715501,-1.40536885104081,-1.39987286328596,-1.37270266212049,-0.664004792977088,-0.78236698930048,-0.932980298658666,-0.644375986228155
NEURL1,0,0,0,-0.415037499278844,-0.678071905112638,-1,-0.415037499278844,1.08746284125034,2.08746284125034,-1,-1.67807190511264
MAP3K8,0,1.08848494192426,1.0679040645018,1.82217726176313,1.01727799143184,1.92874131683018,3.2248734108402,3.69037670332962,-1.43252492600768,-0.266514974568756,-1.58062356499682
UBE2S,0,-1.5992467267274,-3.18420922744856,-3.10055129840165,-3.06047385902631,-2.50883143150519,-1.07537273540565,-1.74250377770764,-3.82403366320423,-3.56379789072311,-3.89274641328825
PPIF,0,-0.0596592106677182,0.975582635020752,2.07245520207065,2.69348695749933,4.54896458004123,5.17935622737514,4.79212749873112,-0.391847871906954,1.42408850921106,-0.864623225142359
CYP2C18,0,0.120294233717712,1.20435849850619,1.43063435432986,0.563900885193326,-0.938599455335857,-4.52356195605701,-2.52356195605701,0.0911478880581954,2.03868046816406,-0.616671360448494
ASPA,0,-0.222392421336448,0,0.192645077942396,-0.807354922057604,-0.637429920615292,1.05062607306997,2.4964258261195,-2.8073549220576,-2.48542682717024,-2.22239242133645
PNPO,0,-1.2832476267233,-1.52356195605701,-1.76867445389354,-2.50564004805975,-4.26052755022322,-4.32192809488736,-2.91475271338149,-0.885488118876294,-1.60231606747142,-1.08061846020828
RPS6KB1,0,-0.191237341573532,-0.343448901898634,-0.16336728542015,-0.542062937635273,-0.786555283459663,-0.680045046574831,-0.383614434925041,-0.317621233225722,-0.388983607630884,-0.831170855078961
CBX1,0,-0.795529486660814,-1.00594926633119,-0.985233289291088,-1.60288440871842,-1.32304171519807,-1.25238716163429,-1.38178068335054,-0.48914224266923,-1.37502783565792,-0.734370484822956
PIGL,0,0.0614005446641433,-0.102098187618736,0.22367197356302,0.231325546106456,-0.460552158531212,-0.658491536143122,-0.254101281063786,0.28746862414399,0.172908859881134,-0.0829893646710315
GALK1,0,0.168754457734375,-0.51306958223937,-0.76711520484591,-1.21538903359869,-2.57447012690351,-2.29067716090292,-1.51306958223937,-1.3101295235691,-1.01588304160666,-1.43982060020873
ENO3,0,-1.41503749927884,-2.41503749927884,-1.58496250072116,-1.33703498727757,-2.26303440583379,-2.41503749927884,-1.12553088208386,-1.49749965947082,-1.29956028185891,-1.12553088208386
RNF167,0,-0.397216222191599,0.206939843762867,0.37851162325373,-0.567946523705555,-1.26793320524663,-1.9007903960721,-0.829531712902279,-0.0371529984174661,-0.168397531695719,-0.172525417318395
SLC25A11,0,-0.498662654326936,-0.599861377100494,-0.327703833391521,-0.361159130577001,-2.04686660503797,-2.52685954615759,-1.39108276712712,-1.02324300051208,-0.844049722038287,-1.07434734146008
NUP88,0,-0.312488399001057,-0.67617901827968,-0.647873649059535,-1.03946990459464,-1.43801928108492,-1.62984996722421,-0.786201805607508,-0.590497648802388,-1.11267382563982,-1.06236165488634
SLC6A4,0,0.415037499278844,1.50250034052918,0.736965594166206,-1.58496250072116,-0.263034405833794,-0.263034405833794,1.58496250072116,0.938599455335857,0,-1.26303440583379
FTSJ3,0,-0.960411371603956,-0.969115440484816,-0.831810348072913,-1.06615887408813,-1.42174252315673,-1.47653499599711,-0.674063797775235,-0.290497989878482,-1.06149749671827,-0.763974714499186
ALDH3A1,0,1.61339090904767,0.0319428925027542,-0.258734268400168,-3.25873426840017,-4.25873426840017,-3.89616418901546,-2.25873426840017,2.13848195379143,0.409644240508625,1.21003521481647
KAT2A,0,-0.37064337992039,-0.933910809542227,-0.771181309504119,-1.3275746580285,-2.91253715874966,-2.67807190511264,-1.38529015588479,-0.437757575778927,-1.06926266243711,-0.96657699846255
NAGLU,0,-0.159478214007197,-0.902702798645085,-0.82635191251497,-1.23644019582208,-1.81155491058689,-1.84130225398094,-1.19744606420622,0.0454104596899466,-0.543621705340257,-0.286713402303304
HSD17B1,0,-0.415037499278844,-0.951090399519053,-0.185555653156077,-0.350186354928876,-1.57257877626532,-2.15754127698648,-1.77051815387723,0.276445325093354,-0.171480467944354,-0.509252840896495
EZH1,0,0.311552342123143,0.319105736554778,0.760272967658275,0.0732955093237456,-0.754300205171483,0.583395205574196,1.49612836935655,0.255574542763633,0.112944585976745,-0.464433319516419
DLX4,0,0.584962500721156,0.807354922057604,0.584962500721156,-0.415037499278844,-2,-1,-2,0.584962500721156,-1,-1
ALOX12,0,1.0703893278914,1.32192809488736,1.43295940727611,0.765534746362977,1.32192809488736,2.51096191927738,3.12101540096137,0.722466024471091,0.263034405833794,-0.321928094887362
ABCC3,0,-1.33560303178444,-1.03211218515375,-0.458014572024119,-0.574790695663865,-0.246793764826583,-0.64045761331286,0.824108156795874,-0.416550551374413,-1.23874149253185,-0.505528033226751
SMURF2,0,0.0825970860785233,-0.327098505332381,-0.186413124230881,0.224472731777495,0.0347943319129626,-0.207291853906797,0.543070888565873,0.562936194391157,0.197721393750885,0.515301622752273
DUSP3,0,-0.11676706555314,-0.144288128317044,0.0381687616697193,0.0192106039658349,-0.167992388908313,0.564185255336145,0.869538026549972,0.139084944694837,0.547742234385513,0.293807539493479
SLC16A6,0,-0.144873629386945,-1.34042443850475,-1.43663975376405,-2.77105879283461,-2.53973324672816,-1.34042443850475,0.297836288376453,-2.97269265400426,-4.04669323544804,-2.02783420819673
PRKAR1A,0,-0.429489777797156,-0.761077110896634,-0.683701157118773,-1.0804570243016,-1.36508042461682,-1.57845597259584,-1.12626071391472,-0.112637430050746,-0.467133387394539,-0.486330048330696
MAP2K6,0,-2.16992500144231,-3.26946067499323,-5.07681559705083,-6.07681559705083,-6.07681559705083,-5.49185309632967,-3.75488750216347,-4.49185309632967,-5.75488750216347,-4.90689059560852
NAT9,0,-0.325986311461716,-0.232559447493447,-0.256564910504236,-0.409644240508625,-2.13588342808177,-1.35679235824289,-0.19960902569216,-0.234942098804441,-0.453365617937943,-0.190331212104149
ALDOC,0,0.608620024360492,1.27548389266729,1.78173738787833,-0.00694160941884689,-0.983931631372346,-2.09788782066943,-1.41734765996604,-2.08804003471309,-0.783886641553699,-1.51292531994828
UGT2B10,0,0,0,0,0,0,0,0,1.32192809488736,0,0
USP46,0,0.226442352654892,0.804032864719696,1.06435474168847,-0.210825094007417,-0.907535952381028,-0.545503890918233,-0.129524991905569,0.344970741548854,0.404676987673122,0.38998047646642
SULT1E1,0,1.48513975224324,0.575555047465458,0.829572579941818,-1.06998751893715,-1.54532552848381,-1.68048511176545,-3.48784003382305,0.934224732349761,-0.204751680799049,-1.18863201543577
MANBA,0,1.15290732101516,0.0416047998577131,-0.319292346983092,-2.85798099512757,-2.64498727179337,-2.51005769170727,-1.39854937649027,0.7823735059356,-0.309918077217945,-0.0974374424341174
UBE2D3,0,-0.0212179440397727,-0.223771012020315,0.19230055375189,0.339886455657591,1.22904176703741,1.76080265506543,1.65007103801927,-0.704332703210596,-0.328883708393702,-0.945719910597505
MAPK10,0,0.57550217147209,-0.729910836632256,-0.522678222466814,-3.14886338591448,-3.02856915219677,-2.62803122261304,-1.28010791919274,-0.0213736507925669,-0.789782292609654,-0.532873989572702
NDUFC1,0,-0.737914423559755,-0.677502906863933,-0.903692895649469,-1.19142607065323,-1.898379095753,-1.898379095753,-1.10932499043834,-0.917063659017928,-0.974614681580086,-1.11239782448796
UCP1,0,1,0,1,1,0,1,1.58496250072116,0.584962500721156,0,0.584962500721156
INPP4B,0,0.0787119760140408,-0.236472790383406,0.431401690906116,-0.318165659733596,0.239848450333926,0.223638223152667,1.27370206120348,0.713134714631956,0.579134492263185,0.115050086692252
AADAT,0,-1.24792751344359,-1.66296501272243,-3.66296501272243,-2.66296501272243,-3.24792751344359,-2.92599941855622,-1.44057259138598,-0.247927513443586,-2.16046467219325,-1.85561009066482
GALNT7,0,-0.86097476055316,-1.34727094300183,-1.80138596426336,-2.60665757182048,-2.32912359629157,-1.78480308006776,-0.950611973037837,0.364827922487216,-0.114480674560053,-0.144578805576478
SOD3,0,2,2.90689059560852,0.584962500721156,0,0,0,2.58496250072116,2.64385618977472,1.8073549220576,1.4594316186373
SLC2A9,0,-1.272418995108,-2.51817540950995,-2.71672108889203,-2.01810180637531,-2.89257092429145,-2.60306430709647,-1.78947743132735,0.24432527676339,-0.327786305507926,0.468885534782548
NSD2,0,-1.89021185446189,-2.63019564019101,-2.91300371933513,-2.91300371933513,-2.82392017575271,-2.80674503194457,-2.2947351319968,-3.50026533614587,-3.54228855104158,-3.12016162697642
BST1,0,-1.84130225398094,-1.25633975325979,-1.51937415909358,-1.51937415909358,-3.10433665981474,-1.9668331360648,-0.841302253980942,-2.10433665981474,-1.90270279864509,-1.9668331360648
UGDH,0,-1.29418310440446,-1.45383977039294,-1.7796099315747,-2.05423231168371,-1.6075491857884,-2.29418310440446,-1.23364156246941,-0.51257359518341,-1.20752872215028,-0.688756501123586
HTATIP2,0,0.501941913953259,0.439448169993881,0.838208711583724,-0.627707687936099,-0.832185745153495,-1.5098352538231,-0.380648773733924,0.426264754702098,-0.0323945136979296,0.0807474138843619
CTSC,0,-1.22328160166715,-2.30846701452361,-2.50854484997253,-3.26661988037693,-3.66525258461961,-3.83971579377039,-3.04606178228936,-0.408070086408656,-1.61217036381057,-1.73423796186522
SC5D,0,1.04149772199756,1.34534786503096,1.28214893960939,-0.512590427228702,-0.66253105421686,-1.66528166523289,-0.965689345084382,-0.177104227046618,0.458642268592498,-0.053496583995661
B3GAT1,0,-1,1.32192809488736,2.32192809488736,2.90689059560852,2.32192809488736,2.58496250072116,2.58496250072116,3.08746284125034,0.584962500721156,1.16992500144231
SIAE,0,-0.437063805608843,-1.41503749927884,-1.52083216330144,-3.52083216330144,-3.61812936465636,-4.40053792958373,-3.55254102302878,-0.377282577283426,-0.920272807529266,-0.909967799137527
KMT5B,0,0.0538381516275502,0.10573925353958,0.267142700136039,-0.0847226789054272,0.300931013592322,0.401950178318567,0.919633726138709,0.213746443157946,0.10573925353958,-0.199715201195358
ST3GAL4,0,-0.868470377294698,-1.96118075110947,-1.36350719863876,-2.02647221136119,-1.48673896463303,-1.62148837674627,-0.0298156544355615,-0.319880266238504,-0.983698187670899,-0.367731784500487
CPT1A,0,-0.550076983077298,-0.689551401998356,-1.37851162325373,-2.79063752711267,-2.0033668510984,-0.501659854026595,1.22383295569566,-0.254985877060248,-1,-0.441053089322443
FOLR1,0,0,-1,-1,-1,-1,-1,0.584962500721156,1.58496250072116,0.321928094887362,2.16992500144231
FOLR3,0,-0.263034405833794,-0.375509135092206,0.551174187264873,0.384663850235325,1.34182765232507,2.60979435370109,1.53743413063857,0.273018494406416,0.941210668792395,-0.281181752544053
APOA5,0,0,-1,-1,-1,-1,0.584962500721156,-1,1.16992500144231,-0.415037499278844,-1
APOC3,0,0,0,1,0,0,0,0,2,0.584962500721156,0
GALNT18,0,-0.812743441052966,-1.48239276708061,-0.892723263681925,-1.93564958858994,-2.81496810616748,-1.10496955960154,-0.40494868165526,-0.0975032312694007,-0.814968106167479,-0.775439741980842
UBE4A,0,-0.252110018256997,-0.176579807716872,0.0388798994576909,-0.395748328179034,-0.108497684924417,0.34706634168386,0.583819771916153,0.0330305631585521,-0.25722052675676,-0.724738086900582
CBL,0,-0.339088646045545,-0.183391069042754,0.0635651287774661,-0.31060008908585,0.0635651287774661,0.912943265730777,1.02895137369613,-0.134419973920128,-0.107915339166888,-0.474743745403111
HIPK3,0,0.185125903029014,0.266031137043352,0.438044191219897,-0.327013709975662,-0.132849739061712,-0.384894626056162,0.350985826997666,0.152072318993437,0.151033586828982,-0.157860822568846
PDHX,0,-0.298049131578408,-0.588898915280326,-0.42687911192336,-1.1753403449274,-0.875780063068488,-0.38777929223442,-0.0622553737706775,-0.323648954814704,-0.278844920681256,-0.399398375501253
SLC1A2,0,4.16992500144231,3.70043971814109,3.95419631038688,1.58496250072116,2.16992500144231,1.32192809488736,2.4594316186373,6.06608919045777,4.20945336562895,2.95419631038688
SLC15A3,0,0.280107919192735,-0.807354922057604,-0.637429920615292,-2.22239242133645,-3.8073549220576,-1.48542682717024,-0.807354922057604,-0.222392421336448,-1,-0.900464326449086
PTPMT1,0,-1.58496250072116,-0.921997487998727,-0.921997487998727,-1.71049338280502,-2.16992500144231,-1.6463630453853,-0.678071905112638,0.852442811586142,-0.0614005446641433,-0.169925001442312
NAA40,0,-1.33560303178444,-2.16720550008872,-2.32192809488736,-2.9205655325056,-3.87992354800825,-3.29496104728709,-0.879923548008249,-0.550002662367356,-1.33560303178444,-0.759829702517943
CARS1,0,-0.41888982477445,-0.364013496254377,0.530070742225084,0.703986603863431,0.255802836602718,-0.639354797539784,-0.424687669312563,-0.611534902716846,-0.573466861883327,-1.15521264992094
SLC22A18,0,0.186151315856896,-0.339310173115599,-0.940760796625324,-1.21377929103174,-2.21377929103174,-2.52572329734648,-1.68326457433296,-0.739848102699328,-0.389350855615194,-0.761652473017676
NUP98,0,-0.629744637352314,-1.09831305056173,-0.899950698588363,-0.914401854885903,-0.559923187854743,-0.330515590724086,-0.0737752835529639,-0.316586752092684,-0.715717860462167,-0.653116741392673
NDUFS8,0,-0.935988241879319,-1.34668419397293,-0.877198910671713,-1.32261005899408,-2.38891242936223,-2.7072739092294,-1.40687897589168,-0.515742451597714,-1.11343325716179,-0.913981699713425
TCIRG1,0,-0.332983283396358,-1.23900713518734,-1.55768957057105,-2.27853549937398,-2.57399138290015,-2.38956681176273,-1.20053298737271,-0.702506123422833,-1.25206328801279,-0.904139984592484
CHKA,0,-0.497499659470817,-0.415037499278844,-0.812372996824229,-1.16992500144231,-0.169925001442312,-0.337034987277571,0.624490864907794,0.133855746734791,-0.299560281858908,-0.600069393111365
PTPN5,0,0,0,0,-1,2.08746284125034,4.6724253419715,4.97727992349992,1.90689059560852,-0.678071905112638,-2
COQ5,0,-0.280749716009623,-0.772739230952315,-0.48686484876041,-1.35004815913004,-2.39186833482466,-2.63802892209406,-1.47433049501664,-0.775812065001938,-0.817948933715264,-0.856465883216251
DAO,0,2,0,0,0,0,1.58496250072116,1,1.32192809488736,1,0
SLC11A2,0,0.431288654291593,0.642412772905056,0.909293085823823,-0.00451548112249304,-0.216019586316205,0.320123598040615,0.683696454306516,0.395748328179034,0.416164164733128,0.400879436282184
MVK,0,0.825056923791063,0.232534431757062,0.809897116620057,-1.01792190799726,-1.78526115120699,-3.53249508082702,-2.97061619321891,-1.22090893016112,-0.596137576277834,-1.6959938131099
CAMKK2,0,-0.643019602310929,-0.957128192738992,-1.45692331019747,-1.53237553862694,-2.70714993973064,-2.19695520741146,-1.12949223963272,-0.316915831452374,-0.748729043482044,-0.337916130064926
ATP5F1B,0,-0.795101422365221,-0.909949328961268,-0.910893398167749,-1.33066053245806,-1.59571764460411,-1.31017270604383,-1.17663756463212,-1.03954696700461,-0.977572945749505,-0.947395059571375
PTGES3,0,-1.31340566457168,-0.931062556637969,-1.43273644227437,-1.35843491272793,-0.395107396653268,-1.37955258245843,-0.346100055916812,-1.20405152664444,-0.935320390641125,-0.906472564493152
CYP27B1,0,-2.11547721741994,-1.89308479608349,-2.03747470541866,-0.37851162325373,-0.793549122532574,-2.03747470541866,-0.285402218862248,-1.42742122373468,-1.42742122373468,-2.82597060022495
ACSS3,0,-0.263034405833794,-2.58496250072116,-2.58496250072116,-1.58496250072116,-2.58496250072116,-2.58496250072116,-1.58496250072116,0.222392421336448,-1.58496250072116,-2.58496250072116
TNS2,0,0.0766212816029124,-0.459431618637297,-0.0809199953835675,-1.02647221136119,-2.08091999538357,-0.874469117916141,-0.108934371553164,0,-0.441509710640035,-0.406320282177735
LTA4H,0,-0.324100011053514,-0.756448236350181,-0.954603295684855,-1.75828255959906,-1.8808130349705,-1.96092629356758,-1.45037206707656,-0.497084812244884,-0.942561133247713,-0.832186539546877
SLC6A12,0,0,-1,0,-1,0,-1,-1,1.32192809488736,0,0
PRMT8,0,-1,-1.8073549220576,-2.8073549220576,-2.8073549220576,-3.8073549220576,-0.637429920615292,-1,1.65207669657969,0.514573172829758,0.362570079384708
PARP11,0,-0.655351828612554,-1.22239242133645,-1.16992500144231,-2.02308361311304,-1.72935241005633,-2.0703893278914,-0.84799690655495,0.104869117853955,-0.283792966000591,-0.0946368741380752
VPS29,0,-0.520961500792306,-0.279187494381423,-0.0680115852173852,-0.44206067304539,-1.39306127174646,-2.25887592435206,-1.36725208539685,-1.18939082403078,-0.989134049661834,-1.25532102717543
MANSC1,0,0.195920209975257,0.661583782324069,1.03881924889053,1.44745897697122,0.466567799918926,-1.53343220008107,-0.533432200081074,0.0259952085329444,0.803602787196497,-0.514573172829758
DUSP16,0,0.484895545617234,0.264273302467153,0.52420846964206,0.0439433475875969,1.31895039508747,1.12460101093282,1.13986776758613,0.89793899476399,0.710699939472401,0.633706834572574
ACAD10,0,-0.721573543749224,-1.16635838642212,-1.08835587442085,-1.89002715797487,-3.30065947813371,-2.54968702597363,-0.923501862525956,-0.806462441335737,-1.40082364005914,-1.16235645586462
ALDH2,0,0.744654127997908,1.25736384916145,0.940991588268077,-1.89046504769541,-3.57399138290015,-5.15895388362131,-4.97452931248388,-1.45851416548022,-3.10268566397456,-2.73574245289677
ART4,0,0,-0.584962500721156,-0.584962500721156,-1.58496250072116,-1.58496250072116,0,0.415037499278844,0.415037499278844,0,-1
SLC38A1,0,0.432662103331786,-0.348822945619852,-0.279668002015455,-0.548105341257722,-0.827609047413065,-0.589917489693734,-0.630374859569199,-0.165149750921218,-0.18782663947399,-0.520933612513477
RFC5,0,-1.80081207619083,-2.46977356285876,-2.49068255262174,-2.98880179339514,-3.61143471208235,-3.97400479146706,-2.49068255262174,-2.88135550350138,-2.93766294440334,-2.71834991599886
NUP107,0,-1.73930478404371,-2.27112069139745,-2.3493582657277,-2.48017747617242,-3.0336969292427,-2.9705031027555,-1.79296491720332,-1.27960715728528,-1.97566480787128,-1.83769127433029
GAPDH,0,-1.17571754672359,-2.40525309114267,-2.68538472190757,-2.72626858670406,-2.80203812710141,-3.57634041816851,-2.80116429603842,-1.72948599361774,-2.00955680502491,-1.79126154180998
NOP2,0,-1.54027368316111,-1.37139677115166,-1.65811017345497,-0.602904671431512,-0.710198684603421,-0.742379090352571,-0.153805336079035,-0.593090381604557,-0.803308088994902,-0.457811522969135
CHPT1,0,-0.192150919677284,-0.935719248667737,-1.43711703274976,-2.72662364994475,-1.83353885386126,-1.89654865138706,-1.16474476233663,-1.36851321875074,-2.65950945408621,-1.47028389668496
USP5,0,-1.0397954063051,-0.728446240878967,-0.526870086356827,-1.01854285707651,-2.8603861555194,-3.45703046128819,-1.8987030870705,-0.490964702614698,-0.741110311929815,-0.548381553407315
TPI1,0,-1.27947975358594,-1.63533888547826,-1.25074957733176,-1.69396984438131,-2.19185588827819,-1.49363741005377,-1.17597096620477,-1.67710238983843,-1.76080607101071,-1.70201939376994
GNPTAB,0,-0.790647565661337,-1.16185656331992,-1.28688114778816,-2.13427073164802,-2.30214790444147,-2.01375792433078,-1.08326782821392,0.239187663879426,-0.396485657175263,0.167848882159164
ENO2,0,-0.678071905112638,-0.415037499278844,0.115477217419936,-1.12553088208386,-0.45567948377619,0.502500340529183,0.857980995127572,-1.33703498727757,-1.37550913509221,-1.26303440583379
PTPN6,0,-0.727474145188909,-1.41028396930821,-1.75132088714328,-2.2319467280497,-3.07324898203064,-3.41028396930821,-1.76339371944385,-0.724520827799561,-1.26160670156994,-0.876851769227135
LPCAT3,0,-0.430144391669052,-1.44541114832236,-1.61917821605907,-2.01510689239021,-2.75207248655641,-2.49749965947082,-1.64244799538192,-0.599120563717816,-1.1461706481429,-0.857042046157957
NT5DC3,0,-1.76314221672528,-1.86849521687151,-1.80436487945179,-0.573039333345337,-0.674484596904883,-1.60910858805286,-0.350646912008889,1.16125212652254,0.804787086836434,1.42473256576255
SLCO1B3,0,0,0,0,0,0,0,0,0.584962500721156,0,0
GYS2,0,0.736965594166206,-0.584962500721156,-1.58496250072116,-1.58496250072116,-1.58496250072116,-0.584962500721156,-1.58496250072116,0.222392421336448,-1,-1.58496250072116
LDHB,0,-1.44369230567188,-2.54666445669211,-2.84628488969201,-2.92744551472185,-3.01020715699841,-3.94898633143022,-3.19885286452982,-1.9983949246916,-2.38554145175338,-2.16454834676416
CMAS,0,-0.562260300707729,-0.12417941122073,0.119607617519669,-0.400995637405109,-0.472216076134113,-0.683803716549231,-0.923142029939668,-0.56141587865208,-0.375540056722439,-0.663727939784571
ST8SIA1,0,-0.584962500721156,-0.584962500721156,-0.906890595608518,-1.58496250072116,-1.09953567355091,0.415037499278844,1.92599941855622,2.78659636189081,0.222392421336448,2.50250034052918
AICDA,0,-2,-2,-2,-2,-2,-2,-2,-0.192645077942396,-0.192645077942396,-1
COX6A1,0,-0.754217758387971,-1.11833828933608,-0.487572099001798,-1.06803320748801,-1.32300033205369,-1.31764709755949,-0.663143663585253,-0.377654406923763,-0.88073509865788,-0.517945748045317
FRK,0,-0.674460651560259,-1.53172047944418,-2.31831684133498,-4.93980521808125,-5.83289001416474,-3.28269293160426,-1.02553509210714,0.691791612139305,-0.645891499363488,0.711798489573087
DSE,0,-0.152151664068825,-1.15066664588224,-1.26748031086499,-1.83898653110671,-1.29477535552041,-1.27393244613124,-0.956019215028692,-0.338400849174268,-0.796332905433711,-0.800518677347415
MAK,0,-0.700439718141092,-0.241008099503795,-0.115477217419936,-1.70043971814109,0.106915203916512,0.387023123109247,1.62148837674627,0.657112286476991,-0.700439718141092,-1.89308479608349
GCNT2,0,0.0995356735509144,-0.637429920615292,-1.13993026114448,-2.98792716769943,-1.70499320442793,-1,0.467126010427298,0.831400396024255,0.239608556912983,0.564613855329354
RNGTT,0,-1.01703319715944,-0.989875782726293,-0.660568157473333,-0.895505832128894,-0.723482364802584,-1.20723261416544,-0.584962500721156,-0.433213425243289,-0.83384281224509,-0.780513309838963
MAN1A1,0,-0.992154983165716,-1.76396232654422,-1.76396232654422,-2.64110557875869,-1.95813487423321,-2.11967873488787,-1.80185893430275,-1.42292540870916,-1.17012167447661,-1.42714999457088
UST,0,0.190102883379943,-0.792195114886598,-0.757429696725922,-1.91708636271441,-1.43825221285459,-0.948113258335032,-1.01224359575475,0.126377285769556,-0.332123861993251,-0.381562794727756
SLC26A8,0,1,0,0,0,1,1,1.58496250072116,3.52356195605701,1,1
MAPK14,0,-0.411565307372039,-0.167536972088136,0.117614939671989,0.00607086275212964,-1.0933411812481,-1.88961260417668,-0.917248171090883,-0.519547988245051,-0.213151748970031,-0.524540017588805
RHAG,0,0,0,0,0,1,0,0,0.584962500721156,0,1
STK38,0,0.241521313212344,0.467778961350817,0.982545123952904,-0.110924548898657,-0.600392541290762,-0.578304920651445,0.0715963117700317,0.788741719941949,0.09240022758205,0.180415226155283
ENSG00000112096,0,-0.152061195176432,-0.899523404254205,-1.22413649195612,-1.90636778529626,-1.62902984143297,-1.44693616665896,-0.111386931650549,-0.887865199069831,-0.872466039755449,-0.884965308564036
RNF8,0,-0.709658248170471,-0.782868095124247,-0.798765722004456,-1.5803752312255,-2.25022662953317,-2.46173073472689,-1.31162717419732,-0.217805151840796,-0.870454460073527,-0.452270405477819
CILK1,0,0.0735811323811075,-0.587060966605154,-0.73976422751888,-2.49552741713921,-3.17833724125851,-2.47206844431522,-0.593374740537356,0.0270058793085251,-1.00419998852929,-0.504423817627608
PTP4A1,0,-0.355117907737959,0.00295735335717281,-0.0238796355131396,0.103739869341759,2.32665695475923,3.22045276969434,3.71779361492327,-0.642592411709392,-0.0609715669199434,-0.494136867594557
GPLD1,0,0.660513533728333,2.84021955596323,3.06261197729968,0.878693703777866,-2.63226821549951,-2.63226821549951,-0.954196310386875,0.0901978089715781,-1.14684138832927,-1.86673346913654
ALDH5A1,0,0.457206953522783,1.6719458023158,1.09463687413808,-0.712718047919529,-1.88264304936184,-2.71271804791953,-1.63471553591826,0.421137698815262,-1.29768054864069,-0.282730207174714
VNN1,0,0.514573172829758,-2.8073549220576,-1.8073549220576,-1.22239242133645,-2.8073549220576,-0.222392421336448,4.32192809488736,-0.222392421336448,-0.347923303420307,0.0995356735509144
VNN2,0,0,0,0,0,0,0,0,0.584962500721156,1,0
ACOT13,0,-0.248623962909628,-0.109917692078035,0.390459476558178,-0.383813090543596,-0.532992510422298,-1.57386479183783,-0.578016435108293,-0.0875498790495809,0.041183435072622,-0.561481067381993
B3GAT2,0,0.53605290024021,0.722466024471091,1.13750352374993,-0.415037499278844,-0.234465253637023,-0.62148837674627,0.263034405833794,0.678071905112638,-0.112474729258412,-2.51457317282976
EYA4,0,-0.415037499278844,-1,-2,-2,-2,-2,-2,1.39231742277876,-0.678071905112638,-1.41503749927884
SLC17A2,0,0,0,0,0,0,0,0,0,0,0
FIG4,0,0,-0.12075215946061,-0.0728925206820184,-0.854858099487576,-0.722992651613602,-1.47598026350415,-0.883712962159761,0.118713775234779,-0.273073342432004,-0.481483239181537
SLC16A10,0,3.74676876919656,4.89371520686079,5.0510029034341,0.762960802699151,-0.796466605914868,-0.400537929583729,0.932885804141463,-0.796466605914868,-0.489805267680816,-5.04439411935845
EPM2A,0,-0.616671360448494,-1.11756959638118,-0.541709302767272,-1.38605843230708,-1.41922529624228,-1.23078020682917,-0.560087832082127,0.294061301454418,-0.47045061959745,-0.298595591056739
SLC39A7,0,-0.673706712551236,-0.709003764664529,-0.497499659470817,-0.591809666117431,-1.41503749927884,-0.887889633678463,-0.218905268575615,0.412302531557605,-0.837379799180921,-0.14957635605051
SLC22A2,0,0,0,0.584962500721156,-1,0,0,1.32192809488736,1.32192809488736,0.807354922057604,0.584962500721156
PDE10A,0,1.58496250072116,0.584962500721156,1,0,0,1.8073549220576,3.32192809488736,1.70043971814109,-0.415037499278844,-0.415037499278844
PTK7,0,-0.771632999823643,-1.47821133262527,-1.47182771583442,-2.2426269050765,-3.37038245227487,-2.86056672824393,-2.31791503238074,-0.12214249810654,-0.831670582609475,-0.310776497079517
DUSP22,0,0.0136104315186532,0.309567947539756,0.59178376657717,0.0894724460339617,-1.320219752425,-0.952914863930259,-0.294834434005087,-0.215287634787591,-0.241318924678085,-0.543679650717949
COX7A2,0,-0.577989577331185,-0.813191547223997,-0.438211306198978,-0.84799690655495,-1.4707762856611,-1.91495134436661,-0.910564916418056,-0.472068444315223,-0.829660847545546,-0.535831573502269
GMDS,0,-2.05444778402238,-1.75488750216347,-1.66742466091313,-1.54543413653452,-1.14017765804826,-1.05444778402238,-0.667424660913129,-1.02696704760027,-1.97352778863881,-0.824150164600582
PRP4K,0,-0.252699602359034,-0.370536092652892,-0.171644263381307,-0.854509648071391,-0.747836554474731,-0.185788445701577,0.434740184145095,-0.245644844825084,-0.745739613639151,-0.874989890055099
TTK,0,-1.41369107357133,-3.580926987486,-3.55694812455156,-4.99865357429248,-5.42088657497553,-6.89481776330794,-5.0423749517218,-5.70719076013217,-5.32327577834911,-5.77934054588801
SLC29A1,0,-0.690516671479283,-0.979494344565359,-1.49074715910351,-2.47425903631494,-2.33377781276511,-2.82516619817407,-2.57613865033415,-1.390658834697,-1.66690411425733,-1.66690411425733
NUDT12,0,-0.0569023912344771,-0.293645499249343,-0.0721838489393021,-1.26462942538917,-2.81802184710946,-2.89498382892434,-1.57701374760567,-0.472861445984381,-0.496093752222098,-1.06939333541767
MAN2A1,0,-0.0902981419484771,-0.158584088185782,0.0167859859236039,-0.684752091646931,-0.674787705428588,-0.606223418945517,-0.547897991739107,0.135603831180724,0.150891874842097,0.00687051705852103
TENT4A,0,-0.106284793139215,-0.595245473983017,-0.595245473983017,-1.17402939977505,-0.808379927458369,-0.626541604472556,-0.211504105193712,-0.967578522307623,-0.9918260685543,-0.882002790601549
HMGCS1,0,0.249181760658001,1.29484917186038,0.692844843659352,-0.342073858180785,-0.000414686706186333,-0.932565446034212,-0.874780121770517,-1.26830980350873,-0.0761954093406454,0.00610282375626764
NME5,0,0.415037499278844,0.415037499278844,-1,-1.58496250072116,-1.58496250072116,-0.584962500721156,-1,1.41503749927884,-0.777607578663552,0
NNT,0,-0.496142467422571,-1.38835545662634,-2.04097178105631,-3.26534456652099,-3.608232280044,-3.42662547355406,-2.35845397091248,-0.412154990745723,-1.54793176977619,-1.0439433475876
SLC4A9,0,-2.32192809488736,-2.32192809488736,-2.32192809488736,-2.32192809488736,-1.32192809488736,0,1.48542682717024,0,-0.736965594166206,-2.32192809488736
LOX,0,0,-0.610053481683987,-0.770518153877233,-2.05062607306997,-0.857980995127572,0.568283759574526,1.85626452253855,0.771375624952037,-0.15754127698648,0
HMGCR,0,0.440911951450482,1.00044774993094,0.973059990299979,0.160379819702768,-0.222690998510239,-1.06222632631699,-0.859795804748743,-0.646814829617807,0.402940582371495,0.318556556325746
CERT1,0,-0.463731756070923,-0.211504105193712,-0.367933264151801,-0.738006875366869,-0.589654196045878,-0.110282055014911,0.827731058089389,0.1269614176903,-0.0918608581942225,-0.132360220473975
PDE8B,0,-0.1449483359111,-0.30610312772568,-0.280107919192735,-1,-2.50250034052918,-2.50250034052918,-1.35954238668714,0.146156835509363,0.283224565556878,-0.487549999063212
CLK4,0,0.6752366044145,0.559562284044481,0.760193073956759,0.0187609281086616,0.444938984992706,0.184122404408731,0.52323351096945,0.242750134379439,0.138533162219396,-0.530304915921723
ITK,0,0,0,0,0,0,0,1.58496250072116,2.4594316186373,0,0
RNF130,0,-0.104822824955272,-1.10064714898408,-1.4163343038973,-2.51290756359235,-2.30645668612492,-2.09233188077207,-0.834835658479711,-0.824468942921452,-1.34545081774079,-1.46918618616303
ARSB,0,-1.64909283814087,-2.06413033741972,-1.9792414398332,-2.71620703399941,-2.64909283814087,-2.71620703399941,-1.32716474325351,-0.516067419510089,-1.64909283814087,-0.616671360448494
POLR3G,0,-1.07926327852465,-1.05078810991418,-1.15806484623225,-1.32988938059005,-1.65467147253256,-1.93784352393743,-1.2905151422559,-0.0912958340195504,-0.307258406090477,-0.635163313643347
SLC27A6,0,-1.27130202181739,-2.95935801550265,-2.54432051622381,-2.95935801550265,-2.42884329880387,-1.48542682717024,-2.66985139830767,-3.42884329880387,-3.04182017569463,-6.12928301694497
TARS1,0,-0.779637542472351,-0.767903315341703,-0.0209780899790503,0.19433031411059,-0.236304040219272,-0.929340225947741,-0.795570057957964,-0.526182414174902,-0.852547998786137,-1.02290040211008
PDE4D,0,-0.123631349168377,-1.23405533886203,-1.28409602136162,-3.0496307677246,-1.99304723935823,-1.78659636189081,-0.201633861169651,0.508636866331136,-1.08615664374971,0.164494037628247
RAD1,0,-0.76738851473996,-0.779262615028251,-0.498453507466481,-1.4757334309664,-2.27186109760075,-1.83187724119167,-0.96116025813664,-0.947697998330077,-1.07363498739505,-1
AGXT2,0,0,0,1,0,0,0,0,1,1,0
SLC12A7,0,-0.316473664795254,-0.552541023028779,-0.584962500721156,-0.489805267680816,0.838248930003388,2.10535300014623,2.80109593158592,0.135514970656481,-0.400537929583729,0.222392421336448
ST8SIA4,0,-0.415037499278844,-0.584962500721156,0.222392421336448,0.415037499278844,-0.777607578663552,-0.777607578663552,0.415037499278844,0.584962500721156,1.22239242133645,-2
GNPDA1,0,-0.316027493447678,-0.849989923678524,-1.01627352224957,-1.46441933334035,-0.0610217496173797,0.788561407829522,0.724463825805848,-0.563955006891263,-0.529408673489157,-0.73158162479682
NUP155,0,-1.47519893449561,-1.68968615774672,-1.68706068833989,-1.39374371557006,-1.82745249141465,-2.01556143715074,-0.869995641336833,-0.977369025500432,-1.25604561429728,-1.1564450874034
PPP2CA,0,-0.496067703977685,0.122184114953742,0.62685089701118,0.995935057276745,1.50292165146898,1.49870299520578,1.42840661058642,-0.466402835646733,-0.179808359177015,-0.471028980373943
PPWD1,0,-0.397234676759091,-0.289736290846809,-0.3543260852898,-0.865882644284695,-1.90018876632202,-1.38099403575188,-0.507504011894959,-0.109461324217145,-0.487081294141571,-0.638119051290391
RARS1,0,-0.466210151268359,-0.455829381957102,-0.00888017533081429,-0.415912124974555,-1.24608433690386,-1.67388106689804,-0.592523640494131,0.227068908545921,-0.17181157452523,-0.282510506992935
DPYSL3,0,-1.91146332539834,-1.84434912953981,-1.84434912953981,-2.21631790692676,-2.13385574673479,-2.4964258261195,-1.71881824745595,-1.4964258261195,-1.98185265328974,-3.05585323473352
CSNK1A1,0,-0.102344653186787,-0.282157816602418,0.124895290989318,-0.325953624818504,-0.496242306882373,-0.931214004630472,-0.641247674202604,-0.645390376376914,-0.707377263272615,-1.05249811834189
PDGFRB,0,-0.415037499278844,-0.415037499278844,-1,-2,-1,-0.415037499278844,-1,1.24792751344359,-1.41503749927884,-1
ATP6V0E1,0,0.230731975963843,0.00798938592643129,0.273677118607232,-0.428037628375922,0,1.26908173147356,1.85642885263992,0.799852131831118,0.388291362812944,0.0180664586143828
EHHADH,0,-0.878498994952294,-2.14597930581728,-2.52582737663382,-3.57893871309339,-4.25701061820602,-3.65293929453716,-2.79234235120258,-1.18662129031463,-1.72095771796581,-1.34244609471208
HGD,0,-1,-1,-1,-1,0.584962500721156,1,1.32192809488736,1,0.584962500721156,0.584962500721156
NIT2,0,-0.781673195228183,-1.03554032611256,-0.831375812104465,-1.07022216549727,-2.09500526642716,-2.18336114084801,-1.19479603591029,-0.191928804014126,-0.290714476581691,-0.31858852154223
PCCB,0,-1.19162007254163,-1.3052768543372,-1.21364637887163,-1.5149150031929,-2.4158352294849,-2.71245223584307,-1.59215800212536,-0.865326785092867,-1.13535185289489,-0.57780270914829
UBE3A,0,-0.258818889133801,-0.263465253990166,0.140672176939059,-0.284823469193762,0.0792036719837426,0.144964173464914,0.413960137537425,-0.135630830050247,-0.368551896455016,-0.435719061492451
RBP2,0,0,-2,-0.415037499278844,-1,-0.415037499278844,-2,0,0.807354922057604,-0.415037499278844,-1.41503749927884
RBP1,0,-0.610957709254101,-1.0277449904829,-1.15965666598849,-1.63742992061529,-2.58496250072116,-3.22239242133645,-2.41046476948902,0.357216844890501,-0.903673882924976,-0.173148902316599
GRK7,0,0,-1,-1,-1,-1,0.584962500721156,-1,1.8073549220576,-0.415037499278844,-1
KAT2B,0,0.896236203143854,1.07863724958945,1.70155276567545,1.45635784931561,2.26985377504272,2.50476917534456,2.64327706551156,-0.818860211061761,0.438666701319437,-1.51319524049875
BCHE,0,0.0843921872903726,-0.375039431346925,-0.7311832415722,-2.20511442990461,-1.56768450928932,-0.593679717822265,1.12480645573628,-2.24575641440196,-2.91560781270963,-3.12711191790334
PFKFB4,0,-0.0148477644073135,-0.380975663205211,-0.77690433953635,-1.71902342345585,-2.36186684025751,-1.76849209972015,-1.6249012460913,-1.5581322338786,-1.28186751819229,-1.33677585929468
PRKAR2A,0,-0.690752192822125,-0.488540624569584,-0.613138327422402,-0.793244209704452,-1.71307386102047,-1.68045243945127,-0.851477475289912,-0.702614089375429,-0.771998793808072,-0.81964302574902
USP4,0,-0.381354373022555,0.655171503002559,0.310523331615113,0.546590689848638,0.766202815391303,0.263980745678083,1.13543662505702,0.839451797421941,0.605639917152682,0.997157250231175
USP9Y,0,-2,-2,-2,-2,-2,-2,-2,-0.678071905112638,8.35038674231284,8.43045255166553
HYAL1,0,0.0809199953835675,0.343954401217361,0.561655127229087,-0.0931094043914815,-0.369522840026475,-1.76970238057821,-0.571156701196126,-1.01393919095787,-0.28681178911692,-0.581498645417585
CBLB,0,0.202105407191462,-0.235103473086002,-0.612338939652461,-1.30039493333772,-1.53172047944418,-0.989193245043417,0.752072486556414,1.8073549220576,0.412323114581808,0.284567567383435
GBE1,0,-0.334146046962097,-0.895553819704357,-0.799526931930581,-0.985940056161462,-0.872377497338262,-0.46888161994211,-0.236590737539424,-0.201869358361058,-0.307673835600906,-0.37733471356979
UMPS,0,-0.919177520250042,-1.14072502499374,-1.01889431175247,-1.11726605216975,-2.11146043048854,-2.06023510713337,-0.597756612937209,-0.653609847670726,-0.574608585168583,-0.767681614379521
ATP6V1A,0,-0.386769774256039,0.0257084408656385,0.466600304397763,-0.308200721881929,-0.253677415949841,-0.035428352167779,0.465407994378752,-0.540268973861184,-0.244624606374023,-0.24145732729534
NEK11,0,-0.405256478486259,-0.688710425558985,-0.786890819497889,-1.41307598294556,-1.63285719082547,-1.68871042555899,-1.0911478880582,0.619868115669358,-0.300013318458922,0.355683693799468
HEMK1,0,-0.264827687656845,-0.973364873496533,-0.77632802643698,-1.29749387657717,-2.83906378178494,-2.28652275875616,-0.791758067006586,-0.385473041736706,-0.938599455335857,-0.67628084958665
MAPKAPK3,0,-0.333926940929766,-0.34028243596959,0.0765453779641,0.138417996510694,0.0451943147187898,-1.451122675576,-0.680841719289157,-0.529746266667306,-0.274526019721588,-0.890436866161491
ACVR2B,0,0.461904104316818,-0.773724144176324,-0.461133913868298,-0.424139706386096,-0.284976958714471,0.249359468936717,0.930291028188596,0.142444265020205,-0.181025994675563,-0.370368449945115
ABCC5,0,0.194647430853544,-0.5376567859428,-1.43874175987011,-3.29021923516002,-3.14135584924554,-2.85958488083016,-1.22132415394896,-0.208301673155368,-1.09953567355091,-0.952694285221643
AADAC,0,4.03342300153745,5.66177809777199,5.1548181090521,0.584962500721156,-0.192645077942396,-0.415037499278844,-2,0.523561956057013,-0.678071905112638,-1.1926450779424
ABHD14A-ACY1,0,-0.415037499278844,-1,-2,-1,-2,-2,-0.415037499278844,-0.415037499278844,-1,-1
PLCH1,0,-0.807354922057604,-2.8073549220576,-2.8073549220576,-2.8073549220576,-2.8073549220576,-1.8073549220576,-1.22239242133645,-0.637429920615292,-2.22239242133645,-2.8073549220576
NKTR,0,0.101725064388732,-0.14659855806962,-0.331023129207048,-1.5326569903767,-1.4467379641917,-1.29999623358642,-0.14659855806962,0.280774414187907,-0.309796237583163,-0.900388774877186
SPCS1,0,-1.13656191920815,-1.01737256399812,-1.45160362851027,-1.63446768566008,-2.17858513410386,-2.38448943265174,-1.43029312226486,-0.528771489032734,-0.934027967518993,-0.745888968328508
NEK4,0,-0.871623965483608,-1.36152426923316,-1.20701432017753,-1.57765770009792,-1.78916180529163,-2.01718976129752,-0.912393571285906,-0.532822052031849,-1.33664960059413,-1.3836470801313
SLC4A3,0,-0.519778331961019,-1.13993026114448,-1.25096157353322,-1.11345804978328,-0.872449950279489,-0.591037015130841,-0.765534746362977,0.12199052437861,-0.250961573533219,0.0418201756946269
DGUOK,0,-0.667702931729092,-1.43248647003506,-1.11823911222932,-1.78505988236725,-2.28688114778816,-2.0432120668213,-1.41977541828551,-0.167857044645887,-0.727144623355179,-0.332312577035168
KANSL3,0,-0.610621455892623,-1.05658352836637,-1.01861567816735,-1.48666042710935,-1.8314457302911,-1.78821567822953,-0.873185238645783,-0.259339922276052,-1.10052687595396,-0.853556431896851
TTL,0,-0.968521768526832,-1.41100198604369,-1.53726575868986,-2.05246741989414,-1.99697230730243,-1.88638914123736,-1.05089671201891,-0.649265057052262,-0.932644732198235,-0.700060908885696
PIKFYVE,0,0.266842247149325,0.167221686714158,0.136333191055353,-0.718967195415576,-1.25079000454316,-0.918014527418803,0.0967686903816595,0.317058475314151,0.122608695316919,-0.188361962354443
ZAP70,0,-0.584962500721156,0,-0.584962500721156,-1.58496250072116,-1.58496250072116,-1.58496250072116,0,1.93859945533586,-1.58496250072116,-1
GPD2,0,-0.707248635773174,-1.37538842262584,-1.39092230126893,-1.52374807423322,-0.992574893332739,-0.891065628446836,-0.411567693350569,-0.846211392662576,-0.988138103446696,-1.0247775730344
ACVR1,0,0.836809832586416,0.628031222613042,0.413107472180444,0.0897301606560122,0.43038546361228,-0.318075769391756,0.464332795535617,0.650322233222416,0.276472780158598,0.139606067295582
PPM1G,0,-0.994583600349489,-1.49117493325193,-1.58341288183867,-1.8174682207007,-2.03213960497309,-2.14076315135197,-1.55352330991974,-0.172301085773626,-1.26660485861012,-0.602707571192312
PDE1A,0,1.58496250072116,1,1,1,2,1,2.32192809488736,3,2.32192809488736,2
MOGS,0,-0.679113938412464,-0.738702734702264,-0.484385545969579,-0.69588965116329,-2.49169034659281,-1.84695562535429,-0.933833076034254,-0.418513874553438,-0.805403135909781,-0.451964068277201
NDUFS7,0,-0.821029858954681,-1.55799545312089,-1.31513892922472,-2.07256862595065,-2.2684888359259,-2.42049192937095,-1.9205655325056,-1.74150951931115,-1.53021229660735,-1.47620136195724
GALNT3,0,-0.48825238995367,-0.706204203478274,-0.410340490962563,-0.484813305986899,-0.579755868237335,-0.836019193396507,-0.425095455219464,-0.645429529736657,-0.963642888050495,-0.691264183454325
POLE4,0,-1.0703893278914,-1.47902905597209,-1.03242147769238,-1.13933668160889,-1.44122702325971,-0.941656013769195,-1.00458726949565,-0.990868988247872,-1.44745897697122,-1.41046476948902
ACADL,0,0.540568381362703,1.49476469174958,2.06413033741972,-0.874469117916141,-3.4594316186373,-1.13750352374993,-0.289506617194985,0.825970600224951,0.750021746991653,-1.65207669657969
FANCL,0,-1.00413973036092,-1.49288691582278,-1.65266735985955,-1.58910223108208,-2.46980330270974,-1.66572351268499,-0.796031535030724,-1.25725866732964,-1.45272978935079,-1.54019263060113
GLS,0,-0.44248308916419,-0.580172899316461,0.0708787918624673,-0.609151966288227,-0.161553605225222,0.853317705676833,1.46794238548106,2.15438277596542,0.845519849150341,1.40152410385094
PAPOLG,0,-0.259432169153598,-0.223896011926836,-0.427110331579419,-0.958523364023841,-0.379413589548122,-0.419050561785467,0.00898878322725476,0.116863757690899,-0.417042635169221,-0.445411148322363
PECR,0,-0.78021879212009,-3.39689015256858,-2.84434912953981,-4.3037807481771,-4.4964258261195,-3.13385574673479,-1.98185265328974,-2.39689015256858,-3.01837852931485,-2.47089073401236
USP34,0,-0.0167019119455883,-0.180926542068181,0.108100831307651,-0.283908487884057,0.113636653648001,0.591589499240402,1.12768799738959,0.393961231671402,-0.0298649712310365,-0.391321430305036
NEU2,0,0.485426827170242,0.84799690655495,2.0703893278914,3.26303440583379,5.63807383718072,4.93545974780529,4.10433665981474,-0.736965594166206,2.4594316186373,-2.32192809488736
ST3GAL5,0,-0.584962500721156,-0.989111683857264,-0.433369322051101,-0.309684499132615,-0.389758090830486,0.0324214776923774,-0.26960705975728,-0.520832163301441,-0.127022039881612,-0.277865210759589
CHST10,0,-2.0703893278914,-2.58496250072116,-2.8073549220576,-2.58496250072116,-3.39231742277876,-2.0703893278914,-1.48542682717024,-0.0524674198941355,-1.39231742277876,-1.10691520391651
PLCD4,0,-0.0655883416275767,-2.24392558288609,-3.32192809488736,-4.90689059560852,-3.68449817427207,-3.16992500144231,-1.28239973070073,-1.15200309344505,-2.20645087746743,-2.73696559416621
SLC9A2,0,2.61143471208235,1.95935801550265,2.28950661719499,2.3536369546147,4.03952836418664,3.18762700317577,3.96962635095648,1.38466385023533,1.28950661719498,0.53051471669878
FHL2,0,-0.562667461030803,-0.886343218204433,-0.698076580772611,-0.416615077392179,0.194417793759404,0.16729474539764,-0.00949144897729775,0.330417335052685,0.404653017131039,0.414446109624779
UXS1,0,-0.547315213803288,-0.739960291745684,-0.706623107871571,-1.085500943855,-1.25721256477132,-1.2952519257905,-0.470693932200375,-0.191683815247718,-0.879526281952511,-0.152501778220457
ABCB6,0,-0.485426827170242,-0.304854581528421,0.067114195858537,-1.8073549220576,-2.8073549220576,-3.39231742277876,-0.222392421336448,-0.584962500721156,-1.58496250072116,-1.8073549220576
STK16,0,-0.389821213670007,-0.428424052893754,-0.43823834272071,-1.2406777743642,-1.65571527364304,-1.87810769497949,-0.594076207850656,-0.588601077784504,-0.832095297222653,-0.605089200573073
SLC5A7,0,-0.584962500721156,-1.58496250072116,-1.58496250072116,-1.58496250072116,-1.58496250072116,-1.58496250072116,-1.58496250072116,0.415037499278844,-1,-1.58496250072116
HDLBP,0,-0.668453080423182,-0.950440961755894,-0.863452890803201,-1.02937362325506,-1.00402684867588,-1.22662607836144,-0.749600000876894,0.237732670042351,-0.503260966671401,-0.468177190872418
PASK,0,-1.68850010482957,-1.95669621577914,-2.21045280802492,-3.0040019305575,-3.24792751344359,-1.56511768932428,-0.988060386688475,-2.387330570109,-2.62549030730377,-2.12953281264136
STK25,0,-0.732196350018334,-0.628118082244056,-0.782255704677083,-1.04266344607863,-1.43362836136925,-2.1983890604772,-1.43879931687241,-0.480848050385626,-0.917378610732109,-0.724282479154372
TPO,0,1,0,1,0,1,1,0,2.58496250072116,1,0
ODC1,0,-0.756794567928127,-1.44313408902437,-1.00190706576466,-1.24673687622086,-0.733792742566512,-0.722427908857269,-0.168401161806698,-0.48893777863749,-1.06032375198998,-0.717092143894396
BIRC6,0,0.0497258126098235,-0.284473980865598,-0.230243568403206,-0.79346881889275,-0.880235882439278,-0.515204285581656,0.227259914729615,0.550559392838957,0.0225098856574211,-0.0289988526128259
PRKD3,0,-0.220185770522055,-0.790694098582065,-0.901347932684086,-1.42572900716628,-1.23386935436309,-1.54802749044223,-0.663029965338918,-0.999220796610338,-1.15018560642591,-1.01331125627552
QPCT,0,0.293445718729888,0.159036685299576,0.664676733359327,1.46304287218968,2.1711297572876,1.94189704543643,1.51836475199213,-0.107889010933498,1.21228457318185,0.313224026006502
SLC25A12,0,-0.278067220791268,-0.889946454535086,-1.0583439862308,-2.391767719956,-3.05377125644098,-3.16772744573807,-2.25951992165756,-0.519924071446679,-0.789595929202617,-1.02663512650347
LCT,0,1.58496250072116,0.415037499278844,0,0,-1.58496250072116,-1.58496250072116,0.736965594166206,2.05889368905357,0,0.415037499278844
DARS1,0,-0.970519276278433,-1.28504302676755,-1.29014540181507,-1.49728451763584,-1.78171899507075,-2.48846066724883,-1.28122805308339,-0.943135138765018,-1.14962465760703,-1.22640402833887
SDC1,0,-0.444646788637479,-1.00452997107068,-1.24320116441769,-1.83358600765076,-2.30743846559264,-2.64582074908045,-2.13860732654323,-0.0675876242980868,-0.702724704552936,-0.419800160417796
PLCL1,0,1.92599941855622,0.263034405833794,0.678071905112638,0.485426827170242,0.263034405833794,0,2.63226821549951,2,-2.32192809488736,-1.32192809488736
SLC1A4,0,0.0643448911503213,-0.491030813582485,-0.333489536596005,-1.45450493755737,-1.47265228426763,-0.768004410374152,0.00164409709062507,-0.790591095441393,-0.210378994273641,-1.08818272331155
KYNU,0,1.18057224564182,0.415037499278844,0.415037499278844,-2.32192809488736,-2.32192809488736,-1.09953567355091,1,2.11547721741994,1.22239242133645,2.60090404459018
AAK1,0,-0.419225296242277,-0.321928094887362,-0.436099114806674,-1.3536369546147,-1.17306470897288,-0.578703510249474,0.6463630453853,0.942412508447056,-0.17306470897288,-0.607085311619296
PCYOX1,0,-0.263034405833794,-0.447958381017363,-0.733308570558117,-2.26449981483829,-3.21266088331867,-3.22402074548322,-1.75168709987297,-0.500086680560129,-0.701698964041295,-0.530616433132769
ATP6V1B1,0,-2,-2,-2,-3,-2,-1,-1,0.321928094887362,-2.41503749927884,-0.830074998557688
SPR,0,-0.726981505593584,-1.60514038265879,-2.36257007938471,-2.6887983117057,-3.36257007938471,-2.73251968913501,-1.25504161508026,-0.100251473635501,-1.21961212554267,-0.771893927469159
EPHA4,0,1.35230174393088,1.13540911974181,1.04470414300655,-0.0428361979102578,-2.10063236310649,-2.9796800156204,-2.26303440583379,2.52822548599464,1.67563177760924,1.95089192268281
FARSB,0,-2.29159564745573,-2.09713623889372,-2.30619302366869,-1.76257131832843,-2.09713623889372,-3.24397762722299,-1.64039944833449,-0.810324449776799,-1.18208924058994,-1.033005901474
DHCR24,0,0.318696107479088,1.28958813938387,1.26620410534071,-0.226606487947206,-1.41296951425149,-3.79567534224596,-3.06793564708822,-0.331027900715319,0.135281839347394,-0.176475921391964
MARK1,0,-0.337695410745679,-0.607085311619296,-0.180154133759199,-0.768674453893544,-0.0445901510240706,-0.166009951438929,-0.496761896713298,0.591221491192839,-0.183711953172388,-0.0445901510240706
GPX7,0,-0.0995356735509144,-0.658963082164933,-1.44745897697122,-2.90689059560852,-3.32192809488736,-3.90689059560852,-1.44745897697122,0.222392421336448,-2.90689059560852,-0.736965594166206
SCP2,0,-0.16929035523625,-0.136442090759284,0.026077645894236,-1.42973138442188,-2.254289378012,-2.90573690099215,-1.48164615346042,0.128240602420967,-0.357566431640628,-0.110791267905087
FAM20B,0,-0.689422052911356,-0.628627162123097,-0.578831190851446,-0.888877662970645,-1.31661278902181,-1.43124001228478,-0.452382855610507,-0.293334847373872,-0.463071618006225,-0.235284733943572
ICMT,0,-0.780828827522458,-0.780828827522458,-0.4525330022503,-1.1776510901571,-2.56028035422062,-2.6076637606461,-1.38906110756646,-0.762948828486575,-0.896702133242736,-0.878789307910416
AMPD2,0,-0.198850227469104,-0.0249823565573363,0.811770888287469,-0.156827012573397,-1.24947630053907,-2.08282643112962,-0.969368381346337,0.174732844638022,-0.368331117767109,-0.253161347346928
MECR,0,-1.34075976961773,-1.48459554219139,-1.24896729369824,-1.33026739580009,-2.17200531188336,-2.6574321390536,-1.47300756791617,-0.769906868312014,-1.19561786910531,-0.568427132994856
ATP5PB,0,-0.732828044462818,-1.04509191624794,-0.696607856550065,-1.20491008865211,-1.72525923936277,-2.14141554059058,-1.47768493807443,-1.07283944787023,-1.08516566918959,-1.32085034493303
RNF19B,0,0.408413108967592,0.140247595030647,0.317388935272195,-0.0538668719787358,0.6752366044145,0.827712635100595,1.36215038627894,0.426791638282446,-0.0656761742683691,0.51268359162854
ASH1L,0,0.0991446462979746,0.0116818050476352,0.0895312215915685,-0.485133626266705,0.0588936890535686,0.908453645643198,1.50972673509158,0.320167637022925,0.00512243261258788,-0.14647489650947
SRM,0,-1.71187461320338,-0.984893107609792,-2.56985560833095,-1.71187461320338,-2.11042398969365,-2.04629365227393,-0.984893107609792,-0.0462936522739349,-0.639118270768062,-0.312467765638296
DNAJC6,0,1.05889368905357,0.959358015502654,0.557995453120887,-0.710493382805015,0.3536369546147,0,0.720845928802929,1.47393118833241,0.539733246728158,0.337869638756384
SLC35D1,0,-0.764245556861702,-1.94044315531955,-2.24218109048382,-3.43295940727611,-4.75488750216347,-3.88494804272784,-2.75488750216347,-0.662312600243529,-1.33907289807678,-1.21412480535285
PLA2G4A,0,-0.482268792255329,-0.961525852185364,-1.02444403664758,-2.84147790322215,-2.70466121359178,-2.07461082334208,-3.01802729497572,-0.835823963754966,-1.09023180392995,-1.78228211071425
RPE65,0,1,0,0,0,0,0,1,1.58496250072116,0.584962500721156,0
AMPD1,0,1.58496250072116,0,0,0,0,0,1,0,0,0
CTH,0,-0.973032952399731,-1.08406426478847,-0.236067358233524,0.557481764299049,0.442004546879113,1.52000705888039,0.841935153767749,-0.424139706386096,-1,-1.0554951125917
AGMAT,0,-0.874469117916141,-2.4594316186373,-2.4594316186373,-1.13750352374993,-1.87446911791614,-2.4594316186373,-1.4594316186373,-0.289506617194985,-1.28950661719498,-0.552541023028779
TNNI3K,0,1,1,1,0,0,0,1,1,1,0
CRYZ,0,-0.441495218402094,-0.400631842813868,-0.685840372336913,-2.64855935625745,-3.46885333402256,-3.8709517775939,-2.79566365028966,0.0302024484654727,0.625854455921576,-0.8838908333014
HAO2,0,1,0,1,0,0,0,1.58496250072116,0.584962500721156,1,0.584962500721156
GNPAT,0,-0.450739775887603,-0.675097113698135,-0.36548371025409,-1.30905551081131,-2.03249272013287,-2.28021987317881,-1.32663765850669,-1.02052007846679,-0.884100880240198,-0.853335575184093
NT5C1A,0,0,0,0,0,0,0,0,0.584962500721156,0.584962500721156,0
MTR,0,-0.817796668779251,-1,-1.04508788952854,-1.79836613883035,-2.42991077576037,-1.54663438206206,-0.102014957613373,-0.457265734668141,-0.899539818220787,-0.566013397920166
KMO,0,0.447458976971221,-0.459431618637297,0.447458976971221,-1.4594316186373,-0.874469117916141,-1.13750352374993,-0.289506617194985,5.09707443603463,3.9584208962486,4.08360020161794
AKT3,0,0.246914740470517,-0.120294233717712,-0.0790715709911988,-1.47393118833241,-0.206450877467426,0.690044546778714,2.15919859484925,1.40053792958373,0.771181309504119,0.254997086768376
ACADM,0,-0.627149572117559,-1.15956820864514,-1.50805451501537,-2.24239463977476,-3.25557002852249,-3.36554287054762,-1.78534961397434,-0.824082008463053,-1.28060295918692,-0.774640900585689
ST6GALNAC5,0,-0.233199176293031,-1.23319917629303,-0.957564733679603,-2.3112016882943,-1.81816167701419,-0.195724470874368,1.09881773621792,1.15791248374033,0.052851882265735,0.343301745679929
PADI2,0,0,-1,0,-1,0.584962500721156,0,3.52356195605701,1.90689059560852,-0.415037499278844,2
SDHB,0,-0.83129544955754,-1.23951168298037,-0.703324697044549,-1.04120675061961,-1.30718150951818,-1.66800604115105,-1.10826714970212,-1.20113987210785,-1.31535544096388,-1.47176742726388
UAP1,0,-0.75029592457869,-1.20580149538488,-0.613899611198441,0.184858761826655,-0.0616103454412001,-0.299931488612761,-0.651301447710813,0.319996775936436,-0.140189966945224,0.290219235160024
PLA2G2D,0,0,0,0,0,0,1.58496250072116,1.58496250072116,0,0,0.584962500721156
CDK18,0,0.125530882083859,-0.712197689017264,-0.981384321832653,-2.01885902725132,-2.01885902725132,-3.2667865406949,-2.17932369944456,0.78306200875566,0.0551415541924609,-0.0188590272513159
HMGCL,0,0.138755475143969,-0.104041459109639,0.258763644310921,-0.628926139235553,-1.79657019942663,-1.11678995185163,-0.427556968469523,-0.226498688811951,-0.327844829253795,-0.383243067912886
GALE,0,-2.0013603914642,-2.23102997849958,-1.34384980883388,-0.844194620737232,-2.03998168549151,-2.61658071327804,-1.34040250721541,-1.77508453564053,-1.54738320291901,-1.32328848635157
SLC2A1,0,-0.617890250869195,-1.81077214599934,-2.1589710674552,-3.73719603822722,-2.3596597781187,-3.51250083102135,-3.07957794720801,-0.845208572060206,-1.35783151281194,-2.01345604912838
ATP6V0B,0,-0.174760469357228,-0.392834734099987,0.311407531752197,0.264719171187929,-0.191463348149997,0.578511601895038,0.620982563247654,-1.08327371167925,-0.446957518835867,-0.963681026244651
B4GALT2,0,-0.69585609223338,-1.37095643081473,-1.39490212643976,-1.43158278976623,-1.90775164907537,-1.79194319642476,-1.62688395015426,-0.746947025961757,-1.17942497318304,-0.883199087615298
AKR1A1,0,-0.369573467122471,-0.454781509725414,-0.518404149616515,-1.59196588845892,-2.75926063385656,-3.10503547069829,-1.93957011744668,-0.454781509725414,-0.809394067331203,-0.641057062792082
PRDX1,0,-0.563818753353749,-0.503122298744369,-0.0338303932386111,-0.892464229856277,-1.68629392318726,-2.47725140153293,-1.31124716700939,-1.13578547879523,-0.976205905667548,-1.01433356865069
PIK3R3,0,-0.936434871222534,-1.12199052437861,-0.86367852878722,-2.62449086490779,-3.47248777146274,-2.88752527074159,-1.09397614820901,1.85484031116721,0.838579330792852,1.21401275572047
SLC19A2,0,1.1647141451946,1.32956815708949,2.05736080946092,0.506250524707116,1.44972692012389,2.5732114950288,2.42814397244814,-0.507296007130832,0.759765463539344,-1.317678621886
FAAH,0,-0.355331253154576,-0.89235927681203,-1.30425706856031,-2.19555080911781,-2.59515826782704,-3.02046410255972,-2,-1.20137988792,-1.5572900822366,-1.84596637132758
NSUN4,0,-0.434652259937116,-0.678687258093129,-0.683619553635359,-0.936806173512806,-1.22958792274065,-1.50712189826956,-0.960554776285415,-0.644625422019496,-0.618415542696647,-0.716097177152534
ABCD3,0,-0.0059363064986227,0.0550413635579621,0.288651010740596,-1.05976514485831,-2.28409602136162,-2.37155886261196,-1.42951360269592,-0.221608560930917,-0.437750200621842,-0.418293623597119
DPH5,0,-0.441269040852023,-1.1650592462705,-1.48153291106575,-2.27871602806606,-2.78318861092685,-3.25525705524207,-1.58009674554934,-0.320710116730691,-1.10616555721693,-0.737778151236905
PRDX6,0,-0.584962500721156,-1.01060809956598,-0.963474123974886,-1.63989817620604,-1.95935801550265,-2.54740649609755,-1.80550649766524,-0.802738293987234,-1.17508670655809,-0.886719594673261
HSD11B1,0,1.70043971814109,2.62449086490779,4.57490883605723,2.71881824745595,0.938599455335857,0.115477217419936,1.93859945533586,0.54432051622381,1.89077093024524,-1.58496250072116
PLPPR5,0,-2.58496250072116,-1.84799690655495,-1.16992500144231,-1.16992500144231,0.15200309344505,1.18762700317577,1.93859945533586,0.874469117916141,0.502500340529183,-0.31194400631474
PLPPR4,0,0.535037275389474,0.339486466271667,0.594743521513742,-0.970853654340483,0.614108846380673,0.085729874025884,0.555215157327104,-2.22239242133645,-4.61470984411521,-3.15527822547791
SLC35A3,0,-0.153645319053096,-0.52658098545211,-0.443882414765403,-0.817980282539266,-1.26875743586602,-1.64324083679423,-0.341759266808931,-0.570509708586052,-0.694114118359442,-0.72064534047984
MAN1C1,0,0.383328639551506,-1.06413033741972,-2.20163386116965,-2.93859945533586,-2.52356195605701,-2.20163386116965,-3.52356195605701,-1.06413033741972,-2.20163386116965,-2.20163386116965
NEK2,0,-1.31141022297336,-3.34319671164101,-3.8314831929505,-5.91394535314247,-7.1940532723352,-6.41644569367165,-5.35755200461808,-7.30096847625172,-5.41644569367165,-5.87212517744784
RPS6KA1,0,-0.675079795417473,-1.60507007416973,-1.71783800433168,-2.13053156314223,-2.5187562312871,-2.79740526165,-1.99359591778612,-1.29490492112082,-1.51060539016624,-1.23660628055615
DHDDS,0,-0.397723445429567,0.0795561745406553,0.242056315854744,-0.14570585498384,-0.655976753131561,-0.692227279400922,-0.140687780217216,0.216864224400868,-0.0438262409646269,-0.307797766052474
SLC5A9,0,-0.192645077942396,0.584962500721156,0.700439718141092,-1,-3,-3,-3,1.55458885167764,0.321928094887362,0.169925001442312
CTSD,0,-0.179276023595154,-0.459296541155724,-0.292511606910628,-1.22527709121207,-1.405344103075,-1.91094881218287,-0.904865760131028,-0.78736654512588,-1.17073573202891,-1.15862235237681
A4GNT,0,0,1,0,0,0,0,0,1.58496250072116,0,0.584962500721156
STK11,0,-0.139466226096032,-0.663328274726335,-0.413585365244932,-0.978369984028457,-1.50960050081182,-1.63259514718673,-1.09223794858674,-0.979443817379775,-0.794203060010366,-0.984825006165757
KMT2A,0,-0.108376161044792,-0.734857931204215,-0.662965012722429,-1.43201057788256,-0.432010577882557,0.552972386476719,1.17553860790584,0.26908565678449,-0.31522062603093,-0.419262085140569
TREH,0,0,0.415037499278844,1,-0.584962500721156,-1.58496250072116,0,-0.584962500721156,1.73696559416621,0.736965594166206,1.22239242133645
APOA1,0,-1.58496250072116,-0.584962500721156,-1.58496250072116,-1.58496250072116,-1.58496250072116,0,-1.58496250072116,0.415037499278844,-1.58496250072116,-1.58496250072116
SLC8A2,0,2.58496250072116,0,1,1,0,0,3,4.4262647547021,1,0
B4GALT6,0,-1.72084592880293,-1.89077093024524,-1.0494686762643,-1.66837850890879,-1.72084592880293,-1.66837850890879,-0.775293712825306,-1.03278993511767,-0.761487913300275,-1.13588342808177
CA14,0,-0.0962153152593032,-0.430634354329862,-0.70626879694329,-1.78427130894456,-1.25375659224578,-0.253756592245783,0.29373120305671,-1.36923380966572,-2.14684138832927,-2.25375659224578
SPCS2,0,-0.646890249864358,-0.153350776906797,-0.828728572850171,-0.371255807250931,-0.0368367681803714,-0.340228911630306,0.471504450937872,-0.371255807250931,-0.394971876224738,0.082462160191973
USP35,0,0.253756592245783,-0.0565835283663674,0.194378045166851,-0.591915261362923,-0.612976876890753,-1.30812229536233,-0.257496222292364,0.39231742277876,-0.035103800955916,-0.656045598782639
ELOVL4,0,1.38080270685558,2.55504540877169,3.12265902978157,2.97883098490921,3.28949306815464,3.24277255596314,2.88009451062583,0.123890523702603,1.76079278992339,-0.57901323438997
ALDH8A1,0,0.347923303420307,-1.13750352374993,-1.13750352374993,-3.4594316186373,-1.13750352374993,0.125530882083859,-0.137503523749935,1.12553088208386,0.241008099503795,-1.28950661719498
SGK1,0,-0.598404763633229,-1.31467471087604,-1.41814341014667,-1.342433750322,1.32169538337127,2.71955442905119,1.28229630799443,-0.221520087313565,-0.710546268489909,-0.932938689826356
RNF146,0,0.0580690562555301,-0.318711382203819,-0.0444746291406049,-0.862496476250065,-1.54432051622381,-1.24663996758313,-0.163498732282879,0.0141001970448541,-0.154868427139439,-0.304324276416444
ARG1,0,1.42409074753173,2.73592731053673,4.94040338810092,3.65419813399618,4.96553516473038,5.64344096598689,4.34253837456265,1.0434502560334,3.5267173596852,-2.41850135458241
CCN2,0,-0.371968777386958,-0.552541023028779,0.494764691749578,2.06413033741972,2.47130571892559,3.18442457113743,3.98765160757236,5.62404770869454,4.71549406386338,6.25781638719035
SLC16A7,0,1.82265405844049,1.41772658680648,0.503766417873175,0.473069620650259,-0.36564947231668,-1.15919859484925,-0.856635824828823,-1.54252723440076,-1.74416109557041,-2.54252723440076
RPN2,0,-0.837620491913082,-0.966525295448912,-0.726280998155257,-1.1301563911468,-1.50348843951465,-1.93542799870392,-1.43664705250682,-0.459458076755512,-1.00381497368417,-0.79256169983099
ABCG2,0,0.290392521454256,-0.878536487514333,-0.825749073154898,-1.20945336562895,-0.237909811678178,0.0897546527583291,-0.834413934282025,-0.651032652360286,-0.15417093012776,-1.54411744844377
NDUFB3,0,-0.824158656811708,-0.901397069943952,-0.293079643409546,-1.23644729204986,-1.88887276054976,-2.18371834853661,-1.23889046797819,-0.779458849340893,-0.862731960628437,-1.01614876809243
UBE2B,0,-0.00745580491904723,-0.207595419408367,0.121186346520057,0.330824495375759,2.00371350279906,2.45807888057205,3.36803386362558,0.121186346520057,-0.0491660568038844,-0.639910910119047
TRPM6,0,-1.12553088208386,-2.58496250072116,-1.77760757866355,-1.12553088208386,-1.77760757866355,-1.58496250072116,-1.58496250072116,1.8988532765431,1.01495034146597,1.78135971352466
GDA,0,0.610053481683987,1.88135550350138,2.80373460637891,1.61832109766759,0.948469699359918,0.86754970397635,2.17273453502914,0.895030440398457,2.38869710710006,-0.357156583198344
PIGZ,0,-0.321928094887362,-1.58496250072116,-0.447458976971221,-2.90689059560852,-3.90689059560852,-1.90689059560852,-1.09953567355091,0.485426827170242,0.0473057147783568,-0.0489096004809464
GLE1,0,-0.530021950904257,-1.04390905173525,-1.03934355728945,-1.8656249826887,-2.4265420094432,-2.00110933880198,-1.10461391455584,-1.71422819101382,-1.4688883001528,-1.71241004957484
TRIM32,0,-0.220629812637188,-0.314013259206507,-0.132925212686511,-0.989456505758531,-0.961711515275626,-1.05390521348537,-0.562214866892561,0.353330194026496,0.324042967058251,0.205156927733348
NEK6,0,-1.43104981726747,-1.91647664443772,-1.7465516429954,-1.880852734707,-1.7465516429954,-1.12988028254691,-0.443988872974973,-0.0192362188629173,-1.07853340254669,-0.0485801804450616
PPP6C,0,-0.29176612437711,-0.078284756948058,-0.181080326309474,-0.678071905112638,-0.352085593650922,-0.242856523896164,0.165402442751618,-0.360213474534322,-0.416731797818719,-0.463246592321464
NDUFA8,0,-1.05950101174866,-0.839279689453841,-0.942856092896391,-1.44613479602384,-2.2256344340286,-2.67516030969273,-1.38142910663602,-0.648265082629674,-1.12156197988091,-0.603294323493414
GALNT12,0,-2.32192809488736,-4.64385618977472,-2.76938707185858,-5.22881869049588,-5.22881869049588,-3.90689059560852,-4.22881869049588,-0.736965594166206,-1.52837897235479,-1.58496250072116
ALG2,0,-0.252387161634285,-0.153323034105183,-0.156628178828855,-0.136909944214349,-0.38565369249775,-0.0513683910904044,-0.143452790081121,-0.0871845704343762,-0.0746256659600066,-0.370223651928144
KDSR,0,0.060103351373492,0.132071120386118,0.321755203157167,-0.230048292836116,0.28178491039406,0.429016169817308,0.0667212301379998,0.0451011880342453,0.313431939450627,-0.0376566972875709
NEK9,0,-0.736965594166206,-0.890949051739497,-1.14135584924554,-1.78403384782299,-2.30071160897767,-1.40439025507934,-0.444547381551318,-0.53920890555554,-1.01936532486693,-0.466528939969808
ACYP1,0,-0.727474145188909,-0.985786140780299,-0.581395885700964,-0.916744496350648,-1.35443073457469,-1.87685176922714,-1.63584366972334,-1.38208707747756,-1.61381736339334,-1.11131702286416
ACOT2,0,0.953706347726065,0.0595010117486617,-0.110423989693651,-1.52546148897249,-1.98489310760979,-1.71187461320338,-0.615659297944073,-0.12691211248222,-0.12691211248222,0.28189343308511
DLST,0,-0.778913776164177,-1.04105237629338,-1.27378029922072,-1.32192809488736,-1.53618346678547,-1.0545482187776,-0.500651916136815,-0.693033126672734,-0.845388054052192,-0.657589413847976
ALDH6A1,0,-0.034527683128271,-0.58009674554934,-1.12199052437861,-2.40209844357135,-2.75002174699165,-2.56559717585423,-1.35147237050138,-0.643399327457858,-0.924051146766702,-0.46126051603949
COQ6,0,-0.608809242675524,-0.80145432061792,-0.843274496312547,-2.02384674195437,-3.34577483684173,-2.60880924267552,-0.471305718925589,0.354664881299362,-0.13632147121278,-0.330824495375759
DNMT3A,0,-0.47916783669856,-0.436099114806674,-1.13124453327825,-1.61667136044849,-0.592824618494127,-0.294743265561132,0.0462936522739349,0.105794664022597,-0.690671941892271,-0.210679000772658
FKBP1B,0,-0.444784842672896,-0.527247002864869,-1.36678233067162,-1.0911478880582,-2.15527822547791,-2.15527822547791,-1.29278174922785,-0.0911478880581953,-0.85982234195174,-0.485426827170242
SLC17A5,0,0.162402042727303,-0.162271428898877,-0.314274522343927,-1.74723392962003,-0.82123451106381,-0.425305834732671,-0.254465127108624,1.1801207685482,0.687632543420732,0.942065230915859
ELOVL3,0,0.584962500721156,2.99177949319503,4.12553088208386,1.49476469174958,-2.4594316186373,-3.4594316186373,-3.4594316186373,1.66985139830767,4.50923517455791,-0.552541023028779
GPAM,0,-0.860725211397872,-1.37024957753201,-1.41503749927884,-1.72563758836469,-3.42809365210429,-2.1982261102057,-0.624490864907793,-0.384494625100427,-0.945010765402348,-1.04958202885056
PPP1R3C,0,-1.55307843970137,-2.39635293601392,-2.31389077582194,-2.27436241163531,-1.92922692558662,-0.97602113706556,-1.37529132048609,0.535774951093624,-1.79731525008104,-1.05755102256216
GOT1,0,-0.788917673800928,-0.772976129931906,-0.805037339164205,0.139189407717286,-0.217375688842093,-0.0139842294357012,-0.255631207852094,-1.45104803504454,-1.16442680889313,-1.22548833462941
DUSP1,0,0.170932821979901,0.401362562381767,1.213029305459,1.46978770339265,2.35989594508638,2.15838580888923,0.917858047342554,-1.42779672999419,-0.376245016281785,-1.91371186146453
PANK3,0,0.466532675012441,0.825544640532875,1.45521905197905,1.35604648286544,0.716232825656751,0.066372488453948,0.0368965867810375,0.47114038767938,1.44599497463743,0.418629380575366
TEK,0,0,-1.32192809488736,-1.32192809488736,-2.32192809488736,-1.32192809488736,0,3.4594316186373,0,-1.73696559416621,-1.32192809488736
RCL1,0,-0.516852312388895,-0.799406168942113,-0.771925432520006,-1.00799279075353,-1.27102719658732,-0.196065138906102,0.19015208433624,-0.834509969898029,-0.61414951374381,-0.823888854141457
NUP43,0,-1.42542411751054,-1.95717481204537,-1.83399004856107,-2.16424407573782,-3.07869263162261,-2.77967892868325,-1.69012734370495,-1.18527158217764,-1.35755200461808,-1.3016316318786
MTHFD1L,0,-1.91266033442025,-1.79900355262468,-1.36766424101674,-0.59547015853955,-1.47416386231742,-1.51547083647433,-0.479992941119614,-0.587582249109237,-1.20677305143949,-0.721001040623409
PCMT1,0,-0.651908324630983,-1.03097564990387,-0.611729410283942,-1.13844676996914,-1.37780459307987,-1.67618726076769,-1.45648794277235,-0.736769162136372,-0.804117208682029,-0.957035282364432
SLC25A2,0,0,0,0,0,0,0,0,3,0,0
ACAT2,0,0.37675018024195,0.56092503961245,0.515288145194712,-1.61482904063206,-2.04749643393269,-3.33919459801863,-2.81165221312764,-1.50520454945756,-0.737442439333624,-0.946188044564772
MASTL,0,-0.738850238511149,-1.2683176266406,-1.15913581575214,-2.13825708607623,-2.31441404123006,-2.1888831591462,-1.26378796816009,-1.68638281861701,-1.72633219866472,-2.48316849896443
LYZL1,0,-1,-1,-1,-1,-1,-1,-1,-1,-1,0
ALG5,0,-0.638491897137951,-0.591666041017233,-0.338745712947636,-0.798781601767962,-1.6776897848506,-1.91647664443772,-0.433628361369251,-0.371743988505093,-0.650439750442399,-0.377938480807912
GLT8D2,0,-0.836501267717121,-1.05889368905357,-0.556393348524385,-1.64385618977472,-0.836501267717121,-0.943416471633632,-0.251538766995965,0,-0.643856189774725,-1.64385618977472
DUSP4,0,-0.284814921870263,0.330362191897901,0.592773537890057,1.00234775485642,1.3979010470598,1.89525208999266,1.82934054095343,0.746333776700401,0.85294880479153,1.14517291887455
PTK2B,0,-0.555962628998604,-1.11425717925768,-0.867164317292908,-1.34592741418214,-2.24701238810945,-1.04462299142063,0.0714351380429489,0.474663335032159,-0.402883298994215,0.370886516709438
PPP3CC,0,-0.526068811667588,-1.51784830486262,-1.11929892837234,-1.7874553646199,-0.399851095464168,-0.868755466721747,-0.767826557870967,0.244307197764889,-0.551015168797819,-0.212408332763826
EPHX2,0,-0.312212940054151,-0.661016740932908,-0.976792608838675,-3.28345394707273,-4.44391861926597,-4.13906403773755,-2.97679260883867,-0.309794339251507,-1.14767716804226,-0.786547623016767
UBIAD1,0,-1.05311133645956,-0.982722008568165,-1.56768450928932,-0.647118976783726,-1.7311832415722,-1.16558606571798,-0.266514974568756,-0.0804186824552978,-0.409255146684838,-0.185214872466908
LYPLA1,0,-0.424183772463347,-0.140939047032108,0.872161565493519,-0.125124049809445,-0.265722379982246,-1.02862883057858,-0.121332470647071,-0.931530142473501,-0.194849131608521,-1.0792186700509
RDH10,0,-0.24606132723008,-0.38407114859563,-0.193865116104652,-0.587098245065147,-0.420739858643027,0.478703813330599,1.10790572578233,-0.180501108586956,0.0232868525359158,-0.297591627870162
EPX,0,-0.415037499278844,-1.58496250072116,-2.58496250072116,-2.58496250072116,-3.58496250072116,-2,-2,-1.77760757866355,-1.26303440583379,-1.77760757866355
LRAT,0,-1.07275634243531,-1.07275634243531,0.135351852894886,1.87016256235742,1.25908722131713,1.16729474539764,2.1933839742663,2.2291339992155,2.95037662311221,2.776621794518
ABCC11,0,0.263034405833794,-2.32192809488736,-2.32192809488736,-0.321928094887362,-0.736965594166206,-1.32192809488736,1,0.84799690655495,-0.514573172829758,-0.321928094887362
ADCY7,0,-0.337034987277571,-0.0259952085329446,1.09953567355091,0.902303326112867,0.0423108048579642,0.375866901998166,0.0423108048579642,0.103537604108411,-0.257891102557834,-0.35889442124131
ECHDC2,0,-0.16425625135562,-0.413775850714933,-0.697130240928322,-2.01905833581568,-2.71566619236575,-2.05008523143631,-0.691004138131481,0.089910916723951,-0.369076043244118,-0.570832171886268
KCNJ8,0,0,-1,-1,-1,-1,0,-1,0,-1,-1
RNF2,0,0.303392143449935,0.17721503737279,0.615336149764675,0.505334965974421,0.355732649331155,-0.503962778607669,-0.27979473238137,-0.0696221409332025,-0.0490608184508862,-0.57404121434381
TRMT1L,0,-0.415037499278844,-0.735296773805588,-0.84799690655495,-2.15869774601906,-2.72698150559358,-2.37550913509221,-1.11464256594112,0.040746342343309,-0.737383101054054,-0.731133148864051
B4GALT4,0,-0.280107919192735,-0.00990185795668663,0.67856521851833,-0.203114814292909,-0.745543271175511,-0.752176363507958,0.409599889466755,0.369679390435932,-0.43291006834411,-0.370344381962617
NAA50,0,-0.742214317534056,-0.831576203819061,-0.817462770212202,-1.07520116152713,-1.38285709352969,-1.58186658742819,-0.851809574667758,-1.09020495008941,-1.0292954420463,-1.12478645219079
CAT,0,0.281563852565062,0.446786235042086,1.21950703029287,-0.9990831299082,-2.04565576792236,-3.10360311713164,-1.20567502639151,-0.602494667729133,-0.460062305004014,-1.31895039508747
FABP3,0,2.16227142889888,0.817135942850189,0.362570079384708,-2.8073549220576,0.465663572348812,1.69514541847158,1.96523458183932,-0.222392421336448,-0.263034405833794,-0.584962500721156
POLR3GL,0,-0.88649880677734,-1.35306660669627,-1.72503538408322,-2.37953881805746,-2.88649880677734,-3.37953881805746,-2.02590186344276,0.0578664942498408,-1.12880177102705,-0.245683071322667
PIK3CA,0,-0.0119892244629989,-0.473931188332412,-0.186687622645997,-0.935783146731205,-0.750293125813199,-0.462918195609994,0.613206465259413,0.380041522698149,-0.117053434808944,0.0556265166955272
LIAS,0,-0.275634442613427,-0.697591355832062,-0.803084484679376,-2.12501257956674,-2.39803107397315,-2.33913738491959,-0.906177977643479,-0.10647662812931,-0.324782091942515,-0.475198934495614
TMEM54,0,0.519173240627843,0.832233106725096,1.18108032630947,0.221157765684809,-0.71600136074496,-1.18730707967055,-0.555038864171036,-0.690217334974727,-0.29270976025346,-0.954646322880274
ACVR2A,0,0.724491266012182,0.44809578785814,0.628874000384583,-0.443988872974973,-1.34358697601714,-0.829013803187377,-0.0387323944887145,0.648815876143306,0.221026879312218,-0.0584956493101444
POLK,0,-0.551491408547495,-1.23187347434733,-1.07433219736085,-1.67933245131855,-1.74117170513642,-2.12495827043082,-1.22449394398174,0.0303900551438401,-0.632189467919412,-0.742488633608408
FLT3,0,0,0,1,0,1,0,0,3,0,0
OCRL,0,-0.290186012093761,-0.843724060069539,-0.795180208111502,-1.58802230047021,-1.82736061386065,-1.78461096640131,-0.843724060069539,-0.0640608718809831,-0.722771712583452,-0.629977616911592
PLG,0,0,0,0,0,0,0,0,1.58496250072116,1,0
COPA,0,-0.260970759307006,-0.455101365138564,-0.448886495355418,-0.846923441975673,-1.20991809318242,-1.23012288881276,-0.642256606418471,0.136451805065932,-0.514632177555268,-0.263447489599218
HS3ST2,0,-0.584962500721156,1.58496250072116,1.87446911791614,0,3.16992500144231,3.62449086490779,4.56478461878353,2.73696559416621,3.4594316186373,2.73696559416621
RBBP6,0,-0.215551749246067,0.11082813021238,0.484642966764711,0.566560528769367,1.0551586963796,1.28638646579738,1.35875564365597,-0.0934751529143909,-0.218740026877115,-0.728306207632774
NAA60,0,-0.169925001442312,0.415037499278844,0.15200309344505,-1.16992500144231,-2.58496250072116,-0.362570079384708,0.3536369546147,0.321928094887362,-0.6463630453853,-0.362570079384708
TRMT13,0,-0.428499759085406,-0.628031222613042,-0.269301164236152,-0.593923368292778,-1.26930116423615,-1.18564323518924,-0.41652711741933,-0.384105639726953,-0.544227466138906,-0.991094446778108
RPAP2,0,-0.335696250215053,-0.689470454037,-0.562624803757809,-0.963278384873997,-1.62465400111432,-1.35059512659439,-0.519896259901192,0.241008099503795,-0.442041481763228,-0.581540894751331
FKBP9,0,-0.301664914679726,-0.715075375282805,-0.513271841842043,-0.574500275604919,-1.47036946512219,-1.7898293044188,-1.79532006286725,-0.720614809687509,-1.3614949825265,-0.963999232141445
NT5C3A,0,0.460990072292777,-0.276437110436282,0.445679127382377,1.04963997448685,1.04410533199218,-0.0484496517016893,0.2237530694057,-0.578307552982391,-0.490008027233226,-0.938440646921266
POLM,0,0.461580085215874,0.478653598574815,-0.0238467419543678,-0.538419914784126,-0.760812336120574,-0.175849835399418,0.426814667055197,0.326650505129765,0.0579473492092795,-0.149377624038227
MRM2,0,-0.682125235206658,-0.859608196925239,-0.686771600063023,-1.02625806633469,-1.86486392237673,-1.63197912722264,-0.46704097845009,-0.609749179839178,-0.828469685116335,-0.587856573990336
ACO1,0,-0.686733178655379,-1.4086002016477,-1.960350923347,-3.59842476052772,-3.562800850797,-3.38119404430705,-2.60746990013073,-0.997025369995889,-1.41652711741933,-1.45071103817556
AKR1D1,0,-1,-1,-1,-1,-1,-1,0,-0.415037499278844,-1,-1
NUDT10,0,-0.46948528330122,-2,-1.08246216019197,-1.84799690655495,-1.46948528330122,-1.26303440583379,-1,-2.46948528330122,-3.58496250072116,-3.58496250072116
CHST3,0,-0.785987244279525,-2.05970624612427,-2.20195882908203,-2.80573117957794,-3.47248777146274,-2.40209844357135,-1.38078793732593,0.194978633494627,-0.825749073154898,0.0774893713090808
P4HA1,0,-1.22457402622954,-2.31280120924128,-2.20032647998286,-2.53736146726043,-2.11853238881922,-2.1472151435233,-1.14432107025412,-1.54497465137031,-1.94734573881299,-1.90754473075502
SLC25A16,0,-0.35114001610385,-0.46184348051007,-0.488643539853785,-0.879834297178261,-0.850569702673066,-0.302776994542451,0.48404911415048,0.241996416063007,-0.0963261170750243,-0.0946096444860027
CIT,0,-1.32862274746137,-3.14017765804826,-3.6256044852185,-4.84799690655495,-4.23132554610646,-4,-2.75488750216347,-4.08246216019197,-4.36257007938471,-4.26303440583379
ACADS,0,0.820178962415188,-0.167109985835258,-0.460841188891969,-1.50814690367033,-2.1926450779424,-1.67807190511264,-0.714597781137752,-0.25180715041054,-0.25180715041054,-0.687117044715645
WWP1,0,-0.018071572922018,-0.540749795388832,-0.353193594119236,-1.05076861074147,-0.978215584107905,-1.10124705576926,0.304664528170105,0.627561633532197,-0.263034405833794,-0.094839813376121
ACOT9,0,-0.715800984168164,-1.4326751603949,-1.25934355750934,-1.46762775922933,-1.53193679176798,-0.73459857962229,-0.681202322644197,0.0260586613529089,-0.483438274076788,-0.262750158952589
PKN1,0,-0.31685710533994,-0.505890929729958,-1.29176612437711,-1.82781902461732,-0.29176612437711,0.342105976824993,0.883675882032768,0.872620693523772,0.317858430578315,0.55069259863641
NLN,0,-0.545484449357446,-1.13452812689042,-1.09422676216585,-1.23610872642636,-1.14684138832927,0.0779045327801488,0.117909490093544,0.213322193348342,-0.643856189774725,-0.420632962172363
PDE1B,0,-1,-1,-2,-2,-1,-2,-1,0,-2,-1.41503749927884
CDK2,0,-0.85489357957938,-0.827926531979111,-0.362262959630299,-1.2455107133683,-1.76811713674381,-2.1613502657043,-1.44765445086094,-1.63194574147346,-1.71774361422869,-1.85101014509215
EEF1AKMT3,0,-0.0418201756946271,-0.485426827170242,-1.04182017569463,-0.669851398307669,-0.321928094887362,-0.0418201756946271,0.425305834732671,0.584962500721156,0.346450414021431,0.470629825242161
SARDH,0,-0.415037499278844,-2,-2,-2,-2,-2,-1,1,-2,-1.41503749927884
DBH,0,0,0,0,0,0,0,0,2.32192809488736,0,0
AMD1,0,-0.690306392972897,-0.905388570443287,-0.825806666920884,-1.31992574197621,-1.94033707870166,-0.826517179144499,-0.77349147019132,-1.16722248106249,-0.603109847431416,-1.08501034167437
USP45,0,-0.375127661481245,-0.454147660682384,-0.328294496671374,-0.920363883886791,-1.40472244366954,-0.857628128538828,-0.0429831705507462,-0.202763614587515,-0.483451884985184,-0.867896463992655
METTL8,0,-0.802576199434355,-1.28600067369345,-1.08578848720578,-1.44893924481965,-2.17375940912377,-2.60326739121095,-1.37011162839733,-0.123356772987869,-0.00431442599927619,-0.364554482485811
ACVR1C,0,1.29373120305671,-0.146841388329271,-0.146841388329271,-2.95419631038688,-0.253756592245783,1.50523530825042,1.29373120305671,2.17508670655809,0.0681715026415792,0.689659879387849
SLC36A1,0,0.337500898807823,0.38965218085893,0.431716240425474,0.128324096975539,0.236700258020331,1.5699733265017,1.85295888923103,0.692676318021409,0.128324096975539,0.0494686762642999
LPGAT1,0,-0.458457153864762,-1.56664679033551,-1.68020029749408,-2.42095747082266,-2.08392248354509,-2.01926952520284,-1.4114971415736,-0.884250138708727,-1.29210841238326,-1.12972617315822
G0S2,0,0,-0.893084796083488,0.62148837674627,-0.700439718141092,1.82312223791592,1.62148837674627,2.10691520391651,1.70895121799661,0.343954401217361,0.791413378188583
PLA2G12A,0,-0.574417030359712,-0.291317001471813,-0.118737546583523,-0.695765865762462,-1.22130728022407,-2.04969590215387,-1.08380375647414,-1.01308575901966,-1.03961882946592,-0.69050054954982
PFKFB2,0,0.42109379919894,0.3141387467818,0.783376059123164,0.697448789989672,1.07927963700231,1.87528859822269,1.94341647163363,-0.801384961946678,-0.150462575369268,-1.0280143761696
ACSL3,0,-0.108006418733598,-0.932033247076362,-0.98028275253718,-1.94121975883969,-1.36522160566111,-1.15338543832889,-0.415255676223061,-0.747109271892793,-1.13482264265354,-0.82787083865409
CHPF,0,-0.0845642952584728,0.224431566610046,0.14914343930581,0.056034034914328,-0.0770109008268377,-0.0582986405646671,0.113277986748804,0.680524899822121,0.35580898756314,0.712475924055423
MOGAT1,0,0,0,0,0,0,0,0,1,0,0
OBSL1,0,0.114642565941123,0.0143910923056216,0.0740005814437768,-0.640244936222346,-1.70950759865946,-1.18903382439002,-0.397070952749395,0.466972139369037,0.352693399943468,0.535928212885144
SLC12A4,0,0.21787822466524,-0.876382506845,-0.897598992754696,-1.07959682649758,-0.454778336962314,0.120982432987029,0.141929371431941,-0.23294760340438,-0.597204059416975,-0.456745201671715
GCNT7,0,-3.16992500144231,-1.16992500144231,0.736965594166206,-1.58496250072116,-1.58496250072116,0.53051471669878,0.736965594166206,-0.169925001442312,-0.584962500721156,-0.710493382805015
SLC12A5,0,1.4594316186373,0,-0.415037499278844,-2,-1,-0.415037499278844,1,2.6724253419715,-0.678071905112638,1.16992500144231
NCOA3,0,0.160045390745637,-0.0383396069596652,-0.155436632839134,-1.10423709837507,-0.971411325410778,-1.06829997916867,-0.1410923192346,0.31853891130767,-0.0175299245575765,-0.157100961084729
PIGT,0,-0.54780950230369,-0.616671360448494,-0.883558091777895,-1.48793804632629,-1.74395202448231,-2.16366601097063,-1.12667180348843,-0.228328727835071,-0.971020933028234,-0.652375422130173
VAPB,0,-0.526898525800158,-0.31675316477499,-0.294782764939384,-0.69415828532264,-2.99704062451946,-1.57022595746426,0.0750370535247119,0.126147919448763,-0.267782069652365,-0.260666420007314
ATP5F1E,0,-0.377159533821193,-0.647813609172043,-0.565899210791225,-1.031163678972,-1.21246474253328,-1.06894295390889,-0.543717684165107,-0.553380165143982,-0.60388258393841,-0.365967118950989
PLCG1,0,-0.36964559646483,-0.110339775053202,-0.0605415419350509,-0.84109640464894,-1.52448864169484,-2.02995322210163,-0.990152214043653,0.3080272780711,-0.234174651351643,-0.21111409977366
PTGIS,0,0,0,0,0,0,0,1.58496250072116,1.8073549220576,0,1
PCK1,0,0,0,0,0,1,0,0,1,0,0
MTRR,0,0.211888294546004,0.0848083878043615,-0.048715285033028,-0.655704092084183,-1.60768257722124,-1.5242665690336,-0.678071905112638,-0.546729365989377,-0.901967917039473,-1.33822190222801
PEPD,0,-0.117651588654273,0.64732838168153,0.709768956457437,-0.507760691637263,-0.778849675202514,-0.341616429809474,-0.0873270517974753,-0.49086891223849,-0.3156949705225,-0.791956663843992
CHST8,0,-0.415037499278844,-2,-1,0,-0.415037499278844,0.321928094887362,-1,1.70043971814109,-1.41503749927884,-1.41503749927884
STAMBP,0,-0.420675575154805,-0.367773673992248,-0.230422485920707,-0.983216781168166,-1.65411872811791,-1.62178807450192,-0.764496275891009,0.552127787136426,-0.164174139160244,0.3143767454234
NAGK,0,-0.0485148282686352,-0.0744023903980213,-0.0564308703014783,-0.691877704637668,-1.68572547765607,-1.39231742277876,-0.559427408614019,0.76306303086861,-0.338240750022968,0.191809943307852
MCEE,0,0.291956015136303,-0.179224562180074,0.122719158253133,-1.76418706290123,-3.28203536776385,-3.21790503034413,-1.41953889151378,-0.269791772009103,-0.934112064343543,-0.973282661624221
ATP8A1,0,1.86789646399265,3.10433665981474,3.51096191927738,-0.0740005814437769,-0.862496476250065,-0.62148837674627,1,2.41953889151378,1.57288966842058,2.07895134139482
USP22,0,-0.778248444169414,-1.02767241848455,-0.909696486361814,-1.22788460497222,-2.05640413702787,-1.21163525332715,-0.795444059431935,0.031302546873415,-0.488819526990114,-0.209905057188267
USP9X,0,-0.195511024627083,-0.462363769807272,-0.369015422907023,-0.632607422833628,-0.239243266173823,-0.193394083614982,0.459739919747753,0.335003692071696,-0.329734612508798,-0.177266583500301
F13A1,0,1,1,0,0,0,0,0,1,0,0
SIRT5,0,-0.323362898626599,-1.01441265773745,-1.09177154044369,-2.04367725224264,-2.5314710939568,-2.58209716702677,-1.68901237094328,-0.357865746026538,-0.78212177533476,-0.654742468858533
SLC17A3,0,0,0,0,0,0,0,0,2,0,0
SLC17A1,0,0,0,0,0,0,0,0,0.584962500721156,0,0
NQO2,0,-0.59627781394899,0.0223678130284545,0.108524456778169,-0.133751388888827,-1.15869774601906,-1.37550913509221,-0.898461973537938,0.634206019741005,-1.07716786052246,-0.294943653788538
OARD1,0,-0.3150744238463,-0.736965594166206,-0.755402842422882,-1.6352941762713,-2.62678267641578,-2.32192809488736,-1.29470662615234,-0.468217537138019,-0.838956919443433,-0.781145042734755
MOCS1,0,-0.0931094043914815,-1.67807190511264,-0.912537158749661,-2.1926450779424,-2.41503749927884,-2.1926450779424,-1.67807190511264,0.977279923499916,0.906890595608518,0.442943495848728
GNMT,0,0,-1,0,-1,-1,0.584962500721156,0,0.807354922057604,0,0
GLO1,0,-0.441712665831961,-0.294511215316809,0.110261125127577,-0.936318174623966,-1.00225799158138,-0.855072994109391,-0.762218685650126,-0.775261171478533,-0.776917062668515,-1.09061896321316
RIOK1,0,-0.699674159597849,-0.760642176889276,-0.704657567112104,-0.776295441200761,-1.1180320171683,-1.60345884433855,-0.824300814111594,-0.168776815913432,-0.662837391417477,-0.562170635847914
NUP153,0,-0.448779924758505,-0.544387757492536,-0.448779924758505,-0.542036175813138,0.280677366621044,0.0876526820349925,0.381983218358325,-0.465394638609402,-0.526843621052961,-0.877835026402206
GOT2,0,-1.29539095721753,-1.41408553946807,-1.72039631394838,-1.76582045683839,-1.8847425548466,-2.13464952669478,-1.08380717372922,-0.731618972700728,-1.04497452803546,-0.748918396927972
CLYBL,0,-0.812914447399505,-1.63005039024969,-1.21501289097085,-1.77444029958487,-2.85244281158614,-3.21501289097085,-1.77444029958487,-0.452512204697507,-1.63005039024969,-1.24100809950379
SLC10A2,0,0.584962500721156,0,-1,-1,-1,-1,0.584962500721156,1.16992500144231,-1,-0.415037499278844
ABCC4,0,-0.992305608209999,-1.56961453638772,-1.43837000310947,-1.88868297713584,-1.4594316186373,-1.6642514105258,-0.992305608209999,-0.58979241832535,-0.906649523665291,-0.870937426945888
NDUFA1,0,-0.78440180935088,-1.22145316671936,-0.879724557613276,-1.79495915200551,-2.40209844357135,-2.33419437906954,-1.65819680219476,-0.851477475289912,-1.04484929073784,-0.75794430968496
HS3ST3B1,0,-1.05889368905357,-0.836501267717121,-0.943416471633632,-0.251538766995965,0.356143810225275,0.678071905112638,0.713695814843359,1.56559717585423,-0.15200309344505,1.98550043030488
NUP85,0,-1.20656219223473,-1.66224167601092,-1.44574985611415,-1.53938492822538,-2.43788773834118,-2.70406185170554,-1.68998666649382,-1.54570792610811,-1.60389768978011,-1.60609859797338
SLC25A19,0,-0.765534746362977,-1.50250034052918,-1.76553474636298,-1.58496250072116,-1.9719856238304,-1.28010791919274,0,-1.50250034052918,-1.2129937233342,-1.54314232502653
NT5C,0,-0.530760219131243,-1.18101418010412,-1.01108917866181,-1.15618232712418,-1.72158256146682,-2.12212049105055,-1.48057446196303,-1.00664327363061,-1.563036622155,-1.63669366388031
GTF3C4,0,-0.0677446066358341,-0.325240828928198,-0.382753287583406,-0.676484490640116,-1.39662546216496,-0.920187418221976,-0.18322182405577,-0.36389426033209,-0.435476391136321,-0.338568360575191
MBOAT7,0,-0.618129364656355,0.021695071099319,-0.434599765657362,-0.985500430304885,-1.39095188075453,-1.71049338280502,-1.06711419585854,0.379072001990971,0,0.135514970656481
SRMS,0,-1,-1,-0.263034405833794,0.222392421336448,-0.584962500721156,1,2.27301849440642,0.321928094887362,-0.415037499278844,0.222392421336448
POLR1B,0,-0.988640137835452,-1.28602604846002,-1.0375497383164,-1.11880743004003,-1.73981959122136,-1.54836534705759,-0.711530546789936,-0.981585380301502,-0.774759216354522,-0.768674453893544
GTF2F1,0,-0.491220790945216,-0.636466518214957,-1.05600540972874,-1.08637905877226,-0.891433642780637,-1.78298691532233,-0.854371548559091,-0.269409047837935,-0.838774693508073,-0.319039815562536
MED1,0,-0.689399910914151,-0.582948969283508,-0.461447964235802,-0.585970321258745,-0.323944440485867,-0.235888263820671,0.223543354816626,-0.130668951766174,-0.471191238399197,-0.336610852322028
GPCPD1,0,0.0984297363247452,-0.932885804141463,-1.16283557665599,-0.815670190269608,0.0234971813079322,-0.29901370293936,0.24355703133449,-0.019077237195147,0.0783765094216148,0.365331219061765
PANK2,0,-0.292468494413698,-0.934168009861374,-0.81088373353785,-1.68718600931295,-1.75430020517148,-1.62788882562917,-0.783662264802826,-0.0388975732229608,-0.644933522260875,-0.428150614833436
TGM3,0,2.51784830486262,5.2684888359259,6.05528243550119,5.02438415862696,4.91994674843396,2.49476469174958,1.44745897697122,-0.758991900496205,2.52925306813487,-1.55254102302878
STK35,0,-0.424581271949715,-0.349942471056959,-0.370291116448761,-0.807354922057604,-0.881355503501381,-0.586548751613108,-0.282828275198422,-0.610554214623897,-0.695296414865132,-0.893084796083488
ITPA,0,-0.807354922057604,-1.16944354138749,-0.834576390792629,-0.777332438958153,-1.98657948423768,-2.31041716913367,-1.40416366562687,-1.24961389007147,-1.14155414421402,-0.961982120496924
UROD,0,-0.92031111137084,-1.81211237085642,-1.75088557160597,-2.65428356122506,-3.6768849901622,-3.3640975491313,-1.90689059560852,-0.696955930545284,-1.22021715597338,-0.900226865327508
ST3GAL3,0,-2.29176612437711,-2.44930740136359,-3.14974711950468,-1.94029375387573,-1.53503727538947,-1.62618516344767,-0.723482364802584,-1.24285652389616,-1.53503727538947,-1.29176612437711
HECTD3,0,-0.100632363106491,0.261328083883391,0.131911675505581,-0.208814014835907,-2.09515723304034,-2.64769825606912,-0.319372389983606,0.0177955829640493,-0.0128468795556034,-0.00769439179000076
UBA2,0,-0.463791158016041,-0.765896596136855,-0.418357857570455,-0.446431489540219,-0.508770145846805,-0.907173282988847,-0.367294184262294,-0.800530722943672,-0.948033378461117,-1.06096801729143
HCST,0,-0.84799690655495,-2.16992500144231,-1.58496250072116,-2.16992500144231,-3.16992500144231,-3.16992500144231,-1.16992500144231,0.0780025120012732,-1.84799690655495,0.473931188332412
COX6B1,0,-0.166192282565983,-0.396879770517276,-0.148132311020991,-1.1289326639969,-1.46489253754941,-1.73862768541098,-1.13165987660655,-0.493547669366633,-0.484804036294657,-0.672104181852999
NR1D1,0,0.68805599368526,0.53051471669878,0.784271308944563,1.3536369546147,4.27715822476734,5.42998784074482,5.78135971352466,1.39993060688864,0.53051471669878,0.321928094887362
PRDX5,0,0.322769616371282,-0.272511964334056,-0.108498882487811,-1.14552255500847,-1.8984392723422,-1.49236467736319,-1.03024430530884,-0.0383856765225085,-0.488422885181812,-0.381144546090964
PRMT1,0,-1.02515904752248,-1.55968996875565,-1.46484563572902,-1.42114709279833,-1.68596370397413,-2.65247263890479,-1.86416016473836,-0.98182494139606,-1.5091202366554,-1.13407130185811
ASL,0,-0.890588783279418,-1.31103977874463,-0.604770981801336,-0.400537929583729,-2.13750352374994,-2.08091999538357,-1.1764976553658,-0.665882496104724,-0.78135971352466,-0.68684211474037
WNK4,0,1,1,1.16992500144231,0.584962500721156,-2,1.4594316186373,1.58496250072116,2.28540221886225,0,0.906890595608518
PRKCG,0,0.584962500721156,-1,-1,-1,0.584962500721156,-1,-1,1.4594316186373,-0.415037499278844,-0.415037499278844
EMG1,0,-1.29583389873622,-1.18140400988561,-0.915229896521248,-0.0623046589012212,-1.10191341622493,-1.67060752780133,-0.603794175451528,-0.499212638263568,-0.820406350319654,-0.937618128272108
SGPP1,0,-0.0349396251331625,-0.876851769227135,-0.903323980588326,-1.44875811712284,-0.937112294044609,-0.66763473663842,-1.32729460463718,-1.23754943427907,-0.78784676316839,-1.21388675650471
NUP214,0,-0.541190098692251,-0.863118193579613,-0.755314904045098,-1.09174256862758,-1.18194037759915,-0.354776974461369,0.717692663871076,-0.265771968402624,-0.850734469123781,-1.09904736925081
MAP2K2,0,-0.16515575729444,-0.223454397859107,-0.053529396416795,-0.247827993211705,-0.372156128213906,-0.663495903267846,-0.219740895060043,-0.74388245621942,-0.65971756403041,-0.762671308358681
IPPK,0,-0.0427496474593371,0.419637305173285,1.04151926943827,1.07689359954015,1.38578369430373,-0.161394143957956,-0.240051087832955,-0.47964658070192,0.10776116643663,-1.16139414395796
PPCS,0,-0.433111920098373,-0.47489172318275,-0.312049185846073,-1.05280635917465,-2.37262679110002,-2.66975897414025,-1.51355683249827,-0.193371473930195,-0.749559685353366,-0.617349318656877
COX7C,0,-0.145162101345845,-0.494978559472017,-0.394429182367165,-1.37563629586272,-1.45383829832199,-2.20579108729346,-1.54780715697102,-0.939037708571253,-0.951293363414154,-1.14669313729648
PTPRB,0,0.765534746362977,-0.15200309344505,-0.15200309344505,0.584962500721156,1.37851162325373,1.8073549220576,2.96347412397489,2.37851162325373,1.86789646399265,0.963474123974886
DYRK2,0,0.224723736210935,0.0376142917997779,0.0998985700541205,-0.689367213793806,-0.531523241759696,-0.648969113168377,-0.547348208921378,0.535739985144983,-0.123058396404338,0.106655936229429
IDUA,0,0.796466605914868,0.559427408614019,-0.547487795302493,-1.24792751344359,-1.07800251200127,-0.788495894806288,0.395928676331139,1.93198157657135,0.178337241258512,0.584962500721156
PIN1,0,-0.708537185839689,-1.07254421259507,-0.859423642200442,-1.65912499171461,-2.9192478021285,-2.85107629948692,-1.84002111097793,-0.849689759215959,-1.26796459445371,-1.22958792274065
PLA2G5,0,-1.58496250072116,-1.58496250072116,-1.58496250072116,-1.58496250072116,-0.584962500721156,-1.58496250072116,-1.58496250072116,0.584962500721156,-1.58496250072116,-1.58496250072116
UBR4,0,0.0915082195054177,0.381767966306611,1.05670237839599,1.1547375595058,1.31839207586012,1.70978196446217,1.97842866649248,-0.0133049978431175,-0.208625863336285,-0.516213818200251
SIN3B,0,-0.00535323449420667,-0.0324214776923775,-0.15200309344505,0.0159415438690215,0.156804079708871,0.454565863465481,0.862763617263862,0.621889069719514,0.464281018298693,0.265259070948308
UQCR11,0,-1.66481580841037,-1.55204787824842,-1.04508788952854,-0.562936194391157,-2.32192809488736,-1.50929823078908,-0.412573459327363,0.682688533183008,-0.493588147700422,-0.0431808237638791
PKMYT1,0,-2.85626452253855,-4.12928301694497,-3.8073549220576,-3.90689059560852,-5.71424551766612,-7.71424551766612,-3.90689059560852,-4.25481389902883,-4.54432051622381,-4.90689059560852
METTL16,0,-0.825192777177942,-0.855842990018126,-0.816553858904069,-1.01969580134092,-0.84701913963112,-0.571575947106246,0.133050757743304,-0.518070617065985,-0.627142316213455,-0.42157293532879
ECHS1,0,-0.772456714073014,-1.13580473634036,-1.20514394041427,-1.4735771092925,-2.15934025080115,-2.66580077784359,-1.49138838540896,-0.248658076030254,-0.634953190323079,-0.359462210237142
PTPN12,0,0.0178332930873184,-0.0326661889203221,0.417726586806484,0.65044450380362,1.55840167445002,1.23311882792951,2.23311882792951,0.981943505964029,0.549846913859516,0.321928094887362
POR,0,-0.183599938339389,-0.0208900669387666,0.216268682468295,0.273152580102027,0.585394510019455,0.363577899922297,0.0965079808533464,-1.31449400519034,-0.55894993217713,-0.940328787327025
STYXL1,0,-0.590961241342599,-0.516284555048103,0.153199854227811,-0.0394452237145851,0.216393680715005,-0.061140294813904,0.0586542177208105,-0.362142550846718,-0.391288896506235,-0.575267434237454
SRD5A3,0,-0.853451336647058,-1.58496250072116,-1.47999294111961,-3.99095486039699,-6.31288295528435,-3.50552803322675,-3.22542011403402,0.494471966773249,-0.94656074103854,-0.454901960156783
PAICS,0,-1.6831062831454,-2.11634396123747,-2.35479272879299,-2.03597054477345,-2.64602402645744,-3.15827464170339,-2.016557841537,-1.83789450301699,-1.96490453064033,-1.78020937385183
KDR,0,-2,-2,-2,-2,-2,-2,-2,0.459431618637297,-2,-1.41503749927884
PPAT,0,-1.14465824283188,-1.64481235574868,-1.61327678231557,-1.34375834291158,-1.45117128533256,-1.15030480597302,-1.25591499393362,-1.41333921180682,-1.14184322722483,-0.834045461172354
GAL3ST1,0,0.736965594166206,-0.584962500721156,-0.584962500721156,-1.58496250072116,0,-1.58496250072116,0.415037499278844,2.05889368905357,-0.263034405833794,-1
MGAT3,0,0.584962500721156,0.584962500721156,-1,-1,0,0,0,3.28540221886225,0,2.75488750216347
A4GALT,0,0.451379346342564,-0.485426827170242,-1.91427012597412,-2.02974734339405,-1.91427012597412,-1.91427012597412,0.493814612662961,-0.222392421336448,-1.48542682717024,-0.70781924850669
TPST2,0,0.56470735569389,0.370471946845399,0.575790854822906,0.0643688191197195,-0.132028393683784,-0.629528053154601,-0.930394532514133,0.659785677478042,0.213746443157946,0.474808606660135
MPST,0,0.312968437107178,-0.173083745530545,-0.113052111720496,-1.04937836671554,-0.926193603231244,-1.78902555094914,-1.78233089837513,-0.665313162879409,-0.76903407576167,-0.784001651359641
TST,0,0.336283387864432,0.560714954474479,0.343407822297814,-0.982078092002738,-1.59400764032416,-1.39119075732448,-0.862496476250065,0.303780748177103,0.149747119504682,0.314696525656286
ATP6V1F,0,-0.10373838096317,-0.0531929391655933,0.456857674973471,-0.153696539650426,-0.454001822837993,-0.37851162325373,-0.290716018758716,0.466338727984356,0.120990389128235,-0.404198266917379
NDUFA5,0,-0.70208206838208,-1.01407518521172,-0.828519532055646,-1.79471682396491,-2.3422046192674,-2.82851953205565,-1.66969223949666,-0.757982151925328,-0.945876482693805,-1.15804641641843
PDE11A,0,-2,-2,-2,-2,-1,-2,-1,0.321928094887362,-1,-2
GAD1,0,0.784271308944563,0.222392421336448,0.0780025120012732,-0.584962500721156,0.68805599368526,1.03952836418664,2.07800251200127,2.71271804791953,1.59825932333461,3.18762700317577
HAT1,0,-1.30279623470917,-0.963123997764967,-0.730366412554851,-1.27994118182868,-1.43225923980743,-1.42284008747504,-1.07917021343361,-0.939426479542724,-1.36307040713062,-1.11537995161569
HERC2,0,-0.47254292140984,-0.587170144672808,-0.946587480143543,-1.50765677455371,-2.79855797382045,-1.94942463944707,-0.205094004533276,0.37250345544029,-0.364462138725917,0.191817607291154
EIF2AK4,0,-0.678735365708781,-1.15569285259411,-1.21604968227734,-1.82823365173352,-2.30954437043153,-1.87612834183783,-0.943097608765523,0.149887248205767,-0.730072628158823,-0.274020713995793
ALDH1A2,0,2.51096191927738,3.23266075679027,2.74416109557041,0.765534746362977,1,1.58496250072116,2.70043971814109,3.28540221886225,1.70043971814109,1.70043971814109
IVD,0,-0.79413930255344,-0.77887254590013,-0.87299472326468,-1.73401831011587,-3.88929653559378,-2.76376565350992,-1.24020369745291,0.432631559293582,-0.484542009576797,0.579049807851265
DUT,0,-1.65796433166406,-2.18183832298581,-2.18663133417471,-2.89821626204269,-3.92599941855622,-4.13245029602365,-3.10043990112103,-2.00105498727984,-2.16992500144231,-2.38442951334845
COPB1,0,-0.352308108373526,-0.66254131007541,-0.401244044777673,-0.590507011987212,-0.879263124540141,-1.05829555677266,-0.565501458023331,0.233036209219222,-0.326196980465281,-0.386505494192631
SPCS3,0,-0.747278325290956,-0.499768197946301,-0.237261189318486,-0.534636507740647,-0.863242504901123,-0.947994361875717,-0.442562859045502,-1.10223741701866,-0.807137403015973,-1.01524559834617
BBOX1,0,1.18298115426776,1.98102232518573,2.52127921026289,1.05547964622406,-0.827163403137784,-2.14473509298101,-2.70454411647383,1.48278962619867,0.617918210984307,0.753429497955607
TPH1,0,-0.222392421336448,-0.807354922057604,-1.22239242133645,-2.8073549220576,-1.22239242133645,-1.22239242133645,0.514573172829758,1.09953567355091,0.440572591385981,0.362570079384708
DCTD,0,-0.800514249967223,-1.02489851897737,-1.08181694773002,-1.09640448395306,-1.49976017818427,-1.87904765251391,-0.935631180880281,-0.412297336933932,-0.860254138285831,-0.418699163784816
USP6,0,0.169925001442312,0.459431618637297,-1.41503749927884,-2,-2,-0.192645077942396,0.321928094887362,1.08746284125034,0.247927513443586,-0.299560281858908
PLD2,0,0.57444927403848,0.277248265053495,0.359710425245468,0.341788517248205,-0.545511350002432,-1.43324511775152,-0.708676549734783,-0.827854735332575,-0.431317669180406,-1.0913963287409
ATP1B2,0,2.32192809488736,1,0,0,1,1.58496250072116,1.58496250072116,2.70043971814109,0.584962500721156,0.584962500721156
SLC44A2,0,0.427104823417404,0.0595633248441367,-0.0946966248153759,-1.0956380245492,-0.840788251416084,-0.027582428956839,0.811001427348898,-1.18799426001682,-0.801089255054098,-0.883235297194747
RIPK3,0,0.150242635580613,-1.07214978575584,-1.22826898767312,-2.65711228647699,-3.18762700317577,-2.03562390973072,-1.89812038598079,0.590815226966594,-0.157879659781719,0.0347654181606766
ADCY4,0,0.765534746362977,-1.32192809488736,-0.514573172829758,-3.32192809488736,-0.514573172829758,-0.321928094887362,-0.514573172829758,0,-0.862496476250065,-1.32192809488736
PARP2,0,-1.40209844357135,-1.03952836418664,-1.53702802365745,-1.45456586346548,-2.56559717585423,-1.96152585218536,-0.733719934662552,-0.58009674554934,-1.30256277002043,-0.693753527344907
DAD1,0,-0.584626404029854,-0.831420168856437,-0.498528206254438,-0.94590084341649,-0.873909000255307,-0.901271278110409,-0.480594572794695,-0.575080415596652,-0.993962206780061,-0.84524322230019
CDO1,0,1,0,0,0,0,0,2.58496250072116,1,0,0
AANAT,0,-1.32192809488736,0.263034405833794,-2.32192809488736,0,-1.32192809488736,-2.32192809488736,-1.32192809488736,-0.736965594166206,-0.736965594166206,-1
ART1,0,0,0,0,0,0,0,0,2,1,0
PLPPR3,0,-1.58496250072116,0,0.736965594166206,-1.58496250072116,0.415037499278844,-0.584962500721156,0.736965594166206,3.41503749927884,-0.584962500721156,-1
GAMT,0,1,-0.0593785470789316,-1.17283659686222,-3.63226821549951,-3.78427130894456,-3.78427130894456,-2.31034012061215,-0.186011985609949,-1.01168180504764,-0.4623432140572
GALNT8,0,0,0,0,1,-1,-1,0.584962500721156,0.321928094887362,-0.415037499278844,-1
STARD8,0,1,-1.58496250072116,-0.584962500721156,-1.58496250072116,-1.58496250072116,0.584962500721156,-1,0.222392421336448,0.415037499278844,-0.263034405833794
GDPD2,0,1.40372218605101,0.459431618637297,-0.337034987277571,-4.58496250072116,-5.58496250072116,-5.58496250072116,-4.58496250072116,-5,-5,-5.58496250072116
SAT1,0,0.676899282379868,-0.0906572178200855,0.205825597287741,-0.270835035274732,1.53789601901538,1.69406735620926,1.01588811170884,1.89316494061345,1.44693792897631,1.44215286641094
LDLR,0,0.716610100255457,0.551191764065912,0.287397845163306,0.185907299984168,0.238331054113356,-0.385668647122078,-0.731721107327005,-1.25103111385189,0.0418069301780675,0.155013292038384
PRKCSH,0,-0.477990646105055,-0.908576972236406,-1.23834277773645,-1.80379026537298,-2.19957320757188,-2.88056259606681,-1.63663701318072,-0.602517634862701,-1.14681306270141,-0.751446470791979
APOE,0,1.26267059419629,1.03237297477449,1.33106599177958,0.300378522758555,-0.668066743366599,-0.976189038728932,-0.976189038728932,2.17331615991648,2.43804316047827,0.976344222435299
APOC1,0,0.106915203916512,0.428843298803874,-0.53051471669878,-1.11547721741994,-3.11547721741994,-2.70043971814109,-1.89308479608349,-1.37851162325373,-0.700439718141092,-1.61297687689075
XPO7,0,-0.803439872054221,-1.17863203580804,-1.14356480491412,-1.46363813840496,-1.65849153614312,-2.03170885972734,-0.851136614085517,-0.653197236473608,-1.2554377286266,-1.1129591802505
ACE2,0,0.726981505593584,-0.15754127698648,-0.53605290024021,-3.27301849440642,-4.85798099512757,-3.27301849440642,-2.85798099512757,-0.0250909809628305,-1.53605290024021,-0.572578776265324
SLC27A1,0,0.124545097938303,-0.13632147121278,-0.573185332944803,-1.20281688299969,-2.02384674195437,-1.97654102717601,-0.258311995591391,0.249171752452048,0.249171752452048,0.731040760209101
NSUN5,0,-0.789991303119384,-1.10659906607348,-1.14244426502021,-0.855414378117433,-1.44409996488131,-1.09777521568648,-0.84799690655495,-0.877898392268812,-0.877898392268812,-0.885471611973613
COLGALT1,0,-1.59686926740533,-1.46009053394489,-1.83462030911836,-1.2480922140592,-1.67465038831572,-2.32853082971161,-1.46735853440893,-1.06329215295109,-1.31208030893102,-0.626056280427984
PGLS,0,-0.0163944382506686,-0.439699553513113,-0.478920863310832,-0.802269632897821,-1.41232311458181,-1.7951802081115,-0.875148512814917,-0.243603875884892,-0.186834779952395,-0.34866447735949
ACSBG2,0,0.415037499278844,1.22239242133645,-1.58496250072116,-1.58496250072116,-0.584962500721156,-1.58496250072116,0.415037499278844,0.415037499278844,0,-1.58496250072116
FUT5,0,0,0,0,0,0,1,0,0,0,0
STK33,0,0,-1.58496250072116,-1.58496250072116,-0.584962500721156,-1.58496250072116,-1.58496250072116,1.41503749927884,1.87446911791614,-0.263034405833794,0
NDUFA10,0,-0.490970774586713,-0.918755168881114,-0.872645048082272,-1.40069932679007,-1.70824199376337,-1.98794638070578,-1.19668543476848,-0.437303247501089,-1.04270197719519,-0.814722629161849
PXDN,0,-1.31831684133498,-1.8987779498212,-1.96781959425085,-2.88535743405888,-2.61787712319389,-1.64024493622235,0.595769255677739,1.91338435769402,0.553280424278869,1.61655344985704
SULT4A1,0,1,0,0,0,0,1,0,4.24792751344359,1.8073549220576,1.32192809488736
HELZ2,0,-0.378689744747985,-0.913585248182527,-1.22714987013526,-1.22298624519373,-1.66177809777199,-0.658963082164933,-0.0360692547075218,-0.389148312795617,-0.424568137016966,-0.286738666425062
CYP2E1,0,0.514573172829758,-0.129283016944966,0.425305834732671,-1.12928301694497,-1.32192809488736,-1.8073549220576,-0.54432051622381,0.0406419844973458,-0.605721060887954,-0.736965594166206
PNPLA7,0,3.95419631038688,3.58496250072116,3.88264304936184,2.4594316186373,2.24792751344359,3.12928301694497,3.90689059560852,4.01122725542325,3.75488750216347,2.70043971814109
PAK4,0,-1.43686386173202,-0.81713594285019,-0.961525852185364,-0.584962500721156,-0.12199052437861,-0.911772816988265,-0.706953025099767,-0.614506776335171,-0.86367852878722,-0.772048053321651
ASS1,0,0.48508612695827,-1.35814828280012,-1.97963665954639,-2.09715302223992,-1.80616310452523,-2.9152610005944,-3.72351563895238,-1.30887194206192,-2.35083113250332,-1.8484739093832
POMT1,0,-0.169412771704679,-0.482151695137381,-0.453807069443419,-1.71796463223615,-2.30968449913262,-1.62654160447256,-0.453807069443419,0.0855328141519398,-0.0887442118300796,-0.101879614019214
UCK1,0,0.0285691521967709,-0.439983856409075,-0.369062070478457,-1.12928301694497,-1.49701480144545,-1.19382326913968,-0.33746894578314,-0.858754074564249,-0.963371078009277,-1.04182017569463
UBE2M,0,-0.578449193762482,-0.628031222613042,-0.336691447559103,-0.588230214555067,-0.073657041725309,-1.00654284586677,-0.776675303968177,-0.869039322116837,-0.539975045947846,-0.869039322116837
MAP3K10,0,-0.0552824355011897,-0.148391839892671,0.395928676331139,-0.160464672193246,0.063658637222318,-0.11276793016195,-0.382857093529694,-0.154415627520441,-0.418657814957541,-0.807354922057604
DNMT1,0,-2.15464354373749,-2.27791491863922,-2.55319292022776,-2.29837902119894,-2.85275320208667,-3.36876834909033,-1.96823041950661,-2.08188720130217,-2.35441305611326,-2.27453227924457
SLC6A8,0,-1.66207142641892,-1.71391035793854,-1.92171524305194,-1.44210574247701,0.346390152329274,1.30574816783193,1.05782065438834,-1.13482442355405,-1.17059555457588,-1.28355980316519
PNCK,0,0,1,1,0,1,1,1.58496250072116,3.95419631038688,1,1.32192809488736
DUSP9,0,-1.08746284125034,-2.76553474636298,-4.08746284125034,-3.08746284125034,-3.08746284125034,-2.50250034052918,-2.28010791919274,-0.839535327806754,-3.76553474636298,-4.08746284125034
SLC7A10,0,-1.22239242133645,-1.8073549220576,-2.8073549220576,-1.8073549220576,-2.8073549220576,-2.8073549220576,-0.485426827170242,1.14684138832927,-0.807354922057604,-0.106915203916512
UBE4B,0,0.108844996318289,0.18216167396121,0.104279501872497,-0.476117504402867,-0.367493958023993,0.00245565172631205,0.648273357834323,0.158134403314761,-0.0551096358075022,-0.183196222795118
HSD17B3,0,-0.321928094887362,-1.32192809488736,-1.32192809488736,-2.32192809488736,-1.32192809488736,0.263034405833794,0.84799690655495,1.20163386116965,-0.15200309344505,-1.73696559416621
FBP2,0,0,0,0,0,0,0,0,0,0,0
SLC35D2,0,-0.0626449369889959,-0.834167753191571,-1.01231326143885,-1.40824193776999,-1.13260749515656,-1.64334541085599,-0.0288961456344557,-0.474839686499014,-0.611775331855123,-0.491980819320408
UBA1,0,-0.913195172462727,-0.503432615224558,-0.704026446282445,-0.668041539975373,-1.16887691200945,-0.523387221600203,0.0669235523113962,-0.565177848706704,-0.993027076610028,-0.780006074712069
RGN,0,0,1,1.58496250072116,0,0,0,2,1.8073549220576,0,0
POLN,0,-0.0874628412503394,-0.765534746362977,-0.387023123109247,-1.76553474636298,-1.91753783980803,-1.76553474636298,-0.563900885193326,0.234465253637023,-1.33257533908687,-1.50250034052918
PPIL4,0,-0.498884561591678,-0.734554068254292,-0.566973551433848,-1.13064127379178,-1.17491154071929,-1.45852682397554,-0.569657636005059,0.470088542787697,-0.547000527666865,-0.288601822533225
LATS1,0,-0.898948094001706,-0.907459593857223,-1.06041151669582,-0.950787025521324,-0.395449693909446,-0.0843373559413022,0.800185426638762,-0.34255474547732,-0.553451527975939,-0.510677504285647
COX4I2,0,0,0,0,0,0,0,0,2,0,1
GGT7,0,0.317340825391711,1.21747693092233,0.600148904535832,0.0780025120012732,-0.748461233004036,-1.33342373372519,-1.33342373372519,-0.43038546361228,-0.477434036416711,0.061639065792386
ACSS2,0,1.61657257616684,1.41866806436787,1.04319567881502,-1.05416818518609,-1.83002451142567,-3.28824496863107,-2.98148918536796,-1.97701015339125,-0.981040655894152,-1.14721468730637
ATP6V1E1,0,0.338435322297379,0.272982260808762,0.590206763278347,-0.32969834575914,0.0490672060424405,0.376975077477894,0.432141917046095,0.776863097468798,0.313074590813826,0.104361095913296
COX4I1,0,-0.267698644646325,-0.526623007306837,-0.598881661739263,-1.3683498955928,-1.74336554853862,-2.08091999538357,-1.11434786773953,-0.771766955250534,-0.897618095641517,-0.760488989915455
COX7B,0,-0.672839945837713,-0.653371464484313,0.0623708585943794,-0.59258595619358,-0.93329764971688,-0.864527425749926,-0.438194173189556,-0.779041140646002,-0.8727984273442,-1.09840370406099
SLC34A1,0,-0.584962500721156,-0.584962500721156,0,-1.58496250072116,-0.584962500721156,-0.584962500721156,-1.58496250072116,0.736965594166206,-1.58496250072116,-0.584962500721156
IDO1,0,1,0,0,0,0,0,0,0.584962500721156,0.584962500721156,0
PPT1,0,-1.19023500677997,-1.27169022570553,-1.84874752834134,-2.02841907469316,-1.9869269457747,-1.34604845579987,-0.519405427205305,-1.59390145179601,-1.74448944454802,-1.15952694382686
HACL1,0,-0.729471057619282,-1.04580368961312,-0.75968567066629,-1.40306485761277,-1.07400058144378,0.112700132749362,0.274261661257048,-0.17726985205548,-0.467059711627126,-0.744499266851614
GALNT15,0,1,-1,0,0,2,1.8073549220576,3.16992500144231,2.32192809488736,0.807354922057604,0.584962500721156
SLC6A6,0,-0.180862847927201,0.397496917969709,0.548175830467377,-0.0397705286926007,0.651680406221237,0.73522110176394,0.786659528555625,0.0618544935810407,-0.20326926097548,0.141065246960162
NAPSA,0,0.415037499278844,0.584962500721156,0.502500340529183,-0.263034405833794,-1.58496250072116,-0.263034405833794,0,1.11547721741994,1.02974734339405,-0.263034405833794
MGAT1,0,-0.496694718847978,-0.779564306267035,-0.740162956654666,-1.36217905213177,-1.86175006162228,-1.40141421541487,-0.902107799238421,-0.710742273522598,-1.03743868531902,-0.528918688833716
GFPT2,0,-0.321928094887362,-0.736965594166206,-0.736965594166206,-2.32192809488736,-2.32192809488736,0.584962500721156,1.63226821549951,-0.0740005814437769,-1.73696559416621,-1.73696559416621
AOC3,0,2.58496250072116,3,1.58496250072116,2.32192809488736,3,4.58496250072116,5.39231742277876,2.8073549220576,2,2.58496250072116
ACLY,0,0.729932233261114,0.146382396410728,-0.295338314050034,-2.2454238855156,-2.77032797274606,-3.29216755444209,-2.49411817816453,-1.25311007866074,-0.877773551958377,-0.171825812339521
AOC2,0,0.180572245641821,-0.447458976971221,0,-0.206450877467426,-0.906890595608518,2.04730571477836,2.34103691783507,0.137503523749935,0.137503523749935,-1
G6PC1,0,0,0,1,0,0,0,0,1.32192809488736,0,0.584962500721156
NDUFA2,0,-0.968291140272662,-1.23761180895389,-0.592999819786574,-1.08246216019197,-2.19417254768899,-2.12261928666396,-1.11681366498275,-0.207993042275832,-0.460266753271842,-0.400858564109082
UBE2D2,0,-0.384687299730898,-0.619995608952632,-0.369339335397463,-0.660785873941489,-0.792030407219742,-0.994102844176594,-0.67554160038763,-0.394640773760322,-0.614815369846952,-0.818583826261058
TRAF7,0,-0.238786859587117,-0.726138563681851,-0.919168925386955,-1.32600927169918,-1.63978652546568,-2.24263918508272,-1.44523773705454,-0.923800374118601,-0.950329856873416,-0.768553706066148
CA6,0,1,1.22239242133645,0.736965594166206,0.415037499278844,-1.58496250072116,-0.584962500721156,0,2.8073549220576,2.27301849440642,0.874469117916141
CKMT2,0,1,1.12553088208386,1.12553088208386,1.12553088208386,0.862496476250065,3.2129937233342,3.74024072619907,1.18442457113743,1.32192809488736,-0.758991900496205
STARD3,0,-0.219218173541304,0.12764782309596,0.382904878338035,0.250267109759916,0.0560945620709264,-0.522767739113812,0.0982640163148661,-0.140047960107697,-0.095229456265851,0
PPP1R1B,0,0.893084796083488,-0.222392421336448,0,0.362570079384708,-2.8073549220576,-2.8073549220576,-1.8073549220576,1.09953567355091,-0.222392421336448,-0.222392421336448
FMO5,0,1.70895121799661,0.253756592245783,0.0544477840223765,-1.70043971814109,-2.11547721741994,-1.89308479608349,-0.115477217419936,1.27684020535882,0.528378972354789,-0.452512204697507
PRKAB2,0,0.888761940652856,0.45580253337675,0.468664684313799,-0.491345584357516,-0.774867816605543,-0.512254574120496,-0.272218859538408,0.646629639589817,0.54149099765103,0.275409716258372
PDHA1,0,-1.05618994084766,-1.11465736455882,-1.2093303579944,-1.41700704912861,-2.03788912410471,-2.24154498285957,-1.37556233083126,-0.947813779802864,-1.16783529667657,-1.1029841523266
MCCC2,0,-0.8501397885544,-0.965617005974336,-1.10259790880173,-1.86468809712356,-2.33267447635136,-2.73429145986788,-1.13750352374993,0.0499798490766822,-0.631197966903777,-0.461272965461465
USP29,0,1,0,0,0,0,0,1.58496250072116,1.32192809488736,0,0
CHSY1,0,-0.423522045574993,-0.929517711959023,-1.0823473279365,-1.30061186365027,-1.38987920174736,-1.3199771885172,-1.44196771289581,-0.164201704894606,-0.468734622458597,-0.127484430169614
GCH1,0,0.224431566610046,0.496606626300309,0.877063893869009,0.904030941469278,1.19353755866426,1.97296557295218,1.64556926542531,-0.751320887143276,0.0798807768686957,-0.0215868622081459
RAF1,0,-0.0215197781063089,-0.0975662971572284,0.406781391910242,-0.0947123001020752,-0.39939917514488,-0.373802301351722,0.385137178490048,-0.271962002644767,-0.499018699501717,-0.610100324713388
SLC6A11,0,-0.044577028397163,0.082462160191973,-0.128460213122531,-1.67865729568301,-1.62351574149055,-1.14454393645761,-0.641663088200809,-0.997076604793234,-1.73599047074896,-1.55312641359915
NUP210,0,1.63226821549951,1.20163386116965,0.485426827170242,-0.15200309344505,-0.15200309344505,-1.73696559416621,-1,0.20163386116965,-1.73696559416621,-1.15200309344505
HSD17B7,0,0.846376810886788,0.719371534151468,0.756505780561851,-0.971145137327815,-1.61812936465636,-3.0146467759644,-1.64067193330744,-0.49236550799938,-0.14957635605051,-0.590437630787307
TRIM5,0,-0.242001280763513,-0.560059829189224,-0.347824022888947,-1.57299888489672,-2.26412694283481,-2.64631556253964,-2.64631556253964,-0.153095630446062,-0.895739536854783,-0.927583867265435
RRP8,0,-0.671377252538629,-0.881944238478288,-0.750699705200035,-1.0726278000874,-1.46690673919944,-1.08839511594571,-0.607505069372244,-0.00560270622937602,-0.59618975614441,-0.582169285829476
ILKAP,0,-0.696131876657629,-0.696131876657629,-0.557612012576201,-0.724365557386573,-0.836994412497478,-1.05630744090195,-0.235683917688838,-1.08530731262451,-1.05272310355292,-1.13371194458756
SCLY,0,0,-0.459431618637297,-0.874469117916141,-1.28950661719498,-1.4594316186373,-1.65207669657969,-0.371968777386958,0.540568381362703,-0.552541023028779,-0.505235308250422
PTPRE,0,-0.213980181520248,-0.606821934684896,0.121306296222134,0.914343915455291,0.796466605914868,1.18471380430618,1.11297181295661,0.149288708748014,-0.203533394085132,0.068838876327998
PRKAA1,0,-0.37416079186855,-0.658087698331356,-0.562558122573999,-1.08232235738738,-1.03447559814707,-1.17946351579791,-0.775232771475649,-0.290871700738802,-0.547426853952836,-0.756373744224333
INPP5K,0,0.254276482356234,0.0936130507714922,0.364807163165081,0.481968507397831,-0.217029236569355,-0.50653585376434,0.174395705487538,0.603647063986083,0.400354741844179,0.204434531868922
MYBBP1A,0,-1.5368361223229,-1.10345604292226,-1.06608919045777,-0.609641430259297,-1.65515608951167,-1.98636199798704,-0.867309326343275,-0.318506488917537,-0.72785928324131,-0.503152996066615
UBE2G1,0,0.095665109295238,-0.179549420330713,-0.080657663345225,-0.605572780396442,0.166510337029548,-0.391358502809333,-0.346218997208058,-0.505950616929679,-0.285202391301104,-0.616642938840336
COQ3,0,-1.7968370501436,-2.30444066815852,-1.87212517744784,-2.03562390973072,-2.63508598014699,-3.09451759878429,-1.67948009950545,-2.18762700317577,-1.86569890828841,-2.33075194527437
DDC,0,0,-1,0,-1,-1,-1,0.584962500721156,0,-1,-1
SLC52A1,0,0.347923303420307,-0.78135971352466,-0.874469117916141,-4.1963972128035,-3.1963972128035,-4.1963972128035,-2.1963972128035,-1.16664986940945,-1.69389687227432,-0.736965594166206
GUCY2D,0,-1.22239242133645,-3.8073549220576,-3.8073549220576,-2.8073549220576,-2.22239242133645,-2.22239242133645,-2.22239242133645,0.192645077942396,-1.22239242133645,-2.22239242133645
PCBD2,0,-0.579782261615476,-0.890122382227627,-1.23629802336167,-2.21205047711499,-3.53397857200235,-3.03147823147317,-0.65950945408621,-0.200077835448913,-0.579782261615476,-0.384231452497669
PRMT7,0,-1.04403276806267,-1.22142901893611,-1.58785657399034,-2.05600540972874,-2.96289600533726,-1.91850188597881,-0.823344652938467,-0.92947300379981,-1.3371871622728,-1.37043896806918
POLR3F,0,-0.115477217419936,-0.516015147003665,-0.176877762084079,-0.582442508742641,-1.37851162325373,-1.51601514700366,-0.371968777386958,-0.0803865529515741,-0.199869404710309,-0.368708448223371
PTPRA,0,-0.191414424416532,-0.0313641709093351,0.1857339507576,-0.603175303979186,-1.08703199309397,-1.69785655712709,-0.720399125778178,0.229025513668895,-0.232337608610877,-0.245559439279163
RHBG,0,1,2.4594316186373,3.64385618977472,2.16992500144231,0.584962500721156,-1,-1,1.08746284125034,2.16992500144231,-0.678071905112638
ATP1A4,0,-1,-1,-1,-1,-1,-1,-1,2.08746284125034,-1,-0.415037499278844
ACY3,0,0,-1,-1,-1,-1,-1,-1,1.16992500144231,-1,-0.415037499278844
ALDH3B2,0,1.15650448567999,2.22810607253084,1.99916486536546,0.863498000095138,0.712718047919529,-2.04064198449735,-0.980100442562295,0.374395514781498,1.27370927490364,-0.339145733873378
LPIN3,0,0.508286909982327,1.00670502387789,1.42062718097448,-0.116597757313851,-1.36513259345253,-0.955877446767692,0.0397705286926007,0.0310268956206246,0.498805856971442,-0.191365525715823
DMGDH,0,1,0,0.678071905112638,-2.32192809488736,1.26303440583379,0.678071905112638,1.37851162325373,2.53605290024021,0.84799690655495,0.925999418556223
BHMT2,0,-1.58496250072116,-1.58496250072116,-1.58496250072116,-1.58496250072116,-1.58496250072116,-1.58496250072116,-0.584962500721156,0.415037499278844,-1.58496250072116,-1.58496250072116
SLC14A2,0,0,0,1,1.58496250072116,2,2,2.58496250072116,4,1.8073549220576,2.32192809488736
PDE6A,0,-1.16992500144231,-3.16992500144231,-3.16992500144231,-3.16992500144231,-3.16992500144231,-3.16992500144231,-2.16992500144231,-1,-1.84799690655495,-1.84799690655495
TPTE2,0,0,1.58496250072116,0,0,0,0,0,0,0.584962500721156,0.584962500721156
CDK8,0,0.0499581586872564,-0.354982375807881,0.111748357652456,-0.477701534061015,-0.73132848663911,-1.4378088069375,-0.586173323319204,0.244355852809019,-0.184369557884894,-0.582543899918513
PEMT,0,-0.785261151206987,-1.21056698593966,-1.29545588352617,-1.05444778402238,-1.94753258010586,-2.09192248944104,-1.78526115120699,-1.42098676561003,-1.25238716163429,-1.37406571822254
CHI3L1,0,0.796466605914868,2.38142910663602,3.23588826382067,2.75207248655641,0.610053481683987,-0.247927513443586,0.559427408614019,3.21150410519371,2.38869710710006,1.76329974197967
PIK3C2B,0,-0.123148230772865,0.410933100946107,0.420764110305801,0.0163018123291006,0.319302625480539,0.807354922057604,1.48776696562476,-0.62148837674627,-0.315793308715261,-1.21530567535357
DSTYK,0,0.047254061745255,-0.0389502633688055,-0.0422440890938474,-0.869939459435627,-1.83810337231362,-0.709474787242381,0.400149703932117,0.134443414945572,-0.188761643455168,-0.119285124857675
CHIT1,0,0.415037499278844,0,0.415037499278844,-1.58496250072116,-0.584962500721156,-1.58496250072116,0.415037499278844,1.87446911791614,1.11547721741994,-1
SLC41A1,0,-0.431987568208781,-0.3307042323716,-0.0840642647884745,0.00775644363443463,-0.747372817229372,-0.204358498506186,0.158211580878522,-0.134395940338619,-0.753915663096144,-0.677294381493231
DCLK1,0,1.22239242133645,0.637429920615292,-0.169925001442312,-0.169925001442312,-0.169925001442312,-0.169925001442312,2.58496250072116,0.415037499278844,-1.58496250072116,-2.58496250072116
KL,0,0.584962500721156,-1,-1,-1,-1,0.584962500721156,0.584962500721156,2.58496250072116,-0.415037499278844,-0.415037499278844
STARD13,0,0.864648147105114,-0.102615066482887,0.569084756217151,0.162729500038108,0.982670121462083,0.945138064965482,0.448033069712935,2.04608964326482,1.10483733482961,1.01179467398055
RNF128,0,-0.330928093138314,-0.914988063307115,-0.94231264981935,-2.11499879093872,-1.40312417773534,-2.32192809488736,-2.02461255448161,0.179938790070332,-0.34635813370792,-0.272540067925199
EPHB2,0,-0.97490901903717,-1.66296501272243,-2.02553509210714,-2.02553509210714,-1.24792751344359,-2.66296501272243,-2.83289001416474,0.888209174542443,-1.83289001416474,-0.309328058107729
KMT5C,0,-0.0152667566533105,0.349007628943647,0.372658897008292,-0.399930606888635,-0.592575684831031,-0.525461488972494,-0.461331151552779,-0.0620609681322516,-0.409984271552558,-0.801671283554022
PDE6B,0,-0.788495894806288,-1.66296501272243,-1.92599941855622,-3.24792751344359,-3.24792751344359,-1.66296501272243,-1.44057259138598,0.901819606061097,-2.07800251200127,-0.389946518316013
CSNK1G2,0,-0.253830578503954,-0.785875194647153,-0.680382065799839,-1.0790715709912,-1.39592867633114,-2.4632839441329,-1.34129341975429,-0.733763162127862,-0.814344854064953,-0.852042118612899
CNDP2,0,-0.751340215984452,-1.00697517091634,-1.1801084311254,-1.33240353854592,-2.17748296171858,-2.51921953768612,-1.65871895067423,-0.236376650772149,-0.232965216123013,-0.0263326218633462
MACROD1,0,0.298523490552419,0.156969346338399,0.096215315259303,-0.661583782324069,-1.53605290024021,-2.05062607306997,-1.28643901016874,-0.661583782324069,-1.10904275929529,-0.799087306074004
PLAAT2,0,0.362570079384708,-1.8073549220576,-2.8073549220576,-2.8073549220576,-2.8073549220576,-2.8073549220576,-2.8073549220576,2.55019708256048,-1.22239242133645,0.0995356735509144
GSTT2B,0,0,1.4594316186373,1,-1,-2,-1,-1,-1,-1.41503749927884,-2
SLC2A11,0,0.860596943334584,0.533432200081074,-0.0384741478146357,-1,-1.66296501272243,-2.66296501272243,-0.662965012722429,1.50695998871988,1.03747470541866,0.839535327806754
GGT2P,0,0,0,0,0,0,1,0,0,0,0.584962500721156
MKRN1,0,0.23600452787255,-0.207347677539481,0.000832244061665308,-0.586628430514687,-0.437127844272807,-0.484095467019568,-0.134260483299933,-0.115650662044496,-0.343842340394883,-0.113847856385486
LARS1,0,-1.1252418517231,-1.10085769309614,-0.892259148628619,-0.928661218279738,-1.04432185633954,-1.53356912941239,-1.09035633407924,-0.515275344872052,-1.22644493816092,-0.979051499073151
IMPA1,0,-1.22787796042018,-1.8717341501949,-1.63226821549951,-1.11684664803143,-0.553819117814163,-0.765534746362977,-1.30019216523607,-1.29682531413767,-0.724246537872345,-0.866733469136536
CA1,0,1.32192809488736,2,2.70043971814109,0.321928094887362,-1,-2,1,3,2.16992500144231,0.807354922057604
AMPD3,0,1.18748337282662,0.831546385774356,0.652076696579693,0.522793679634727,2.16402440000263,2.46530818497397,3.05771549785629,-0.218961515936175,0.124057992684983,-0.683972506552322
HSD17B4,0,-0.27176481093833,-0.213414150276089,-0.0630097975258004,-1.4254716355449,-2.05093696522523,-3.36911292525148,-2.01384764649001,-0.230332491808313,-0.864079898048075,-0.750203092606986
DUSP26,0,1.58496250072116,1,1.58496250072116,0,1,0,1,1.32192809488736,0.584962500721156,0
LOXL2,0,-2.37851162325373,-2.96347412397489,-3.11547721741994,-3.82597060022495,-5.70043971814109,-3.28540221886225,-3.11547721741994,-1.20858662181142,-2.30812229536233,-1.27417496343899
ELP3,0,-0.864648147105114,-1.58327415056839,-1.32446433059632,-1.28276503931593,-1.78389594923362,-1.95018970022906,-0.715724446592036,-0.0101718050572912,-0.819229022345896,-0.478348995929709
CDK7,0,0.190720201017904,0.0134027046024885,0.629162304631691,0.0804302703207351,0.0407755611874916,-0.196497403438002,0.196607044094818,-0.417604572982642,-0.053893007995202,-0.666576266274808
IRAK2,0,1,1.65535182861255,2.8972404255748,2.78659636189081,4.3037807481771,3.47248777146274,4.12515513132229,1.59693514238723,2.4262647547021,1.51096191927738
CAMK1,0,-2.26303440583379,-3,-3.58496250072116,-3.58496250072116,-2.58496250072116,-2.26303440583379,-1.58496250072116,-1.88452278258006,-2.12553088208386,-2.77760757866355
GSTM1,0,0.578173335058517,-0.267104070142841,-0.657894023175007,-3.14974711950468,-3.82781902461732,-4.56478461878353,-2.97982211806237,-5.56478461878353,0.404841732172955,-6.14974711950468
GSTM5,0,1,0,1,0,0,0,1.58496250072116,1.58496250072116,1.8073549220576,1.8073549220576
GSTM3,0,0.231443235468261,-0.383604991442187,-0.943905437929074,-2.54114626842867,-2.18269229751619,-1.89581114972803,-1.06499725484644,0.527700894654326,0.916602906821585,-0.179090060835995
CHIA,0,0,0,-1,-1,-1,-1,-1,1,-1,-1
HMGCS2,0,2.22239242133645,3.54432051622381,1.41503749927884,-0.584962500721156,-0.584962500721156,-1.58496250072116,-1.58496250072116,0.874469117916141,0.222392421336448,-1.58496250072116
PTPN22,0,0,-1,0,-1,-1,0,1.8073549220576,2.58496250072116,0.584962500721156,1.58496250072116
CEPT1,0,-0.113458049783284,-0.165385841827145,0.147145529795748,-0.34706634168386,-0.925191412351462,-1.46855300860585,-0.711595939252173,-0.0549141473821475,-0.250961573533219,-0.364303046609164
FKBP11,0,-2.23266075679027,-0.910732661902913,-1.03102689562062,-1.96962635095648,-1.4671260104273,-0.854149133536545,-0.345135486048688,-0.747233929620033,-1.16227142889888,-1.4671260104273
SLC38A2,0,0.835100083893654,0.589573093096668,0.992296852678616,0.348606840557848,0.507787720150822,-0.126344026143451,-0.525409013023016,0.284572037631283,0.515010763837279,0.357432198711957
GRHL1,0,0.717643496764585,1.46378714687522,1.98013746616543,2.1914449988152,1.65028226937086,0.882877976248086,1.09240947955631,0.138181914605563,1.21069203962823,-0.428248757671185
ROCK2,0,-0.400879436282184,-1.02777261746926,-1.30167775857508,-1.70043971814109,-1.58781086303019,-1.23318253573199,-0.402132319592266,-0.173664631488893,-0.674472033814555,-0.519595496809732
LPIN1,0,0.604576272975764,-0.341036917835067,-0.788495894806288,-2.48425912573791,-1.15209580865609,-0.427047226314335,-0.101981374935713,-1.38830740239545,-0.959682544812512,-0.845079423172656
CMPK2,0,0.653609847670726,-1.51096191927738,-2.77399632511117,-4.83289001416474,-4.61049759282829,-2.09592441999854,-1.63649280136124,-1.51096191927738,-1.92599941855622,-2.80314267077069
LDHA,0,-1.42433984442358,-1.71098468028665,-1.68212008732758,-1.55466390018812,-2.20548137085136,-2.10047942461486,-0.825479469993522,-0.942523886189553,-1.38944974388132,-1.28408012923676
ERN2,0,0,-1.32192809488736,-2.32192809488736,-1.32192809488736,-2.32192809488736,-2.32192809488736,-0.736965594166206,0.137503523749935,-2.32192809488736,-2.32192809488736
NARS1,0,-0.729252870598397,-0.692925582608682,-0.298416247560694,-0.333257307609578,-0.982205741950707,-1.38599538985297,-0.971781958135735,-0.309311611984546,-0.52749178203408,-0.833918783381254
SLCO1B1,0,0,0,0,0,1,0,0,0.584962500721156,0.584962500721156,0
ACP2,0,-0.538866086131702,-0.498602215917975,-1.2667865406949,-1.48542682717024,-2.51189903853143,-1.71219768901726,-0.72762772958687,0.155278225477911,-0.587306441189455,0.159478214007197
USP26,0,-1.58496250072116,-1.58496250072116,-1.58496250072116,-1.58496250072116,-1.58496250072116,-1.58496250072116,-1.58496250072116,-1,-1.58496250072116,-1.58496250072116
STK26,0,-0.358022573520559,-0.225791345924265,0.441364781709189,0.213636097862852,0.810514432410854,0.856728350611048,0.419679592590389,-0.479328869742692,-0.452418983255184,-1.00443497134034
YARS1,0,-0.980250272811914,-0.999006066070994,-0.464598669334965,-0.127249291576238,-0.27101062540934,-0.365840691986515,-0.317336879855878,-1.30315945923038,-1.41271938440246,-1.53921318662277
CYP2J2,0,0.954196310386875,1.73876783680019,2.04001567884788,-1.1926450779424,-2.51457317282976,-2.07400058144378,-1.46394709975979,0.137503523749935,0.329123596291566,-0.814133454688666
TUT4,0,-0.0354156835571783,-0.256386029824428,-0.250428574528029,-1.3070121028944,-0.763869777867867,-0.772381277723384,-0.00166689220263798,-0.188367606395777,-0.786679660775953,-0.723424252149457
RNF138,0,-0.427620628716457,-0.968542568478403,-0.92947300379981,-1.074152756439,-0.833612988392294,-1.32627138479361,-0.968542568478403,-1.83361298839229,-1.29401102107101,-1.63197912722264
DAGLA,0,0,-1.58496250072116,-0.584962500721156,-1.58496250072116,0,-0.584962500721156,1.41503749927884,2.16992500144231,-1,-1
CBLIF,0,-1,-0.415037499278844,-2,-2,-1,-1,1,0.169925001442312,-1,-1.41503749927884
FADS2,0,-0.182608718108668,-0.816651491858099,-1.69989472221159,-3.65114254385322,-2.95492329203032,-3.89964085652913,-2.86746045077998,-2.76016643760807,-1.84509263775153,-0.951405379921718
CLOCK,0,-0.814158317095773,-1.50074172206393,-1.55510742518048,-1.83553196788834,-1.99473056273759,-1.35665672555688,-0.267717748997593,-0.404268264869063,-1.12436584315419,-0.748069126638001
PDGFRA,0,0.584962500721156,-0.415037499278844,1,1.16992500144231,2.95419631038688,3.97727992349992,3.83289001416474,1.70043971814109,0.807354922057604,-0.678071905112638
GGACT,0,-0.352301743930881,-1.86249647625007,-1.44745897697122,-3.20645087746743,-4.32192809488736,-3.32192809488736,-1.41503749927884,-0.918205908836353,-1.27753397552891,-0.851608160107329
UBAC2,0,0.129522846559165,0.260433692998671,0.734805331659917,-0.412241964760889,-1.09799460695515,-2.11347985445257,-1.18257237772551,-0.20658925884405,-0.276771019647703,-0.510467314374691
STT3A,0,-1.25839483292725,-1.47029793191218,-1.63110692273257,-1.97279827244136,-2.44132717848456,-2.30460609805538,-1.25460988530578,-0.586811940638604,-1.41081908972105,-0.825622594182915
RFK,0,-0.433093993314815,-0.35184367279165,-0.407877707705978,-0.317896340868312,-0.0802472534544319,-0.100304905795685,0.101328955373965,-0.500035152286681,-0.188038277729236,-0.641922901639672
CTSL,0,0.0116732122322181,-0.73412703930875,-0.713014052155551,0.494833432430515,1.99386029493556,-0.00854932896467962,-0.152713605668664,-0.226838874467507,-0.705175665612621,-0.950770783144179
PSAT1,0,-2.535168575705,-1.77691844798845,-1.18874434941177,-0.16465721337368,-1.56103666147568,-1.84751448052107,-1.96034123448992,-4.51894532798664,-3.4166467521405,-3.05909474752242
TAOK3,0,-0.293046974900233,-0.189617385244828,-0.315973371749741,-0.756545963135722,-0.349370581629849,-1.07623558582709,-0.0376142917997779,0.487130686087272,-0.19719856422923,0.162835576655993
USP30,0,0.272765943851567,0.078387898684716,0.119415166944771,-1.00734197534117,-0.992695199376767,-1.21266088331867,-0.327431070564749,-0.204199304570478,-0.234034534111241,-0.667855509069501
SDS,0,0.321928094887362,-2,-1,-1,-0.415037499278844,-1,0,-0.192645077942396,-0.192645077942396,-0.192645077942396
CD36,0,2.83906378178494,5.10898901805763,6.31952159718027,2.74176658043003,2.23606735823352,1.79354912253257,2.24285652389616,4.562751221631,5.24073833963533,3.44919451001091
UGT2A3,0,1.58496250072116,0,0,0,0,0,0,0,0,0
UGT2B28,0,1,0,0,0,0,1,1,0.584962500721156,0,0
PNPLA8,0,0.319605537303556,0.293018534802832,0.74237039860701,0.359343294230788,0.677951030826539,-0.0592160429909814,-0.0612323885894861,-0.192092638708807,0.0105974736611267,-0.485716942472534
SRPK2,0,0.0689295918963549,-0.538752985324885,-0.646189299971602,-1.42618149908036,-0.674612522189473,-0.569064873840948,-0.431561350091013,-0.0030004067124235,-0.351621668476233,-0.521440437081644
NT5E,0,-1.00367253921076,-1.68297070452548,-1.0856300715257,-1.08174314944154,-0.567946523705555,0.0545836246176359,0.0969250507333453,-0.227291220749287,-0.276422928080166,-0.35673078861849
EPHA7,0,0,-1.58496250072116,-1.58496250072116,-1.58496250072116,-0.584962500721156,-0.584962500721156,-1.58496250072116,0.736965594166206,-1.58496250072116,-1.58496250072116
MAP3K7,0,-0.158605828269297,-0.21483644688809,-0.125890253125919,-0.597367521611937,-0.880575598063401,-1.03399438732349,-0.365820507946864,0.0437951178796848,-0.188134890475802,-0.117289959157062
NAT10,0,-1.27596224093518,-1.358720126257,-1.74738221011154,-1.31674785578168,-1.97326361752787,-2.04855174483211,-0.669379698110271,-0.600091244015815,-1.08111960728854,-0.893974707723233
ATP5MC2,0,-0.0697276929149361,-0.480142224041974,-0.680721483526587,-1.38078239241228,-1.79746211729917,-2.57553924683453,-1.74264923266979,-0.938008695309221,-0.769795374682912,-0.98776173050632
AMHR2,0,0,0,1,0,0,0,0,2,0.584962500721156,0
GLS2,0,-1.12146351248567,-1.60299642355142,-1.8073549220576,-1.74595437739346,-2.74595437739346,-2.57602937595115,-1.3536369546147,-1.67270539536282,-1.70156025803501,-1.73100403592749
RDH5,0,0.584962500721156,0.321928094887362,1.70043971814109,0.584962500721156,0,2,1.16992500144231,-0.678071905112638,0.459431618637297,0
CDK4,0,-1.13711313136739,-1.81518503648003,-1.94446805342499,-1.87837886296722,-2.15439112279923,-2.44196771289581,-1.92210024039654,-1.13926159794597,-1.35950555270384,-1.16092409263846
PPP1R1A,0,0,0,0,0,0,0,0,2,0,0
B4GALNT1,0,1.37851162325373,-0.736965594166206,-0.321928094887362,-2.32192809488736,-2.32192809488736,-0.736965594166206,-0.736965594166206,0.678071905112638,-2.32192809488736,-1.32192809488736
PAN2,0,0.342673952422487,-0.189789825692557,0.0437877326423225,-1.59388181840968,-2.07528812730424,-1.74216182581201,-0.870399453607094,-1.09652196174346,-1.16714898549846,-1.44422921199363
ACVR1B,0,0.243426121208645,0.235812937098769,0.363568484297142,-0.0976107966264223,0.0486099442246215,0.280900826627307,0.580461108486215,-0.332076050263445,-0.43161172381436,-0.496706752036244
SMPD2,0,0.644668746845424,0.651152780415623,0.827532803995234,-0.408280133103535,0.0597062461242676,-1.29176612437711,0.144873629386945,-0.267104070142841,-0.267104070142841,-0.698536007672353
TEC,0,0.166649869409451,2.33948646627167,2.97774719315287,2.57511471476481,3.05417514015104,3.03634184706372,2.85289570596779,0.977747193152872,1.34529208795287,0.29218075149331
USP15,0,0.300073135902153,0.45136184703952,1.0122584576722,-0.0260271846925772,0.0974628635879029,-0.355135858688118,0.188756113037995,-0.223369790820945,-0.0922889254087935,-0.797423392375162
GNS,0,-0.144719366984674,-0.320494457708114,-0.156298041020138,-0.697183509832204,-0.425156819079913,0.364076084703266,0.493822171798537,0.145494742684263,-0.0220744531384229,-0.229931555620897
MDM2,0,-0.640470174707712,-0.816566607783255,-0.939774418970177,-1.34582822352521,-1.78090600646081,-1.23110273606109,-0.590096652192593,0.492213701292144,-0.540180173992578,-0.190572152285074
BCO1,0,1.58496250072116,-1,0.584962500721156,0.584962500721156,-1,-1,-1,2.39231742277876,0.321928094887362,0.321928094887362
CHST5,0,-1,-1,-1,-1,-1,-1,0,-0.415037499278844,-1,-0.415037499278844
SLC9A5,0,-0.0931094043914815,0.247927513443586,-1,-1,-2.41503749927884,-0.0931094043914815,0.39231742277876,0.357552004618084,-0.245112497836531,-0.752072486556414
AGT,0,0,0,0,0,0,0,2,1,0.584962500721156,0.584962500721156
NTPCR,0,-0.362308555765595,-0.673684587871698,-0.545236222405545,-1.3932331289605,-2.45212681801406,-3.19578706475428,-1.80827062823934,-0.464704884093533,-0.609427280591317,-0.522704009053183
GLUL,0,-1.14473677674536,-2.98014481310039,-3.27760505250328,-3.89709523635271,-3.54193976941283,-3.54976634398316,-3.28085803029837,-1.97530576436485,-2.9316171616789,-2.17392344170287
NPL,0,-0.81088373353785,-1.18527924831935,-1.95831409719308,-2.40411385024261,-3.80266322673288,-3.13281182842521,-1.92224484248555,-0.774254811547128,-2.12254349297139,-1.33135750780729
PIGC,0,0.337303320774278,0.608386846232486,0.720122084002792,-0.858987690472926,-2.09310940439148,-1.84157063739552,-0.930837975492604,-0.368563069479343,-0.0828410689376543,-0.642447995381916
USP37,0,-0.631032149417141,-0.564498398161441,-0.760049207279248,-1.09953567355091,-1.55235783528923,-2.01380579952503,-0.705256734438868,-0.685234431007054,-0.85626452253855,-0.935511273548286
SLC19A3,0,2.11547721741994,3.84130225398094,5.10153802646206,4.14295795384204,2.11547721741994,-0.584962500721156,0,2.36923380966572,4.8073549220576,0.736965594166206
CYP27A1,0,0.630766190334281,0.505235308250422,-0.0473057147783566,-1.14684138832927,-0.146841388329271,0.331205908475373,1.42084312096005,-1.36923380966572,-2.04730571477836,-2.14684138832927
COX5B,0,-0.433510159350323,-0.83211587461014,-0.232163730575086,-1.01909250757441,-1.89387164913866,-2.36414421488282,-1.38716432154742,-1.34847961971953,-1.17095783411324,-1.16203108715032
ALDH1L2,0,-1.98868468677217,-1.7890123419358,-1.45730322625585,-0.529253068134869,-0.764683012574061,0.186240995728513,-0.32334876958699,-2.73129684407951,-3.64883468388754,-3.75986599627629
USP44,0,-0.106915203916512,-0.222392421336448,0.0995356735509144,-1.48542682717024,0,0.777607578663552,0.836501267717121,-0.106915203916512,-0.415037499278844,-1.48542682717024
SLC41A2,0,-0.321928094887362,-0.633872101202102,-0.243925582886089,-1.68449817427207,1.34103691783507,3.86349800009514,4.88535743405888,1.7796099315747,0.874469117916141,0.552541023028779
NEK3,0,-0.593840652067609,-1.15890359535106,-1.30433403487262,-2.21944513728611,-2.02680005934372,-1.79413930255344,-0.620807699667878,0.19430366602416,-0.914099926594353,-0.331919866544524
SUCLA2,0,-0.394027790543863,-0.279340658051061,0.216379726734756,-0.349789259758318,-0.414711944715601,-0.962400072593698,-0.522829561570911,-0.198657772544088,-0.215571155480434,-0.634394264490767
SETDB2,0,-0.223543354816626,-0.593616966031694,-0.652076696579693,-1.35863097784981,-0.818615883182624,-1.15277028040325,0.0838037564741354,-0.321496731439422,-0.50034481190335,-0.803477286344703
CHST12,0,0.436639753764055,0.36118752533459,-0.273018494406416,-1.77051815387723,-2.68805599368526,-2.68805599368526,-2.33441903907056,-0.423352767490847,-0.749456538349403,-1.05062607306997
NUP42,0,-0.273376350055253,-0.602240492152992,-0.597901556428654,-1.53433642765119,-1.71989208080726,-1.91119073304214,-0.748461233004036,0.0520073034683288,-0.597901556428654,-0.362570079384708
ZDHHC4,0,-0.166649869409451,-0.361820822010875,-0.481235988955646,-1.56412899730399,-2.32192809488736,-2.12600788491211,-0.643856189774725,0.198208386570527,0,0.256461751910308
AOAH,0,-1.8073549220576,-2.8073549220576,-2.8073549220576,-2.8073549220576,-1.8073549220576,-2.8073549220576,-2.8073549220576,-1.22239242133645,-2.8073549220576,-2.8073549220576
DGKB,0,1,0,1,2,1,0,1,3.58496250072116,0,1.32192809488736
MTHFS,0,-1.16992500144231,-0.584962500721156,-2.16992500144231,-1.58496250072116,-2.16992500144231,-0.362570079384708,-1.58496250072116,-1,-2.16992500144231,-1.36257007938471
IREB2,0,-0.482663924875014,-0.473035223677237,-0.802178813109567,-1.18149439015445,-1.56891965822543,-1.09526199251037,0.223708749019819,0.0675331576854655,-0.393686443022676,-0.442961500841283
NMT1,0,-0.392705018278577,-0.755921321656571,-0.774657884238157,-1.34204775551136,-1.72598403750247,-1.35256562742536,-1,-0.603685554226517,-0.926137218359651,-0.879127150794186
KAT7,0,-0.49689961161419,-0.724099418408252,-0.632676390644657,-1.14815379104453,-0.981750627545142,-1.35704194803123,-0.511370094422524,-0.296894286677168,-0.70401517236492,-0.626362616712455
NDUFB5,0,-0.452734521794869,-0.875777046143493,-0.862551330531963,-1.71164576094425,-2.42249851479132,-2.58677379416798,-1.40801511889809,-0.740086459712275,-1.05284737939493,-0.997588474088085
MARCHF7,0,0.10513837978029,0.242302964249707,0.771043469006059,0.660218912426045,1.23499644291937,1.21596257207093,2.20156412533046,0.0471375556882989,0.0585407910776314,-0.471460648006239
GALNT5,0,-0.141586477499712,-1.82868176325782,-3.11756959638118,-5.26052755022322,-5.75802720969404,-2.57870351024947,-0.742202242532353,2.06814737710473,-0.711063730723449,1.79226689446777
BLK,0,-1,0,-1,-1,0.584962500721156,-1,-1,1.70043971814109,-0.415037499278844,-0.415037499278844
EPRS1,0,-1.01720236338099,-0.667590197399068,-0.28137630419711,-0.162018916232769,-0.707682164718235,-1.87108191617428,-1.35753847603334,-1.06237022752055,-1.19014251714716,-1.16735684544707
RPS6KC1,0,-0.0351465625530716,-0.188929662443407,-0.00347637527459406,-0.963995046544507,-0.981028243703949,-0.950511817180884,-0.255761170921616,0.28286261513267,-0.246463426339526,-0.308535710570161
SMPD4,0,-1.07354778182478,-1.29493449030008,-1.28791406262231,-1.13521080170858,-1.41982573812789,-0.935495600513225,-0.608092375559711,-0.991421015111217,-1.13206424639172,-1.24649413524233
SAP130,0,-0.258311995591391,-0.608809242675524,-0.573185332944803,-1.23029761942179,-0.843274496312547,-0.34577483684173,0.219009781941796,0.208814014835907,-0.504472582860788,-1.17584983539942
HS6ST1,0,-0.661313386851271,-0.685029455825078,-0.693022246578609,-1.0351282234036,-1.75861058820619,-2.16250752987983,-1.17364808748503,0.576675889536196,-0.59616070732602,-0.116097064922871
UGGT1,0,-1.07549019958426,-0.970599083559441,-0.96921387458035,-1.2461605872694,-1.85736232477863,-2.17736981360348,-0.691714513071306,-0.0863361757960552,-0.890410006967301,-0.431634009809539
GAD2,0,0,0,0,0,0,1,1,4.35755200461808,1,0
CDK9,0,1.29452976443469,0.647850206676547,0.556107638048971,-0.70401517236492,0.224431566610046,-0.448758117122845,-0.313915574835978,-0.238251304903906,-0.389084803602377,-0.473336139843511
TXN,0,-1.20524875029732,-1.66737725670135,-1.3440163936908,-1.31766321534632,-1.16313129559053,-1.63748364727169,-0.211953774175208,-0.804356119860557,-0.703666864192881,-0.804496863730811
ST6GALNAC4,0,0.830872728763741,0.695520875868855,0.519671040469437,-1.29661700635817,-1.73271612116485,-2.82017896241519,-2.49825086752783,-1.05199463763826,-0.690895945470221,-0.797811149386733
SLC2A8,0,-0.215728691055437,-0.615336149764675,-0.743660246740214,-2.12553088208386,-2.36257007938471,-1.46948528330122,-1.10383581098454,-0.812372996824229,-0.857042046157957,-1.22741049610307
SLC31A1,0,-0.0845642952584728,0.730882039152679,1.36276845615242,1.21753786866826,0.877063893869009,1.02478310092989,1.38686556918315,0.11079983834522,0.419271874107713,-0.151408044956149
ALDOB,0,1,0,1.58496250072116,1,0,1,1,2.16992500144231,0.584962500721156,0
FPGS,0,-0.513171817653146,-1.21477923722657,-1.53670733211394,-1.96445588314233,-1.60472575554259,-2.35837009085542,-1.78463484555752,-0.539082139301839,-1.08766731932323,-0.487718638678231
USP20,0,-0.0287112966415274,0.180154133759199,0.384512632265385,-0.53605290024021,-1.73459857962229,-0.951090399519053,-0.599246726727404,0.0176586664965067,0.0141441823202698,-0.11844145729754
BAAT,0,2.32192809488736,1.58496250072116,2,1,0,1.58496250072116,1,2,1.32192809488736,0.584962500721156
ATP6V1G1,0,0.136750108997705,0.082519696535313,0.427155641641793,-0.259104199692969,0.123501258541792,0.696850228171748,0.990127386008702,0.795320631762951,0.467786928058297,0.203478883853667
DPM2,0,-0.923131236615729,-0.651051691178929,-0.0811960828479807,-0.311201688294304,-0.805561640234554,-0.856635824828823,-0.258734268400168,-0.673771767679012,-0.837270499961892,-1.14325705098023
CTSV,0,0.12194798949804,-0.261012408248582,0.200548433207617,-1.13790826355926,-0.557239992804595,1.10239559480765,2.63373969882321,0.943722199757028,0.7543294978919,0.544532477483296
ENPP2,0,0.518467088934249,0.18286405714981,0.112474729258413,-1.20945336562895,0.148098638989134,0.79054663437105,1.62343664853579,-1.68589140957194,-5.20945336562895,-2.88752527074159
POLR1E,0,-1.0134383743248,-1.73378434692153,-1.92370821366879,-1.64146959693785,-2.11738933836371,-2.48351723716161,-1.42078148181365,-0.683815887647442,-1.40551472516034,-0.680749584599658
GRHPR,0,-0.505026004619585,-1.04838760087397,-1.04838760087397,-1.5645593279292,-1.98922552840582,-2.73768676140986,-1.71620703399941,-0.906823004658103,-1.24455183910436,-1.39712449238345
ALDH1B1,0,-1.47999294111961,-3.2684888359259,-4.7279204545632,-4.14295795384204,-3.9205655325056,-3.7279204545632,-2.64045761331286,1.04686660503797,0.0794344674944049,1.01017180505729
PPIL1,0,-1.69348695749933,-1.64909283814087,-1.38970620932222,-1.15432814639129,-2.38363169491254,-2.55052900365728,-1.02106161552783,-0.19630041686661,-0.979241439833203,-0.663739614105273
PIM1,0,0.856455874092765,1.29761243433549,2.12870880995594,2.5167315813446,3.97479004096599,1.6631765050692,1.59164475000376,-0.194368384984917,0.7553339496499,-1.08909634188486
GMPR,0,-0.226275855823676,-0.339486466271667,-0.824913293441909,-1.86673346913654,-2.14684138832927,-0.824913293441909,0.349584437790228,-3.14684138832927,-3.49476469174958,-3.78427130894456
CMTR1,0,-0.0109850406938024,-0.846174170948132,-0.909857461406396,-1.80098539718188,-3.20126912977069,-2.35140947919855,-1.77578484305673,-0.965755786700805,-1.09225850785199,-1.46011573864105
SLC22A7,0,0,1,0,0,1,0,0,2,0,0
KIAA0319,0,2.11547721741994,3.50250034052918,4.75488750216347,5.01495034146597,4.96962635095648,2.87446911791614,4.14295795384204,4.48112668973662,6.01866384426504,1.58496250072116
RIPK1,0,0.214412893024632,0.409456467015544,0.460949978757334,-0.340851254744805,-0.94534592512993,-0.501108449402511,0.130396637255675,0.480045489701487,0.0772693979853508,0.174250926845102
TPMT,0,-0.329642434964578,-0.343775070828824,-0.100401896957838,-0.588230214555067,0.152935368140425,0.383452977657322,0.216117212060906,0.382737887163926,-0.043068721891886,0.0386459278994833
CLPS,0,0,0,0,0,0,0,0,0,0.584962500721156,0
RNF144B,0,0.825056923791063,0.805445332048973,1.03627538639155,0.21569776876244,-0.941106310946431,-1.68521397435666,-0.224806352722915,1.95950113291172,1.763929549567,1.28288821498652
SLCO2B1,0,0,0,0,0,0,0,1.58496250072116,2.58496250072116,0,0
IL18BP,0,0.247927513443586,0.0443941193584534,-0.0931094043914815,-0.299560281858908,-1.41503749927884,-0.245112497836531,0.39231742277876,0.189824558880017,-0.142019004872428,-0.272079545436801
GGH,0,-0.0833283835988961,0.544440685732929,1.00315113712657,-1.75672884898764,-2.50917542994285,-3.10918181088846,-2.70096557746563,-2.13666254731056,-1.61793374498949,-2.07555103300718
TGS1,0,-0.708473383653189,-1.17943911350904,-1.15593236062441,-1.53736146726043,-1.79887804545198,-1.58365511953437,-0.859289562147797,-0.473313666242864,-1.11144992471358,-1.00786926518819
NEK1,0,-0.706869169420072,-1.41313796636336,-1.40556474665856,-2.79316901581429,-2.71620703399941,-1.94957057315686,-0.838335331862428,-0.0581810710885292,-0.661065479806948,-0.324782091942515
SLC37A4,0,-0.971087308084761,-1.31901061150507,-1.62643913669732,-2.27594188961318,-3.36340473086352,-2.86090439033434,-1.86090439033434,-1.52210247688258,-1.75854267270466,-1.82942615886117
PPP2R1B,0,-0.89693969494588,-1.02035411380171,-1.10270144173821,-1.47832230539124,-2.17474523660093,-2.00289020806022,-0.823566508615661,-0.404489333014262,-1.69180367282029,-0.723236180656945
FXYD2,0,1.58496250072116,1,0,0,0,0,0,0,0,0
ALKBH8,0,-1.12285674778553,-1.41503749927884,-1.29278174922785,-1.58128684257776,-2.02974734339405,-2.29278174922785,-0.36204441166496,-0.49836588287774,-1.10295719034783,-1.04865580594412
MAP2K5,0,-0.347923303420307,0.280107919192735,-0.44980291743952,-1.90046432644909,-0.949373926930032,-0.900464326449086,0.421463768438277,0.468769483216633,-0.0658879356564571,-0.0524674198941355
CTDSPL2,0,-0.368708448223371,-1.02288022469816,-1.00505322772629,-1.54516149266318,-1.49453541959321,-1.37851162325373,-0.601450623509725,-0.857232412990837,-1.38179420724303,-1.24847934893493
PARP6,0,0.710986527585373,0.507453133500241,0.32458907635043,-0.498805856971442,-0.630050390249694,-0.918031153213719,0.11513571072148,0.0672150800962543,0.13951986934844,-0.243633568910618
ITPKA,0,-0.584962500721156,-1.58496250072116,-1.58496250072116,-0.584962500721156,-1.58496250072116,-1.58496250072116,-0.584962500721156,3,-1.58496250072116,-1.58496250072116
PLCB2,0,0,-2.32192809488736,-2.32192809488736,-2.32192809488736,-1.32192809488736,-0.321928094887362,-0.736965594166206,1.92599941855622,-0.736965594166206,0
PAK6,0,-1.31761510201628,-0.974313356336351,-1.25442127552909,-1.07992354429695,-2.86014233641704,-2.68326457433296,-2.7987417917529,-1.65578383791085,-1.76899444835884,-1.75434767239444
DUOX1,0,0.34617564113404,1.09978017741403,1.1054735353983,0.707569712046517,0.0409815620064786,-1.15472259479864,-0.215886457477038,-0.142525006528713,0.223789028455088,-0.458896820247069
SLC28A2,0,0.736965594166206,-0.584962500721156,0.415037499278844,-1.58496250072116,-1.58496250072116,-0.584962500721156,0.736965594166206,0.415037499278844,-0.584962500721156,0.584962500721156
STRA6,0,-0.584962500721156,-1.58496250072116,-0.584962500721156,-1.58496250072116,-1.58496250072116,0.415037499278844,1.22239242133645,0.736965594166206,-1,-1
CYP19A1,0,1.11547721741994,0.222392421336448,0.222392421336448,-2.58496250072116,-2.58496250072116,-0.584962500721156,-0.584962500721156,0.736965594166206,-0.415037499278844,-2
KYAT3,0,-0.137388572549453,-0.528600058102044,-0.177127687600666,-1.1719381314981,-2.12856472216245,-2.62813573165296,-1.64601322238321,-0.555379389217644,-0.857801387901584,-0.572372460130949
SLC44A5,0,1.0015504515634,1.07555103300718,1.7378960650407,-0.257460561009202,-1.26862986872731,-2.73180388905043,-1.83871909296694,-1.28365807795964,0.151537632869666,0.550424082016677
DBT,0,-0.40946939108996,-0.551871714252734,-0.581619057646786,-1.325279304387,-2.25169817200589,-2.03044487038191,-1.35066462280691,-0.498878626638849,-0.800259344122126,-0.529956937824293
RTCA,0,-0.671567870896691,-1.00860285817426,-1.14990795208405,-1.68805599368526,-1.4632965578049,-1.73296841556083,-0.446835311105726,-0.430559771392896,-0.496793469792983,-0.388409346173904
SELENOI,0,-0.522665180389395,-0.54208443677316,-0.315460671129051,-0.825760162918265,-1.09076546392318,-0.956223340544355,-0.530669056901215,-0.97612289798206,-0.770613479699651,-0.949054654783889
HADHB,0,-0.188891122819319,-0.797687656820719,-0.872463672328253,-1.53542868505068,-1.65112137480929,-2.08969438854892,-1.38575439766561,-0.574409535178107,-0.674419623412971,-0.871647437488438
KHK,0,-1.16992500144231,-1.84799690655495,-2.16992500144231,-4.16992500144231,-3.16992500144231,-3.16992500144231,-1.84799690655495,-1.08246216019197,-3.58496250072116,-2.16992500144231
ADCY3,0,-1.3335560971402,-1.3169732129446,-2.19832871644598,-1.70209513431915,-2.93529431061218,-2.26038968457823,-1.77949963800476,-1.95440313355989,-1.71290188927574,-2.26038968457823
PPM1B,0,0.16268617521218,0.214012755720475,0.347691190952444,-0.385024930212404,-0.330891493078926,-0.728326675892333,-0.441269040852023,-0.0163387368147478,-0.251384046094868,-0.0957111995797614
CYP1B1,0,-0.712718047919529,-0.224431566610046,-0.928446738974966,-0.542793046477217,0.892144010239332,1.39812772076876,3.18881931319478,0.962847001582534,-1.73289592985716,0.457206953522783
SLC5A6,0,-1.58496250072116,-1.65367525080517,-1.8017738897943,-1.67732651886982,-3.46690673919944,-3.10433665981474,-1.55179563678596,-0.878513333078014,-1.12045632517801,-1.01498917421945
ABCG5,0,-2,-2,-1,-2,-2,-2,-0.415037499278844,0.807354922057604,-1.41503749927884,-0.678071905112638
SLC3A1,0,-0.84799690655495,0,-0.362570079384708,-3.16992500144231,-1.58496250072116,-0.362570079384708,-0.84799690655495,0.584962500721156,-0.082462160191973,-0.710493382805015
CYP2C9,0,0,0,-2,-2,-2,-2,-2,2.24792751344359,3.12928301694497,0.321928094887362
CYP2C8,0,-1,0,1.58496250072116,0,-1,-1,0,2.24792751344359,-0.415037499278844,0.584962500721156
STAMBPL1,0,-0.6463630453853,-1.08246216019197,-0.884522782580064,-0.388565287917653,-0.125530882083859,-1.04064198449735,0.273018494406416,-0.227410496103073,-0.239187663879426,-0.980100442562295
CH25H,0,2.50250034052918,2,3,6.37503943134692,4.36923380966572,1.22239242133645,0.736965594166206,0.874469117916141,-0.584962500721156,-1.58496250072116
DUSP5,0,-0.0637255976103871,0.15200309344505,1.04169294829996,1.95821256483439,2.14295795384204,1.50564004805975,1.04169294829996,-1.2418179199241,-0.276454921596115,-1.10623032612492
ENTPD1,0,-1.43238474284274,-1.05268031667618,-0.364213240201161,-1.16418863189317,-2.06465295834225,-2.1135625588232,-0.949175740922318,-0.206671963214681,-1.52033244211844,-0.791634463935837
PLCE1,0,-1.86192386459703,-1.53542303991984,-1.83920378809694,-2.03184886603934,-2.16677844612545,-1.83920378809694,-0.526320832812589,-0.730679331318775,-1.35538801083269,-1.73067933131877
RBP4,0,-2,-2,-2,-2,-2,-2,-2,0.459431618637297,-2,-1.41503749927884
PLA2G12B,0,0,0,0,0,0,0,0,1.32192809488736,0,0
AOX1,0,-1.32192809488736,-2.50955509806313,-2.55019708256048,-2.87212517744784,-3.03562390973072,-2.82149910437787,-2.82149910437787,-1.34856322139083,-3.00705475753395,-2.74874276194256
ATIC,0,-1.62941609916852,-1.34205236397299,-1.77815147877966,-1.62941609916852,-1.84495484946391,-2.4265026857723,-0.929429417627443,-0.529880425617607,-0.955029240863739,-0.448410936782
BARD1,0,-0.48913079593366,-0.92283213947754,-1,-2.22239242133645,-2.25986712675511,-2.09840370406099,-1.37165795221267,-2.98946933250783,-2.6456739147102,-2.75736678622593
METTL5,0,-0.816922273560568,-1.26797899564039,-0.99775804921333,-1.54731521380329,-2.09027018800287,-2.5872079409268,-1.19939191038298,-0.649194827822501,-0.883660081459524,-0.692050306784298
CDK15,0,0.192645077942396,-0.807354922057604,-1.8073549220576,-2.8073549220576,-1.8073549220576,-0.222392421336448,0,1.23703919730085,-1.22239242133645,-0.347923303420307
PPIG,0,-0.507794640198696,-0.600904044590178,-0.322468666319737,-0.887741475009178,-0.808616570621515,-0.935180531905185,-0.681824039973745,0.114922782517878,-0.472370674344795,-0.491492827869596
MDH1B,0,-0.180572245641821,-1.13326653086346,-1.76553474636298,-3.28010791919274,-6.08746284125034,-6.08746284125034,-4.50250034052918,-1.33257533908687,-3.62803122261304,-2.18057224564182
HECW2,0,0.106915203916512,-0.37851162325373,1.94341647163363,-0.700439718141092,-1.37851162325373,-0.700439718141092,0.547487795302493,3.34395440121736,1.54748779530249,2.2184235191335
IDH1,0,-0.408595112798102,-0.886994673074375,-1.12261500686989,-2.84254107462701,-3.47195717379553,-4.52595206343626,-2.79941637465612,-0.994702784425459,-1.31550772235388,-0.844922152970588
SLC40A1,0,1.68624583655834,1.17283659686222,0.21864028647534,-2.97400479146706,-1.87446911791614,-1.78135971352466,-0.923378718397088,1.69437371744174,1.45704502580042,0.912127243974666
PARP9,0,0.537827579720777,-0.821644884026721,-1.28925043410972,-3.37436704774767,-5.06685801277327,-4.72446581532619,-3.44794818012878,-0.114324751609039,-1.05084569478464,-1.04845910194776
USP8,0,-0.0443572260331081,-0.264924605961229,0.201325845289559,-0.360210806510786,-0.717810169280133,-1.08260106117325,-0.13998491965702,0.455777863880622,-0.110370326986847,-0.295751064098227
GLCE,0,-0.389452089084371,-1.11022844515125,-1.16384295506438,-2.42752012991789,-2.60809237555971,-2.86589013302736,-1.37822483366112,-0.151047349759292,-0.555507858547628,-0.613567505625862
PARP16,0,-0.192645077942396,-1.10691520391651,-1.05246741989414,-1.48542682717024,-2.10691520391651,-2.22239242133645,-1,-0.237499313726656,-1.25276607037997,-0.678071905112638
PPCDC,0,-1.09953567355091,-0.929610672108602,-1.07400058144378,-1.02424754624668,-1.95269428522164,-1.86249647625007,-1.04890960048095,-1.30697775342139,-1.49749965947082,-1.86249647625007
HERC3,0,-0.698362754942459,-0.964256814915493,-0.864721141364579,-1.52931975819894,-1.50135967685806,-1.3972162221916,-0.282135404016056,-0.829531712902279,-0.641565591186805,-1.31096623939091
NDST4,0,0,0,1,0,0,0,2,1.8073549220576,0,0
PRKG2,0,-1.02647221136119,-1.08091999538357,-0.69389687227432,-0.57190634789571,-2.78135971352466,-2.97400479146706,-1.32192809488736,0.27392272197653,-0.652076696579693,-0.827163403137784
GPAT3,0,-1.04730571477836,-1.52123690311077,-1.4432343911095,0.678071905112638,3.02422815505398,4.39674287115956,5.05731051000981,-2.88380698249548,-2.32192809488736,-1.22084196977305
BMPR1B,0,1.01122725542325,0.459431618637297,0.426264754702098,-0.79054663437105,0.0443941193584534,0.149747119504682,0.321928094887362,0.62935662007961,-0.870716983055034,-1.06926266243711
PDE5A,0,0.25268104341422,-0.171711620916327,-0.28317205140487,-1.34835622016501,-0.743328096389746,-0.342307175492202,0.422161933712225,0.564180938584653,-0.095969058530722,-0.0558219102724544
NAAA,0,-0.515588797680494,-0.546394844461669,-0.370715168293549,-1.45588255155623,-2.49541091574286,-2.23907116248308,-0.845156954769989,-0.15754127698648,-0.352452961900821,-0.917143067595716
NUP54,0,-0.42449782852791,-0.865070419913891,-0.617866243181818,-0.858216748872829,-1.09147590375696,-1.39692158417549,-0.569487320211906,-1.05183893151962,-1.2461605872694,-1.37596793460025
BMP2K,0,0.0231298748385553,0.233590627941312,0.0710830980614827,0.0458947659706493,0.791866679145528,0.211106613789933,0.518357102272544,0.222392421336448,0.35135420882058,-0.937264244652037
CDKL2,0,-0.485426827170242,-2.22239242133645,-2.22239242133645,-3.22239242133645,-2.8073549220576,-1.63742992061529,-0.485426827170242,-2,-1.22239242133645,-2.63742992061529
ANXA3,0,-1.46545443905166,-2.08204068725914,-1.06356304621966,0.315951699954203,0.584577175796751,0.426549649742387,1.30971733456617,0.827066731282519,0.0894060298800812,0.652917048449729
PPA2,0,-0.880668700035392,-1.09482354620159,-0.78128323680695,-1.73846195425036,-2.58373935945172,-2.97132688044554,-2.00040794430949,-0.95858776861486,-1.01764661078416,-0.838483792941808
HADH,0,-1.31245395987807,-1.2508348416144,-1.43274819359578,-1.74331642631859,-2.98947701358799,-3.53309871892825,-2.19657324782793,-0.647557443513164,-1.54229765577471,0.00527108748913544
PAPSS1,0,-0.546513363438838,-0.529037086123164,-0.477843655751178,-1.40304914873978,-2.20747473975871,-2.5792713886433,-1.42840472301667,-0.146241860827634,-0.78604998996953,-0.298829396266048
PPP3CA,0,-0.917322977190772,-1.14642703907338,-0.745370294401478,-1.12096705408243,-1.11257926858971,-1.64216501227449,-0.183282259932908,0.353300583654704,0.0990198726727389,-0.0703409810124574
SLC39A8,0,-0.549641964988165,-1.07007843573614,-1.44859005898987,-2.97533794576573,-3.24327115101236,-2.51813099224295,-0.591194454432671,0.871639748425466,0.580810857450689,1.39468443732268
MTTP,0,-1.48542682717024,0.0995356735509144,-0.106915203916512,-0.485426827170242,-0.485426827170242,-0.347923303420307,0,-0.807354922057604,-0.637429920615292,-1.48542682717024
RNF185,0,0.234465253637023,-0.0619277491432018,0.588998013956313,0.334000927187937,0.082462160191973,1.12755004972051,1.28260177468129,-0.0810365720909065,0.120597289078744,-0.546089609076866
B4GALNT3,0,0.722107635439093,1.1054362749906,1.5439826089636,1.97840570977701,2.69588431479548,1.1959671352803,1.85471513059566,1.31540943707298,1.6137441847479,1.60745159448953
PDE6H,0,0,0,0,0,0,0,0,1,0,0
ALG10,0,-1.41871315742224,-1.57399138290015,-1.8239696359085,-2.38956681176273,-3.03342300153745,-3.33298328339636,-1.25206328801279,-1.94596016028711,-1.78549548809386,-1.86349800009514
PIK3C2G,0,0.189602486218779,-0.694373717441738,-0.824681739787469,-3.77529371282531,-2.95217147490938,-3.11818142634831,-3.0163018123291,0.210767096216821,-1.85368161151002,-1.03278993511767
PLCZ1,0,-2.32192809488736,1,-0.736965594166206,-2.32192809488736,-1.32192809488736,-0.736965594166206,-0.321928094887362,1.43295940727611,-0.514573172829758,-1.73696559416621
SLCO1C1,0,0,0,0,0,0,0,0,2,0,0
ETFBKMT,0,0.520832163301441,0.249027547839915,0.350907161859128,-1.06413033741972,-2.20163386116965,-1.93859945533586,-0.38060400221497,0.626185163447669,0.158262083916732,-0.0532420212769795
ETNK1,0,0.0657599057598169,0.119544013744698,0.623417297917247,-0.011072157498944,1.01699565399732,2.10449055549368,1.9684994654933,-0.394594110067071,0.311300459049889,-0.496721296872552
NDUFA9,0,-0.960253821207244,-1.05755102256216,-0.968115938980214,-1.13508762303318,-1.8988532765431,-2.31389077582194,-0.991962680934582,-1.3910586363444,-1.34938945704333,-1.37007361121507
SLC38A4,0,0.510194732319184,0.084888897586513,0.0430687218918859,-2.4594316186373,-2.4594316186373,-1.23703919730085,-1.34395440121736,2.43538614467065,1.20353339408513,0.555518722828674
MARCHF9,0,-0.0400774393753352,-0.319459839296613,-0.44835757247887,-1.0198995574377,-1.76355980417792,-1.51739921690852,-1.35693454471528,-0.363276071589102,-0.575114714764809,-0.235628248493142
GLIPR1,0,-0.604862058158861,-0.575114714764809,-0.797507136101257,-1.666262602823,-1.18982455888002,-0.434937056716549,-0.0198995574377049,3.35513987390922,0.544885061345821,1.76727748268227
TPH2,0,2.58496250072116,0,0,0,0,1.58496250072116,3.32192809488736,3.16992500144231,1,1.32192809488736
PTPRQ,0,-1,-1,-1,-1,0,-1,0,1.32192809488736,-1,0
DUSP6,0,-0.951090399519053,-0.821144226947201,-0.129122202293318,1.71918734811179,0.712398182449147,0.163621259357639,0.0455892421893351,1.73987891887125,0.874157183852031,1.6891794728812
AMDHD1,0,1.91511110241349,3.70043971814109,3.85655892005837,1.47062982524216,0.330148601692331,-1.22239242133645,-1.42884329880387,-0.514573172829758,1,-1.95935801550265
SLC15A4,0,-0.296260029367449,-0.333979695316608,-0.256480127382094,-0.104778884558689,0.247794527773501,0.204596838372399,0.283522232248027,-0.239974855886002,-0.210440660906445,-0.184367149296552
SDSL,0,-0.917537839808027,-2.08746284125034,-3.08746284125034,-4.08746284125034,-4.08746284125034,-1.08746284125034,-0.917537839808027,1.4671260104273,0.436099114806674,1.75802720969404
MMAB,0,0.0825694516835548,-0.185214872466908,-0.191817607291155,-1.25494558585662,-2.73760951073163,-3.37503943134692,-2.30655969346416,-0.844524714648145,-0.933939635481885,-0.881406328571964
GLTP,0,0.634851745153635,1.48610375499441,2.35662187746353,2.30980157952547,1.76841684357897,0.848019803023592,0.420949876090644,-0.582903272508445,1.08609243214918,-0.79767641769734
NUP58,0,-0.0380021026246417,-0.0624731804316877,0.575684687133145,0.934572952468504,1.58650301879694,2.38259631681028,2.22975004472327,-0.661723911025154,-0.170503120079938,-0.960471635813363
MTMR6,0,-0.129635280416595,-0.167109985835258,0.239873879004877,0.0452346058610419,0.331606008789716,0.0577834965856327,0.311486348165716,-0.483087812870758,-0.128213205347397,-0.504452420112584
SLC7A1,0,-0.923629150055328,-1.44174880494633,-1.64022980736878,-1.63420601974101,-2.32435075715422,-1.38881177304294,-0.757279856029342,-0.143689370974145,-1.17095413585413,-0.570631174569529
SUOX,0,-1.04182017569463,-1.62678267641578,-1.66985139830767,-3.54432051622381,-3.39231742277876,-2.39231742277876,-1.28798076296402,-0.00688638558523986,-0.584962500721156,0.0204641025597155
SLC39A5,0,-1,-1,-2.58496250072116,-1,-2.58496250072116,-1,-0.263034405833794,-0.415037499278844,-1.26303440583379,-2
RDH16,0,0.447458976971221,1.51019473231918,1.52546148897249,0.277533975528909,-3.4594316186373,-3.4594316186373,-1.58496250072116,-0.211504105193712,0.85042364394949,-1.87446911791614
ACVRL1,0,0.736965594166206,-0.584962500721156,-1.58496250072116,-1.58496250072116,-1.58496250072116,0,0.415037499278844,1.32192809488736,-1.58496250072116,-1
CERS5,0,-0.477925205234234,-0.784461249704615,-0.838456139345344,-1.44497478343295,-0.946312129106012,-0.796286685101404,-0.790361851144299,-0.119328400299475,-0.596977876877998,-0.187769456401351
MAP3K12,0,0.534544593734933,0.408464845355358,0.395229018198664,-1.02647221136119,-1.41212590385894,-1.97400479146706,-0.956931278108114,0.288313814282152,0.153314038597397,-0.78135971352466
GALNT6,0,-0.205318907977507,-0.339749371974607,0.181329764714562,0.359704745690319,0.103823031954012,-0.415037499278844,0.085729874025884,1.08182306996309,0.683925562619033,0.692206269407334
CSAD,0,-0.105794664022597,0.138827704697317,0,-0.254317188732685,-1.4594316186373,-0.84799690655495,-0.400537929583729,0.028854862672185,-0.211504105193712,-0.90143616551641
ESD,0,-0.731907304343177,-1.38329716680331,-1.84698382878987,-2.50129437620176,-2.50951488300673,-3.01235876325438,-2.64331338107419,-1.13021078786222,-1.1801862273671,-1.26375846860477
SETD1B,0,-0.154328146391294,-0.493814612662961,-0.275634442613427,-0.938599455335857,-0.682259702076071,-0.786596361890807,0.506185387337039,-0.0210616155278296,-0.841737916083268,-1.40808473863708
METTL21C,0,-0.584962500721156,0.736965594166206,-1.58496250072116,-0.584962500721156,-1.58496250072116,-1.58496250072116,0.415037499278844,0.736965594166206,0.415037499278844,-1.58496250072116
TSSK4,0,-0.144389909335175,0,-0.222392421336448,-1.0703893278914,-1.39231742277876,-0.144389909335175,-0.070389327891398,-0.222392421336448,-0.748461233004036,-1.30485458152842
FITM1,0,0.321928094887362,1,-1,-1,0.807354922057604,0.584962500721156,1.4594316186373,-0.192645077942396,-1,-1
NAA30,0,-0.0300125690664397,-0.131716079300064,0.00423699288647069,-0.346895010403938,-0.0784740580230848,-0.332575339086871,0.0459362841668591,-0.578611668568768,-0.0555089793926868,-0.721723651882488
RDH12,0,0.737618249703638,2.07473479816736,3.11258692544322,3,1.83689289646881,-0.361637804689334,-2.08746284125034,0.775293712825305,1.88098242487482,0.150206766827807
AK7,0,1.02260142893713,0.724765140560679,1.01510689239021,-1.81496810616748,-2.56985560833095,-3.98489310760979,-3.98489310760979,-1.06206096813225,-1.50376641787318,-1.04629365227394
SLC24A4,0,1.41503749927884,-0.584962500721156,-1.58496250072116,-1.58496250072116,-1.58496250072116,-1.58496250072116,-0.584962500721156,2.27301849440642,-1.58496250072116,-1.58496250072116
WARS1,0,-1.48565279553798,-1.48565279553798,-1.22578566878287,-0.716772021295014,-0.921938028520865,-1.96539598420464,-1.31572779409567,-0.837752608606907,-1.32985812293056,-0.888090258037192
SLC12A6,0,0.489462340405398,0.108934371553164,0.00564656314114204,-0.584962500721156,-0.00566875008669206,1.59810360040922,2.16803789189805,0.438188463529401,-0.439764585181221,-0.428299398687766
SORD,0,-1.1020512714697,0.300659478133711,0.608232280044003,-0.15200309344505,-0.872125177447842,-1.69079541273328,-1.1096244911745,-1.34408974481152,-1.06109459724684,-0.181628262554328
DUOX2,0,1.04182017569463,0.234465253637023,1.04182017569463,-0.280107919192735,0.082462160191973,0.234465253637023,1.12199052437861,1.54189377882927,0,0.270089163367744
SLC27A2,0,1.39231742277876,0.426264754702098,0.285402218862248,-1.29956028185891,-1.83007499855769,-2.41503749927884,-2.41503749927884,4.14338321398982,2.21916852046216,3.14465824283188
HDC,0,0,0,0,0,0,0,0,1.32192809488736,1,0
GCNT3,0,0.241008099503795,-0.874469117916141,-0.459431618637297,-2.4594316186373,-1.87446911791614,-0.459431618637297,-0.137503523749935,1.62803122261304,0.540568381362703,1.32192809488736
UBE2Q2,0,-0.552711564436967,-1.25996810278601,-1.55083671681653,-2.02061027967529,-1.91554967820069,-2.29406130145442,-1.41503749927884,0.341238848697023,-0.504740302227076,-0.173045900493052
ETFA,0,-0.0294067804943625,-0.475017096217129,-0.35898574203567,-1.12661880539979,-1.459032918886,-1.60301899475713,-0.776582573262787,-0.0771941522904845,-0.607264894515569,-0.547181093406976
NCOA2,0,0.604895051013265,0.609638162269284,0.509989738529505,-1.23205875592993,-1.19298919125134,-0.641449692067629,0.832932268035639,0.943512808653527,0.318552240000451,0.0601455688191718
MAN2C1,0,-0.524104152759,-0.362983163150133,-0.640967910449898,-0.803024668558871,-1.47104290900759,-1.55350506919956,-0.218062167837715,-0.768139150915013,-0.53872971651916,-0.414074096878509
IGF1R,0,0.560215838385471,0.415037499278844,0.11999977611063,-1.01976325482143,-0.937577499466185,-0.428182875335766,1.02191477642844,1.60607152731525,0.898359738124162,1.1980022881119
USP3,0,0.196355641968569,-0.19297173820438,-0.251647645531987,-0.614995667799331,0.289090854932485,-0.055943488726867,0.397208471787796,-0.673962310509757,-0.746907343304911,-0.954982461816913
CYP11A1,0,0,0,1,0,0,0,1.58496250072116,2.58496250072116,0.584962500721156,0
CYP1A1,0,-1.74048007834244,-1.85010456951694,-2.77610398807316,-4.51306958223937,-2.70571466018177,-0.794251334783424,0.766154061693754,-1.37011162839733,-2.07566426993207,-0.948284963455845
ULK3,0,0.571156701196126,1.35107444054688,1.75161237013061,0.925999418556223,0.549191369699334,-1.02974734339405,-0.460904508036173,-0.36109869216804,0.478047296804644,-0.841240916210014
CYP1A2,0,1.58496250072116,0,0,0,0,0,0,2.16992500144231,1,0
RHCG,0,-0.919698371909139,-1.64446351246982,-2.33167607143892,-0.231325546106456,2.2337971846087,3.15200309344505,3.89322491117522,-0.852375347065524,-1.64446351246982,0.764391338305591
POLG,0,-0.587755715612837,-0.683103592200318,-0.395634968056328,-0.29805848005979,-0.905496013536766,-0.583567918649403,-0.29805848005979,-0.385574930177753,-0.605690729547543,-0.228568002156392
RLBP1,0,-1,-1,-1,-1,-1,-1,-1,0,-1,-1
TICRR,0,-1.59756253750079,-2.8912937405575,-3.20163386116965,-3.75802720969404,-4.38605843230708,-4.67556504950206,-3.59756253750079,-3.26052755022322,-3.9875090558168,-4.03813512888677
NTRK3,0,-1,-1,-1,-1,0,-1,1,2.32192809488736,-1,-0.415037499278844
EFL1,0,-0.216341170385752,-0.493040011280117,-0.22926366917855,-0.297614637543938,0.713039754920726,0.728397931000087,0.917816972060207,-0.284068105705991,-0.458937358794548,-0.71524691277565
SEC11A,0,-0.394188291941592,-0.901461821410083,-0.648907429563382,-1.42063844189027,-2.19945989949871,-2.32328848635157,-1.44758259592857,-0.606539113591783,-1.04464909506519,-0.766963191085095
PMM2,0,-0.729229945386601,-1.14684138832927,-0.80851885519124,-0.776278518191032,-1.70626879694329,-1.07645206043787,0.111892880070897,0.592698149500761,-0.15200309344505,-0.0740005814437769
SLC5A2,0,-0.736965594166206,-2.32192809488736,-1.32192809488736,-2.32192809488736,-2.32192809488736,-1.32192809488736,0,-0.321928094887362,-2.32192809488736,-2.32192809488736
UQCRC2,0,-0.600494478926422,-0.691121674204599,-0.609573100665984,-0.990551144852722,-1.47905080607259,-1.87657729419126,-1.11963796721789,-0.620327492924578,-0.947933900054456,-0.739542672709496
MYLK3,0,-2,-1,-1,-2,-2,-2,0,0.321928094887362,-0.678071905112638,-1.41503749927884
CHST4,0,0,0,-1,-1,-1,-1,0,1,-1,0.584962500721156
GCSH,0,-1.95935801550265,-1.95935801550265,-1.54432051622381,-1.04182017569463,-2.8073549220576,-1.95935801550265,0.118644496498619,0.0605415419350509,-0.605721060887954,0.0801703486839834
NDUFB10,0,-0.106389344591977,-0.557868839838881,-0.669437068884692,-1.69135184531313,-2.55117418726487,-2.80621580234514,-1.69503689212099,-0.49951206744238,-0.968439787435834,-1.02297333640434
PDPK1,0,-0.053018382299491,0.288830406711132,0.036711778356521,-0.116097064922871,-0.566489840649677,0.0582986405646672,0.619255678275034,0.0511388489918011,0.0795672573183184,-0.104057815299957
GALNS,0,-0.277984747299765,-0.48097176946362,-0.885667324521005,-1.37109415169125,-1.04532399050949,-1,-0.380744321724966,-0.460361489788334,-0.773364354896213,-0.851719992597667
NCOR1,0,-0.450530593845048,-0.559675301459365,-0.528771489032734,-0.740633242877013,-0.717216578445844,-1,-0.173264802170595,0.0812624681451738,-0.419229859776081,-0.36970811409509
DPEP3,0,0,0,0,1,1,0,1.58496250072116,2.16992500144231,0,0
PCTP,0,-0.953987602243164,-1.8969065070359,-2.52606881166759,-2.8969065070359,-3.46948528330122,-2.82415016460058,-1.35400806588128,-0.314018334552599,-1.36687021681833,-0.783343948212697
NPEPPS,0,0.442115655896912,0.661982202574332,0.91203706224888,0.284649871181237,0.328844956940576,0.594707484318868,1.38608162098258,0.0841648921890097,0.111574430704841,-0.228516632844377
SSH2,0,0.370111628397328,-0.0136749368970765,-0.181025994675563,-2.0554951125917,-1.3185295184255,-0.578173335058517,0.426897654488905,1.09862803272772,0.0369511361728914,0.133166451432194
ABCA8,0,-1,-2,-2,-2,-1,-2,-1,1.32192809488736,-0.415037499278844,-1
G6PC3,0,-1.45066140900957,-2.22826898767312,-2.31315788525963,-2.45066140900957,-3.45066140900957,-3.03562390973072,-2,-0.881818573651686,-1.391767719956,-1.18762700317577
PTRH2,0,-0.102569733640548,-0.168599603975745,-0.0687989969853036,-0.192645077942396,-1.03580072142785,-0.718229031584621,-0.110182917750423,0.0554951125917037,0.0656669176489949,0.0314782314731679
IMPA2,0,-0.315146438353084,-0.928240374357122,-1.03153115509684,-1.79322926995596,-3.0958844345482,-2.92824037435712,-1.68770060631041,-2.43112122261392,-2.55959578056273,-2.94353951074
SLC39A6,0,0.575213461711748,0.774522269935155,1.01837456190498,0.219120138618493,-0.160630612591632,-0.977916708441061,-1.0989089597961,0.260786443254859,0.33844471057176,-0.476615208052612
GALNT1,0,-0.291234886105484,0.329218570690644,1.15842499905901,0.62530142985747,0.0363554152178158,-1.36975661997798,-1.17060696554903,0.0324942015073385,0.207668518078857,-0.270690879669293
ESCO1,0,0.164095421492828,-0.0395283641866373,0.230169771928167,-0.145211022072701,-0.585519633394961,-1.14397952815167,-0.20945336562895,-0.0100614552459689,-0.136000339323749,-0.355742807879606
NPC1,0,0.428226271035384,0.706015503690497,0.660793913680802,0.239950792720753,0.304948047567188,0.676844601728635,1.14017765804826,-0.464962724610526,0.0339473319233375,-0.351675438281414
SLC14A1,0,1,2,1,1,2.32192809488736,1,2.58496250072116,3,2.58496250072116,0.584962500721156
SLC13A5,0,0.192645077942396,0.362570079384708,0.192645077942396,0.893084796083488,0.514573172829758,0,0.777607578663552,3.20387233336565,2.05062607306997,2.87914560512561
MINK1,0,-0.313951374164529,0.250374833862328,0.109198770901634,0.264972210075286,-0.308537877978165,-0.513327142776006,0.404454890506012,-0.400567016470511,0.00435640504413585,-0.518526049450324
SAT2,0,0.35563139855557,-0.0398927271235126,0.00327513203286088,-0.62148837674627,-0.482151695137381,-0.557358039326555,-0.159307894068283,-0.445969358830735,-0.652076696579693,-0.665015752287191
PIK3R5,0,-1,-1,-1,-1,-1,-1,0,2.32192809488736,-1,-1
SLC16A3,0,-0.972519263577893,-1.89308479608349,-2.45251220469751,-2.17687776208408,-2.05658352836637,-1.70043971814109,-1.27417496343899,0.964896199044084,0.750771393691237,1.16992500144231
CSNK1D,0,-0.49532528823648,-0.176877762084079,-0.815082284082215,-0.584962500721156,-0.651196199121243,-0.825970600224951,0.487187285034679,-0.115477217419936,-0.346802763526392,0.190331212104149
ANAPC11,0,-0.933854055883102,-1.27295511963249,-0.963207968630364,-1.48649193983648,-1.84784481177426,-1.87827670798822,-1.24564777363675,-1.57435440115518,-1.23934974973638,-1.13628721423252
FN3KRP,0,-0.898257296542302,-1.09010065451914,-1.46925361809946,-2.51156442295742,-3.04590085060861,-2.6750631552403,-1.31891934501502,-0.58873228347988,-0.892654590312926,-0.746534910373337
MAPK4,0,-1.58496250072116,0.584962500721156,2.4594316186373,0.415037499278844,0.584962500721156,0.222392421336448,-0.263034405833794,3.49185309632967,1.54432051622381,2.48112668973662
NT5C3B,0,-0.671945802315796,-1.30124784204769,-1.32302478444294,-1.5290537595705,-2.15249040810629,-2.60705627157177,-1.58715671413407,-0.663239106964897,-1.09984892836506,-1.37042192765955
ERBB2,0,-0.00810049877111693,0.527279973099479,0.700315438945522,0.163267919540864,-1.72570076807039,-2.26335755401319,-1.0442931503945,0.278967072972451,0.218463573782989,0.171898224684304
PNMT,0,0.415037499278844,-0.584962500721156,-1.58496250072116,-1.58496250072116,-1.58496250072116,-1.58496250072116,-1.58496250072116,0.415037499278844,-1.58496250072116,-1.58496250072116
FKBP10,0,-0.773724144176324,-1.20435849850619,-1.7279204545632,-1.40599235967584,-1.64045761331286,-1.02748073642211,0.178970141045319,-1.11321061044799,-2.33560303178444,-1.14295795384204
SLC39A3,0,-0.597453444904353,-0.584962500721156,-0.398549376490275,-1.88835464417109,-2.19501598240514,-1.91938153979172,-1.03355255971103,-0.318822184019541,-0.715023041285529,-0.477159211186641
PLPP2,0,1.42950798208718,1.13679822183372,1.18535504201192,-0.339486466271667,-0.924448966992823,-1.86673346913654,-1.12976787497033,0.409208420476646,0.150839160311414,0.762337383874518
PFKL,0,-1.0746973672776,-1.18698374285197,-1.46212263534859,-1.71290188927574,-2.53456464801722,-3.3252408289282,-2.18698374285197,-1.06774460663583,-1.36623820080039,-0.865809210290901
TMEM91,0,0.119298928372344,-0.770518153877233,-2.05062607306997,-3.53605290024021,-4.85798099512757,-4.85798099512757,-2.85798099512757,-0.835613182099118,-1.33441903907056,-1.72869797818261
SIRT3,0,-0.0281968918306521,-0.276124405274238,-0.603699063302742,-1.99072218641199,-2.52123690311077,-2.36923380966572,-1.04730571477836,-0.28177096841538,-0.596644305768792,-0.375257597293489
PGGHG,0,0.752907138035228,0.384663850235325,-0.0966760194116738,-1.66742466091313,-1.50695998871988,-0.973527788638809,-0.295455883526171,-0.6463630453853,-0.934708539748281,-0.777607578663552
HUNK,0,-0.0995356735509144,0.180572245641821,-0.0995356735509144,-1.09953567355091,-0.906890595608518,-0.321928094887362,-1.09953567355091,-0.383328639551506,-2.90689059560852,-3.90689059560852
SOD1,0,-1.06527260161627,-1.73583451214756,-1.56039250573768,-2.34761473855101,-2.70010030041434,-2.38791120872725,-1.56239624917213,-0.521134755117428,-1.25437035777913,-0.882696090595726
DNMT3L,0,1.58496250072116,0,1.58496250072116,0,1,2,1,1.58496250072116,0.584962500721156,0.584962500721156
TRPM2,0,-0.137503523749935,-1.4594316186373,-3.4594316186373,-1.13750352374993,-1.4594316186373,-0.874469117916141,0.241008099503795,1.86249647625007,0.494764691749578,0.966833136064801
AKT1,0,-1.05444778402238,-1.30690590426971,-1.48403359187038,-1.95652136333312,-2.40808473863708,-2.58496250072116,-1.38060400221497,-0.749995347455692,-1.42670041680442,-0.783593873729283
SAE1,0,-1.09764687948801,-1.28863822797874,-1.1514018452426,-1.69099904175484,-2.26532143695617,-2.73636434596376,-1.9520930370192,-1.32207844609805,-1.80615267612062,-1.64607546063466
LMTK3,0,0.342105976824993,0.605140382658786,1.04007743937533,0.0201778819376303,0.0400774393753351,-0.723482364802584,-0.792195114886598,-0.0517150365441553,0,-0.959922560624665
CBLC,0,0.235378062930929,0.417318440530082,0.718587064851352,0.437686238224044,-0.174497731232137,-1.10410840334074,-0.515878188785671,-1.10902389375486,-0.509364881826997,-0.946228743559019
SLC6A3,0,-1,-1,-1,-1,0,-1,1,2.58496250072116,-1,-1
CARM1,0,-0.640597199693975,-0.838536577305884,-0.473140453842412,-0.740132873244889,-1.06801842342865,-1.45351164709348,-1.03847414781464,-0.547487795302493,-0.689506800174921,-0.582591596258409
SLC47A1,0,-1.14135584924554,-1.83650126771712,-2.76938707185858,-3.22881869049588,-2.32192809488736,-3.22881869049588,-1.76938707185858,-1.05889368905357,-1.73696559416621,-2.37083769536831
ACP4,0,-1.58496250072116,-2.32192809488736,-1.90689059560852,-1.90689059560852,-2.90689059560852,-1.09953567355091,-2.32192809488736,-1.20645087746743,-1.73696559416621,-2.90689059560852
SLC2A5,0,-1.62449086490779,-5.20945336562895,-3.62449086490779,-5.20945336562895,-3.62449086490779,-5.20945336562895,-2.88752527074159,-1,-4.20945336562895,-5.20945336562895
PADI3,0,-2.32192809488736,-4.32192809488736,-2.73696559416621,-4.32192809488736,-4.32192809488736,-4.32192809488736,-3.32192809488736,-2.32192809488736,-3.32192809488736,-3
PADI1,0,-0.652076696579693,1.93288580414146,4.26166757006989,2.86249647625006,1.78849589480629,0.447458976971221,0.710493382805015,1.64909283814087,3.60126431305026,0.347923303420307
EPHA2,0,-0.352218107011475,-0.039855988814113,0.136788610434568,1.1296199246741,1.63707889138149,1.40443393274213,0.985182734789628,-0.438818725234886,-0.10600832381904,0.0895424852987665
PGD,0,-0.173290314184659,-0.790816395040158,-1.23492193690157,-2.67829370464277,-2.12502691902257,-3.26059685891343,-1.96278122014288,-0.966839436717232,-1.78602815619111,-0.661094935593446
PLK4,0,-1.71790899452816,-2.48344374089114,-2.8476000711678,-3.8053718357785,-5.0463799352823,-5.11349413114083,-4.33588655247728,-3.01395845758992,-3.24842371122694,-3.13077212257267
MAP3K6,0,-0.669966855475582,-0.665931342240426,-0.509502183282336,-0.887652274134503,-2.10535300014623,-3.12737930647623,-1.95007477466832,-1.22196915742234,-1.38487552876859,-1.78780334576944
HSPG2,0,-0.770912926089544,-1.14086253583985,-1.53873948396051,-1.80567834425022,-2.1632303488683,-1.58832151281107,0.470975670872701,1.13139040002332,0.154182264896565,1.1175404212623
PRKACB,0,-0.584962500721156,-0.964080425745057,-1.79327973684588,-2.08746284125034,-1.85042364394949,-1.50250034052918,-0.0451520363923751,0.194412004116584,-0.289955705149083,-0.368644593794393
PIGK,0,-0.73971845455884,-0.708565934233901,-0.650057528943041,-2.29738591062457,-2.9719856238304,-2.78978229260965,-1.39940684756508,-0.773572065428395,-1.07872299168618,-0.862925148082335
AZIN2,0,-0.438121112391885,-0.222392421336448,0.0995356735509144,-1.0703893278914,-1.0703893278914,-0.485426827170242,0.067114195858537,1.74210889744217,0.55019708256048,1.44057259138598
PTPRF,0,-0.49632485338663,-0.667779507430025,-1.27537653331012,-1.72707250316782,-2.78305711294499,-2.17067915464343,-1.39519474787285,-0.365022520057853,-0.676489465432494,-0.315392925064885
CYP4B1,0,1.79038618338485,2.76039144308702,3.04205852707097,1.18185521152529,-0.703973768555395,-2.07914388471974,-2.84902410135868,0.937706283946308,1.93468774155301,1.1422796996715
SLC44A3,0,-0.356934544715276,0.0196288067489326,0.185214872466908,-2.38246963682241,-3.18982455888002,-3.86789646399265,-1.2829339632715,0.980100442562295,0.902932582039835,0.28590887208638
ALDH9A1,0,-0.653949110912464,-0.904086522731816,-1.11282878347115,-2.74509699897066,-3.10677127265078,-3.43071571313665,-2.35696737315533,-0.449757279142034,-0.792115248813416,-0.596940989898438
ATP1B1,0,-1.27778099120298,-1.33832253313803,-0.967759662999792,-1.94404359402598,-1.88264304936184,-1.64742658766781,-0.732895929857159,-0.585981713084909,-2.03297732244627,-0.752215490475934
NME7,0,-0.722992651613602,-1.24005108783295,-1.27785312054534,-1.46867546288092,-0.582332244676484,-0.543443231282889,-1.04274964745934,0.0868432599477573,-0.176191145886037,0.130786607535354
MPC2,0,-0.757506372607043,-1.36856306947934,-1.87661758449472,-2.92471187269576,-2.70932283909708,-2.94937392693003,-2.29956028185891,-0.938532367282605,-1.45641574051117,-1.26819611094957
UCK2,0,-0.973655004814623,-1.07613796241587,-1.17693860320337,-1.19925698262696,-1.70604786919101,-1.47066980626008,-1.0643847809902,-0.889590740026149,-0.626124324894056,-0.449495783155667
MGST3,0,-0.0110129927224178,-1.45610495514972,-1.59360847889966,-3.15278695385058,-2.95753066245165,-2.28403148712883,-1.44966913016805,-0.869709787934577,-1.12176005822996,-0.749558756861371
ADCY10,0,-1.32192809488736,-1.32192809488736,-1.32192809488736,-1.32192809488736,-2.32192809488736,1.13750352374993,-0.321928094887362,0.84799690655495,-2.32192809488736,-0.514573172829758
COP1,0,-0.279168847988005,-0.17008940176622,0.028646510573201,-0.242922281777662,-0.931929664571455,-1.28877617566205,-0.501295310241593,-0.0993478104031929,-0.466352613260235,-0.308999313651279
PPOX,0,0.0759488532332984,-0.495207847962827,-0.467986379227803,-1.88752527074159,-3.50901364748786,-2.88752527074159,-2,0.241757746203379,-0.148757433941396,-0.192645077942396
SDHC,0,-1.17870588698452,0.190016419381781,-0.382719779006116,-0.0644487077268421,-0.40109830832097,-0.905140813658559,-0.0717906830680101,-0.567559454459711,0.208317236124725,0.290779396316698
USP21,0,-0.0970986881050814,-0.37851162325373,-0.458364930942944,-0.861720625174153,-0.991488500144483,-1.23095443483987,-1.2511323167775,-0.991488500144483,-1.33479024582441,-1.40087943628218
F13B,0,0,0,0,0,0,0,0,1.58496250072116,0,0
PIGM,0,-0.927487500215632,-0.871992387623929,-1.07635088613011,-2.51245000093679,-3.01495034146597,-2.69302224657861,-0.108059745857453,-0.351985328743542,-0.669175504624241,-0.555518722828674
ABL2,0,0.0444796706995933,-0.217460125794217,0.00984778595634721,0.191409364769727,2.03383242650008,3.94212424340948,4.10340073511091,1.3471164269782,0.775547468302228,1.28068906523922
RGL1,0,0.841634404331411,0.570607207744086,-0.0732489820306386,-1.90332398058833,-3.07324898203064,-2.13464952669478,-2.65821148275179,-0.103622631074157,-0.890027157974868,-1.44875811712284
PRUNE1,0,0.16580889297008,-0.557481764299049,-0.366538981587654,-1.28540221886225,-1.55748176429905,-1.01861567816735,-0.296717532090083,0.90935463556,-0.348764279859678,0.0852851879449694
SETDB1,0,-0.552747875855986,-1.01559685505102,-0.534657418873091,-1.40987579416306,-1.88380698249548,-1.26862986872731,-0.534657418873091,0.0784923083192993,-0.505735809570581,-0.488221845882806
CTSK,0,0.197680667839694,-0.452512204697507,-0.802319332160306,-2.66801824044871,-2.27722828741655,-1.07240849552805,-0.346090145561352,-2.51601514700366,-2.89308479608349,-3.11547721741994
PI4KB,0,-0.283607945796312,-0.169127271236259,-0.263034405833794,-0.757683036681424,-1.63035440353517,-1.36074734377789,-0.159588756880662,-0.317678621886004,-0.715143491716899,-0.581774223090109
PIP5K1A,0,-0.318023640431446,-0.407239128718437,-0.208934196357672,-0.00587656633666926,0.318013044883979,1.1365257568261,0.835014799985667,-0.124997833845432,-0.398838193207798,-0.522554327491351
CERS2,0,-1.14189306580021,-2.08655003195643,-2.04074634234331,-1.35892230236956,-1.25066941171754,-1.34958443779023,-0.939208315881247,-0.237691557719331,-0.921805269619802,-0.255021436257248
DYRK3,0,-1.42981285195924,-2.19534759832222,-1.9565607387351,-1.269348179766,-0.104494167871106,-0.292309328209307,-1.22449394398174,-0.549184941164326,-0.741171705136418,-0.659294698082009
SMYD2,0,-0.667579531294995,-1.09521706735347,-0.854858099487576,-1.48700728565317,-2.22151513639553,-2.22151513639553,-1.29390106177721,-0.087503977074042,-0.653017237092104,-0.708938561056053
DUSP10,0,0.662965012722429,0.481126689736616,0.54432051622381,0.448460500816294,4.94593148047277,4.65821148275179,3.90588837601914,1.84130225398094,1.12928301694497,1.48112668973662
ATP8B2,0,-0.751086702410859,-2.12382858685286,-1.88020548746529,-2.09686153925259,-1.60382152797247,-1.8349407537295,-1.30485458152842,-0.113656781795567,-1.0985322922371,-0.34197403708912
NUP210L,0,0.736965594166206,-0.362570079384708,-0.169925001442312,-0.362570079384708,-1.36257007938471,0.959358015502654,1.32192809488736,-0.362570079384708,-0.263034405833794,-0.777607578663552
SLC27A3,0,-0.628816790310584,-0.924272673836755,-1.3613364794456,-2.68326457433296,-3.57634937041645,-3.38370429247405,-2.02615228785597,-1.20379520245912,-1.50106124311221,-1.18403194763769
SLC39A1,0,-0.0828522660479945,-0.822830799090448,-0.762128591746145,-1.34388153599141,-1.98398559090503,-0.826185905348829,-0.280378593685253,-0.478622540815388,-1.01811137480965,-0.848186373367342
AQP10,0,-0.862496476250065,-2.32192809488736,-2.32192809488736,-1.73696559416621,-0.736965594166206,-3.32192809488736,-3.32192809488736,0.0356239097307212,-0.79836613883035,-0.678071905112638
PKLR,0,1,1,0,1,0,0,1.58496250072116,2.16992500144231,0,0
HCN3,0,0.708537185839689,1.15024263558061,0.812372996824229,-0.713695814843359,-1.18762700317577,-2.03562390973072,-1.45066140900957,-0.249027547839915,0.0347654181606766,-0.657112286476991
GALNT2,0,-1.24641414391334,-1.47649071146297,-1.96529226541387,-2.38506768369937,-3.2406777743642,-2.98913900736823,-2.54553235589262,-0.531457170680896,-1.42516740356305,-0.335314648502273
SCCPDH,0,0.68009107274929,0.291709205471499,0.2481401905341,-1.14886338591448,-2.35049724708413,-2.7518598094659,-1.63429021308472,1.41957665889401,0.0100676964101981,0.433109072200862
MAP3K21,0,0.278426456250776,-0.158365595668589,-0.602929047250605,-1.24882054661409,-0.825321468587053,-0.916744496350648,-0.890027157974868,-0.534090170922607,-0.554923674339773,-0.733398979146014
ACP1,0,-0.625509292381485,-0.946580934266023,-0.586629392923794,-0.97467925394019,-1.40067121010864,-1.26370093162107,-0.563466360304477,-0.359479522788532,-0.648827828226429,-0.819623759390868
DEGS1,0,0.649884104646772,0.669339612749475,0.55720677705812,-0.64696880164206,-2.57241437594142,-2.89862297962492,-2.90027271684401,-0.719566966430477,-0.467955383856801,-1.05912402273984
ITPKB,0,-0.471504450937872,-0.186413124230881,-0.206450877467426,-2.09953567355091,-2.36632221424582,-1.55896729218821,-0.181446871337532,-0.614778155156718,-0.870467187358645,-0.618129364656355
GUK1,0,-0.553366582740356,-1.04262665201225,-0.806250001240105,-0.890213760228733,-1.66635872289799,-1.24781698327376,-0.50676220387092,-0.569843518681167,-0.873308973265035,-0.666358722897986
CDC42BPA,0,-0.139299037411549,-0.558294550259076,-0.5038467662367,-0.568902649825057,-0.732188453904334,-0.584962500721156,0.45354706238544,0.592122292294022,-0.0736228631431799,0.134400776979614
MBOAT2,0,0.166392246087497,1.13670385289322,2.14622662701173,1.39944197181508,1.53761878692755,-0.0446536861346014,0.110017662643899,-0.477096677843218,0.735596998686661,-0.750299360253199
PARP1,0,-2.02161173757106,-2.72037747172134,-3.20218398321288,-3.26424495134513,-3.9994500876469,-4.36831740549282,-2.695223994493,-1.1305898994762,-2.3415870398783,-1.45689002928753
PYCR2,0,-1.34524916912198,-1.62764889982271,-1.64070505264815,-1.73556423898959,-2.58917475200807,-2.08221476328819,-1.07333661194173,-0.116003076744471,-0.803679263914206,0.132524085504825
LBR,0,-0.469969978431225,-0.739417668396475,-0.886947888279504,-1.2025791675533,-1.46127028348084,-1.44688636531818,-0.904530035974888,-2.14571683059762,-1.60398732640291,-1.62003526763478
EPHX1,0,-0.594361198723406,-0.712197689017264,-0.244418727666447,-1.62293035092018,-2.8073549220576,-2.2667865406949,-0.336049203132015,0.481406308894559,-0.0379678501990205,0.454312648012284
ETNK2,0,-0.430634354329862,-1.90357023731691,-1.95419631038688,-2.43962313755712,-1.83081389488159,-1.92866121827974,-1.63226821549951,-0.891186512861075,-1.6118041129398,-1.68473563539365
PTPN7,0,0,0,0,0,1,0,2.32192809488736,2.4594316186373,0.584962500721156,0.584962500721156
PDIA6,0,-1.25822452719148,-1.4383225920432,-1.36908511654104,-1.75723144263177,-2.45127616989375,-3.13293079396011,-2.38608546906725,-1.42348858153904,-1.73528130213031,-1.43510228927556
ATP6V1C2,0,0.70626879694329,2.68517296148778,3.57097416244205,3.59881650980128,3.82460708627937,3.36383504662129,3.91093459276487,0.696930932363953,2.82995635099474,0.191695624113531
GALM,0,0.111645355828909,-1.74250377770764,-2.63558857379112,-3.63558857379112,-3.12101540096137,-1.58496250072116,-0.0166787411466303,-2.63558857379112,-4.85798099512757,-2.85798099512757
ABCG8,0,-1,-1,-1,-1,-1,-1,0.584962500721156,-1,-1,-1
CALM2,0,-0.713477241243836,-0.695665965127376,-0.037287494119027,0.182063516222395,0.186328760211118,-0.108867655789047,-0.456457426658825,0.218454195735773,-0.114716992088186,-0.105313944400275
NAT8,0,0,0,0,0,0,0,1,1.58496250072116,0,0
DUSP11,0,-0.100987807584827,-0.576857451084101,-0.294255676402808,-0.809897116620057,-0.959922560624665,-1.28679987148376,-0.592091964779261,0.117039421190219,-0.324470289449815,-0.71178703117021
ST6GAL2,0,-1.76553474636298,-3.50250034052918,-0.917537839808027,-1.18057224564182,-1.28010791919274,-2.28010791919274,-2.50250034052918,0.436099114806674,-3.08746284125034,-2.50250034052918
SLC20A1,0,-1.23266075679027,-1.64130048487097,-1.66057954736585,-0.897329957300424,2.32581097927343,1.91708636271441,1.24415294007526,0.0801012127050128,0.151849607084898,0.855084938110787
LIPT1,0,-0.0687127500840142,-0.104336659814736,0.480625840906421,-0.14086253583985,-0.14086253583985,-0.381870635343644,0.983126181435604,-0.159478214007197,0.26023577248112,-0.0168738185643962
POLR2D,0,-1.19334388882595,-1.01474658536919,-1.4101552778991,-1.18220333122075,-1.51807061706599,-1.34659014912163,-0.532145802277708,-1.13310878169258,-1.29168180801924,-0.741046770978023
GALNT13,0,1,-0.321928094887362,0.485426827170242,0,-1.32192809488736,-2.32192809488736,-1.32192809488736,4.94953493301701,2.13750352374993,2.20163386116965
SLC4A10,0,1,0,0,1,0,0,1,2,0.584962500721156,0
UBR3,0,-0.0385404618520581,0.0109989989492571,0.0207059828588637,-0.86428199014244,-1.39877244491606,-1.01727799143184,-0.267457592867979,-0.254228508458453,-0.298805536855616,-0.73308600711712
PHOSPHO2,0,-1.12029423371771,-0.321928094887362,-1.12029423371771,-1.39592867633114,-2.47393118833241,-1.64385618977472,-0.785875194647153,-0.104697378666693,-0.184424571137427,-1.18442457113743
METTL21A,0,-0.747233929620033,-1.28157035727122,-1.41163089783559,-1.93009798676984,-2.28157035727122,-1.25690830303695,0.145850866463455,-0.671945802315796,-1.04151926943827,-1.05208851114845
CTDSP1,0,-0.257275136545109,-0.643856189774725,-0.781735464286229,-1.95269428522164,-2.67422983881824,-2.34617564113404,-1.28630418515664,-1.54231816331266,-1.45074156096052,-1.38646834708207
MARCHF4,0,-1.70043971814109,-2.11547721741994,-3.70043971814109,-0.893084796083488,-1.11547721741994,-0.53051471669878,-1.70043971814109,0.299560281858908,-1,-0.893084796083488
GMPPA,0,-0.787270676014272,-0.654004145150808,-0.601915634002353,-1.2257671481171,-1.69707286704269,-2.43768623822404,-1.1048423658575,-0.596808743569264,-0.727446516086212,-0.688898935596993
SLC25A38,0,0.0360692547075217,-0.890999222838627,-1.29479196494985,-2.05585323473352,-1.45578384162215,-2.07111999138683,-1.23339142028571,-0.197348670360174,-0.828047317210705,-0.496425826119499
CTDSPL,0,0.395341697937924,-0.326520231520667,-0.578862301184738,-1.86249647625007,-2.68100918819219,-2.86027523633339,-1.35438430660343,-0.393196450739262,-0.157447232135178,-0.423621345499539
PTPRG,0,-1.29935440315133,-1.62293035092018,-1.40880554556733,-1.13162695741327,-0.854972942290344,-0.752213367865143,-0.108357178090418,-0.332674476351359,-0.671129439177509,-0.450259972739047
SLC25A26,0,-0.695689318587687,-1.18234974569704,-1.09032060720469,-1.4265026857723,-1.57736935139893,-0.441932726341904,0.953582214672121,-0.18667567109983,-0.662172192434912,-0.361482893921888
UBA3,0,-0.491741643972179,-0.87100573778094,-0.624738567643648,-1.62290657369476,-2.29076208276426,-2.2309379228362,-1.03916514375398,-0.520444540031184,-1.04099868991167,-1.17014793199068
ADPRH,0,-0.125530882083859,-0.263034405833794,-1.26303440583379,-0.263034405833794,-0.263034405833794,0.415037499278844,0.584962500721156,1.62449086490779,0.969626350956481,0.459431618637297
ALDH1L1,0,-2,-3,-4,-4,-2,-4,-2.41503749927884,-0.0931094043914815,-1.41503749927884,-1.09310940439148
AMT,0,0.137503523749935,0.616671360448494,0.180572245641821,-0.736965594166206,-1.81942775435818,-1.81942775435818,-0.697437229979569,-0.0489096004809464,-0.263034405833794,-0.277533975528909
ECE2,0,-0.572889668420581,-1.0121747139461,-0.828728572850171,-0.940621452921068,-2.19437804516685,-1.25096157353322,-1.16689730874474,-0.309855262586787,-0.600197014416317,-0.485426827170242
DGKQ,0,-0.0717651696402839,-1.05868534259629,-1.36507258658788,-1.85954455336113,-3.64886555258847,-2.36507258658788,-1.13350851935318,-0.896303103371245,-0.780110085866722,-0.760916520633411
SLC26A1,0,-0.180572245641821,-0.502500340529183,-1,-1.18057224564182,-2.50250034052918,-2.08746284125034,-0.628031222613042,0.179323699444562,-1.22948184612277,-0.661198086548242
EPHA5,0,1.24100809950379,0.347923303420307,0.241008099503795,-0.137503523749935,0.241008099503795,0.540568381362703,2.2129937233342,-1,-3.4594316186373,-3.4594316186373
SLC10A6,0,0.787740161399332,1.30750102425208,2.23311882792951,2.48016221390734,2.76416190758636,2.46724054184806,1.79085501336331,-0.102229782720178,0.742338766265058,0.281163060789457
SCD5,0,0.209743885986944,0.291069455577621,0.194793544520973,-1.00646466372613,-1.23535084714808,-1.00430655555872,-0.00754492962526718,0.184424571137428,-0.270579335459061,-0.266694157956043
ENOPH1,0,-0.644843515939888,-0.841020284852537,-0.404921170045864,-0.465932165621401,-0.138406195477108,-0.502218371400779,-0.43968658820654,-0.761423458354954,-0.271632676509467,-0.736777608624095
GC,0,0,0,0,0,0,0,0,1,0,0
TRMT10A,0,-0.552873863044303,-1.3294356315563,-0.852997587613316,-1.34203566833594,-0.975253337664314,-1.26803508689216,-0.59749685446493,-0.715494063863382,-1.06640122572251,-1.50250034052918
PYURF,0,0,0,0,0,0,0,0,0.584962500721156,0.584962500721156,1
CAMK2D,0,0.554823548603838,0.774232851882896,1.22064030180983,0.693919158269499,1.14561512812719,0.831147121892364,1.00244939794132,-0.497860216052027,0.259045243336487,-0.768356704650186
FABP2,0,-2.58496250072116,-2.58496250072116,-2.58496250072116,-1.58496250072116,-2.58496250072116,-0.584962500721156,-1,-0.777607578663552,-0.777607578663552,-2
METTL14,0,-0.284525360486693,-0.0670250938580213,0.0924075337666486,-0.4106779599001,-0.686705204178854,-0.656896394962801,-0.266406503296293,-0.0504590113329344,-0.134232634806746,-0.383572729737502
SETD7,0,0.149277169080192,0.109441815842308,0.226374683714553,-0.370567733272711,-1.08338358771008,-1.06760059046916,-0.227393890401602,0.446936906967956,0.25803293676864,0.128251665617067
MARCHF1,0,-0.368781908317971,-0.354842717360098,-1.14839183989267,-1.59585081686389,-3.59585081686389,-1.50069358382355,-0.354842717360098,-0.418657814957541,-0.936341362777682,-1.75150168732409
CBR4,0,-0.661297845341488,-0.849427442161391,-0.621158454488274,-1.74509078234666,-2.52749934727403,-2.99002577233419,-1.60367102775943,-0.247391428081293,-0.961902171419803,-0.826425616799775
CYP4V2,0,-1.5405683813627,-2,-2,-1.83007499855769,-5,-1.83007499855769,0.247927513443586,1.32192809488736,0.169925001442312,0.584962500721156
NDUFS6,0,-1.6220982668593,-1.69401344898166,-1.48820391184082,-1.51910995342653,-2.74624340775422,-2.80043550811781,-1.46887565090639,-1.12301089010534,-1.41107948571016,-1.0179466797594
MARCHF6,0,0.0591992829821676,-0.629041911417205,-0.657245870588133,-1.36564947231668,-1.1118928800709,-0.213735878858686,0.588893237297332,-0.366544722138079,-0.332472438279717,-0.48987916374558
SRD5A1,0,0.0499746416655041,-0.638237293763504,-1.13866628427299,-2.68886336683347,-4.0014535971415,-3.32629328744876,-2.47183413026412,-1.12751342333427,-1.61135399961256,-1.20745705793891
UGT3A1,0,0,0,0,0,0,0,2,2,0,0
PLK2,0,0.344747435979819,0.451844607245486,0.632505395541951,0.12851808287596,-1.73941874055032,-0.00147138721666822,0.262053647780463,1.84640283597234,0.784527461706025,1.41883776328012
PIK3R1,0,-2.45204453111594,-2.52689852580016,-3.12042304002474,-2.91655070665909,-2.27672627090341,-2.77803084257766,-1.82449015367032,-0.924962946475288,-1.85096236503151,-1.04055734661396
BHMT,0,0,-1.58496250072116,-1.58496250072116,0,-1.58496250072116,-1.58496250072116,0.415037499278844,1.32192809488736,-0.584962500721156,-1.58496250072116
PPIP5K2,0,-0.152408287954353,-0.664282311183156,-0.689542263584894,-2.10981641122988,-2.82078679686315,-2.50574508756102,-0.658515367964269,0.383551448032756,-0.210289204034853,-0.416253424374747
PAM,0,0.277857413494817,0.0672211255236386,0.370390643546237,-0.71826697627416,-1.56336399232331,-0.912710149989467,-0.258923324164794,1.55555207030145,0.440758306259555,0.766191923962164
MYLK4,0,-0.700439718141092,-2.70043971814109,-1.53051471669878,-1.89308479608349,-2.70043971814109,-1.89308479608349,-1.89308479608349,-0.115477217419936,-1.61297687689075,-0.415037499278844
SLC17A4,0,0,0,0,0,1,0,0,2.16992500144231,0,0
HIGD2A,0,0.0390998196889403,-0.637429920615292,-0.57705730263581,-1.39927018342053,-0.953205788521059,-1.31797008131868,-0.662304589254321,-0.420331798948357,-0.992094801914654,-1.0483630215614
PLA2G7,0,-1.03683676818037,0.0938669234642223,0.334000927187937,-0.324962154976996,-1.68536439767899,-2.89481776330794,-0.894817763307944,1.08532181433121,1.11080678588593,-0.133266530863464
TNFRSF21,0,-1.27986403532082,-1.87731748022517,-2.33910323869549,-3.55288252972723,-3.72280753116955,-2.97461468158009,-0.829506000308983,-0.832543254148437,-1.74266795353039,-0.831783341020049
MMUT,0,-0.226412192788786,0.23096868628375,0.293224060054427,-0.374663151372728,-0.23489034671309,-0.425512292868481,0.277413545206965,-0.225003998395977,-0.438509633397354,-0.630222436644375
HMGCLL1,0,-1,-1,0,-1,-1,-1,-1,1.58496250072116,-0.415037499278844,-0.415037499278844
LGSN,0,0,-1,-1,-1,0,-1,0,0.584962500721156,-1,-1
CYP39A1,0,0.963719084505382,0.94398961407945,1.77840354836148,0.610218201104259,-0.295890233985839,-3.15094189807474,-2.21603692629662,0.712879975641893,1.13446032078751,-0.0362809154946181
RNF217,0,0.389946518316013,0.266245842433359,0.740717201615557,-0.0448542357842604,-0.155278225477911,-0.622504001597006,-0.211183530040725,0.636323580196199,0.860464511067836,0.11391442136083
SLC2A12,0,0.781718995070755,-0.295006795572074,-0.356934544715276,-2.38246963682241,-1.69797146255034,-0.797507136101257,0.0293439615821445,0.46481146964795,0.265502661424544,0.236440195822081
SHPRH,0,-0.184071575040514,-0.286919982632264,-0.179666395920512,-1.13207693740225,-1.8092979459754,-1.67303225588432,-0.157840033467334,0.387594103067185,-0.354824047134067,-0.707495665452538
TIAM2,0,-0.292781749227846,-0.614709844115208,-1.06012099243757,-2.22239242133645,-1.22239242133645,-0.464962724610526,0.085729874025884,1.4964258261195,-0.0755510330071767,0.280107919192735
SLC22A3,0,0.413521266831464,0.343586976017135,0.829696089812006,0.572787786775054,0.981699183257056,1.07672579064283,1.27760974533754,0.955369074337831,1.26883191270788,0.630703045787126
RBAK,0,-0.0547924728403794,-0.246994394569526,-0.236399279330327,-0.876960389543471,-1.10209818761874,-1.38449791831946,-0.308549065086163,-0.146041535206333,-0.264827687656845,-0.549557164589958
EGFR,0,-0.234798529357341,-0.837648218262489,-0.82254132587228,-0.968250089893769,-0.890053144598282,-0.983104224110901,-0.470865887590866,0.000472008851221412,-0.411893686657825,-0.413150389734578
MDH2,0,-0.695265109436172,-0.992479418030205,-0.866844358956671,-1.16631649693036,-1.55203842938465,-1.98998124417501,-1.61801246678805,-1.23490886406666,-1.39424303375893,-1.15367967125243
PSPH,0,-1.40681699247388,-1.71650149160649,-1.01241925925407,-1.30655286900045,-3.09365910721425,-3.56856806247049,-2.43998385640908,-1.60258817140299,-1.73353468876593,-1.36109869216804
MEPCE,0,-0.841788419121478,-0.474579444933249,-0.646532127722544,-0.841788419121478,-1.55799545312089,-0.689785325676428,-0.226936346481396,-0.538095895683182,-0.413741859280772,-0.434613037615605
TLK2,0,-0.335947555974945,-0.854626188941572,-0.665723512684993,-1.19915571276607,-0.939288586010956,-0.84345688122346,-0.145587031227103,0.0725530266335604,-0.596896388563878,-0.326845348867693
EPHA1,0,-0.0249669155165754,0.0452510810949006,-0.142994787825345,-1.71822903158462,-3.31487333735341,-3.04306872189189,-1.88452278258006,-1.10446926655603,-1.07251249978437,-1.51507840660865
CLTRN,0,1.66742466091313,0.436099114806674,-1.28010791919274,-3.08746284125034,-1.50250034052918,0.612976876890753,2.52724700286487,1.75802720969404,0.889817082249577,0.467126010427298
CASK,0,-0.706033734614315,-0.339152273490124,-0.177201461302581,-0.36002002120264,-1.0164710096789,-1.40071660257187,-0.931668168642915,1.32549691560864,0.200532987372709,0.785279531946333
SLC16A2,0,-0.208717484439371,-0.518785424116673,-0.264212597031075,-0.881355503501381,-1.16845361422564,-1.0911478880582,-0.959358015502654,1.48332223884532,1.23078020682917,0.992620469634403
CHST7,0,0,-0.556393348524385,0.31034012061215,-0.836501267717121,-1.32192809488736,-0.473931188332412,-0.473931188332412,0.799087306074004,0.0565835283663675,0.422233000683048
NDUFB11,0,-0.27456788634931,-0.471305718925589,-0.466629231716116,-1.48542682717024,-1.75509868492618,-1.69369814026204,-1.19893344851246,-1.1720382214494,-0.913133519091968,-1.21649181989676
TAF1,0,-0.644383586980704,-0.557386256368731,-0.636492801361238,-1.16992500144231,-1.94536474342315,-1.36909320296604,-0.587495767466678,0.108842330656078,-0.551191764065912,-0.027253609333437
EBP,0,-0.024598341367506,0.361008943271053,0.0241859544674338,-1.46313178747989,-1.66395079686798,-1.88088878811232,-1.74091277868287,-1.22943087560426,-1.2070763931529,-0.575386241138074
AWAT2,0,1,0,0,0,0,0,1,1.32192809488736,1,0
OGT,0,0.256978105913698,0.0796102147130009,0.39061434120749,-0.20864418111007,-0.725785189160998,0.355820009294528,0.864877417912013,0.128291031276151,-0.0324803451835981,-0.514203203590421
PRPS1,0,-1.15264701001048,-1.48426850110168,-1.87253909081774,-1.85147747528991,-1.46814883573841,-1.53373717736598,-2.05311133645956,0.184656310763801,-0.436439976011068,-0.298223834296094
NSDHL,0,0.604728904160253,0.816647994267193,0.440499508381944,-0.904635977666743,-0.809091644358208,-1.75419339820931,-1.43226530332195,-0.760060405241307,-0.352981403231684,-0.484732723216084
CSGALNACT1,0,0.362570079384708,1.72662364994475,2.70571466018177,2.71097038563326,1.55019708256048,-0.438121112391885,1.26589405997303,3.6924909650256,3.34577483684173,3.22606807947985
ATP6V1B2,0,-0.0256508228541972,0.32172867612405,0.71729034989341,0.715166284879119,0.698060236009412,2.21195722716763,2.20732301059872,-0.440519180326072,0.240720467494265,-0.343398475219587
SLC25A37,0,-0.283615283256246,-0.365492290310654,-0.159743625094077,-0.110377547773098,-0.298617446595492,-0.841472553814804,-0.538711869665399,-0.466344892333559,-0.512239658304208,-0.798188456086004
STAR,0,-1.58496250072116,-3.16992500144231,-2.75488750216347,-3.75488750216347,-3.75488750216347,-3.75488750216347,-3.16992500144231,-2.29545588352617,-3.75488750216347,-2.94753258010586
PLPBP,0,-0.800940082494176,-1.26149224102539,-1.83723621171717,-2.90303827011291,-2.84645474174654,-2.16607267594671,-1.06576777015102,-1.0181147945596,-1.31487333735341,-0.703496787904501
PXDNL,0,1,1,1,0.584962500721156,0,2.58496250072116,4.4594316186373,2.70043971814109,0.807354922057604,0
PLPP5,0,-0.788495894806288,-0.380031049450931,-0.238938730216331,-0.14359085362885,-0.855610090664825,-0.639118270768062,0.037474705418663,0.303588504184429,-0.118644496498619,-0.461331151552779
NSD3,0,-0.181260636465279,-0.427999806072845,-0.149424549343274,-0.864609627473011,-0.954276964197708,-0.874039040392941,-0.0512253233551731,-0.0293307038529677,-0.403043528433207,-0.618909832644494
ADHFE1,0,1.28950661719498,0.736965594166206,-0.082462160191973,-2.58496250072116,-1.84799690655495,-1.84799690655495,-0.362570079384708,0.712718047919529,0.289506617194985,-0.125530882083859
SLC26A7,0,1,1.67807190511264,2.0703893278914,0.678071905112638,0.263034405833794,0.485426827170242,1.13750352374993,2.03562390973072,2.26303440583379,0.678071905112638
PSKH2,0,-1.58496250072116,-1.58496250072116,0.415037499278844,-1.58496250072116,-1.58496250072116,-0.584962500721156,-1.58496250072116,0.415037499278844,-1.58496250072116,-1
ATP6V0D2,0,0.321928094887362,-2,-0.415037499278844,-1,-2,-1,-0.415037499278844,2.08746284125034,1.4594316186373,0
DPYS,0,0,1,1,0,0,0,1,3.39231742277876,0,0
POLR2K,0,-0.520564586276564,-0.289369849404117,0.266722592863908,-0.180736384107313,-0.536545371670453,-0.46513611086921,-0.0500986115903655,-0.24711991647042,-0.35240651100844,-0.550900664647523
NDUFB9,0,-0.864757233102526,-0.944091258849344,-1.07346216194102,-1.32119743139193,-1.7132865976967,-1.81762325751143,-1.36570569253144,-0.852828588784493,-1.50189142858797,-1.2206881151242
SLC39A4,0,0.228268987673117,0.263034405833794,0.228268987673117,-0.669851398307669,-0.222392421336448,-0.54432051622381,0.362570079384708,0.280107919192735,-0.222392421336448,0.118644496498619
NAPRT,0,-0.894475680781134,-1.24610400988392,-0.80674683140966,-0.963960781102418,-1.77726006690928,-2.58253167446639,-0.987886620347899,-1.98306960405012,-1.66114150916276,-2.30499769893748
AK3,0,-0.0592215370360927,-0.332538916131747,-0.466085104869236,-1.40751748543868,-1.9150268106872,-2.19672506078603,-1.47973416638109,0.16390258540692,0.129254918608418,0.0946758986976638
UHRF2,0,-0.209106901700077,-0.955120621176136,-1.05141830319867,-1.72591981041822,-0.796920579319357,-0.691688175598918,-0.43530214577449,-0.216245437001299,-0.639896066584851,-0.7198196108818
PLIN2,0,0.183037750268355,-0.389129145147713,-0.157892067233276,0.0466583836728916,1.493351958315,2.17174773704913,2.70925159173096,-0.279912515904657,-0.480328959530563,-1.53477674355294
NTRK2,0,-1,-0.321928094887362,0.84799690655495,3.21723071622067,3.20163386116965,1.13750352374993,1.53605290024021,0.584962500721156,1.4594316186373,-2.32192809488736
AUH,0,0.715270523066887,-0.123574685118533,-0.0717357535989145,-1.3112016882943,-0.631460962821048,-0.415037499278844,0.3475387385664,0.0266679504620802,-0.288012060922414,-0.71294236495969
UGCG,0,0.868572958757066,1.5926070610675,2.45182416953262,3.08324853920526,4.28159753733322,3.69400526001645,2.67332680729523,-0.220902803195961,1.0290867289302,-0.481259766181065
ALAD,0,0.500802053057158,0.891419186846079,0.503348735167504,-1.98564470702293,-3.64385618977472,-3.35845397091248,-1.200912693926,0.12267271882414,-0.519734877945537,0.0721058004804196
POLE3,0,-1.14124592543575,-1.58870490240697,-1.52636784681031,-1.92949202454565,-2.55536771853286,-2.2947764886274,-1.58870490240697,-0.360435914733856,-1.13302541863078,-0.946198357278051
GBGT1,0,-0.893084796083488,-1.70043971814109,-2.70043971814109,-0.893084796083488,-1.70043971814109,-1.11547721741994,0.106915203916512,0.106915203916512,-1.70043971814109,-1.24100809950379
PTGES2,0,-0.659693375797783,-0.797562185039197,-0.884522782580064,-1.24648322956995,-2.0280143761696,-2.24100809950379,-0.692945181594168,-0.678071905112638,-0.85913746416015,-0.785556331779043
PTGES,0,0.18844508941311,-1.25633975325979,-0.256339753259785,-2.25633975325979,-4.4262647547021,-4.4262647547021,-2.4262647547021,-1.84130225398094,-3.61890983264449,-3.25633975325979
LRSAM1,0,0.141452508991709,0.680787993221221,0.865212564358648,0.300013318458922,-0.699986681541078,-0.810076133252734,-0.24001983936179,0.103155989229611,0.194682623258402,-0.326011838884121
IDI2,0,-1,-1,-1,-1,-1,0.584962500721156,1,-1,0,-0.415037499278844
INPP5E,0,-0.595850816863892,-0.885357434058877,-0.826463745005309,-1.07800251200127,-0.905535315996507,-1.41142624572647,-0.629017680799092,-0.680243004154265,-0.733354340613827,-1.10108612511431
PDSS1,0,-2.0983020736118,-2.3393101731156,-2.99138686969529,-2.47681369686553,-2.3393101731156,-2.3393101731156,-1.45296695491117,-1.50106124311221,-1.94076079662532,-1.7987417917529
POLR3A,0,-0.295233228221942,-0.407707957480355,-0.112011404166172,-0.443900609103736,-0.659092003575223,-0.356633772886085,0.119804271056902,-0.0638520236582397,-0.0962153152593032,-0.121306296222134
HERC4,0,0.166412287714495,-0.300984834914863,-0.088688291313922,-0.643856189774725,0.529844514008188,1.72543249921241,1.68655338186773,-0.0608798955402111,-0.206869717662236,-0.595754929085111
CAMK2G,0,-0.414070221307048,-0.639689427797417,-0.896406109874732,-2.07445899220044,-2.5995500369442,-2.54771110542458,-0.945874786139032,-0.0175228272475931,-0.535037275389474,-0.505890929729958
GLUD1,0,-0.454914440919464,-2.00652968445218,-2.16631012848895,-2.88391039778823,-3.17718203405252,-3.25336686275818,-2.55558453170271,-1.33501715177459,-1.95043101411118,-1.20946090607683
ANKRD1,0,0.321928094887362,-1,1.16992500144231,1,2.90689059560852,3.55458885167764,3.24792751344359,2.32192809488736,2.16992500144231,0.459431618637297
CYP17A1,0,-0.736965594166206,0,-1.32192809488736,-2.32192809488736,-2.32192809488736,-2.32192809488736,-2.32192809488736,-1.32192809488736,-1.73696559416621,-1.73696559416621
PAOX,0,0.160464672193246,-0.229481846122767,-0.695145418471579,-2.76553474636298,-1.76553474636298,-0.280107919192735,0.527247002864869,-0.0213736507925669,0.12199052437861,0.287576590096585
GSTO1,0,-0.716668179932978,-1.65845356598768,-1.31388181055623,-0.572429822154315,0.674840783849625,0.72764030422954,0.092504120119591,-1.07077668056949,-0.353332166830831,-0.953631607425198
SLC5A12,0,0,0,0,0,0,0,1,2.58496250072116,2.32192809488736,1
TUT1,0,-1.0163018123291,-0.135883428081773,-0.227805917522812,-0.617752435838826,-1.89077093024524,-1.26628006533745,-0.118181426348314,-0.0578809160804999,-0.325986311461716,-0.0494686762642998
HSD17B12,0,-0.295537045521123,0.0736732001295214,-0.0788955451717807,-0.849783526028964,-0.69917553333841,-1.55842536305133,-1.1784312187227,-1.07387528768011,-0.90610964478821,-0.220112733737616
APIP,0,-0.79090440127701,-1.21359547309929,-1.46440357659982,-1.63890130783196,-1.86129372916841,-1.98682461125227,-1.34191957007483,-1.35879338863922,-1.35879338863922,-0.897819605193522
DGKZ,0,-0.927711139193121,-1.17563865263671,-1.24152658829316,-1.52356195605701,-2.16281461227912,-2.32478209194252,-1.24828395446847,-0.780869750863849,-0.737440868438628,-0.661065479806948
GLYAT,0,1,0,0,0,0,0,0,3.08746284125034,0.584962500721156,1
SLC43A1,0,-1.39231742277876,-2.39231742277876,-2.39231742277876,-0.932885804141463,-0.748461233004036,-1.0703893278914,-0.144389909335175,-2.39231742277876,-2.0703893278914,-2.69187770463767
PTPRJ,0,0.103093492964104,0.199308808223407,-0.432959407276106,-0.432959407276106,0.493040011280117,1.3743955147815,2.71271804791953,1.12775554719837,-0.14017765804826,0.888968687611256
PAK1,0,-0.679124071227748,-0.823661714426232,-1.13785416053399,-1.72474668835354,-1.42736077772897,-1.84554483232468,-1.48999176599938,-0.647201666459447,-0.803634659746529,-0.916564295644699
ATM,0,-0.633298513866786,-1.51084308602984,-1.61134668651468,-2.11626968931072,-2.63575835255459,-2.16163022271059,-0.656838070673418,0.162777034511709,-0.550324414759932,-0.195704156805121
AASDHPPT,0,-0.374909386573534,-0.924335730067928,-0.929610672108602,-1.54258754899935,-2.38574319248481,-2.49880585697144,-1.3893726158855,-0.581498645417585,-0.478369362893913,-0.80078069176365
P4HA3,0,0,-1,0.807354922057604,-0.415037499278844,0,0.807354922057604,0,2.6724253419715,1,1.58496250072116
GGTLC1,0,0,0,0,0,0,1,0,1.58496250072116,0.584962500721156,0
SLC22A8,0,-1.58496250072116,-1.58496250072116,-1.58496250072116,-1.58496250072116,-1.58496250072116,0,-1.58496250072116,1,-1.58496250072116,-1.58496250072116
TKFC,0,-0.327804661224032,-0.833990048561071,-1.14809863898913,-1.83399004856107,-3.13515958328164,-2.35755200461808,-1.62058641045188,-1.11596601804832,-1.50788627770252,-0.752689946459223
FADS1,0,1.30116953472056,-0.752907138035228,-1.17687776208408,-2.96863582909066,-1.87843802011909,-2.43097904314787,-1,-1.30322349594949,-1.09628365218663,-1.22934518197821
PLCH2,0,-0.384289049022826,-0.136277263547855,-0.134929580086109,-0.371535860642257,-0.740240726199067,-1.68003609199315,-1.41176978544493,-0.0454871355710674,-0.136277263547855,-0.32930762525296
B3GAT3,0,-0.665335917185176,-0.436517226689295,-0.699551632523089,-0.951090399519053,-1.68805599368526,-1.51558879768049,-1.06542307499805,-0.794971197601772,-0.851554725968139,-0.764469109204428
CHEK1,0,-2.23823101483322,-3.40488088424267,-3.91106627157971,-3.21223580630028,-4.52773763202821,-4.62727330557912,-3.51179608815918,-3.312231596277,-3.69766263347052,-3.790772037862
DUSP15,0,0,-1.58496250072116,-0.584962500721156,-1.58496250072116,0.415037499278844,0.736965594166206,0.736965594166206,2.54432051622381,0,-0.263034405833794
SLC22A9,0,0,1,0,0,1,1.58496250072116,2.32192809488736,1.8073549220576,0.584962500721156,0
PLCB3,0,-0.955735613570989,-1.17985892298655,-1.32246331842935,-1.80789014559959,-2.84971032129422,-3.18715141555291,-1.01290048870781,-0.616065013709898,-1.00107064571956,-0.961976553545134
TM7SF2,0,1.77035176266075,2.56593945419281,2.80666546204884,1.23235274091018,0.277835510704192,-0.496081219634906,-0.381651330784297,-0.787290132060891,0.412622946345544,-0.26980536381123
PPP4C,0,-0.763801779138522,-1.26164786556283,-0.880260755725905,-1.11172508255883,-1.21259968431804,-0.979340529433907,-0.845571334880856,-0.757925212801852,-1.18671212218865,-1.04759474513911
ALDOA,0,-0.81718953877266,-1.38637394603463,-1.61146597612848,-1.76812570651646,-1.66221487879632,-1.69524367918379,-1.30904263510233,-1.47876430709777,-1.57635941950025,-1.40066549114911
HIRIP3,0,-1.18762700317577,-1.58496250072116,-1.73306113971029,-2.08453351021167,-4.13515958328164,-2.94251450533924,-2.55019708256048,-1.17433018056231,-1.48308288670194,-1.65711228647699
TAOK2,0,-0.345585618526699,-0.357173592801911,-0.309492615948115,-1.56094204921602,-2.73646106713155,-1.40447930758027,-0.81418336255607,0.135713323020866,-0.375713723353662,-0.262428994561423
EEF1AKMT1,0,-0.721898146077264,-1.56241993207007,-1.90122184552183,-2.08179409116365,-3.18132976471456,-3.28824496863107,-2.34482849699744,0.328727926992703,-0.859401669827199,-0.274439169106043
LATS2,0,0.180915785360289,0.270801288877484,0.337034987277571,0.431011135486584,1.75207248655641,2.63189133591511,2.3230957963197,0.173166285755354,-0.0903862364571056,-0.31537203444172
HNMT,0,0.106199403831925,-0.600069393111365,-1.08246216019197,-1.92199748799873,-2.26303440583379,-1.49749965947082,-0.0509839287188049,0.928107081518214,-0.980100442562295,0.502500340529183
CNDP1,0,0,0,0,0,0,0,1,1.32192809488736,0.584962500721156,0.584962500721156
MTMR12,0,-0.466384379279064,-0.716927840929661,-0.758991900496205,-0.955300192529186,-1.35251641472079,-1.80231933216031,-0.597628912557317,-0.616839516523152,-0.537819517322013,-0.704544116473829
DLAT,0,-1.02534008324769,-0.859620111048131,-0.968671059308635,-1.52821096314988,-2.14341307704872,-2.57299888489672,-1.3930001614413,-1.20754341446844,-1.22403153725701,-1.203765075231
PTS,0,-0.529745176720065,-0.377992138746807,0.0240454739666509,-0.138023195379816,-0.69654813617167,-1.26338083278729,-0.768482030413314,-0.429542900389178,-0.328220029995354,-0.469751758189471
PIP4K2A,0,-1.21572869105544,-0.766202815391303,-1.58496250072116,-1.36257007938471,-0.836024264888874,-0.147557188413858,1.00998408857262,-0.570012159255185,-1.04064198449735,-0.884522782580064
TKTL2,0,1,0,0,0,0,0,0,2.32192809488736,0,0
SLC7A11,0,-0.898613299089451,-1.15358511996627,-0.143819378156573,0.17165570896193,-0.242980763200812,-0.685272827645076,0.823623015160489,-2.34171471678617,-1.47475965252734,-2.23259299440606
NGLY1,0,-0.474192285978748,-1.09718791869449,-1.54784932770406,-1.81088373353785,-1.80266322673288,-1.57559431818696,-0.561655127229087,-0.256470296176301,-0.835830090668081,-0.520627858969033
OXSM,0,-0.497499659470817,-1,-0.757143476103836,-1.50316840955751,-2.49185309632967,-2.28239973070073,-1.37291202360617,-0.830074998557688,-1.09953567355091,-0.851608160107329
UEVLD,0,-0.388287852718887,-0.112252661480414,0.756321527985219,-0.0200952168997108,-0.459138179189344,-1.16787217758011,-0.300373195035401,0.160897088445438,-0.021286050678333,-0.435132716178555
UBE3B,0,-0.376957460033467,-0.415613540428796,-0.488886529166109,-1.17035701074061,-1.73984810269933,-0.911216521011309,-0.120669886640258,-0.120669886640258,-0.452966954911166,-0.338217636114587
IPMK,0,0.289506617194985,-0.154658244789002,-0.500512178921845,-1.96962635095648,-1.4391116342577,-0.930097986769844,-0.787875914117379,-0.0292855616241993,-0.764511921051869,-1.10980400900474
MAT1A,0,-0.459431618637297,-1.13750352374993,-0.652076696579693,-3.4594316186373,-3.4594316186373,-2.4594316186373,-3.4594316186373,-1.65207669657969,-0.874469117916141,-1.87446911791614
SLC2A13,0,0.285402218862248,0.74819284958946,0.948367231584678,0.159871336778389,0.228818690495881,0.721099188707185,1.40514146313634,-0.186218808782963,0.0660891904577724,-1.95560588064155
CSNK1G3,0,-0.0788971639502601,-0.32813324441407,0.0245571042439787,-0.580634721479973,-0.582487894555451,-0.875501457882114,-0.426226056319808,0.129035322714658,-0.154068512610834,-0.274722251698183
EXT2,0,-0.270755442897847,-0.640957294110617,-0.377040236037062,-1.13275520885177,-1.61992127076055,-1.46184000685263,-1.62689925312312,0.0418525300086839,-0.585528818703262,-0.106000851900553
ALLC,0,-1,-1,-1,-1,-1,-1,-1,0.321928094887362,-1,-1
NDUFC2,0,-1.37926126995331,-1.49068255262174,-0.622930350920177,-1.11298120461587,-2.65797729801938,-2.11298120461587,-0.755824621417522,0.0533370573457132,-0.255559285271647,-0.566346822553809
ME3,0,0.610053481683987,0.211504105193712,-0.247927513443586,-2.66296501272243,-2.24792751344359,-0.547487795302493,-0.160464672193246,2.43857301373963,1.05585323473352,0.452512204697507
NEK7,0,0.226549071788542,-0.0370646133306446,0.314727172354924,-0.0218490883557014,0.517686953041028,1.0447021045529,1.67578305625555,-0.23538235179652,-0.0672755476801281,-0.500412462805229
ATP6V1G3,0,0,0,0,0,0,0,0,1.58496250072116,0,0
FER,0,-0.280202419899604,-0.869186933375945,-0.70491165399929,-1.54967743929123,-1.08374678774678,-0.722267593133059,-0.335886552477282,-0.0872561425321486,-0.337139435787364,-0.561831639575856
PTPRO,0,0,0,0,0,2,1.58496250072116,3.70043971814109,3,0.584962500721156,0
ACAD8,0,-0.171583462414566,-0.315973371749741,0.697172004307181,0.267888255174473,0.436099114806674,0.865278405936149,0.814912273235686,0.0837139564014325,0.3544438632919,-0.445411148322363
QDPR,0,-1.12338241550528,-1.53841991478413,-2.76081233612057,-2.93073733756289,-1.40717538150587,-1.47130571892559,-0.175849835399418,0.0692626624371138,-0.95345741406297,-0.175849835399418
QTRT2,0,-0.99816800605111,-1.55413063504971,-1.42546297108524,-1.3722923120639,-2.19395507080539,-2.01288951175788,-0.713329229898968,-0.777869482093678,-1.14854461111544,-0.899120636800301
MMAA,0,-0.195256291398934,-0.349584437790228,-0.216317906926763,-0.659924558402378,-1.52242103465244,-2.13385574673479,-0.828047317210705,0.0669066586301148,-0.972863870062486,-0.292553492753849
AKR1C2,0,0.971295504209069,-0.0163325711219612,0.301757837563154,-2.28980739798225,0.185182260713775,-1.1938055781049,0.589466703695744,0.353519265252895,-0.225101708594434,-0.893084796083488
PIGF,0,-0.541045384190949,-0.495957494662411,-0.40284809027093,-0.923378718397088,-2.40284809027093,-2.89383444278307,-1.12600788491211,-0.728248377065097,-0.72390944134076,-1.22677086184702
INPP1,0,-0.529370174757839,-0.456857674973471,-0.754243585598042,-0.529370174757839,-0.843880798082718,-1.17508670655809,-0.669851398307669,0.267321764236892,-0.309104054529779,-0.0524674198941355
RNF144A,0,-0.245476034449489,-0.932885804141463,-1.17730453180791,-1.26893500727348,-1.00984778595635,-0.101640261875838,0.658308650291208,-1.72393891386997,-2.04992522533168,-2.34169134970879
ACSL1,0,1.82566329157139,1.21038018991636,1.04606815072507,-0.933975648512713,-1.32132903122636,-1.26300444674208,-0.142861213180801,-1.11956497173603,-0.444853501271324,-0.539656269760768
SLC25A4,0,-0.176426567384267,-0.667729960891179,-0.969193953218825,-1.91926872788714,-1.53397857200235,-0.200077835448913,0.264763219750545,-0.936546719318979,-0.95152292689177,-1.29876211030832
TDO2,0,-1.58496250072116,-0.584962500721156,-1.58496250072116,-1.58496250072116,-1.58496250072116,-0.584962500721156,-1.58496250072116,1,-1,-1
PARP8,0,-0.0917629786839649,-0.678880364108795,-0.956218307972087,-2.12222825941102,-1.69842055050444,-2.2129937233342,-0.909924655698152,0.738177433835014,-0.371255807250931,-0.072512499784368
PTPN14,0,0.829992838186306,0.221359207616726,-0.0783311815643506,-0.788256909417761,-1.14290318286043,-0.267115210257979,0.478839167135482,0.857096817139566,0.371161909301671,0.66962603296152
MGAT5,0,-0.534637051749148,-0.586052561249697,-0.488044357445377,-0.243982933964028,-0.793258578771469,-0.326293287448764,0.632127608799836,-0.190778316792283,-0.649588218100033,-0.382002720035052
ATP5F1A,0,-0.959492604680249,-1.06894664786329,-0.832375957024673,-1.49724437038153,-2.38411440803344,-2.86197353295076,-1.9138974829971,-1.08663034979366,-1.03991253735927,-1.14391717581768
G6PC2,0,-1,-1,-1,-1,-1,-1,0,-1,-1,-1
PDK1,0,0.103212502660264,0.0821745128894769,0.00516786835894064,-1.90645923216058,-2.478540441585,-2.54748779530249,-1.78849589480629,-1.4452642867107,-1.79446979585092,-2.25203191177632
PDE3B,0,-0.169925001442312,-0.362570079384708,-0.584962500721156,-1.84799690655495,-1.58496250072116,-1.36257007938471,0.68805599368526,0.473931188332412,-2,-2.36257007938471
UHMK1,0,-0.596468186654103,-1.18713868707004,-1.17078867914368,-1.71670050080096,-2.2043994517782,-1.58936479937955,-0.798980560009304,-1.04690807345289,-1.06880464685345,-1.01991700035588
GUCY1A2,0,0,0.736965594166206,0.736965594166206,-0.584962500721156,0.415037499278844,0.736965594166206,1.22239242133645,2.96962635095648,-0.263034405833794,0.222392421336448
SUV39H2,0,-1.43812111239189,-1.23851208669972,-1.27130202181739,-1.77173101232688,-3.04182017569463,-2.58496250072116,-1.78350818010324,-1.43812111239189,-1.52937017475784,-1.68633952109624
OLAH,0,-2.58496250072116,-2.58496250072116,-1.58496250072116,-1,0.415037499278844,1,1,-0.777607578663552,-2.58496250072116,-2.58496250072116
NMT2,0,-0.435215381216474,-0.459118567742961,-0.308838095446919,-0.526068811667588,-0.544216158377847,0.154255545176429,0.606508031002421,-0.221557769857635,-0.10383581098454,-0.153116713755758
USP12,0,0.285989276872745,0.0914983544854961,0.137763726661794,-1.0703893278914,0.067114195858537,0.131244533278253,-0.187746278529557,-0.307509034974399,-0.296041511722112,-0.487431963060619
CAMK4,0,0.618909832644494,0.0834160081876375,0.0834160081876375,-1.58496250072116,-1.69187770463767,-1.69187770463767,-1.0703893278914,-0.637429920615292,-0.610957709254101,-1.01727799143184
PFKM,0,-0.632268215499513,-1.15754127698648,-1.38801101669635,-1.70104163527974,-2.23097672358949,-2.76232875606389,-1.84928130017719,-0.911310497533699,-1.04399298073752,-0.981662098537609
NADK2,0,-0.469144904618294,-0.88929653559378,-0.93087563934518,-1.81734669371477,-2.55431228788097,-2.14905580939471,-1.24544034581906,-0.345913138624024,-0.388726222162997,-0.304334034872624
GPD1L,0,-0.870716983055034,-1.40008715781287,-2,-2.87071698305503,-2.44541114832236,-2.5405683813627,-1.25853301359885,-0.512159966176949,-1.09310940439148,-0.0722220379176578
SLC30A6,0,-0.254729394999462,-0.45831656380331,-0.470629825242161,-1.01795909133831,-1.86114500538694,-1.90503264938794,-0.464460058001955,-0.00297769979989551,-0.531671980874307,-0.62148837674627
SLC16A12,0,2,1,0,0,1,0,0,3.24792751344359,2,2.4594316186373
PANK1,0,0.258311995591391,1.14562418088234,1.45513915774717,-0.522678222466814,-3.00946032924907,-3.55694812455156,-2.64267799857744,-0.482600783091478,-0.232248280414144,-0.722112466071849
PTPRK,0,0.444407037094418,-0.0577599404365659,0.240170297482057,-0.348022291038507,-0.349408831309469,-0.454404564861083,0.0576300971760564,2.2031716004643,1.22604314430758,1.48542682717024
GGPS1,0,-0.368829069856391,-0.309433661082624,0.236891991031563,-0.325575871902507,-0.796466605914868,-1.19195130777231,-0.667424660913129,0.276865906500583,-0.185492157049342,-0.144645592993955
PLOD2,0,-0.571965160192283,-0.90525951002959,-0.758155215997379,-1.65861954244647,-1.69338496060714,-1.51488406498502,-0.873019173029383,1.92491100278156,0.129966743954157,1.18268271153448
STK32B,0,-1.92599941855622,-0.925999418556223,-1.66296501272243,0.961525852185364,0.559427408614019,0.275634442613427,0.452512204697507,-0.0780025120012732,0.395928676331139,-0.118644496498619
CWC27,0,-0.929499691298448,-0.525602749624804,-0.0211301667640161,0.314919036367999,0.803019997836566,-0.243128462967323,-0.170507790802243,-0.174447788811072,-0.329815684870526,-0.5072666906154
ACMSD,0,0,0.584962500721156,0,1,-1,0,2.70043971814109,1.32192809488736,0.584962500721156,-0.415037499278844
RANBP2,0,-0.250182412782394,-0.345553116481931,-0.0453386005973507,-0.325623678879262,-0.279887220507598,-0.311494188777404,0.151110145311153,0.457370134541519,0.0752532114248199,0.111933874751288
AHCTF1,0,-0.0640208640318809,-0.346828943176003,-0.325545384808037,-0.484945206387639,-0.15227073003628,-0.14692740896197,0.358550307932371,0.127837189156455,-0.0615052661130979,-0.113972686007233
MERTK,0,-2,-1,-0.777607578663552,-3.58496250072116,-2.58496250072116,-3.58496250072116,-2.58496250072116,-1.12553088208386,-2.58496250072116,-3
PTPRR,0,0.485426827170242,1.18057224564182,1.67807190511264,0.180572245641821,1.30256277002043,2.09310940439148,3.02384674195437,2.78659636189081,2.77258950389693,1.26303440583379
SLC25A27,0,0.893912741610308,1.0424352663204,1.01072640659306,-0.511500338780135,-1.70853718583969,-1.85663582482882,0.123735368422245,0.50755799703555,0.785659850958285,-0.291302130856599
LPCAT1,0,-1.17519994348299,-1.24836635604496,-1.24005108783295,-0.171241929914303,-0.0609427642253066,-0.660626770653228,-0.397592364819435,-0.275726819436951,-0.815715843972021,-0.420899738311504
RPIA,0,0,-1.07800251200127,-0.389946518316013,-1.44057259138598,-0.925999418556223,-0.788495894806288,-0.662965012722429,-0.547487795302493,-0.365284464081744,-0.440572591385981
PTPRD,0,0.160464672193246,0.234465253637023,-0.180572245641821,-3.08746284125034,-1.76553474636298,-4.08746284125034,-1.28010791919274,1.30485458152842,-0.229481846122767,-1.50250034052918
ZDHHC7,0,-0.120456325178013,-0.579381468457856,-0.645876880244763,-0.998757903461038,-1.03140513736088,-1.50167215736012,-0.67335761666687,0.231946728049697,-0.320841201946085,-0.00622657436488764
TRIP12,0,-0.234214937848959,-0.617238903744912,-0.18017509813607,-0.407397437076712,-0.0136830430866761,0.299453884496059,1.02740043725191,0.217459501175063,-0.192766675569076,-0.387497879639007
DDAH1,0,-0.824428435416546,-0.854802084460064,-1.45519462575083,-1.6020360140801,-0.123988717275453,0.521346401425185,0.533123569201538,0.436099114806674,0.785365918284546,1.50349840009226
DGKE,0,-0.143645676643463,-0.10764072318797,-0.10764072318797,-0.806176730860323,-0.418184054595708,-0.529467388129453,-0.251763293498774,-0.620763222149003,-0.430839355401737,-0.745635188925272
HS2ST1,0,-0.208399149256948,-0.384429513348448,-0.498989277611303,-1.64966819010897,-1.7596410321341,-2.53520946552406,-1.35715658319834,-0.501973136050125,-0.45351164709348,-0.689932060322699
HS3ST3A1,0,2.16992500144231,0,-1,0,1.32192809488736,0,1.32192809488736,2.58496250072116,0.321928094887362,0.584962500721156
SLC5A10,0,1.11547721741994,3.65344223860392,5.06608919045777,4.8621207254885,3.44846050081629,1.54432051622381,1.50250034052918,-0.192645077942396,2.11547721741994,-2.58496250072116
AK5,0,0,-0.662965012722429,-0.547487795302493,-1.92599941855622,-2.66296501272243,-1.24792751344359,0.610053481683987,0.275634442613427,-0.724365557386573,-1.54748779530249
CHST9,0,-0.321928094887362,-0.736965594166206,-2.32192809488736,-0.321928094887362,-2.32192809488736,-1.32192809488736,1.13750352374993,-0.15200309344505,-2.32192809488736,-1.32192809488736
CERS3,0,0.595223532887602,0.989146788915869,1.50884664956651,1.3633421934202,1.35370411137211,0.76480767312552,0.327478114712586,-0.779815898459323,0.650882616047294,-0.983108220601227
PRKCA,0,-0.18844508941311,-0.366782330671623,0.085729874025884,-1.40525647848626,-1.75672884898764,-1.91427012597412,-0.405256478486259,0.146841388329271,-0.395541323653047,-0.265981689884131
LRRK1,0,-0.458205358435217,-0.70781924850669,-0.70781924850669,-1.84212034021828,-1.64508349315873,-0.85982234195174,0.308122295362332,-0.0197632548214299,-0.614709844115208,-0.570315724756755
GAL3ST2,0,-1,0,-1,-1,-1,-1,0,2.70043971814109,-0.415037499278844,-1
ENPP3,0,-1,-1,-1,-1,0,-1,1,-1,-1,0
MIA3,0,-0.211423243436501,-0.293780765728818,-0.312738923432702,-0.877801866716153,-0.471969324078778,-0.798165750602943,-0.401275598034359,0.509262774589303,-0.206982811981247,0.18097888679852
TNIK,0,-1.6667565918848,-2.70328246790992,-3.40372218605101,-3.59636726399341,-2.59636726399341,-3.03448837638529,-1.22050036199524,-0.476932033004786,-2.19426882042206,-1.0520467477696
PGM5,0,1.32192809488736,0,0.584962500721156,-1,1,-1,1.58496250072116,2.16992500144231,-0.415037499278844,0.321928094887362
TRIM11,0,0.00882385038700609,0.291516781991268,0.555153691505103,0.5996390773536,0.0859000734056472,-0.271912557180247,-0.214301834010151,-0.509524366134133,-0.232384192993609,-0.607261167829931
PPP1R3A,0,0,0,0,0,1,0,1,1.32192809488736,0,0
SH3RF1,0,-0.20945336562895,-0.661965570326456,-0.657227651319793,-1.28053646369043,-0.324930583048886,-0.574502729076117,0.338034429673544,0.667535744265707,-0.178574052744978,0.510067094077847
ATP5MC3,0,-0.975060488143409,-1.29052742866765,-1.26727327781175,-1.81195427253847,-2.13423291901082,-2.67943018703365,-1.9797777513355,-1.12985713451919,-1.26535224551608,-1.19281621952794
PDE1C,0,-1.4262647547021,-2.10433665981474,-2.61890983264449,-1.72582503656101,-1.4262647547021,-0.104336659814736,1.36815111164801,-0.698344300138899,0.341919570074828,-2.51937415909358
ATP5PF,0,-0.966833136064801,-0.658080429925172,-0.61034781914107,-1.34589133823808,-1.56828375957453,-2.09236401814866,-1.09833791919329,-0.342342271157007,-0.784815062634468,-0.892286182699747
PLCL2,0,-1.08746284125034,-1.28010791919274,-0.387023123109247,-2.50250034052918,-2.50250034052918,-0.917537839808027,-0.0874628412503394,-1.18057224564182,-4.08746284125034,-4.08746284125034
USP43,0,0.0157673158583166,0.0157673158583166,-0.0984037040609945,-1.01594154386902,0.399095955409822,0.910057874687202,1.1926450779424,0.143257050980232,-0.241008099503795,0.48089004657347
EPHB1,0,-0.222392421336448,1.1926450779424,1.44057259138598,-0.222392421336448,0.777607578663552,1,1.1926450779424,0.836501267717121,-2.22239242133645,-1
ACSS1,0,-0.0907654639231824,-1.01770200173346,-1.94251450533924,-3.21459405077604,-4.94251450533924,-3.69458699189565,-2.3879256536616,-2.76260541532431,-2.46678107437284,-3.0598714559774
CYP2U1,0,0.155278225477911,-0.316473664795254,-0.935869662580285,-1.91511110241349,-1.42968427524325,-0.552541023028779,0.79480966873849,1.39023410827827,0.599462070416271,1.62094179782672
AK9,0,0.73306113971029,1.27436241163531,1.74474294475793,1.20839914925695,1.51846708893425,1.09432738254815,1.29834127456975,1.14369345986913,0.660911353954455,-0.0801703486839833
PTPRN2,0,0,-1.58496250072116,-1,-2.58496250072116,-1.58496250072116,-2.58496250072116,-0.584962500721156,1.77258950389693,-2,-0.263034405833794
ATP6V1C1,0,-0.250938655604991,-0.33227828305693,-0.0680421320133824,-0.307958603861516,0.725691785580401,1.95371568931685,2.33288705911385,-0.219244617757038,-0.0406747250263647,-0.490707645661412
PIP4P2,0,-0.297904865680846,-1.45137934634256,-1.48112668973662,-2.06608919045777,-1.93680617351281,-2.2081081953302,-1.06608919045777,-1.83727049996189,-1.06608919045777,-1.87626463157776
CDK19,0,0.173416399960902,-0.0318087382306761,0.141176062960694,-1.12675714228594,-0.834576390792629,-0.646949387616857,-0.0364106401896848,-0.0479800289018216,-0.434645783903993,-0.564878254677824
AGPAT5,0,-0.976894639737208,-1.30558010079988,-1.02626925071078,-0.656585428551665,-1.18230872589814,0.488164389739072,1.53430380631189,-1.36609745288003,-1.06730993495943,-1.19010288337994
PI4K2A,0,0.0189692365665895,-0.0127861549558432,0.337123385000762,0.158565139277765,0.624032065399749,1.27272582881237,1.03769229007195,-0.170986196812623,0.243454036864278,0.0428503042931162
SLC25A28,0,0.0378020327123845,-0.987288948250446,-0.377235466566459,-1.32832586608551,-1.96219796728762,-2.36074734377789,-1.32832586608551,-0.0990797737080026,-0.820178962415188,-0.47145080818411
USP25,0,0.297365675763027,-0.0155632042249423,0.304903722153488,0.0635918174280618,-0.0260327352283358,-0.622600158084522,-0.0926966751536819,0.598316127942984,0.233845938306247,-0.0514740124271689
DBI,0,0.92252857397597,0.991832104720549,0.805025952543897,-1.53382365172936,-1.92614107450812,-3.12186554538248,-2.40539047700406,-0.687023505957166,-0.907754027511995,-0.99787682810703
SLC16A1,0,-1.08565486258507,-1.66235253339211,-1.01989317610433,-0.907465031228646,-1.20609749227499,-1.93443207882891,-1.34976230308409,-0.258584542409096,-0.698617399497381,-0.415803464277399
SLC7A7,0,0.736965594166206,-0.321928094887362,0.552541023028779,-1.32192809488736,-1.09953567355091,-2.90689059560852,-1.32192809488736,1.02384674195437,-0.263034405833794,-1
NUP205,0,-1.57374771322523,-1.63737035311633,-1.55472288754347,-1.48253468779696,-1.81649784760467,-1.74287498446149,-0.979241439833203,-0.840297381724053,-1.26722220279723,-1.03912633128982
TTN,0,0.453616636799077,0.210488173831754,0.113511692537046,-1.05199463763826,-2.25032335408424,-0.62542210799294,0.855778070526561,1.17770616541392,0.745875075755904,-0.151293978148941
PDIA4,0,-1.57779915412297,-2.18435928934186,-2.1930896944464,-2.8585196826841,-3.40240624040234,-3.32840565895857,-2.03366239339744,-1.47108812442714,-2.04300344009632,-1.61031807499805
RNF20,0,-0.378817311366091,-0.389454742348347,-0.0508080224769373,-0.893958362589675,-1.6961160805824,-2.49032562658308,-1.18220333122075,0.348177994045187,-0.446625611178786,-0.205510704712818
SLC26A2,0,-1.16786841514837,-0.179475034796359,0.512513650651464,-1.8533577918235,-3.34474617723245,-2.14948988583352,-1.0186424063739,-0.157501699590115,-0.985665083927626,-0.552403826029875
SLC24A2,0,1,0.584962500721156,-1,-1,1,1,1.8073549220576,2.08746284125034,0.584962500721156,-1
PXYLP1,0,0.647118976783726,0.698344300138899,1.20871748443937,1.05998210482823,0.260764232208967,0.35954238668714,0.557481764299049,0.0402638702137273,-0.252187023596801,-0.335603031784439
ADCY8,0,1,-1,-1,0.584962500721156,-1,-1,0,2.58496250072116,-1,-1
NAT2,0,0,1,2.70043971814109,0,0,-1,-1,-1,1.32192809488736,0
UGT2B4,0,0,0,0,0,0,0,0,1.32192809488736,0,0
ADK,0,-0.530988492618735,-0.804905614516696,-0.779801792076464,-1.75153406705366,-1.68285470148274,-1.94808082067522,-1.24372365202413,-0.883735929524895,-0.969626350956481,-1.04108056028455
DCK,0,-0.50564004805975,-0.933798469072036,-0.886647375701135,-1.23668080826885,-1.46697842769065,-2.03813512888677,-1.47393118833241,-1.97266129140949,-1.48442356215005,-1.86363739765463
PPEF2,0,0,0,1.58496250072116,1,1.58496250072116,0,1.58496250072116,4.49185309632967,1,0.584962500721156
ART3,0,0.584962500721156,0,-1,-1,-1,1.8073549220576,0.584962500721156,1.16992500144231,-0.415037499278844,-0.415037499278844
SLC28A1,0,0,0,1.58496250072116,0,0,0,1,2.32192809488736,0,0.584962500721156
N6AMT1,0,-0.670110619409955,-1.00571365119439,-0.864052501970803,-1.73506606125072,-2.85371055774934,-2.42840472301667,-1.08817581138637,-0.33553514823939,-0.439961754439072,-0.535910348484658
USP16,0,-0.290449863414194,-0.289297090647396,0.0869080652231651,-0.193453536938553,-0.210809476072322,-0.746425923415272,0.0224548508276959,-0.0665754747765157,-0.527427281674637,-0.775184916396696
NAA11,0,0,0,0,0,1.58496250072116,0,0,0,0,0
CDK20,0,-0.215728691055437,-0.947532580105864,-1.32862274746137,-1.36257007938471,-1.05444778402238,-1.05444778402238,-1.46948528330122,-0.337034987277571,-1.04064198449735,-0.625604485218502
ATP5MJ,0,-0.671455640706808,-1.01204319082577,-0.712482908966863,-1.22309806822794,-1.83549379907221,-2.0524412914512,-1.23467276101471,-0.832978201153423,-1.14457557242544,-0.969979131259227
FUT6,0,-1,-1,0,-1,-1,1.58496250072116,1,2,0.321928094887362,-0.415037499278844
SH3RF2,0,0.565896793215368,0.765779291670943,1.24420273110342,0.0610540345049446,-1.27556150370996,-2.35132901132792,-1.40536885104081,0.298173741587945,0.269717295538717,-0.337253826116199
UQCRB,0,-0.00312813444515549,-0.446096095565372,-0.339454581464885,-1.66792102941652,-1.68892423978511,-2.1840553302772,-1.10329024962158,0.276924521426825,-0.807784638567457,-0.662717658235602
PTDSS1,0,-0.504818356413501,-0.952944514177416,-0.767669341607433,-1.54292072990423,-2.49112611468623,-3.20525807455459,-1.90737545363388,-0.667253573448845,-0.743660246740214,-0.90072289711756
PPP2R2B,0,2.05208851114845,2.22542011403402,2.09244624876459,1.61297687689075,1.30485458152842,1.55639334852439,1.70695302509977,4.0799553045814,3.78598127126504,3.39433659041541
EEF1A1,0,0.187649054064165,-0.546537346330753,-0.419676445165414,-1.22662963581444,-0.959786333814464,-1.49729534324779,-1.30738153689605,-0.800958683913269,-0.792929079488877,-0.794176572839822
HKDC1,0,-1.84799690655495,-2.94753258010586,-2.58496250072116,-3.75488750216347,-0.84799690655495,-2.58496250072116,-0.896906507035896,0.0780025120012732,-1.14017765804826,-0.625604485218502
HK1,0,-0.627928328044035,-1.06980086999668,-0.859269084189773,-0.782888562151908,-0.955201204331834,-2.11615650568842,-2.08412765149578,-0.713872399026809,-0.907286808227923,-0.916230481404667
UBE2L6,0,0.192905656836067,-0.492113722297485,-0.477526186074438,-1.58287918622067,-2.16784168694182,-2.95889479667033,-2.55198517827488,-0.860981040143403,-1.0947782247521,-0.885806319177974
ZDHHC5,0,-0.277608033948416,0.116542098856604,0.312939311660108,-0.066687552341931,-0.361988324047623,-0.861090088114941,-0.338107256321096,-0.377778649946705,-0.391070572242947,-0.474066965005694
KAT6B,0,-0.0562160095665481,0.363590733860168,-0.155069396492833,-0.436639753764055,-0.250226629533174,-0.155069396492833,0.544583039205317,0.774157529093786,0.25996810278601,0.189195028372629
GLYATL2,0,-2.0703893278914,-2.39231742277876,-1.39231742277876,-4.39231742277876,-3.39231742277876,-3.39231742277876,-3.39231742277876,-3.0703893278914,-3.8073549220576,-3.8073549220576
MAPK13,0,-0.609089256535366,0.0676231727701096,0.166187007253699,0.56342168401279,0.748727862352316,-0.322691897097503,-0.498518152305838,-1.15008123321529,-0.526109537578779,-1.2849886614448
NTAQ1,0,-0.283792966000591,-0.559427408614019,-0.603482588691954,-1.23967041276828,-1.48542682717024,-2.52724700286487,-1.63742992061529,-0.672195338775968,-0.985353224035599,-0.592342031086754
PHKG2,0,-0.402098443571346,-0.803461005953113,-0.724026538458708,-0.81713594285019,-0.736965594166206,-0.486987341157859,0.0155129993713244,-0.0719498418790148,-0.636563697208369,-0.361456459074
COX6A2,0,-1,-1,-1,-1,-1,-1,0.584962500721156,1.16992500144231,-1,-1
GALK2,0,-0.361866840257506,-0.675120601579035,-0.220342264616721,-0.572705034965872,-1.26401951685936,-1.67119489836523,-0.598567098277837,-0.405223209451888,-0.739429634117687,-0.706916820599196
B3GNT7,0,0,0,0,-1,0,1.32192809488736,1.8073549220576,3.61470984411521,0.807354922057604,2.24792751344359
BUB1B,0,-2.01912571148719,-4.00380491220343,-3.9836270302658,-5.34619710965051,-5.69412041307081,-6.83162393682075,-5.19935572132124,-5.27090898234627,-5.32066201754337,-5.24666143609959
PDE6D,0,-0.803533211105196,-1.05062607306997,-0.900209230516869,-1.92906409318905,-2.53605290024021,-2.1661032904899,-1.59263642860658,-1.03094370720827,-1.45513290485664,-1.58114078976875
BRPF1,0,-0.0393486674758254,0.031990114244437,-0.171543279840695,-0.114399372737086,-0.0527070503308444,0.210327355502949,0.565422314325511,0.265189290537468,-0.153441473465384,-0.135563982735129
SEC13,0,-1.29839955939112,-1.38962431943766,-1.06844978687659,-1.02684498701888,-1.60231843985493,-2.17640903501251,-1.26174108881227,-0.454139952053007,-1.21010495389699,-0.752867203498503
NTAN1,0,0.0563991701729163,-0.932885804141463,-0.91169158187234,-2.45225996323504,-2.24115334944511,-2.09748298877367,-0.96995923705152,-0.00319888166731971,-0.517085982498309,-0.658710840702469
NMNAT2,0,0.115477217419936,-0.263034405833794,-0.0614005446641433,-1.58496250072116,-2.26303440583379,-2.26303440583379,1.08746284125034,2.60486205815886,1.96962635095648,1.15650448567999
ATP2B2,0,-1.22239242133645,-2.8073549220576,-2.8073549220576,-2.8073549220576,-2.8073549220576,-2.8073549220576,0.362570079384708,1.36257007938471,-2.22239242133645,-1.8073549220576
SLC6A1,0,1.58496250072116,0,0,0,0,1,1.58496250072116,3,0.584962500721156,0.584962500721156
SMG1,0,0.115219109352177,-0.0989366720721459,-0.0890888861157986,-0.448984831202182,-0.22561131833463,0.431716240425474,1.27660053511309,0.294150530204231,0.0559381715938574,-0.2928656292849
CPT2,0,0.158856764486113,-0.231325546106456,0.0227200765000834,-1.31431491077749,-2.51784830486262,-1.97727992349992,-0.84799690655495,0.0923936043068946,-0.474779582970733,-0.528819422683622
DHRS4,0,-0.371968777386958,-0.347923303420307,-0.485426827170242,-1.2667865406949,-2.01885902725132,-2.40880554556733,-1.4594316186373,-0.573299583195576,-1.48542682717024,-1.52531955429375
DDX19B,0,-0.356693513048039,-0.159656665988485,-0.070389327891398,-0.114332675478995,-0.321928094887362,-1.09953567355091,0,-0.54432051622381,-0.287980762964025,-0.19854567938208
ST3GAL2,0,-0.743224584637889,-1.35989594508638,-1.68182403997375,-1.94485844580754,-2.2667865406949,-1.2667865406949,-1.94485844580754,-0.823843044846173,-0.743224584637889,-0.823843044846173
FCSK,0,-0.490986352512142,-0.538552035764198,-0.893084796083488,-1.71858706485135,-2.63005039024969,-2.26748031086499,-1.42245497084133,-0.642989445957193,-1.11547721741994,-0.567040592723894
ARSL,0,-0.84799690655495,-3.16992500144231,-0.169925001442312,-3.16992500144231,-0.84799690655495,-1.16992500144231,0.637429920615292,-0.46948528330122,-3.16992500144231,-1.84799690655495
KIT,0,0.64546723968071,0.829067178020099,0.386548942319148,-0.825604294512462,0.856034225620368,2.03385361086956,3.34749146653779,-2.72892827510079,-4.48381577726426,-2.25499708676838
AASDH,0,-0.456037961860004,-0.636036685315426,-0.563173811955869,-1.37517011616434,-1.89907109114922,-1.97102093302823,-0.856805364172209,-0.18727856819258,-0.662268226888605,-0.665580960929441
DYRK1A,0,-0.0187655763482589,-0.0765728562883939,0.248161129352263,-0.287929146891288,0.524218015979646,0.736788020771817,1.15913233867615,-0.183920220479996,-0.393011192948845,-0.525394232030178
SLC35B2,0,-0.418995512847527,-0.644473914057718,-0.839327311795884,-1.37220130136859,-2.31208030893102,-1.24028962586301,-0.545968369105293,-0.101301302263385,-0.478329652229929,0.00296140037110739
DGKI,0,0,0,0,-0.584962500721156,-1.58496250072116,1.58496250072116,1.58496250072116,5.47031993478003,2.58496250072116,2.62449086490779
BRAF,0,0.237039197300849,0.516693224704128,0.883259366227415,0.353109750135642,1.21892440274124,2.26820287627285,2.52356195605701,0.253658818870334,0.134469463660302,-0.367340757247547
SLC34A2,0,-0.584962500721156,-1.58496250072116,0.415037499278844,-1.58496250072116,-1.58496250072116,-1.58496250072116,-0.584962500721156,0.584962500721156,1.22239242133645,-0.584962500721156
PANK4,0,-0.530126634641056,-0.437332538969197,-0.276370042395273,-0.359081093304828,-0.37711501613509,-0.461179280923564,-0.289118535137261,-0.692818490481824,-0.759260633856559,-0.715583381613918
PAFAH2,0,-0.104969559601543,0.1045889012772,0.752072486556414,0.1045889012772,-1.19730144037362,-1.45042037734233,-0.243640155040487,0.409603613228216,0.719504624099984,0.213064619181329
EXTL1,0,0,1,1.58496250072116,0,0,1.58496250072116,3,4.83289001416474,1,5.70043971814109
BABAM2,0,-0.263034405833794,0.028854862672185,0.0917425686275757,-0.834940753729504,-0.90143616551641,0.190822342335578,-0.186413124230881,0.442105742477015,0.0395283641866373,-0.121561979880913
TRIM63,0,-0.192645077942396,-0.700439718141092,-1.53051471669878,-2.79354912253257,-1.14585086646345,-0.817796668779251,0.630477159973525,-3.53051471669878,-4.89308479608349,-4.11547721741994
DUSP2,0,1.61257473192902,3.19297173820438,3.56213179234027,2.05134688000022,3.72436555738657,-0.201633861169651,-1.06413033741972,1.07635088613011,0.577976070405049,0.257797757467647
PTPDC1,0,-0.867896463992655,-1.23562824849314,-0.697971462550342,-0.904422340017769,-1.07434734146008,-0.594877969586239,-0.227892599713537,-0.498662654326936,-0.434937056716549,-1.25122510354416
GALNT14,0,-1.31676638977158,-1.97437419232451,-1.69785655712709,-1.68117781598046,-0.885716572504109,-2.26614031670162,-2.12412131182919,-0.939245968920904,-2.13543662505702,-1.61632667163049
HPD,0,-2.32192809488736,-1.32192809488736,-2.32192809488736,-2.32192809488736,-2.32192809488736,-1.32192809488736,-1.32192809488736,-0.736965594166206,-1.73696559416621,-2.32192809488736
XDH,0,-1.94476136327052,-1.46575603798197,-0.585933685571624,1.49895521201489,1.37940752167264,1.28455558143197,0.672234965090354,1.49310388210544,1.81950865692603,1.23592080618109
EYA3,0,-0.436614577817298,-0.67224282631044,-0.568988864513416,-0.612976876890753,-0.793549122532574,-0.649159213197399,-0.0565835283663674,0.0317723460544793,-0.669917773364196,-0.61074532959217
SLC13A3,0,-0.371968777386958,-0.505235308250422,-0.174029399775049,-0.459431618637297,-0.935869662580285,-0.289506617194985,0.0641303374197156,0.125530882083859,-0.0500406824995955,0.198779864114497
CDC25C,0,-0.78135971352466,-3.24530681328445,-3.64385618977472,-5.29593288635442,-5.51832530769087,-4.64385618977472,-3.78135971352466,-4.1963972128035,-4.64385618977472,-4.64385618977472
AHCYL2,0,0.230297619421794,-0.601450623509725,-0.487445994806894,-1.80231933216031,-1.94070281631623,-1.82895445866377,-1.1045889012772,0.149605017062716,-0.512412910323469,-0.341289159297531
B4GALT5,0,-0.610053481683987,-1.29726604065309,-1.47946937187384,-0.990084531134917,-0.876128341837832,-0.53605290024021,0.389946518316013,0.442142729441442,-0.451988635451735,0.517058436219353
CPA2,0,-0.807354922057604,-2.8073549220576,-0.485426827170242,-0.485426827170242,-0.222392421336448,1,0.362570079384708,-1,-0.637429920615292,-1.8073549220576
CPA5,0,-1.41503749927884,-0.678071905112638,-0.678071905112638,-1,-1,-0.415037499278844,-2,0.321928094887362,0.169925001442312,-0.830074998557688
PFKFB1,0,0.736965594166206,-0.584962500721156,-1.58496250072116,-1.58496250072116,-1.58496250072116,0.736965594166206,0,0.874469117916141,-0.584962500721156,-0.584962500721156
ALAS2,0,0.736965594166206,-0.584962500721156,0.415037499278844,-0.584962500721156,-1.58496250072116,-1.58496250072116,-0.584962500721156,0,-0.584962500721156,-1.58496250072116
COPG2,0,-0.648236675571875,-1.05486193503452,-0.623145694609044,-1.33816873589457,-2.25873426840017,-2.89616418901546,-1.93680617351281,-0.0945456365070005,-0.808701347765121,-0.390132157516024
GPAT4,0,-0.368506461507692,-0.678508490088246,-0.717454770328763,-1.17374960708544,-2.05562350622334,-1.28635742015382,-0.0109544568896079,0.20797788528916,-0.326847309870477,-0.263907707943323
DUSP23,0,0.428383524526581,-0.0714623625566242,-0.603856812473627,-1.25128340014144,-1.98399952130628,-2.23857234839188,-1.6964229312097,-0.381464391137179,-0.911591025778235,-0.776841613664997
PLA2G2F,0,1.17417447444367,3.09420616974025,4.10685820630511,2.87504932908056,2.87156455675609,1.89062747128416,1.97098392613983,-0.161967479663393,2.293563203634,-1.48032895953056
CDA,0,0.796837050143605,0.702319451359315,0.898716664162818,1.09463687413808,0.796837050143605,0.225881407416328,-0.0246620542342691,0.885541275415085,1.40275916950041,0.648738411154471
PINK1,0,1.03851881260438,0.794201778070006,1.17857405274498,0.32937690066249,-0.150118449100107,-0.502500340529183,0.382423135024124,0.485426827170242,0.417157551153213,0.211195474314176
B4GALT3,0,-0.373153418242536,0.0199914751874662,0.596103058326357,0.328622747461371,0.431716240425474,0.0972972013549148,0.11599329506482,0,-0.381870635343644,-0.24436711159371
NDUFS2,0,-0.575763563874692,-0.603538229976296,-0.588041893653128,-1.10967845900546,-2.03214185853443,-2.19631176786635,-1.10305551681172,-0.321415501156303,-0.621567253487816,-0.541034533759692
SLC5A11,0,0.222392421336448,-1,0.222392421336448,-1.58496250072116,-1.58496250072116,-1,0.222392421336448,-0.263034405833794,-1.58496250072116,-2.58496250072116
APOA2,0,0,0,0,0,0,0,0,0.584962500721156,0,0
ALG8,0,-1.52195270319536,-1.57469416526733,-1.3743955147815,-1.55185418890922,-2.04182017569463,-2.16349873228288,-0.881355503501381,-0.692571474807753,-1.16928108487689,-0.893268825044882
SYNJ1,0,-0.125530882083859,-0.15200309344505,-0.15200309344505,-0.862496476250065,-0.717066036728501,-0.036525876025114,1.23776764722336,-0.0242475462466774,-0.314433558340438,-0.391190757324476
GART,0,-1.32286157602047,-1.69144707082295,-1.72807599281367,-1.33066416421667,-2.02953998514132,-2.14586410310855,-1.26939402087596,-0.785896647202017,-1.1694584872779,-0.866971357955897
ATP5MC1,0,-1.89542148884931,-1.54828805407227,-1.45572193533619,-1.75340248397688,-3.01643688981067,-3.16843998325572,-2.2228877672781,-1.70900836461843,-1.74840180291851,-1.46184803813304
UBE2Z,0,-0.301473203439764,-0.322582230033862,-0.571941698970579,-0.712754380981065,-1.12707749795223,-0.792067513335082,-0.472406025419665,0.16716107765498,-0.0344145410471751,0.0751772778131464
CBR1,0,-0.515473013835264,-1.09171076633634,-1.56377921065156,-3.00420406817423,-3.95998006791755,-4.82000405848809,-3.12413224402871,-1.35429789421247,-1.29429555384153,-1.47163968531569
CBR3,0,0.815799990313861,-0.666262602823005,-1.83227255426193,-5.60486205815886,-4.60486205815886,-2.48938484073892,-2.33184356375245,-1.79750713610126,-2.63523570720238,-1.79750713610126
HLCS,0,-1.06954093325308,-2.28010791919274,-2.4093909361377,-2.70895121799661,-3.37964359274365,-2.09953567355091,-1.53492181822156,-0.494507549775653,-1.72289040895448,-0.941785386054704
ADPGK,0,-0.611857727784217,-1.02302221791585,-0.925809101948746,-1,-1.57170060131223,-1.63531670060821,-0.73316402400635,-0.415037499278844,-1.0882957717272,-0.831344417945253
PLA2G4D,0,1.24947630053907,3.31750490785318,3.64031872570352,2.72514015876942,3.30415339315939,2.93795925339906,2.4486852371733,-0.405256478486259,2.57634937041645,-2.22239242133645
PADI4,0,-1,-2,-1,-2,-2,-1,-1,-0.678071905112638,-2,-1.41503749927884
CYB5R1,0,0.868597236571344,-0.229275627354908,-0.065248389493495,-0.676876246370413,-1.09474951077041,-1.42593252786335,-0.271565566479765,0.0779325597591682,-0.0247995497907195,-0.250265646037775
CES5A,0,1.58496250072116,1.58496250072116,3.95419631038688,2.4594316186373,2.16992500144231,2.8073549220576,2.32192809488736,2.4594316186373,4.24792751344359,1
HK2,0,-0.869603362744325,-0.00586065142124238,0.130396637255675,1.13838942800921,4.44348121297791,3.6336825454824,3.16123404117827,-0.269286615146133,0.541421074027895,-0.232173442129033
ALDH4A1,0,-0.868210127444459,-1.47625624127866,-1.53563478835759,-2.45317262816561,-3.57247155653796,-3.73001283352444,-2.78659636189081,-1.36975661997798,-0.823122237915921,-0.946636774401275
STARD9,0,0.114332675478995,-1.35198532874354,-1.17364808748503,-1.39045947655818,-1.47062982524216,-0.717269792825287,0.377367081312789,-0.351985328743542,-0.622632918687211,-1.69302224657861
UBR1,0,-0.517465312203042,-1.0619868868957,-0.983243771674422,-1.47468044570625,-1.33207605026345,-1.35344970105601,-0.456064767538899,0.0961609467702579,-0.351835647140626,-0.146209504952111
AMFR,0,0.291622587934022,0.0072606848815927,-0.000728082297001708,-1.22482079262329,-1.80299412768181,-1.0205264952181,-0.789091571170663,-0.0901038896276945,-0.28562970511146,-0.332063205051078
TGM7,0,0,0,0,0,0,1,1,0.584962500721156,0,0
PGLYRP3,0,1.72246602447109,2.24792751344359,2.68929916053589,2.76553474636298,2.54843662469604,1.37851162325373,2.01792190799726,0.608809242675524,1.63226821549951,0
NAE1,0,-0.976909142387184,-1.35004091463026,-1.32124365032283,-1.57359726910034,-2.31328236462014,-2.3925456431448,-1.37823780646091,-0.61913805301053,-0.971976846844953,-0.967061356430837
ACE,0,-0.321928094887362,-2.32192809488736,-0.736965594166206,-1.32192809488736,-1.32192809488736,-1.32192809488736,-0.736965594166206,1,-2.32192809488736,-1.73696559416621
UROC1,0,0,-1.58496250072116,0,-1.58496250072116,-1.58496250072116,-1.58496250072116,-1.58496250072116,0,-1,-1.58496250072116
CTBP1,0,-0.45925789414544,-1.09329473357677,-1.21545970717456,-1.89030771141291,-2.38659553121492,-2.36853903717895,-1.35603262414061,-1.12780702513957,-1.24810125885728,-1.00069510723623
ZDHHC1,0,0.306661338234052,-0.270647589943669,-0.821662758741488,-3.07800251200127,-1.66296501272243,-2.16046467219325,-1.20353339408513,0.0919224894410394,-0.772194082477188,-0.708768702335554
ATP6V0D1,0,-0.0321227521418975,-0.134220939760634,-0.258440876692145,-0.599827263442114,0.186745037691345,1.49221819693668,1.98568852397456,-0.42861158962971,-0.425665810064365,-0.581679916731855
PSKH1,0,-0.349149563622387,0.212729323985728,-0.366427555054222,-0.741466986401147,-1.83457639079263,-1.01354653183795,0.345995854849192,0.00672586318831342,-0.0904152952222183,0.0850815008897681
NPR2,0,0.97490901903717,0.726981505593584,2.44579975304953,4.50834121911824,6.35633812567319,7.37083769536831,6.37563868163213,-0.500428990509489,1.74934931862204,-1.1030934929641
GNE,0,-0.281664224673635,-0.0164255479131112,0.249359468936717,-1.08406426478847,-1.64045761331286,-1.84039518382161,-0.464886048729405,0.122578959194921,-0.373891516508813,0.548203950711038
CALM3,0,-0.940907625852396,-1.2129614674,-1.30289397266151,-1.98096587777415,-3.03519818945786,-3.66746640495737,-1.79956994096472,-0.784823355595529,-1.34283578969018,-1.17001370898013
SSU72,0,-0.574190327702281,-0.44521397353685,-0.4879003726384,-0.571127279755722,-0.704048390841358,-0.383462962445406,0.0355987933922333,-0.305672564690032,-0.451536971419571,-0.327473704608345
UBE2J2,0,-0.642271183684791,-1.02929430679404,-0.575928688856095,-0.274680846808407,0.51058030439858,1.52828230613204,1.10988970059481,-0.80690188545759,-0.813257380497414,-1.12092478225961
KALRN,0,1.25276607037997,1.22677086184702,1.52222674537319,1.61533614976467,2.18687813472351,2.2783011624871,3.08203576886601,1.67422983881824,1.67903082508206,0.654864513951313
ABCG1,0,1.20645087746743,1.2920266091735,3.06994887756256,3.89947312404604,4.98839338035202,4.42109379919894,4.64311615639564,2.02521056279728,2.94821745789745,1.69187770463767
SLC37A1,0,-0.32930762525296,-1.02974734339405,-0.366782330671623,-1.91427012597412,-2.15527822547791,-1.70781924850669,-0.18844508941311,1.28010791919274,0.0435016386365864,1.10638934459198
PDE9A,0,-0.584962500721156,-1.58496250072116,-1.58496250072116,-1.58496250072116,-0.584962500721156,0,-0.584962500721156,2.22239242133645,0.584962500721156,2.62449086490779
NDUFV3,0,-0.59638810751893,-0.755763189620332,-0.644841375546004,-1.12425810296215,-2.10907169914747,-1.7092206036833,-0.905140813658559,-0.686500527183219,-0.431471957364489,-0.479486207005686
CBS,0,-1.94641895979516,-2.28345394707273,-1.52015420509306,-0.0925896079380513,-1.19153145763169,-1.39183010811752,-1.29297672119123,-1.57718515012944,-1.66101674093291,-1.25525705524207
PDXK,0,-0.143029774379252,-0.147477637530714,-0.187483372826617,-0.904952791367026,-1.40682569780312,-0.980029609370142,-0.406064180213046,-0.406825697803115,-0.426381464890755,-0.429473231497859
G6PD,0,-0.243925582886089,0.284579936115058,0.0893474855952824,-0.826517179144499,-0.855228475786026,-2.20645087746743,-0.960471635813363,-0.912537158749661,-1.14755718841386,-0.931520262117233
AGPAT3,0,-0.619418949256047,-0.759844881245427,-0.954790297237051,-1.36778287053087,-2.50039036568743,-2.22397693005244,-1.30774528774504,-0.626736099552847,-0.852596784695694,-0.616988123001285
CFAP410,0,0.175086706558091,0.403355694231208,0,-1.04730571477836,-1.78427130894456,-1.78427130894456,-0.146841388329271,0.472068444315223,-0.226275855823676,-0.866733469136536
FTCD,0,-0.807354922057604,-1.8073549220576,-1.8073549220576,1.36257007938471,2.61890983264449,3.07528812730424,3.9870609442925,0.192645077942396,-0.637429920615292,-1.22239242133645
LSS,0,0.724321384913983,-0.178447674975978,-0.920275815647566,-3.53790046384911,-4.84046323386954,-3.49626597514115,-2.98580259703358,-1.77485262860139,-1.42768170853107,-1.2069028597159
PRMT2,0,-0.500512178921845,-0.957984944521085,-1.00512503217787,-1.88846349806188,-3.05208851114845,-3.02407413497886,-1.55458885167764,-0.163225907955121,-0.919576181068042,-0.589445907342133
SLC2A6,0,1.01305615282545,0.750021746991653,0.149377624038227,-1.92337871839709,-2.61143471208235,-3.08091999538357,-1.42380770890658,-0.273565073325963,0.268488835925902,0.0828264311296206
ST6GALNAC6,0,0.253541119907112,-0.0789304692217197,0.0395283641866373,-1.09667601941167,-1.16243046489539,-1.87224445280163,-1.13283568270709,0.343144580797058,-0.202218404649197,-0.156835002001869
RDH13,0,0.134542123378828,1.02686660585268,1.8842967788135,2.60292904725061,2.46238695263262,2.39180079070846,2.38973241036723,0.0427496474593371,0.732620123890242,-0.160464672193246
ZDHHC12,0,-0.0158539512008371,-0.787779383720843,-1.31602749344768,-2.34577483684173,-3.87184364850932,-3.60880924267552,-2.00790519808535,-1.03996640731764,-1.37104159545216,-1.40717538150587
PKN3,0,-1,-1.40209844357135,-1.68589140957194,-1.88752527074159,-2.20945336562895,-2.62449086490779,-1,-1.78318861092685,-1.71760026929928,-1.88752527074159
BRSK1,0,0.765534746362977,0.584962500721156,0,-1,0.137503523749935,0.37851162325373,0.485426827170242,1.48542682717024,0.37851162325373,-0.0740005814437769
COX6B2,0,1.52356195605701,1.32192809488736,0.584962500721156,-0.415037499278844,-0.678071905112638,-1.41503749927884,0.169925001442312,2.12928301694497,2.24792751344359,2.4262647547021
PLPP7,0,2,0,0,0,1,1.58496250072116,2.58496250072116,2.90689059560852,0,0
TAOK1,0,-0.125482108607599,-0.0936460214855942,0.197265134234302,-0.121391011968498,0.205198460288727,0.358690019216225,1.22093542459971,0.435282444321234,0.508578567856636,-0.132522521315271
SIK3,0,0.164494037628247,-0.0641303374197156,-0.0140068579938793,-0.553935605100532,0.243150981503245,1.12988028254691,1.87446911791614,0.430634354329862,-0.181734303731946,-0.0972972013549149
NEK8,0,-0.432959407276106,-1.29545588352617,-1.75488750216347,-1.75488750216347,-2.16992500144231,-1.58496250072116,-1.58496250072116,-0.14017765804826,-0.710493382805015,-0.263034405833794
FLAD1,0,-0.351619779824168,-0.357084540300979,-0.0411916873201095,-0.640520477211469,-1.99786425565601,-2.33265450148042,-1.343461256437,-0.230071573805963,-0.468006354375307,-0.411479679865655
UBE2Q1,0,-0.249734270149217,-0.759408643566135,-0.413233002432096,-0.714273730845635,-1.23691022979163,-1.17037647853593,-1.08363097965931,-0.377609092701374,-0.653367006155811,-0.82827050171094
FDPS,0,0.523877962696048,0.632749440837382,0.730985025802215,-1.07096330643125,-1.21273289946914,-2.59301905559221,-2.08469182631189,-0.983264093419771,0.0623327730203395,-0.35008125539165
FGFR4,0,-0.478047296804644,-0.963474123974886,-1.28540221886225,-2.47804729680464,-3.70043971814109,-2.96347412397489,-3.70043971814109,-1.19793937761191,-2.47804729680464,-2.70043971814109
CYP3A4,0,2.41503749927884,2.36923380966572,2.77258950389693,-1.58496250072116,-2.58496250072116,-1.58496250072116,-1,-0.584962500721156,0.222392421336448,-1.58496250072116
CYP3A7,0,0.321928094887362,0.459431618637297,1.08746284125034,-3,-3,-2,-1.41503749927884,0.459431618637297,0.523561956057013,-0.0931094043914815
CYP11B1,0,-1,-1,-1,-1,-1,-1,-1,0,-1,-1
HK3,0,0,0,-1,-1,-1,-1,0.584962500721156,0.584962500721156,-1,-0.415037499278844
MGAT4B,0,0.0574502721838997,-0.503878572033522,-0.60768257722124,-1.41503749927884,-2.29956028185891,-1.23446525363702,-0.421061286906614,-0.344648171387446,-0.374534670319671,-0.407044708525313
PGLYRP2,0,0.415037499278844,3.54432051622381,4.05889368905357,1.87446911791614,1.22239242133645,0,0.415037499278844,0.736965594166206,1.22239242133645,-1
USP41P,0,1,0,0,0,0,0,0,1.32192809488736,0.584962500721156,0
PCYT1A,0,-0.147557188413858,-0.167937361576745,0.1263164497814,-0.414251931581302,-1.57966820105164,-1.1966919110051,-0.185255238525418,0.220876188889068,-0.144296859250271,-0.161002108240001
BDH1,0,-0.0343200731838761,0.625266261083583,1.06004112741706,0.809217185180374,0.488777171952421,-0.183357708152365,0.276881615110428,0.0103978471053246,-0.222392421336448,-0.405503282873293
COX7A1,0,-0.758991900496205,-1.65207669657969,-3.4594316186373,-2.87446911791614,-1.65207669657969,-1.4594316186373,-0.552541023028779,-1.21150410519371,-2.87446911791614,-1.13750352374993
FDXR,0,-0.228361828179014,-0.372351100177294,-0.322740651958062,-1.17236404689373,-2.97423690393492,-3.25525705524207,-1.89354905836936,-1.61202151294558,-1.38927440321376,-1.47474374540311
ACOX1,0,0.790221882060593,1.1376029548152,1.3036561350147,0.583138382333133,0.323021459881634,0.656098183372828,0.379604988248001,0.556054237055839,0.762443117787436,0.116570582414207
NAGS,0,0.321928094887362,-0.139403056665416,-0.341036917835067,-0.270647589943669,-0.604071323668861,-0.962525294581337,-0.604071323668861,-1.0981803939389,-1.57550217147209,-1.46656779991893
PLCD3,0,0.568418767532784,-0.0116582051843747,-0.582062610215361,-0.929196044992402,0.217823640938393,0.704676056209701,1.53675340767854,-0.297106149132309,-0.481368610595888,-0.383454854068964
AQP5,0,-1.58496250072116,0,1,1.87446911791614,0,-0.584962500721156,-1.58496250072116,0.736965594166206,0.736965594166206,-1
SYCE2,0,-1.32192809488736,-1.32192809488736,-1.32192809488736,-0.736965594166206,-2.32192809488736,-2.32192809488736,-0.321928094887362,0,-0.736965594166206,-1.32192809488736
IP6K3,0,1,-1,-1,-1,-1,-1,1.58496250072116,0.321928094887362,0.584962500721156,-1
ALOX15,0,0.584962500721156,0.584962500721156,-1,0.584962500721156,-1,0,0.584962500721156,1.58496250072116,0.584962500721156,0
POLR3K,0,-2.26303440583379,-2.16992500144231,-1.92199748799873,-1.31194400631474,-2.46948528330122,-2.26303440583379,-0.743660246740214,-0.511713518690518,-1.36257007938471,-0.147557188413858
HS3ST6,0,1.49749965947082,2.11220950358602,2.39635293601392,0.0418201756946269,-1.08746284125034,-0.387023123109247,-0.387023123109247,0.388270589716058,1.48239276708061,0.420331798948357
AMDHD2,0,0.129283016944966,-0.167109985835258,-0.385290155884792,-1.47643804394299,-0.977632186971546,-0.231815675223074,0.643856189774725,-0.327574658028504,-0.476438043942987,-0.761595260674921
ADCY9,0,0.800274985720887,0.435121745322176,0.0998352675797947,-0.0180904569828959,-0.0272214687350243,0.165423609207371,0.598383016483478,0.153350776906797,0.233903347090138,0.12684114688832
NEU3,0,-1.52123690311077,-1.81669278663694,-1.69116190455308,-1.3934813559124,-3.46876948321663,-2.10619940383192,-0.918572400656154,0.396300936697258,-0.172836596862216,0.18330721336306
ASRGL1,0,-2,-1,-2,-1,-2,-1,0.321928094887362,0,-1.41503749927884,-2
SYVN1,0,-0.119052671643763,0.161967479663393,0.450312974026374,0.330473204020371,-0.248820546614093,-0.372809263889546,0.307572801910292,0.180992305345149,0.056034034914328,-0.0657544454837144
RPS6KA4,0,-0.968146284100956,-1.26904425269538,-1.03712402601954,-0.702940779225535,-1.42432247817329,-2.16327662543295,-1.54876984909778,-1.49143667403182,-1.03826404586621,-1.56675268300315
CYP4A22,0,0,-1,-1,-1,-1,0,0,1.32192809488736,0.321928094887362,0.321928094887362
CMPK1,0,-0.197777924671189,-0.160486200617234,-0.0651288114307027,-0.811569848642885,-1.39878229195802,-2.10079100975445,-1.40168024078825,-0.446361453113886,-0.588535230527131,-0.556963960332193
SLC1A7,0,-2,-2,-2,-2,-2,-1,-2,0.700439718141092,-1.41503749927884,-2
ACOT11,0,-0.232660756790275,-0.647698256069119,-2.55458885167764,-2.96962635095648,-3.55458885167764,-3.96962635095648,-0.425305834732671,-0.111645355828909,-1.60039254129076,-1.09515723304034
USP24,0,-0.24488080287066,-0.871968779264493,-0.962942439311983,-1.14742244435235,-0.941156361946138,-0.710720901342135,-0.126099745716831,-0.27673794308951,-0.462523961965242,-0.542275645623582
PLPP3,0,-0.893084796083488,0.127379306476227,0.46948528330122,-0.977973693670001,1.16745674585156,2.7557093165069,2.40389694167364,0.931828497358421,-0.164386817900882,0.745816511748472
NOL9,0,-1.055742551927,-1.35597557571504,-1.58917475200807,-1.27231764666813,-1.97912127032408,-1.35597557571504,-0.232240207292795,-0.586014411114743,-0.840864184247855,-0.852209157841864
PRKAA2,0,-0.251538766995965,-0.120294233717712,-0.473931188332412,-1.32192809488736,-0.251538766995965,0.16349873228288,-0.395928676331139,-0.736965594166206,0,-0.321928094887362
AK4,0,-0.653371464484313,-1.15527822547791,-1.8394161312899,-2.57368257585515,-2.70043971814109,-2.33786963875638,-1.8972970473704,-0.205318907977507,-0.384412224693414,-0.18844508941311
JAK1,0,0.181201224341264,0.141438404539598,0.465915881678782,-0.329971703274981,-0.46020580434994,-0.959483108283526,-0.292950627044636,0.571389417077084,0.215783415736535,-0.108691575349143
AKR7A3,0,-2,-2,-2,-2,-1.41503749927884,-2,-1.41503749927884,-0.830074998557688,-1,-2.41503749927884
DHRS3,0,0.356934544715276,-0.0218594339637393,0.305198900155566,-2.47031993478003,-3.05528243550119,-2.23085400008464,-0.500693583823552,-1.09721311596711,-1.78226394109477,-1.98203345347055
TSSK3,0,0,0,0,1,0,1.58496250072116,1.58496250072116,1,1,0
ALPL,0,-1,-1,-1,0,-1,-1,-1,2.08746284125034,-0.415037499278844,0
TTLL10,0,-0.584962500721156,-0.584962500721156,-0.584962500721156,1,0,1,2.22239242133645,2.70043971814109,0.584962500721156,0.415037499278844
USP1,0,-0.816314830112663,-1.03239347751691,-0.787320355082361,-1.18649809360725,-2.09023755208919,-2.52110001852972,-1.39100899537999,-1.40154853960253,-1.56507982036403,-1.70267448376092
TYW3,0,-1.07324898203064,-1.32601505241061,-1.45433914938614,-1.85085656069419,-2.39947721435163,-2.39947721435163,-1.21290097235915,-0.472628068643585,-0.702354037994999,-0.651785213592362
B3GALT2,0,-0.552541023028779,-0.0671141958585369,0,-1.65207669657969,-0.874469117916141,-0.459431618637297,1.32192809488736,0.915607812709628,0.750021746991653,-1.65207669657969
AGL,0,-0.70263705070917,-1.10187961401921,-1.18997094364407,-2.07696198181488,-2.35389720446494,-2.49860221591798,-1.2667865406949,-0.358393919921151,-0.979074161145452,-0.865907104412717
EXTL2,0,-0.6701522418164,-1.94800536236174,-2.10997284202513,-2.96082940271932,-3.81398801439005,-3.52025681133334,-1.93529431061218,-0.348224146929037,-1.22515250452169,-0.743044762498418
SLC30A7,0,-0.0825605000605152,-0.433544628231961,-0.214057938070924,0.147650058801793,-0.158892145254108,0.159672587051007,0.52639383187353,0.514740335223884,0.131716898770806,0.0166210944504849
DDR2,0,-0.196397212803503,-0.423807708906576,-0.108934371553164,-0.459431618637297,1.10128333583718,1.64490504117744,2.06413033741972,-0.948469699359918,-1.42380770890658,-1.69389687227432
BPNT1,0,-0.15200309344505,0.013358382855019,0.417970233056653,-0.890211854461888,-2.29698173775713,-2.3558754268107,-1.15200309344505,-0.0194220000467969,-0.548520504753096,-0.521780656800675
ACP6,0,0.369838079848747,-0.566346822553809,-1.01885902725132,-2.51189903853143,-3.2667865406949,-3.68182403997375,-0.909234536076818,0.325670496573179,-0.408805545567329,-0.743224584637889
TFB2M,0,-0.547487795302493,-0.678071905112638,-0.670498685407837,-0.335038177213624,-0.299560281858908,0.161463422694116,0.359402800306025,-0.56844741393814,-0.171111916392755,-0.296642798476613
HAAO,0,-0.736965594166206,0.485426827170242,0,-1.32192809488736,-2.32192809488736,-2.32192809488736,-0.321928094887362,1.0703893278914,-1,-0.736965594166206
B3GALNT2,0,-0.59874192773495,-1.02025514502727,-1.2445031229422,-1.39987981581535,-1.29745200289116,-1.34311071988286,-0.156275939930461,-0.379517654892948,-1.3019533951261,-0.773694652367684
MAPKAPK2,0,-0.0672445618316875,0.082462160191973,0.187159538858666,0.0537378711553418,0.318090408685115,0.628997097481225,0.636060490003794,0.33446623763896,0.0681715026415792,0.134513997470275
DUSP19,0,-0.81713594285019,-1.37656335146421,-1.25525705524207,-3.50901364748786,-4.40209844357135,-3.50901364748786,-2.30256277002043,-1.37656335146421,-0.990284845166788,-2.25525705524207
NUP35,0,-1,-1.45137934634256,-1.21434014904171,-1.40787770770598,-1.63146096282105,-2.25873426840017,-1.17127142714983,-1.05206872014284,-1.27167332410767,-1.63982443575567
ZSWIM2,0,1,0,1,0,0,0,0,0.584962500721156,0,0
SGPP2,0,-0.157791245806457,0.895582105069339,1.11247472925841,0.45351164709348,-1.96152585218536,-3.79441586635011,-1.72832667589233,-0.322740651958062,-0.150559676575381,-1.05294887994896
HPGDS,0,1,1.58496250072116,0,1,1,1,0,1,0.584962500721156,0.584962500721156
PDHA2,0,0,0,0,0,0,0,0,0,0,0
CTSS,0,0.280107919192735,-1,-1.48542682717024,-3.8073549220576,-1.48542682717024,-2.22239242133645,0,-1,-2.22239242133645,-0.719892080807265
RNF149,0,0.403773586960996,0.693392345239667,1.13987540269091,0.16338215557554,-0.271217610081821,-0.043068721891886,0.200782127380734,-0.137748345716338,0.583329568978191,-0.606129120582624
PGLYRP4,0,0.89092830085253,2.30502131889248,2.89092830085253,2.79327973684588,1.89470005474174,0.463246592321464,0.346922474354232,0.924524270124134,1.82919931110082,0.384961835373406
GNPDA2,0,-0.0447698701200225,-0.21805749711541,-0.125530882083859,-1.49749965947082,-1.32694616965399,-1.77075390762249,-0.858857899186717,0.0531113364595625,-0.367731784500487,-0.758837774643712
ALPP,0,1,0,0,0,0,0,0,1.58496250072116,0,0
ALPG,0,1,0,0,0,0,0,0,2.90689059560852,0,0
ALPI,0,-1,-1,-1,-1,-1,-1,-1,2.24792751344359,-1,-1
PMVK,0,-0.277984747299765,0.694707906704499,0.449935707263434,0.476902754863703,-1.14048122354983,-1.71726979282529,-1.09211820198843,-0.628369288236356,0.100526875953964,-0.224873410840203
HIPK1,0,-0.0940683243609084,0.276814845311698,0.342549705503448,-0.112949790119444,-0.461030172862775,-0.235499409977925,0.459867280739623,-0.0813348344531201,-0.0257918831797943,-0.358126281171222
LENEP,0,-1.8073549220576,-1.22239242133645,-0.485426827170242,-2.8073549220576,-1.8073549220576,-1.8073549220576,-1.8073549220576,-1,-1.48542682717024,-2.8073549220576
POGLUT1,0,0.00274537673881729,-0.328814480472602,-0.304854581528421,-1.60990885785139,-3.17819261742591,-2.90689059560852,-1.75077139369124,0.522247100715179,-0.530362058633891,0.0177522689776197
SLC22A15,0,0.070063699847833,0.250444365243587,0.423559054124697,0.12439086223719,0.750576025684859,-0.253493638624188,-0.421891170319906,0.434983887581497,0.178257734215926,0.196272890769656
ATP1A1,0,-1.29289503456338,-2.1807904327387,-2.57317919307235,-2.92042169093007,-2.86068969090235,-2.51015659111028,-2.36303766357577,-1.61690633253506,-2.09279057490264,-1.16970474986263
SLC15A2,0,0.0883558744208469,-0.0152667566533105,-0.0941221773645501,-1.360402242702,-3.76250068627334,-2.56985560833095,-1.81496810616748,2.94781377980286,1.12711191790334,1.37265889700829
RNF25,0,0.309328058107729,0.171318236742179,0.769219793170833,0.304257068560307,-0.216133430864766,-0.230780206829167,-0.158989523761157,0.705256734438868,0.593301801633886,0.321928094887362
STK36,0,0.328187085359045,-0.0723508442246841,-0.938599455335857,-2.03170885972734,-2.76867445389354,-2.23815973719476,-0.879705766282288,0.302986531233902,-0.188171601363088,-0.309242835256247
TGFBR2,0,-0.714868261101214,-1.35572196271442,-1.44863142322908,-1.49082798688328,-1.42326470307065,-1.76976001959729,-1.22944143393097,0.842582676051371,-0.29479014512184,0.639771958533673
GLB1L,0,-0.266514974568756,-1.05311133645956,-0.820450579669287,-0.330645311988471,-0.542149417182183,-0.674599713205833,-0.225292311842243,-0.266514974568756,-0.820450579669287,-0.52954938040255
STT3B,0,-0.436004627251874,-0.603453014886894,-0.379536029273636,-1.19698297687212,-1.02327794164794,-1.32293240752165,-0.827066248685349,-0.877266191715256,-0.852944880510955,-0.983231251172196
SUCLG1,0,-0.192645077942396,0.0701155976864426,0.891481156286114,-0.464740116155126,-1.3169075254228,-2.2166560517873,-1.38470376598895,-0.730156189951836,-0.317802775244203,-1.22251217191057
NUAK2,0,-0.422691071822279,-0.144389909335175,0.335603031784439,0.202629166515018,0.182591413278473,-0.377367081312789,1.35811043119401,-0.797370833484982,0.402098443571346,-1.65535182861255
PRKCI,0,0.344925586067829,0.0842969012544933,0.52092183852778,-0.0128812912967322,0.0702718876177452,-0.123514536485354,0.0875498790495809,0.443606651475615,0.284858299670877,0.173592153206801
SLC2A2,0,-1.58496250072116,-1.58496250072116,-1.58496250072116,-0.584962500721156,-0.584962500721156,-1.58496250072116,-0.584962500721156,0.415037499278844,-0.263034405833794,-1.58496250072116
FABP1,0,0,0,0,0,0,0,0,1.58496250072116,0,0
PPM1L,0,0.814074519863972,1.03263100423997,1.08246216019197,-0.489203517915725,-1.19129865223488,-1.64267799857744,-1.35049724708413,0.929964230507845,0.323812739232305,0.517399216908522
CDS1,0,0.101373231780189,0.587082552595526,1.0969166449626,0.905192308136493,0.843274496312547,0.382585884760987,0.506488442698071,-0.358862030607147,0.147594021456761,-0.505509090401521
PTPN13,0,0.450462273369109,0.0607119480024071,0.151886460190539,-1.19136828289435,-1.77810750187071,-1.69835163528585,-0.517185794844231,-0.588757916353766,-0.976669575110983,-0.931852421359879
ALB,0,0,1,1,0,0,0,0,1.58496250072116,1,1
PPM1K,0,-0.0167173949449337,-0.755926683250601,-0.632268215499513,-1.51362371900089,-1.02684161221864,-0.576675889536195,-0.347923303420307,0.209992321506293,-0.569258417973712,0.0886356052012949
GMPS,0,-1.07143513804295,-0.994782290728981,-1.16210549698301,-1.05867590732761,-1.0263754154243,-1.89258705757902,-1.23610607842679,-1.14466504904057,-1.21978120787991,-1.09171616909162
TIPARP,0,-0.33391131601732,-0.674521590335781,-0.303510998057311,-0.384057424001335,1.54183735412539,1.9143530317396,2.09339502059479,-0.518714153960693,-0.617704282017911,-0.650807723817002
RPP14,0,-0.593750517991141,-0.748694886748313,-0.561786178355062,-1.1028771806403,-1.59669179330326,-1.20690024518353,-0.719548541088797,-0.29373120305671,-0.437932709513277,-0.478047296804644
ABHD6,0,0.560971554154655,0.278452941245392,0.449764292617466,-0.583881425330825,-1.42734664079771,-1.2678007851354,-1.50502600461959,-0.600183237659925,-0.764994107405596,-0.955278196482487
MTMR14,0,0.160464672193246,-0.0741660186368816,-0.025366720158427,-0.387023123109247,-1.01580185612289,-0.450032920635048,0.556393348524385,-0.147122051918058,-0.295455883526171,-0.274394267998342
MTHFD2L,0,-0.474908955256242,-0.752689946459223,-0.554497219994105,-0.982512573271159,-1.67572796464434,-1.15461194594781,-0.833990048561071,-1.05073080212093,-0.868373042586735,-2.22141531663205
RCHY1,0,-0.365284464081744,-0.353109750135642,-0.329064276168991,-0.990539670750934,-0.962525294581337,0.0235355144607891,1.13145085362768,-0.279260720248377,-0.62221867037912,-0.155170372523733
CPA3,0,0,0,0,0,0,0,0,0,0,0
GYG1,0,-0.966693913382822,-0.453318494910685,-0.771058792834614,-1.04669323544804,-1.00921853002938,0.0570546893897874,0.546681505089315,-0.272252935863172,-0.44287170747557,-0.0884203610577649
HPS3,0,-0.42340097221347,-0.986167726820431,-1.37573453858316,-2.89030771141291,-3.62727330557912,-2.29167027379468,-1.05380644369579,-0.357812630585894,-1.06830601339091,-0.795589054159776
RYK,0,-0.395988045275856,-1.26551811338045,-1.02388434200235,-1.4034284694048,-1.5609123656598,-1.88408900674442,-0.998872453994275,0.0685619067622473,-0.870104777308722,-0.568838135420783
SNRK,0,-0.514573172829758,-1.40992457588519,-1.53298297228953,-1.74266795353039,-0.983026921396286,-0.762805599101466,-0.15485145575408,-1.63667130614224,-1.90742423535601,-2.21501289097085
PLB1,0,-0.432524926007685,-0.633572444945778,0.519778331961019,0.630585117846953,0.261585189196724,1.58496250072116,2.29384555291932,-0.843657970830613,0.224873410840203,-1.55486046893174
TGM4,0,0.146841388329271,-0.559427408614019,-1.63742992061529,-1.63742992061529,-3.8073549220576,-2,-1.48542682717024,-0.949373926930032,-1.16349873228288,-1.8073549220576
ZDHHC3,0,0.336160650706374,-0.184901416304845,0.0432089404810474,-0.878447651795112,-1.59452947902153,-1.90856024368877,-1.02403746110871,-0.0539161041288784,-0.172489899343962,-0.576643122460078
SLC6A20,0,0.654864513951313,-0.0627357553479626,0.0601209924375709,-0.696607856550065,0.226770861847022,1.06012099243757,2.30959729297664,0.605282485100752,0.871675903024461,-0.0467942114789411
NMNAT3,0,0.624490864907794,1.22239242133645,1.61143471208235,-0.0201778819376302,0.115477217419936,-0.287281952080471,-0.442004546879113,0.133855746734791,0.115477217419936,-0.31194400631474
POLR2H,0,-0.988830692281888,-1.4175313547674,-1.10060394093841,-1.47351596454457,-1.42253203582577,-1.57008922423963,-0.878211519601958,-1.23270747694575,-1.13507615819555,-1.04942521701284
RPN1,0,-0.891042333058604,-1.01286980025104,-0.656874123801524,-0.877247848389448,-1.03151905640633,-1.29988884662857,-1.04820287336332,-0.654183155353562,-1.25104058652651,-1.03808174417878
TKT,0,0.102846352990113,-1.09870409370518,-1.64954081052171,-2.62538694881293,-1.81566501221141,-2.96213104082973,-1.60299078956446,-1.89590293601618,-1.97910067723713,-1.51523451429194
PRKCD,0,-1,0.517058436219353,-0.350186354928876,-0.228624375047963,0.31194400631474,-0.465663572348812,0.741931847059556,-0.192645077942396,-0.527064117012955,-0.243271151012364
ZDHHC19,0,1,0,0,0,0,0,1,2.8073549220576,0,0.584962500721156
SLC51A,0,-0.765534746362977,-0.0874628412503394,0.612976876890753,-1.08746284125034,-1.50250034052918,-0.563900885193326,0.12199052437861,1.4282369970337,0.732716121164848,0.599037685932879
PIGX,0,-0.876679661259035,-0.521079136689168,-0.818759685329854,-0.929790997718597,-1.96631687374371,-2.12243607566099,-1.69100413813148,-0.517009472380122,-0.547123744973556,-0.7391761375091
SGMS2,0,-0.102555839596209,-0.0226153231152805,0.29393959967323,0.218805269612451,0.444111246380514,1.17387939873093,1.41964991028053,-0.389309446309306,0.149096297801046,-0.333357738206281
BDH2,0,0.399851095464168,0.0187609281086616,0.126474745408915,-2.32950131459216,-2.64669149047286,-2.87698910989466,-1.24651194992113,0.776820553909492,0.0861292761815244,0.32946176757277
CDC25A,0,-2.37255416795733,-2.93198157657135,-3.37255416795733,-2.75364433531284,-4.00998408857262,-4.00998408857262,-2.97045572438598,-2.70417565904854,-2.85798099512757,-3.56519924589973
ATRIP,0,-1.05219621112543,-1.73940877009453,-1.62205181945638,-1.69131448189349,-3.09848986339936,-2.53458897820604,-1.47230469995169,-1.17910832360765,-1.69131448189349,-1.07515735956874
RNF123,0,-0.250893842961582,-0.242856523896164,0.184153617048756,-0.149747119504682,-1.60542660328087,-0.852066570863997,0.236833933724934,-0.172467196004766,-0.435501601838559,-0.355331253154576
MST1R,0,-1.49620035217345,-1.00950186776715,-1.57866251236542,-1.32825571485937,-2.81368254202962,-2.68630323555339,-0.316414102214857,-1.35627009102897,-1.16362501308657,-1.10134073483223
DUSP7,0,-0.598245720254738,-0.766318500309125,-0.784761105262589,-0.21279340003089,0.195702543251716,-1.22992096614422,-0.65571916026085,-1.0888714540993,-0.906156212777243,-1.09095627388536
PPM1M,0,0.444784842672896,-0.388565287917653,-0.442004546879113,-2,-3,-3,-1.21572869105544,-0.10383581098454,-0.584962500721156,-0.181240314670147
ETNPPL,0,0,0,0,0,0,0,0,1.58496250072116,0,0
NDST3,0,-1,-0.584962500721156,-1.58496250072116,-2.58496250072116,-2.58496250072116,-1.58496250072116,-1,1.16992500144231,0,-1.58496250072116
GUCY1A1,0,-1.77760757866355,-3,-2.58496250072116,-3,-3.58496250072116,-4.58496250072116,-2.58496250072116,2.18322182405577,-0.584962500721156,2.84549005094438
HPGD,0,1.79693038315615,2.78254205098304,4.02912242810316,2.43734643760914,1.89998589996787,1.57985108690356,2.66437418959945,-1.00383186159103,2.27526003538608,-3.40867359376398
NAA15,0,-1.2901334126347,-1.11134718325269,-1.19797255407397,-0.766211697204,-0.969861367335206,-0.836984771617381,-0.0794131848827005,-0.909289560869566,-0.91778852530664,-0.856765396691725
PRMT9,0,-0.426264754702098,-0.148280007402333,0.109788145538112,-1.05470589209014,-2.19360399791182,-2.08998136683767,-1.02709366088228,-0.0828569324042841,-0.629251776865953,-0.736965594166206
MOCS2,0,-1.11010975691768,-1.52183452215569,-1.66796702747624,-2.58957912879153,-3.40737579757078,-3.18149439015445,-1.39520108362467,-0.540149419535774,-0.842935620722966,-0.718266203429073
ELOVL7,0,0.7393482454772,1.8282108103659,2.66202340818065,3.02511667706914,3.48805036100766,3.49017405379677,3.26435858678118,0.518542075032704,2.15393929726961,-0.282238616730946
RNF180,0,-0.149747119504682,-0.63404728122064,-0.549834277317554,-2.29176612437711,-1.84596637132758,-1.70680362365595,-0.89235927681203,-0.297998078088624,-0.783424905258866,-0.855126370613055
STARD4,0,0.570026230416285,0.137503523749935,0.134553226114625,-1.12612045914188,-1.03777334263193,-1.29085808805811,-1.92114457928876,-1.16921598571658,-0.113132043435273,-1.00283955252254
NDUFS4,0,-0.271268317533009,-0.598218597423423,-0.361313923414283,-0.86214108887522,-0.970970951388468,-1.37265889700829,-0.9902586055218,-0.487187285034679,-0.402063535577081,-0.428129195657203
GPX8,0,-1.03920608225949,-2.19430366602416,-2.31421312975936,-3.01946986419822,-3.43450736347707,-3.52066400722678,-2.46621622320441,-0.0392060822594871,-1.40604070817501,-0.639149974519058
ENPP6,0,-1,-1,-1,-1,-1,0,-1,0.584962500721156,-0.415037499278844,-0.415037499278844
TENT2,0,-0.33190068096214,-0.719404996484839,-0.465032713616316,-1.0352098775738,-1.10475081082688,-0.995039439098266,-0.488079450378383,-0.203332636382128,-0.348676393712967,-0.574236094128098
UBLCP1,0,-0.735868070308871,-0.594877969586239,-0.604862058158861,-0.948238572310258,-1.69797146255034,-1.96743213754357,-0.584962500721156,-0.147253175128382,-0.222117962086902,-0.365396123463472
GFM2,0,-0.359230733391767,-0.415037499278844,0.0646090814230765,-1.011055188509,-1.68912709362163,-2.12653240592893,-0.797408809637366,0.787154881118324,-0.180893492133254,-0.119785573488347
SLC6A18,0,-1.58496250072116,-1.58496250072116,-1.58496250072116,-1.58496250072116,-1.58496250072116,-1.58496250072116,-1.58496250072116,1.22239242133645,-1.58496250072116,-1.58496250072116
ACSL6,0,1.41503749927884,0.222392421336448,-1.26303440583379,-3.58496250072116,-3.58496250072116,-3.58496250072116,-2,0.969626350956481,-1.77760757866355,-1.58496250072116
UQCRQ,0,-0.593802988215034,-0.842178215859283,-0.386397451234943,-0.909350289680674,-1.8954110987228,-1.91062419266931,-1.24150124428415,-0.07836036765011,-0.338462974171241,-0.328638514017195
SLC35A1,0,-0.0331668639351993,0.284729476933113,0.818553128662468,0.21864028647534,-1.32192809488736,-1.30562628255826,-1,-0.611434712082347,-0.26960705975728,-0.758991900496205
FABP7,0,4.68522662419459,2.9499593175004,0.788495894806288,-0.874469117916141,-2.4594316186373,-3.4594316186373,0.241008099503795,-1.13750352374993,-2.87446911791614,-1
SFXN1,0,-1.02952188354254,-1.45268310300663,-1.55073833000291,-1.65254061052577,-1.8846060382018,-1.86082481224576,-1.15404887230019,-1.32925212417421,-1.26281796369988,-1.32517862958778
PDSS2,0,-1.09192248944104,-1.27376081242685,-1.0606263589515,-2.00594926633119,-2.29545588352617,-2.26660102085399,-1.24533240410033,-1.01491941983574,-1.23481453218634,-1.14345279008112
DAGLB,0,-0.164535772011891,-0.0527874143594352,0.480481852180228,0.302796234709166,0.423650629583552,1.12804836129333,1.80858852199671,0.627522962949202,0.908617340327987,0.208752744794028
STK17A,0,-0.41186007373782,-0.535922777271444,0.414169712761919,0.719334277970631,0.866957329336902,0.337974500674909,0.236329228980318,0.420017167453853,0.825703644579856,0.986271358138814
GALNT10,0,-0.959510110283343,-1.31373869707402,-1.37632323445204,-1.89191203213253,-2.93313469485905,-2.50250034052918,-1.74703840274559,0.367731784500487,-1.11684664803143,-0.32569716138207
SLC29A4,0,-0.526068811667588,-0.46948528330122,-0.710493382805015,-0.415037499278844,-1.08246216019197,-1.71049338280502,-1.26303440583379,-0.082462160191973,-1.58496250072116,-1.21572869105544
USP49,0,-0.415037499278844,-0.085729874025884,-0.308122295362332,-0.746243407754217,-0.945552215977624,0,0.950611973037837,0.0809199953835675,-0.656045598782639,-0.510615159261075
FABP5,0,0.862059229681818,1.80269170725407,1.80837654021021,0.702211808250841,0.289289817278597,-1.8570870396879,-2.89501649532023,1.08863129927233,1.14632847567934,-0.223518931542049
SLC13A4,0,1.28950661719498,1.87446911791614,1.3536369546147,0.830074998557688,-0.584962500721156,0.15200309344505,1,1.55799545312089,0.473931188332412,0.473931188332412
LMTK2,0,-0.301069489989698,0.477400686631324,0.528789778468016,0.709247800995815,1.81095216879402,2.46375449411896,2.50874863061896,-0.0383227314584,0.188788071039471,-0.0717906830680101
CTSB,0,-0.0641415204520268,-0.232845287909189,0.540829760050921,0.389784650184813,0.611452604753742,-0.190397451328657,0.603378400553108,2.20155898182208,2.25781229528006,2.25105770644553
ADCY1,0,-1.84799690655495,-1.36257007938471,-0.710493382805015,-2.16992500144231,-2.58496250072116,-2.16992500144231,0.0780025120012732,1,1.51657552574091,-0.921997487998727
PHKG1,0,0.137503523749935,0.765534746362977,0.765534746362977,0.137503523749935,1.76553474636298,3.05311133645956,2.51096191927738,1,0.263034405833794,-0.514573172829758
NOS3,0,-1.48542682717024,-0.807354922057604,-0.807354922057604,-0.807354922057604,1.05062607306997,1.44057259138598,3.55019708256048,0.0995356735509144,-0.106915203916512,-1.8073549220576
CA3,0,1.09953567355091,1.09953567355091,2,1.09953567355091,-1.8073549220576,-1.8073549220576,-0.807354922057604,2.42146376843828,1.47804729680464,0.280107919192735
CDK5,0,-0.212303603712864,-1.16046467219325,-0.855610090664825,-2.44057259138598,-3.98489310760979,-3.48239276708061,-2.24792751344359,-0.317190175880699,-0.724365557386573,-0.74967664591576
SLC4A2,0,-0.393745255496844,-0.712948713047671,-0.848412130342789,-1.5042312286083,-2.08331716299279,-1.81151254753126,-0.646453301260764,-0.307726955210269,-0.333652092019487,-0.855906666889714
FASTK,0,-0.611075341040287,-0.846703589533429,-0.534113359225403,-0.62099080990537,-1.74923778009781,-1.69936187345824,-0.789672644497051,-0.808433572605712,-0.711670132495777,-0.749237780097812
ALDH7A1,0,-1.57870351024947,-1.9875090558168,-2.72447464998301,-3.67556504950206,-4.52356195605701,-5.30943715070417,-3.38605843230708,-0.619559639773321,-2.10402306454323,-0.287069337675711
COX6C,0,-0.449211776319418,-0.736033520240673,-0.455164549448841,-1.3086255696853,-1.8318026531134,-2.56950601003713,-1.64040276876238,-0.906152654098119,-0.962573109480368,-0.854944262133913
SLC25A32,0,-0.900058562126093,-1.23053176614646,-0.870079404633223,-0.787205222436197,-1.62821569867504,-1.56081641338945,-0.676044223765655,-0.896276921583667,-0.550378264200223,-0.881248712351335
PDP1,0,-0.363706507203131,-0.93774772154694,-0.903345017414796,-0.708841993251818,0.725560830893957,0.867429547205294,1.07740450368561,-0.728470800000751,-0.353510740097242,-0.185199311176213
NUDT2,0,-0.159102032147776,-0.877852890714209,-0.679231161937478,-1.36008908988095,-2.12711191790334,-2.30179044931629,-1.37503943134692,-0.409255146684838,-0.991335138872873,-0.63582138544934
SYK,0,-0.406424368974136,-0.730262053870129,-0.759213427566259,-2.66488604501811,-3.96866679319521,-3.38370429247405,-2.26822707505412,-2.02615228785597,-2.75921342756626,-2.18730707967055
ABCA1,0,-0.206795566285429,-0.791758067006586,-0.36513259345253,-1.39624312599256,-1.46055215853121,-0.155991195613938,1.49510188820802,1.38246963682241,0.0918487357964809,-0.117407577734154
METTL2B,0,-0.811612756060761,-0.603504560730561,-0.121157126492291,-0.0696809090012052,-1.32618592889052,-0.969154033047241,-0.362165225996086,-0.349470153147719,-0.113470933347158,-0.460140385559383
PRKACG,0,1,0,0,0,0,0,0,2.70043971814109,0,0
FXN,0,-1.77051815387723,-2.05062607306997,-1.77051815387723,-1.68805599368526,-2.27301849440642,-1.85798099512757,-0.813586875769119,-0.214124805352848,-0.398549376490275,-0.0124909441831968
CPA6,0,-1,-1,-1,-1,0,-1,0.584962500721156,1,0.807354922057604,0.584962500721156
ALDH1A1,0,0.20163386116965,0.104336659814736,-0.112474729258412,-1.51457317282976,-4.32192809488736,-4.32192809488736,-2.73696559416621,5.42206476617281,4.4749227003798,4.67101024127845
HGSNAT,0,-0.433540085505273,-0.864344900642434,-1.32774542148268,-1.69031550086738,-1.60837388733121,-0.874953000208415,-0.185612572061688,0.0287398954410542,-0.340553197783297,0.0386651093155152
FBP1,0,0,1,0,0.584962500721156,0.584962500721156,0,1.58496250072116,2.39231742277876,0.321928094887362,0.321928094887362
PIGA,0,-0.23480072510485,-0.487138547807139,-0.224770359967585,-0.261894385987125,1.1831695079518,1.53762510586197,0.6626648577144,-0.803084484679376,-1.47519893449561,-1.05818107108853
WNK2,0,0.807354922057604,0,0.807354922057604,-1,-1,1.4594316186373,1.4594316186373,2.95419631038688,0.169925001442312,0.169925001442312
NDUFB6,0,-1.3064086771054,-1.65127675475665,-1.44549627462512,-1.73669889760553,-2.41530424515016,-3.09508449272516,-1.62142682701009,-1.82749899466018,-1.69335568662467,-1.74338114688813
AQP7,0,1.58496250072116,0,0,0,0,0,2,2.70043971814109,0,1.8073549220576
AQP3,0,-0.527806911639848,-1.58244880848715,-2.39242681315989,-4.47515926750552,-3.72994552048923,-3.5233978860357,-2.66398631231619,-1.82673650713204,-3.45642662892165,-2.49691424018672
TRMT10B,0,-0.36415633027666,-0.407657968913246,-0.498805856971442,-1.04508788952854,-1.70043971814109,-1.46777896135082,-0.596103058326357,-0.0975553094226736,-0.437405312307298,-0.562936194391157
PIGO,0,-0.834777617522976,-1.11950709445609,-1.41705103071649,-1.58798385269639,-3.04288581285318,-2.75111968847607,-1.28615696386554,-1.07114407289469,-1.23908871020876,-1.27515796491628
MELK,0,-1.59191526136292,-2.73465543347901,-2.51556437523281,-3.36058971525647,-3.76970238057821,-4.53051471669878,-3.49098635251214,-3.07473087507663,-3.25335649193144,-3.44305187544844
HECTD2,0,0.0116818050476352,-0.403355694231209,-0.675727964644339,-1.13515958328164,-0.752689946459223,-0.228268987673117,0.432524926007685,-0.411133044822928,-0.350057468071159,-0.017702001733459
SLC7A3,0,0,0,0,0,0,0,0,1.58496250072116,0,0
MARCHF8,0,0.10357640344255,-0.0767061734821268,-0.503278703127448,-1.57102330976328,-1.13191167550558,-0.317266717517499,0.313499472816782,-0.337772372952141,-0.560656594205023,-0.913911023286291
PGM2L1,0,-0.181446871337532,-0.758991900496205,-0.305626282558262,-1.69389687227432,-0.257797757467647,0.149377624038227,0.912127243974666,2.70043971814109,1.45225996323504,2.1315296227053
SLC16A9,0,-3.35989594508638,-3.8073549220576,-6.2667865406949,-4.68182403997374,-3.8073549220576,-2.74322458463789,-2.56634682255381,-3.13750352374994,-1.5388660861317,-1.77493344436523
FOLR2,0,0,1,0,0,0,0,1,1.32192809488736,0,0
INPPL1,0,-0.293827559379397,-0.781453058614847,-0.766132259331091,-1.4240262825061,-1.53217508636172,-1.51499994255359,-0.330916878114617,0.476438043942987,-0.248767836760745,-0.00898878322725465
CRYL1,0,-0.341871086716872,-0.926833587438028,-1.11270013274936,-2.67974072547326,-2.50389089007384,-2.32610377085856,-1.42340097221347,-0.530746381900544,-0.967022677553727,-0.845913592054461
RPUSD4,0,-0.326228232320988,-0.593575631025864,-0.943856921962466,-0.954912110471462,-1.31906844074812,-1.42269107182228,0.177538185552188,-0.715185078129737,-0.817408586721527,-0.453717967442904
FAAH2,0,1.4391116342577,2.07434734146008,2.95061197303784,1.48938484073892,0,-1.11547721741994,-0.0565835283663674,1.30518483105279,1.56165512722909,0.44930740136359
NUDT5,0,-0.870489267003596,-1.1882597364173,-1.03807412999139,-1.70728796695368,-2.36468630380157,-2.92349651666676,-1.49021718588543,-0.76707277055871,-1.25056309402761,-1.4078438862177
ATP5F1C,0,-0.510798727711017,-0.937139976161424,-0.646198733574496,-1.34408655366374,-1.80701138233914,-2.3865738953177,-1.38477838165609,-0.769629160336056,-1.08965483211146,-1.16008072141496
COMTD1,0,0.329214448965855,-0.764621937069072,-0.253932198726541,-1.09432738254815,-2.23769155771933,-3.34958443779023,-2.81192765184743,-1.45203170676105,-1.48360178576192,-1.41503749927884
SLC18A2,0,0.471071534193172,0.450312974026374,0.74266795353039,-0.81272143180742,-0.119052671643763,0.603883362618385,0.857488355532248,0.594453949698454,0.524182870652734,-0.0807826547160461
NSD1,0,-0.271815291376003,-0.355583649068601,-0.248748454859616,-0.738133295598541,-1.33114943075841,-0.921628936447128,-0.233229893172595,-0.0453519297719858,-0.424993217981163,-0.445709195021262
PRDX3,0,-1.09029130044938,-1.80764476536162,-1.88903309220228,-1.98214249659376,-2.43900017156723,-2.95942242009367,-1.989028882179,-0.822431308013444,-0.806630568454553,-0.575718127619621
PMPCA,0,-1.05651634971902,-1.01180470091263,-0.873070208623087,-1.18046028296737,-2.38896231652038,-1.43817529099906,-0.735287065715209,-0.924740339167896,-0.886979534755811,-0.648482238177937
AK8,0,1.32192809488736,0.906890595608518,1.64385618977472,-0.192645077942396,-0.678071905112638,-0.192645077942396,0.584962500721156,1.7279204545632,0.643856189774725,1.20945336562895
HPRT1,0,-2.28010791919274,-1.98592481478828,-2.9445048874083,-2.31487333735341,-2.04306872189189,-2.86507041991389,-1.89106562844684,-2.40563880127659,-2.1646307017728,-1.47275299713513
RET,0,0.478047296804644,-0.347923303420307,-0.485426827170242,-2.48542682717024,-0.415037499278844,0.280107919192735,-0.283792966000591,-0.192645077942396,-0.485426827170242,-1.22239242133645
STK32C,0,-0.46948528330122,-0.667424660913129,-0.6463630453853,-1.14017765804826,-1.8969065070359,-1.58496250072116,-1.36257007938471,-0.397335497545385,-1.24709286196477,-0.345496566025767
PIP4P1,0,0.643143571809685,0.159995884198581,0.648834683887541,0.421701229559855,1.78685446995857,2.45456586346548,2.33786963875638,-0.792955542996988,-0.120681482422463,-0.653349475701406
METTL17,0,-0.760272967658275,-1.34288771352301,-1.26081658058398,-1.85244281158614,-2.48320900192042,-2.37851162325373,-1.53051471669878,-0.788748136268752,-1.20538418977307,-1.10648843419268
SLC39A2,0,0.956352115097169,2.70850153513132,3.75027994744709,2.22102687931222,0.376305104790129,-1.71484278326807,-1.45704502580042,1.09921716266743,1.84640364847928,0.405451450449646
METTL3,0,-0.648318236758028,-1.08785029795762,-0.799242276270284,-1.4032057389215,-2.52278735467417,-1.96177054957805,-1.3351603514984,-0.864046927813465,-1.28143677563384,-1.20085925978681
CYP2C19,0,2,2.32192809488736,3,1,1.58496250072116,1,2.58496250072116,4.6724253419715,4.55458885167764,2.70043971814109
SLC6A5,0,1,0,0,0,0,0,0,2.70043971814109,0,0.584962500721156
HACD1,0,-0.932555479001866,-2.42354183151401,-1.80010518297822,-2.17356357850566,-2.63299519714296,-2.3110671022556,-1.39459045781788,-1.52970738873094,-1.6386417602841,-1.02197039983561
ABTB2,0,0.263034405833794,0.931828497358421,1.38702312310925,1.21603692629662,1.95491211047146,2.50901364748786,2.46948528330122,1.10691520391651,0.84799690655495,0.931828497358421
LIPC,0,1.58496250072116,0,0,0,0,1,2,1.8073549220576,0,1
GPT2,0,-0.9938319912851,-0.152415233153863,0.711523217270108,0.47940968996518,-1.04393060287547,-2.30594579634551,-2.56653702625097,-1.6397669372486,-1.63591974819308,-1.70275953700544
AMN,0,-0.215728691055437,-1.58496250072116,-0.777607578663552,-0.710493382805015,-2.16992500144231,-0.921997487998727,-1,0.611434712082347,0.15200309344505,-0.743660246740214
HIF1AN,0,-0.524955191356879,0.56250764989346,0.545434136534519,-0.477649476578523,-2.19662932527137,-0.887525270741587,0.469021021015351,0.429241119029996,0.350606463560274,0.232305165027175
NDUFB8,0,-1.77578484305673,-2.1197392442741,-0.820178962415188,-0.0652914602517191,-1.5722514489716,-1.39391420771309,0.631032149417141,0.663636814849069,0.207727034154697,0.202188850613267
CKB,0,0.628031222613042,0.932885804141463,0.435871002696009,-1.30887194206192,-1.78135971352466,-1.43086246644053,-1.7634378055274,0.27392272197653,0.0741317295772147,0.30610312772568
POLL,0,0,-0.0721497857558354,-0.643306486951961,-1.09076546392318,-1.35755200461808,-1.68512666264659,-0.46273424131014,-0.685126662646588,-0.671051477434865,-0.857706117534878
ASPG,0,0.956410731452317,1.32878176592842,1.17753818555219,-0.509674373416919,-0.719892080807265,-1.69187770463767,-1.63742992061529,-0.900464326449086,-1.0703893278914,-2.0703893278914
SGPL1,0,0.15718333255073,0.565807547698118,1.10325006573282,0.565807547698118,-0.587559612207195,-0.389320329170469,0.388853567475189,0.107471120065278,0.285136063517727,0.0276276030172785
PCBD1,0,-0.610385097601063,-1.88500747771007,-2.48165178347886,-3.13876406995585,-3.08431628593348,-3.25424128737579,-2.53542303991984,-0.40249224595973,-1.10788475707188,-0.712499315253754
FAM227B,0,0.31836147986717,-0.130396637255675,-0.231325546106456,-2.01792190799726,-2.09192248944104,-2.09192248944104,-0.432959407276106,0.742299038469247,0.15200309344505,0.252607034383456
SMPD1,0,0.466876430798462,1.13963453601463,1.75445302089505,1.13963453601463,1.29110517142046,1.68684211474037,1.86484041671836,0.1449483359111,0.281487168858865,-0.256013978156022
ILK,0,-1.09953567355091,-1.09953567355091,-1.32192809488736,-1.32192809488736,-0.736965594166206,-2.32192809488736,0.263034405833794,0.0931094043914815,-1.44745897697122,-0.906890595608518
TPP1,0,-0.326810316267109,-0.0597062461242678,0,-0.12199052437861,0.8239696359085,2.24175774620338,2.76209018832182,0.306246472655093,-0.0395283641866373,-0.0597062461242678
RAG1,0,0.144389909335175,-0.440572591385981,-1.44057259138598,-1.66296501272243,-2.07800251200127,-1.49304001128012,-0.633217669328377,0.559427408614019,0.135776779030467,-0.415037499278844
MOGAT2,0,0,0,0,0,0,0,1,1.32192809488736,0.584962500721156,0
CYB5R2,0,-1.09652692367858,-0.779760533906993,-0.434240028496664,0.478742180838736,0.504447895031211,0.0224141490449314,0.625548708409971,-0.835103567750768,-0.532105201398256,-0.610410196898046
IDH3A,0,-0.15875413543613,0.00484126306949914,0.0961370970890495,-0.0695409332530771,-0.558534375443511,-0.85042364394949,-0.432111012637785,-0.677587047087274,-0.861394761770493,-1
PLD4,0,0.584962500721156,-1,-1,-1,0.584962500721156,0.584962500721156,-1,2.16992500144231,-1,0
TMX3,0,-0.694416543904201,-1.01420219876942,-0.792999629080534,-1.48542682717024,-2.25856603388993,-2.18442457113743,-1.2599756041446,-0.612007323735385,-1.1158207571384,-0.885700973777345
WEE1,0,-0.700341765529391,-1.80461475971269,-1.65151705692766,-1.89790667976523,-0.319774672213341,-0.551653162458279,-0.642925908370144,-1.52096845626022,-1.96975696478491,-1.78153114659965
MAPK7,0,0.112474729258413,0.8239696359085,0.919829651316017,1.52525625459689,1.0479344770637,-0.509013647487857,-0.454565863465481,0.266280065337448,0.249978253008348,0.0943273825481531
PRKCB,0,0.777607578663552,0.777607578663552,0.561878887608115,-0.485426827170242,-0.584962500721156,-2.39231742277876,-1.8073549220576,1.70571466018177,-0.438121112391885,1.09953567355091
NDST2,0,0,0,0.807354922057604,0.321928094887362,-0.415037499278844,0.321928094887362,1.90689059560852,1.70043971814109,1,-0.192645077942396
TK2,0,-0.515669862385335,-1.3746797616627,-1.39471751489925,-2.25080810350053,-3.34513548604869,-2.96962635095648,-1.60039254129076,0.103622631074157,-0.529449289399129,0.0341257839046265
SEC11C,0,-0.792028094409724,-0.0797790739789978,0.327396307526876,0.132930793960111,-0.243084816489549,-0.667156127633454,-0.190038582127915,-0.356874473720705,-0.160397534187282,-1.03231772027273
NNMT,0,-0.514573172829758,-3.32192809488736,-1,-2.32192809488736,-2.32192809488736,-3.32192809488736,-3.32192809488736,5.10852445677817,3.83794324189103,5.55918586578773
ACSM1,0,0.169925001442312,-2,-3,-2,-3,-3,-3,-1.1926450779424,-1.41503749927884,0
AP1G1,0,-0.358979795389389,-0.213565729569494,0.058446272383557,-0.274261661257048,-0.526068811667588,0.352177475440267,0.724046689097238,0.131730698418789,-0.0883951159457141,-0.266393417923708
PPIB,0,-1.42505737741103,-1.49960433077609,-1.12614593524864,-1.12614593524864,-2.0009666298793,-2.29133301768429,-1.47522017214913,0.0966983874355523,-1.48736073502134,-1.00580951808212
LDHC,0,0,-0.584962500721156,0.415037499278844,-1.58496250072116,-1.58496250072116,0.415037499278844,0,-0.584962500721156,-1,2.16992500144231
LDHAL6A,0,0,0.321928094887362,0,0.321928094887362,-2,0.321928094887362,0.807354922057604,1.24792751344359,0.321928094887362,-0.678071905112638
LDHD,0,1.14438990933518,0.921997487998727,0.961525852185364,-0.341036917835067,-1.44057259138598,-2.24792751344359,-0.788495894806288,0.306661338234052,1.63471553591826,-0.160464672193246
PLIN1,0,0.415037499278844,0.736965594166206,0,0,0,0.736965594166206,0.736965594166206,2.05889368905357,0,0.584962500721156
PEX11A,0,-0.105933444749065,-0.47145080818411,-0.54405455714095,-1.69089594547022,-2.23521646169403,-1.82017896241519,-1.25032335408424,-0.445139531068263,-0.943662015850188,-0.690895945470221
ANPEP,0,-0.415037499278844,-0.415037499278844,-1,-2,-1,-1,0.584962500721156,0.169925001442312,-1.41503749927884,-2
GLYATL1,0,0.584962500721156,1.22239242133645,1.8073549220576,-1.58496250072116,-0.584962500721156,-1.58496250072116,-2.58496250072116,-0.777607578663552,0.222392421336448,-1
PLK1,0,-1.83160246830428,-3.28798076296402,-4.12928301694497,-5.39231742277876,-6.39231742277876,-6.39231742277876,-4.32192809488736,-4.42884329880387,-4.39231742277876,-5.39231742277876
PIP4K2C,0,-0.401696410674529,-0.487036080031899,-0.475808824608645,-0.985596934873026,-0.606840351088801,-0.594645054118495,-0.113735883423511,0.558996534722309,0.0736788744425799,0.386408032483478
TGM6,0,1,1,0,0,0,0,1,1.32192809488736,0,0
MARS1,0,-1.10539174061457,-0.528243761371855,0.153280945646298,0.302234490139771,-0.489139012012907,-1.03297362760045,-0.77386848894602,-1.16792885445854,-1.19474686681392,-1.12129508207019
PDIA3,0,-1.51460618606853,-1.39613545591049,-1.4813192776133,-2.00532488543853,-2.73457963794111,-2.9498122677047,-1.85480700127754,-0.84170190250253,-1.7295896008972,-0.884576112033573
NAT16,0,0,0,1,0,1.58496250072116,2,1,4.16992500144231,0,0
DUSP18,0,-0.456378294659743,-0.101283335837182,-0.210217707390346,0.117356950638159,-0.328054197684204,-0.975752453753323,-0.359081093304828,0.128584206061413,-0.297680548640685,0.128584206061413
B4GALNT2,0,3.43295940727611,2.92599941855622,3.0703893278914,2.20163386116965,2.0703893278914,1.26303440583379,2.37851162325373,4.4594316186373,4.83794324189103,3.64385618977472
PIP5KL1,0,0.886991038170814,0.939458458064949,1.1410923192346,-0.0605415419350509,-1.73039294024272,-2.2829339632715,-1.0198995574377,-0.503324031696799,-0.0099154688650828,-0.123735368422245
ACSF2,0,0.436099114806674,-0.0813280550782378,0.0248581836159087,-1.75899190049621,-2.33744109425869,-2.97703885155669,-2.12904194500174,0.428953508119148,-0.21597758177302,-0.0135647275818029
SLC27A4,0,-0.117914202865769,1.06428912835498,1.38831162725047,1.38831162725047,0.429573592436724,-0.93222188556514,0.142475481712461,-0.380156136808783,0.285683144778994,-0.450783160563786
CERCAM,0,0.230483833689996,-0.260764232208967,-0.880160229993997,-1.8594016698272,-1.61364525542524,-1.70328246790992,-0.579293750634464,0.656973745636544,0.384180373340422,0.386354744574759
DOLPP1,0,-0.524980395892924,-1.13297386526942,-0.845277405201358,-1.69817311116915,-1.99095486039699,-2.08406426478847,-1.82102985895468,-0.724168319702092,-1.43023990592251,-1.17845663506343
UGT1A6,0,-0.514573172829758,-0.447458976971221,0.302562770020431,-1.32192809488736,-2.68449817427207,-2.09953567355091,-0.84799690655495,0.865698908288409,-0.549338590990435,0.215506035751208
COQ7,0,-0.741611959022571,-1.69580826940945,-1.74161195902257,-1.75720881407359,-2.05195207963472,-2.05195207963472,-1.1618296974071,-0.703341942094854,-1.29777719543629,-1.2418517808383
CDK12,0,-0.449175449560243,-0.566214870750462,-0.296001812407255,-0.258581111182609,-0.298109475369246,-0.0364818907496981,0.417180222145457,0.0530493308418703,-0.297055258997245,-0.369448257089509
DPEP2,0,0.415037499278844,-0.584962500721156,-0.584962500721156,-0.584962500721156,-1.58496250072116,-1.58496250072116,-0.584962500721156,0.415037499278844,-1,-0.584962500721156
ENGASE,0,-0.2717291073862,0.0958157874138008,-0.724634792255487,-1.24947630053907,-0.533269266539663,-1.32502733354625,-0.332804684137968,-0.88119256995997,-1.0186960937099,-0.852958889231026
ATP5MG,0,-0.714260212727934,-0.841615781101787,-0.481107096553702,-1.35186158679175,-1.67920092176675,-1.74073242408913,-1.06541337936912,-0.51363300007515,-0.750192753338192,-0.741518419772358
MYO5B,0,0.424657189517897,1.16131998275091,1.90390729809846,2.07810945355582,3.28446408398088,2.9422171139806,3.36299334329882,1.54478489058716,1.44495070781919,1.28321228777142
ART5,0,1,0.584962500721156,0,0,-1,1,0,2.58496250072116,0.584962500721156,0.807354922057604
ACAA2,0,1.75526641090915,1.72463479225549,1.49707326814486,-0.891623838955208,-1.85414913353655,-0.208814014835907,0.785261151206987,2.20696238076684,1.37022365192814,1.13657305287544
RRM1,0,-1.21891604606185,-1.81083969438208,-1.523872754447,-1.84615835027557,-2.11564296822904,-2.17840266693461,-2.10704907809105,-2.29740088732471,-2.53463650774065,-2.48229771270871
FN3K,0,-0.137503523749935,-0.874469117916141,-1.4594316186373,-1.87446911791614,-3.4594316186373,-1.4594316186373,0.347923303420307,1.03242147769238,-0.289506617194985,-0.758991900496205
PRRT2,0,-0.415037499278844,-0.415037499278844,-0.415037499278844,-1,-1,-0.415037499278844,0.807354922057604,1.32192809488736,0.321928094887362,0.807354922057604
PPP2R3B,0,-0.549687025973626,-0.336283387864432,-0.429392792255914,-1.41028396930821,-1.30065947813371,-1.61381736339334,-0.103622631074157,-1.77556843338995,-1.08835587442085,-1.2319467280497
VKORC1,0,-1.91560781270963,-1.01748742672884,-0.7311832415722,-0.266514974568756,-0.948774676644827,-1.79007693062577,-1.05311133645956,-0.409255146684838,-0.17536708651056,-0.45617619407233
LPO,0,1,0,1,0,1,0,0,1.58496250072116,0.584962500721156,0
CA4,0,-1,-1,-1,-1,-1,-1,0,2.32192809488736,-1,-0.415037499278844
GPX4,0,0.804320861967971,0.38989068538422,-0.243227853491588,-1.40376638694382,-1.08746284125034,-1.47570028118547,-0.683172776805503,0.0984037040609945,0.0577050977680453,-0.105039614474463
MVD,0,1.46948528330122,1.48929777667681,1.06359884448303,-1.60366072001282,-1.38615843465901,-3.50462039240355,-2.94955937739626,-1.5150621391252,-0.0884562276704246,-0.0537898217544798
LALBA,0,0,0,0,0,0,0,1,0,0,0
KMT2D,0,-0.0987339535853596,-0.0340809952431062,0.369414882153047,-0.0169398624217122,-1.17273453502914,-0.0572573176092004,1.29129165768541,0.735842437207269,-0.0957314654238362,-0.27091492896804
AQP2,0,1,0,0,0,1,0,0,1.32192809488736,0.584962500721156,0
GPD1,0,-0.321928094887362,0.485426827170242,-1.32192809488736,-2.32192809488736,-0.736965594166206,0.263034405833794,-0.321928094887362,1.32192809488736,0.584962500721156,-0.15200309344505
CYP2S1,0,-0.884522782580064,-0.777607578663552,-1.49749965947082,-2.77760757866355,-1.88452278258006,-1.58496250072116,-1.06140054466414,-1.58496250072116,-2.26303440583379,-2
AXL,0,-0.97749260059043,-1.87825472764763,-1.88661820058226,-2.06495544184077,-2.46739290433998,-2.13297386526942,-1.49910176406732,0.202816882999687,-0.217485932491799,0.274894561043855
DAPK3,0,0.775704035649712,-0.0558532347335174,0.629909906775131,0.638733757162137,0.929838928582599,0.970014851037162,0.591037015130841,0.721358814101405,0.861126178498585,0.256552086035338
EEF2,0,0.013294027313111,-0.309602965360396,-0.55183026077446,-0.913284135042839,-0.40414383775228,-0.780614056785199,-0.525642312296438,-0.435803419064477,-0.49279364926087,-0.565893768783469
PLIN4,0,-0.970853654340483,-1.70781924850669,-2.4447848426729,-3.29278174922785,-4.61470984411521,-2.8073549220576,-3.29278174922785,-0.807354922057604,-1.22239242133645,-1.40525647848626
GLOD4,0,-0.138549333901486,-0.658062991645424,-0.656564087572007,-1.10852445677817,-1.74777711300028,-1.90262015823029,-1.04047906935507,-0.389913746550645,-0.592824618494127,-0.652076696579693
GPT,0,1.03562390973072,-0.15200309344505,-0.15200309344505,-1,-1.73696559416621,-0.415037499278844,0.070389327891398,-0.736965594166206,-1.51457317282976,-1.15200309344505
SLC43A2,0,-0.850856560694191,-2.1987798641145,-5.07324898203064,-4.33628338786443,-3.85085656069419,-0.70401517236492,-0.391424942056893,0.290155748832883,0.136204383598311,1.10997284202513
SRR,0,-0.497499659470817,-0.960471635813363,-0.710493382805015,-1.6463630453853,-2.36257007938471,-1.12553088208386,-0.584962500721156,-0.136501999904862,-0.570012159255185,-0.0614005446641433
HSD11B1L,0,0.797012977836145,0.37851162325373,0.405992359675837,-1.1926450779424,-1.73696559416621,-3.51457317282976,-1.27753397552891,0.00898878322725476,-0.122255750050998,-0.223896011926836
GGT6,0,1.53659947915976,2.02228650924186,2.6795574330018,1.87446911791614,1.54205390925187,-0.324572816142926,-0.048363021561399,0.776065413855146,0.83057034449934,-0.0266679504620801
KLK1,0,0,1.4594316186373,2.4374053123073,2.79007693062577,1.22239242133645,0.321928094887362,0,0.772589503896927,2.30985526258679,-1.12553088208386
KLK2,0,1.58496250072116,1.58496250072116,1,0,0,0,1.58496250072116,2.4594316186373,1,0.584962500721156
ACER1,0,1.5315232417597,3.28472947693311,3.65535182861255,1.67807190511264,0.241008099503795,-2.08091999538357,-2.08091999538357,-0.0131753887477332,1.64070505264815,-0.827163403137784
ANGPTL4,0,-0.0395283641866373,-0.783188610926852,-0.351472370501378,0.888578717331577,1.93009798676984,4.00243492891705,4.20734416197711,-1.25525705524207,-1.14336417517118,-1.56559717585423
SPRYD3,0,-0.679578112008686,-0.484423562150055,-0.593770958338416,-0.266551337850989,-1.69168471486534,-1.32192809488736,-0.502082228646561,-0.360063223774133,-0.56750530364461,-0.210316104269451
SOAT2,0,0.584962500721156,1,3.85798099512757,3.75488750216347,2.70043971814109,2.4594316186373,3.95419631038688,0.807354922057604,4.06608919045777,-1
NDUFV1,0,-0.749085641168247,-1.15332160556342,-1.0437309816622,-1.36212423895318,-2.23472233015294,-2.63902616784683,-1.73343237685676,-0.989426201559347,-1.11090646317912,-1.08617585227942
PRDX2,0,-0.60351214938904,-0.275032469662901,0.0487401109317748,-0.77778917537106,-1.70553308632955,-2.73908564604058,-2.02435527034909,-0.710724509854675,-0.94268333278112,-1.08508150088977
MRPL58,0,-0.710493382805015,-1.11640949211531,-0.769641268853495,-1.24304293064633,-1.90968922896119,-2.19531031986223,-1.21681138907315,-0.722745643629034,-1.12858420606141,-1.04929529625677
ATP5PD,0,-0.538916895539982,-0.87559157579653,-0.417957708221627,-0.958199059085165,-1.77539728774393,-2.4879873066408,-1.60803525560401,-0.300959171056657,-0.52045170188731,-0.69255107456396
MGAT5B,0,1,-0.415037499278844,-1,-2,-2,-0.415037499278844,0.807354922057604,2.6724253419715,0.169925001442312,0.584962500721156
TK1,0,-2.30616077902905,-3.86009638412958,-4.2447602343649,-4.34859604534944,-5.32722239455688,-6.16675772236363,-4.98842048110512,-6.20523187017826,-5.39231742277876,-6.12928301694497
CYP7A1,0,0,0,0,0,0,0,1,0,0,0
ECI1,0,-0.782562460606317,-1.25612603649162,-1.4632839441329,-0.943416471633632,-1.95083394319612,-1.90689059560852,-1.19319478076516,-2.21089678249862,-1.95083394319612,-1.17570735403632
ABCA3,0,0.356143810225275,-0.395928676331139,-0.943416471633632,-1.47393118833241,-3.64385618977472,-0.251538766995965,-0.120294233717712,1.04264433740849,0.400537929583729,1.41142624572647
FTH1,0,0.240716026410199,-0.96994276614382,-2.30306906763605,-2.92599941855622,-0.848756419623763,-0.762500686273344,1.09192248944104,0.999050546171136,0.779978483126299,0.859551133183032
BSCL2,0,-0.371968777386958,-0.758991900496205,-0.552541023028779,-1.28950661719498,-2.13750352374994,-1.28950661719498,-0.874469117916141,-0.330148601692331,-1.28950661719498,-0.704544116473829
POLR2G,0,-1.07902824616527,-1.34206265199906,-1.01857572925514,-1.0986570529142,-1.84002111097793,-2.36564947231668,-1.46405317637767,-1.16781172515396,-1.28660432455355,-0.851076299486922
SLC3A2,0,-1.46849851416003,-2.14953791097553,-1.62490007150259,-1.3539717513768,-0.612734033742697,0.268714095680253,0.529879395139918,-2.01198937965908,-2.18309629529778,-2.662202710007
ENTPD3,0,0.335348610649684,-0.908576972236406,-1.65400414515081,-3.74146698640115,-2.09761079662642,-0.571541984958835,-0.332076050263445,-0.474680445706246,-1.63294252962298,-2.31520223169905
ULK4,0,-0.335603031784439,-0.743027346953408,-0.0744782159592764,-0.789320999227343,-0.544698630507429,-0.46739290433998,0.35954238668714,0.717784180962586,-0.263034405833794,-0.735454127248607
SLC22A11,0,-0.584962500721156,-1.58496250072116,-1.58496250072116,-1.58496250072116,-1.58496250072116,-1.58496250072116,-1.58496250072116,0.736965594166206,-1.58496250072116,-1.58496250072116
MAP4K2,0,-0.192645077942396,-0.388565287917653,-0.275107238134369,-1.21572869105544,-1.44200454687911,-2.41503749927884,-1.41503749927884,-0.227410496103073,-0.65422516315827,-0.702319451359315
PBK,0,-2.3450277780311,-4.21444366822096,-4.04041426844591,-4.59295529147469,-6.25191837363962,-7.49984588708321,-5.74495838491974,-5.6924909650256,-5.52256596358329,-5.27102719658732
PAFAH1B2,0,-0.514763138600115,-1.24238678263841,-1.11021246633855,-1.66731516259871,-1.86818902168061,-1.55287791281501,-1.22239242133645,-0.332604887674996,-0.75278648758104,-0.657004893821019
SETD5,0,-0.332132346163904,-0.216423463542204,-0.180731756398895,-0.467829867123158,-0.471142601163994,-0.574236094128098,0.596875822264657,0.402421722090387,-0.14193650622818,-0.22199372158515
RNF187,0,-0.158856764486112,0.115582404619931,0.802462767349828,0.533457063202304,-0.313406540041509,-1.4731716752636,-1.4731716752636,-0.987744848093358,-0.726745751848327,-1.42831743947934
GLYCTK,0,-0.823122237915921,-0.436099114806674,-0.436099114806674,-0.879705766282288,-2.06413033741972,-1.3536369546147,-0.131244533278253,-1.3536369546147,-0.938599455335857,-2.13124453327825
MGAT2,0,-2,-3,-1.41503749927884,-1,-3,-0.678071905112638,0,0.169925001442312,0.39231742277876,0.169925001442312
PDHB,0,-0.299642549987741,-0.411832695944927,-0.37392027964885,-1.07124514582596,-1.88987999274957,-2.33697870126071,-1.19555080911781,-0.24919805076999,-0.631145724349403,-0.481048710737032
ACOX2,0,-1,0,-1,-1,-2,-1,-1,-0.678071905112638,0,-1.41503749927884
DEGS2,0,1.52195270319536,2.59111472770275,3.19235604758164,1.75899190049621,-0.135655099357566,-1.47804729680464,-0.761840262805236,-0.612976876890753,1.48278210591468,-0.876011282724547
DTYMK,0,-1.37742320747907,-2.41564252970956,-2.31288295528436,-2.23393161388953,-4.77683005504415,-3.48506393066704,-2.23393161388953,-2.15503078614262,-2.7279204545632,-2.43023990592251
MLKL,0,-1.65711228647699,-3.22004848086815,-3.97904038136435,-2.63508598014699,-3.87212517744784,-3.59201725825511,-2.82149910437787,-1.17963421242224,-1.62419766400426,-1.58144801654492
RFWD3,0,-0.609695021414076,-0.881068728160599,-1.10011964240766,-1.39743518281341,-1.97167127694151,-1.61385864635561,-0.772362468718099,-0.990495151233161,-1.42277803092787,-1.12515938857314
BMP1,0,-0.0517389699716212,-0.898716664162818,-1.15200309344505,-1.88049290554391,-1.90484276695966,-1.92337871839709,-1.37621825038832,0.741221817730171,-0.584143020414608,0.0154910817425002
POLR3D,0,0.108059745857453,0.0317088597273381,0.337869638756384,0.302562770020431,-0.0867116331933308,0.867896463992655,1.09686153925259,0.616671360448494,-0.0242475462466774,0.279636373170924
FNTA,0,-0.061140294813904,-0.117174329728232,0.163926260820869,-0.0204983103165581,0.156426158310118,0.210197414751099,0.463887235653021,0.046533083863712,0.0125167469114048,-0.266150637922116
SLC20A2,0,-0.273456094644609,-0.925532791224302,-0.620994833211009,0.413578315336417,0.944699333805368,0.738481581496547,1.07252679820626,-0.60360469633694,-0.486594056231395,-0.306622958579809
NDUFS5,0,-0.839082887924447,-1.04506059548245,-0.831107092347423,-1.30483435177415,-1.91292157798715,-2.45702626729144,-1.93642301236666,-0.499422780797917,-1.27373514786156,-0.629845697489474
UGT3A2,0,-2.32192809488736,-0.736965594166206,1.48542682717024,-1.32192809488736,-0.736965594166206,-2.32192809488736,-1.32192809488736,-0.736965594166206,-1.32192809488736,-2.32192809488736
SLC16A4,0,-0.247927513443586,0.452512204697507,-0.440572591385981,-1.07800251200127,0.0740005814437768,0.452512204697507,0.961525852185364,2.44555944405574,1.32192809488736,1.62243720613982
AHCYL1,0,-0.787620340210525,-0.0577400746565552,-0.373102637385111,-0.164366055068295,-0.0577400746565552,-0.220787643594908,0.279399361130809,-0.150933043300769,-0.475705206563838,-0.0627625167729608
CA7,0,1,0,1,0,0,0,1.58496250072116,1.58496250072116,0,1
GSTM4,0,-0.454565863465481,-1.12199052437861,-1.66513284940514,-2.27085391029309,-2.40209844357135,-3.79441586635011,-1.84021955596323,-1.33498424771281,-1.64466874684542,-1.9870609442925
PPIP5K1,0,-0.401813804122679,-0.412383045832866,-0.488618631659951,-0.758378900682058,-2.10752846430444,-1.885136042968,-0.319936797068271,-0.380904814359698,-0.580982649808611,-0.494221337889327
LCMT2,0,-0.447458976971221,-0.947532580105864,-1.12261928666396,-1.40439025507934,-2.61738397841353,-1.68449817427207,-0.642187369414106,-0.499386769015082,-1.04890960048095,-0.57298985905508
GFM1,0,-0.770983558144631,-0.931448230337877,-0.824263640734673,-0.956175316240254,-1.16868949991875,-1.14444195367208,-0.403547092326508,-0.393121066528799,-0.653560696409725,-0.819020648746616
MAT2A,0,-0.350023296572591,-0.551552085454886,-0.533540677470568,-0.140144009576733,-1.77313920671969,-0.376534425537833,0.232485342474187,-0.706377274332783,-0.625298313047354,-0.82331249596058
PLA2G4F,0,-0.120882539987441,-0.0126169896182292,-0.242502255151992,-0.802531463733394,-1.83663931805366,-2.96656962209879,-2.93666813638493,-2.57245489618377,-1.78911094797107,-2.93666813638493
INPP5D,0,-0.189156091862516,-0.606518644087604,-1.07528812730424,-1.47325211322414,-1.83824893000339,-2.08822718301174,-1.52509104474376,0.659421492921601,0.00457756610654364,0.519303074614696
PPIC,0,-0.760928837516922,0.256729828979585,0.0655883416275769,-0.9505313237357,-2.10433665981474,-1.88710594359407,-1.16887691200945,0.217591435072627,-0.0147537666900268,0.222991422815217
JMJD7-PLA2G4B,0,-0.195256291398934,0.105610187960599,1.18807234815257,2.59406470782841,2.68206118882624,0.382719779006116,1.18003502908715,-1.15403362867242,0.130847479459622,-1.74919189649947
ATP5ME,0,-1.98812589971171,-2.13750352374994,-1.28950661719498,-1.06088224214702,-2.56131123265651,-2.91886323727459,-1.01197264166608,1.21427897512601,-0.147373767773996,0.371155609658024
UQCRFS1,0,-0.568497899303423,-0.648975237038653,-0.563900885193326,-0.749786554372673,-1.09407566432199,-1.01456229420289,-0.815658225788814,-0.962206889141755,-0.963215414202671,-1.03774708162369
MAP2K1,0,-1.39993060688864,-1.37018326349458,-1.13106375575269,-1.14779084215814,-1.00761318410988,-0.883355081147729,-0.650992371056353,-0.962525294581337,-0.938678552626969,-0.888617196553143
ROR2,0,0.743224584637889,-1.20163386116965,-0.768674453893544,-2.20163386116965,-0.616671360448494,-0.394278939112046,-0.616671360448494,-0.908852111941805,-2.13124453327825,-3.06413033741972
SLC25A6,0,-0.250226629533174,0.17298480119137,-0.526436424114701,-0.539733246728159,0.0182622063927283,-0.724765140560679,0,-0.266714752321742,-0.0949484040552626,0.232856257168769
CHST14,0,-0.280107919192735,-1.18057224564182,-1.76553474636298,-2.28010791919274,-2.50250034052918,-1.50250034052918,-1.28010791919274,-0.563900885193326,-1.18057224564182,-0.563900885193326
CSNK1G1,0,-0.287126212344703,-0.857215436584329,-0.699674159597849,-1.65558157541468,-2.06580205839575,-2.08516738326268,-1.13139040002332,0.04967515902419,-0.576944325825231,-0.298382667687826
GOT1L1,0,0,0,0,0,0,0,2,1,0.584962500721156,0
CPT1C,0,1.08539149123064,1.56131123265651,1.54933859099043,1.39733549754538,-0.148098638989134,-0.657112286476991,-0.499571009490512,-0.576192291093424,0.822357085396851,-1.65711228647699
XPO6,0,-0.583246028132135,-0.85626452253855,-1.1469231760807,-0.854193172518856,-0.845937384376656,-0.61270749120406,-0.176380023579612,-0.807354922057604,-0.859377134405886,-0.85626452253855
CA5B,0,-0.889576010306349,-0.704544116473829,-0.426008617099847,-1.81557542886257,-2.87446911791614,-2.06711419585854,-0.920272807529266,-0.16481086974567,-1.30968449913262,-1.58906689905389
B3GALNT1,0,-0.57190634789571,-1.28950661719498,-1.92337871839709,-2.08091999538357,-2.87446911791614,-3.1963972128035,-2.32192809488736,-0.468476758240304,-1.01317538874773,-0.581687368688295
PGM2,0,0.0238849494264205,-0.0140523355234832,0.24321757101381,-0.347005446168041,-0.855943084328367,-1.40343087963086,-1.10721404084632,-0.701411164572578,-0.642012241740115,-1.22940147985581
STK32A,0,0.833990048561071,0.563900885193326,0.283792966000591,-2.93859945533586,-0.823122237915921,-0.436099114806674,0.761840262805235,-0.523561956057013,-2.52356195605701,-2.20163386116965
SLC33A1,0,-0.251099857640316,-0.160735829987652,0.217775793266078,-0.147060893090575,-0.735429995254981,-1.30512573932283,-0.643760166942589,-0.361253751701337,-0.31656063438511,-0.483737758226332
SIN3A,0,-0.031836087122005,-0.163498732282879,-0.340655302956268,-1.25618073479273,-0.884522782580064,-1.43038546361228,-0.39231742277876,0.384663850235325,-0.280312397265629,0.008562013503424
PTK2,0,1.15365383226783,0.73345571397865,0.908148472662263,-0.571541984958835,-0.0740005814437769,-0.288608021687336,0.145448909446106,1.73223876321827,0.949927592136938,0.916387349414577
PTPN9,0,-0.540849252587359,-0.9543894034797,-1.57265799081804,-2.02178868876529,-2.02178868876529,-1.72772738731087,-1.04073025241875,-0.409897860637127,-0.963396893973482,-0.409897860637127
NPR1,0,0.584962500721156,1.32192809488736,2,2.4594316186373,1,-1,0.584962500721156,3,1.58496250072116,1.8073549220576
METTL15,0,-0.49937163206608,-0.991352451386489,-0.686771600063023,-1.26940904783794,-1.3779335046161,-2.00869969495039,-1.03808350173148,-0.825904893257031,-0.820788948034711,-0.923977016044958
HEXD,0,-0.229481846122767,-0.718229031584621,-0.814444346843924,-1.71822903158462,-3.50250034052918,-2.58496250072116,-1,-0.82693529102712,-1.07251249978437,-0.944504887408296
BUB1,0,-1.72444755431978,-3.85139548301682,-4.08746284125034,-5.49185309632967,-6.18699851480125,-6.87887621943892,-4.74642592341527,-6.02472708590238,-5.13637244173129,-5.29391371871777
AGPAT2,0,-0.722821411845936,-1.64296810415672,-1.97883539000196,-2.47551135830516,-2.11074706550754,-1.58852032013435,-1.13395445666886,-1.02147972741045,-1.47551135830516,-0.645745188827295
FASN,0,-0.110708958451331,-0.170932821979901,-0.543910124427775,-1.47134642530204,-2.86583821931514,-2.2401128496824,-1.35453276031929,-1.30611941013843,-0.472588521841002,-0.421319851530492
DCXR,0,-0.362895193761496,-0.212942007346851,-0.0843373559413022,-1.24224983968163,-2.16878767774061,-2.09888566451046,-1.96848902725478,-1.02988957191893,-0.975183679828791,-0.773063653518604
UGP2,0,-1.19992775388609,-1.65873370064908,-1.52206446637788,-2.38011066069384,-2.76829783432788,-2.92498277128143,-1.92636268056013,0.339688564397253,-0.361791968670151,0.054353613766831
BTD,0,-0.123735368422245,-0.814785127533092,-0.923038018185116,-1.79750713610126,-2.18982455888002,-1.12373536842224,0.00984778595634721,0.145565795813908,-0.650665747771986,-0.118362196323393
CSGALNACT2,0,-0.370249577532006,-0.111421282668423,-0.0546352565768458,0.770686212010207,1.59629050652267,2.02176781508224,2.66014047761183,0.193558657946047,0.206288402661141,0.167757164759602
TPST1,0,0.561503527897167,0.38119404430705,0.800691191776593,0.127952730966996,0.169925001442312,-0.354283468199748,0.561503527897167,1.18151297571752,0.497014801445454,1.16474476233663
GUSB,0,-0.823122237915921,-0.682259702076071,-1.49381461266296,-1.89907109114922,-1.49381461266296,-2.20163386116965,-0.699133520640467,-1.69913352064047,-1.49381461266296,-1.27563444261343
MAP3K2,0,0.30448597347795,0.177473006982935,0.211293004833737,-1.18294773287648,-0.9231385383137,-1.08446678951088,-0.26613364449268,-0.121455668135106,-0.399640394320341,-0.559264475072608
UBE2E3,0,-0.0942360698457656,-0.898888471523546,-1.27866064098319,-2.38054025500241,-2.02384674195437,-1.84327449631255,-0.70466925808304,0.609529108947644,-0.309732086916199,0.0708719152987708
UBE2E1,0,-0.297074161924554,-0.42477451064413,-0.332275857002286,-0.705502877127748,-0.45327853135217,-0.432393438412613,-0.0294104304197063,-0.550009364196964,-0.536457299693702,-0.805132749042503
SIK2,0,-0.0830817414945553,-0.600845542327811,-0.782127775700935,-1.48332223884532,-1.30795515233476,-0.758182080075902,0.1965886659311,0.17654020270097,-0.36106648879432,-0.0391383939069582
USP38,0,0.109922942069542,0.368751236933124,1.0222632130617,0.994550720467918,2.02326705981974,2.48552394892065,2.88155945162615,-0.290488993449141,0.34967049536742,-0.629144174741952
SLC16A5,0,0.29876211030832,0.36964559646483,0.168505724356978,-1.61072559678624,-3.82017896241519,-2.82017896241519,-1.65025396097288,-0.26559011073755,-0.54405455714095,-0.764896526913998
NANP,0,-0.548620653657436,-0.82463291348944,-0.756728848987636,-0.932885804141463,-0.629816736505416,-0.39877244491606,-0.577620525379988,-0.70781924850669,-0.842120340218281,-0.668290884320052
ADPRM,0,0.565979397353583,-0.102569733640548,-0.314873337353412,-1.18057224564182,-0.718229031584621,-0.650057528943041,0.082462160191973,-0.0142138592197008,0.185555653156076,0.0690416444296514
FABP6,0,-1.58496250072116,-1.58496250072116,-1.58496250072116,-1.58496250072116,-1.58496250072116,-1.58496250072116,-1.58496250072116,-0.263034405833794,-1.58496250072116,-1.58496250072116
USP47,0,-0.0692210097478545,-0.425407472341709,-0.455752081337704,-1.062837392957,-0.914661079052463,-0.74580087582875,-0.311295796946002,0.109326995052904,-0.20438059302949,-0.266290366120399
GLB1,0,-0.461831710757785,-1.37800011995431,-1.23566950666261,-2.18535504201192,-2.47421543521362,-2.55458885167764,-1.78199934778071,0.156217582021714,-0.7059659112483,-0.589766684450934
FAXDC2,0,0.951090399519054,2.10273810558926,3.1202255323181,2.0769173708889,0.878211519601958,-0.584962500721156,0.514573172829758,2.3450989431583,1.95463946660012,1.45317262816561
CDK1,0,-1.73826367166982,-3.33508075873675,-3.2824858077892,-4.62697002724273,-5.37858239737334,-6.7838388758596,-5.63574023687046,-7.21193252796389,-5.54208112965622,-6.16040222732381
FABP4,0,2.8073549220576,3.32192809488736,3.70043971814109,0,1.58496250072116,0,2.58496250072116,1.58496250072116,0.584962500721156,0
FRMPD2,0,1,0,0,0,0,0,1,1.8073549220576,0.584962500721156,0
B3GNT2,0,0.00624995219000225,-0.106112413265955,0,0.0732696535313359,2.06829997916867,2.16551059977334,1.83014024197391,0.195903639748923,0.12396415428367,-0.0348672674399909
SETMAR,0,0.287980762964025,-0.437580067929932,-1.05122532335517,-2.25633975325979,-2.90270279864509,-2.47206844431522,-1.08641475181747,0.181065559047513,-0.918470114503402,-0.403896941673643
SLC30A1,0,0.424576013634441,1.15272067368411,1.79763822762956,0.974251273407437,0.506575951459999,-0.869691977654269,0.0524674198941355,-0.352861806243142,0.891120358466305,-0.813949425727273
DCLK2,0,0,1,-1,-1,-1,1,1.32192809488736,2.32192809488736,-1,0
SDR9C7,0,1.42026601408065,2.87908748466873,4.19170941733441,3.61556477453483,4.61067261982705,5.0003740943988,3.18184816881813,-0.512009899947777,2.14915680149053,-2.1315296227053
MGMT,0,-0.00792691577162885,-0.660003612351322,-0.528759079073069,-1.18083577565276,-2.03601922280098,-2.38246963682241,-1.5575563433805,-0.192080532820385,-0.379895693158587,-0.187572107148639
TMT1B,0,0,0,0,0,0,0,0,0.584962500721156,0,0
HARS1,0,-0.737337854532325,-0.707856470221133,-0.105369918988291,-0.0453715077613066,-0.505667619607866,-1.0803617848752,-0.554030641169265,-0.267283878835152,-0.625444974461428,-0.589716030691791
SLC23A1,0,1.16992500144231,2.58496250072116,2.64385618977472,1.16992500144231,0.321928094887362,0.584962500721156,1.70043971814109,1.85798099512757,1.52356195605701,0.321928094887362
NPAS2,0,-0.265733555434749,-0.332076050263445,-0.141554144214019,-0.741466986401147,-0.298523490552419,0.177396250873448,1.8951576341425,0.934490046540602,0.44835757247887,0.624855227844669
NUDT9,0,-0.46516097870468,-0.159843846662233,-0.244851871868721,-1.15591814344843,-1.27860066322326,-1.55019708256048,-0.958380910798261,-0.0374284065774693,-0.224152879200885,-0.302269569116894
COX7B2,0,0,0,0,0,0,0,1,1,0,0
ELOVL6,0,-0.182544487973426,0.0304229205737532,-0.625131547977457,-1.48779384171416,-2.64533511870064,-3.15463334948972,-1.98120240454587,-0.954602864731232,-0.709633612195011,-0.435681809194868
PFKFB3,0,0.167109985835258,-0.389946518316013,0.275634442613427,0.674904626033955,2.75769703575029,3.18531016464848,2.89842901686032,0.395928676331139,-0.160464672193246,-0.556765608890504
ACYP2,0,0.270961321605423,-0.304153393159386,0.0584166862253221,-0.54382380592767,-0.670935723831009,-0.218423519133502,0.210419779670372,0.189661219503575,0.460515129796668,0.205258074554593
POLH,0,-0.680243004154265,-1.0894981508391,-0.840963314700424,-1.62482988383566,-3.03291462247274,-2.68024300415426,-1.79789459280854,-0.452583570483225,-1.1941955295058,-0.733354340613827
SDR16C5,0,0.823506124840757,2.14580841115568,3.32126564976626,2.48262513189543,1.72243257493907,0.841481934705782,1.59705372993377,0.063170172969853,1.90475496028396,-0.569864231964225
USP32,0,-0.193802103460253,-0.0953780480772584,0.289506617194985,0.326131848961393,1.12627281835163,0.223086191506533,0.319659451201586,-0.502365414642633,-0.322535417582456,-0.730503343536509
CEL,0,-1.32192809488736,-1,-2.32192809488736,-2.32192809488736,-2.32192809488736,-1.32192809488736,-1.73696559416621,-1.15200309344505,-2.32192809488736,-2.32192809488736
PPM1D,0,0.247580753427281,0.307361981752698,0.556129818513444,-0.152735240144797,1.05176142768974,1.48495620408961,1.74877489645584,0.101729886963826,-0.536382320276094,-0.929297008656798
RNF139,0,0.0665190000743249,-0.0821541552717406,0.24281964565992,-0.0932839697060982,-0.156081797812047,0.451555193026666,0.753626277811495,-0.605066629014228,-0.292127317354121,-0.553239411056886
PLA2G1B,0,-1,-1,-1,-1,-1,-1,-1,-1,-1,-1
GSTA4,0,0.818750273697272,0.739354162660308,0.863452378250177,-1.05730087074009,-3.29469545541578,-4.68262110907738,-3.40431994659028,-1.16306849800252,-1.62250011663981,-1.62803122261304
NDUFA3,0,-1.12663343853102,-0.519778331961019,-0.427212213224946,-1,-2.03683676818037,-2.76553474636298,-1.26546114322833,-0.302360726039863,-0.83412183162039,-0.498212982126085
PGK2,0,0,0,0,0,0,0,1.58496250072116,1.32192809488736,0,0
HAS2,0,-0.485426827170242,-1.58496250072116,-2.39231742277876,-3.39231742277876,-2.8073549220576,-1.58496250072116,0.192645077942396,-2.58496250072116,-2.8073549220576,-3.8073549220576
HS6ST2,0,-3.32192809488736,-1.32192809488736,-1,-1.32192809488736,0.485426827170242,0.37851162325373,-0.514573172829758,0,-1.73696559416621,-1.32192809488736
ALK,0,1.29956028185891,1.69187770463767,1.42884329880387,0.823122237915921,-1.37851162325373,1.54748779530249,3.58496250072116,2,1.74250377770764,0
KYAT1,0,-0.746243407754217,-1.91036278751532,-1.84245872301352,-1.92785021424416,-2.28540221886225,-2.42742122373468,-1.92785021424416,-2.06623369840009,-2.00927781358801,-1.07108309806148
MTM1,0,-0.228624375047963,-0.366127898797897,-0.079903865592214,-0.150621863046689,-0.106436936038474,0.00310591086782168,0.250543461650597,-0.101424672603485,-0.232272152063107,0.0353205357329914
INSR,0,0.898716664162818,0.326810316267108,0.0386028392237473,-1.53214580227771,-1.51807061706599,-0.909950395357576,0.399055200736988,0.389753459675644,-0.127755547198373,0.110578418007097
FUT3,0,0.169925001442312,1.35755200461808,2.84549005094438,4.38801728534513,4.43879185257826,4.19475685442225,3.98868468677217,2.4178525148859,2.49185309632967,2.18982455888002
PRKCE,0,-1.12199052437861,-1.23982701467247,-1.62449086490779,-1.12199052437861,-0.584962500721156,-0.107915339166888,0.462971976342546,-0.594743521513742,-0.760992864812656,-1.27085391029309
C1GALT1C1,0,-0.174586378812175,-0.637085231797289,-0.65651576174619,-1.99072218641199,-2.13316645143219,-2.04090794358021,-0.80039097430784,-0.31999029064587,-0.736965594166206,-0.499143132260152
RBKS,0,-0.562936194391157,-1.02236781302845,-0.812914447399505,-1.85244281158614,-0.812914447399505,1.73918341941602,1.11718353937034,0.41226041460827,-0.21501289097085,-0.139724763666613
CDC42BPG,0,-0.348684553129758,-0.232660756790275,-0.320533512815609,-0.621703047536174,-0.799701349514169,-0.844095468872622,-0.146741730605273,-0.484589916168784,-0.656468465696851,-0.630316177840882
UGT2B7,0,0.736965594166206,1,0.736965594166206,-0.584962500721156,-0.584962500721156,0.415037499278844,1.58496250072116,0.222392421336448,-1.58496250072116,-0.584962500721156
GAA,0,0.301268624321269,0.609817689407432,0.350363173849439,-0.76690287832031,-0.732414501935019,-1.19753723265017,-0.482694449382106,0.603081357911556,0.244685095954902,0.0437724020289054
CANT1,0,-0.573185332944803,-0.822212880784717,-0.900989994168834,-0.682809824119301,-0.639182891719043,-0.708344916226438,0.475822007791653,0.00786211777297042,-0.391578526454855,-0.166971684052965
ZDHHC16,0,-0.684763107711597,-1.14419472634889,-1.49510188820802,-1.75813629404182,-3.17736159028409,-2.58125853195774,-1.14419472634889,-0.391738050440188,-0.956167918531272,-1.00371350279906
CHST11,0,-1.10912172238011,-1.43104981726747,-0.284208428938204,-0.524159221658956,0.575376451891958,1.84905810192526,1.68045849794952,1.06993429081433,0.15820004185678,0.401840196897267
PGAM1,0,-0.896321353898331,-1.16146342269412,-0.941785386054704,-1.81942775435818,-2.16780494956794,-2.37230161740248,-1.84460631735418,-0.734610173168077,-0.940427555327753,-0.7077956752509
ESCO2,0,-2.57499221196623,-3.90889294851967,-3.63587445411325,-4.32393044779851,-5.5869648536323,-6.49385544924082,-4.63587445411325,-5.36457243229586,-4.87914560512561,-5.90889294851967
PDE7B,0,0,0,0.584962500721156,-1,4.04439411935845,7.14465824283188,7.31288295528435,3.39231742277876,0.321928094887362,0.807354922057604
NAT1,0,-0.381870635343644,-0.360175564244325,-0.0168738185643962,-1.4262647547021,-2.9668331360648,-2.67137725253863,-0.902702798645085,-0.376416205251536,-1.15014034942786,-1.21681138907315
POLR1C,0,-0.761551232444479,-1.08912589047298,-1.04730571477836,-0.807354922057604,-1.78427130894456,-1.12492661190083,-0.103339749692685,-0.446401670188179,-0.739183419416025,-0.388686172331892
PPID,0,-0.892773030541294,-0.689026362002246,-0.606955229063212,-0.821612001620055,-1.46763965352694,-1.53561644734295,-0.504320316853411,0.0355706747335423,-0.719250283990377,-0.551522838252311
ETFDH,0,0.467486031650924,0.702716032213296,1.05091782130977,-0.114419910636894,-0.658740426860704,-0.766169502569252,0.375905715946187,0.244583553727622,-0.248721002348485,-0.819303325099325
FGA,0,-1,-1,-1,-1,-1,-1,-1,0.321928094887362,0,-1
PIK3CD,0,0.0889337284202881,-0.679740725473256,-0.48043191724985,-1.84966572691557,-1.790772037862,-0.503890890073838,0.279617290029398,0.251872299546494,-0.576647232509153,-0.225174862007775
HDAC3,0,-0.378903713225131,-0.526382475119392,-0.58398274174232,-0.80931643839089,-0.837061428873794,-1.09310940439148,-0.851136614085517,-0.288744524939689,-1.00983436010458,-0.74877489645584
GPHN,0,-0.563667722357928,-0.540080902040312,-0.377975405057299,-1.57960926622695,-1.32999537615548,-2.02706824319817,-0.842643672060743,-0.303278037779698,-0.804675821861723,-0.509219938335551
PAH,0,0,0,0,0,1.58496250072116,2.58496250072116,3.32192809488736,3.52356195605701,1,0
GATM,0,1.58773958539173,2.26233929859756,1.89852712267389,-1.07707622301864,-1.88003937595909,-2.22517486200777,-2.04231080485796,-0.903246767120413,-0.958894796670327,-0.991684731787996
CTPS1,0,-1.63005039024969,-1.56293619439116,-1.57390731221216,-1.14789869511231,-2.35940280030603,-1.90689059560852,-0.799975391692007,-0.419978240549114,-1.14380594047843,-0.305834118767062
METTL18,0,-0.333737397176996,-0.45747276559924,-0.314108590428063,-1.08061846020828,-3.13124453327825,-2.27563444261343,-0.768674453893544,-0.775369106467553,-0.690671941892271,-1.46827952055582
RRM2,0,-3.09953567355091,-4.12553088208386,-4.11247472925841,-3.96437609026928,-5.15200309344505,-6.81942775435818,-4.73696559416621,-6.48062584090642,-5.41503749927884,-6.35230174393088
MRM3,0,-0.45567948377619,-1.15391268345368,-0.876617584494718,-1.0794344674944,-0.876617584494718,-0.197560568356512,-0.153912683453681,-1.27857525672957,-0.807354922057604,-1.16349873228288
PTEN,0,0.113619466502867,-0.0603515687529684,0.195474495684979,-0.462266596348262,-0.482769476341917,-0.914421689471657,-0.234262450923924,-0.484835881623658,-0.209845924190866,-0.800659414352784
AQP4,0,-0.584962500721156,0,-1.58496250072116,-1.58496250072116,-0.584962500721156,-1.58496250072116,1.58496250072116,0,-1.58496250072116,-1.58496250072116
CYP4F11,0,-1.32192809488736,-4.32192809488736,-1.51457317282976,-3.32192809488736,-0.862496476250065,-0.862496476250065,-0.15200309344505,1.39231742277876,-2.32192809488736,2.16992500144231
CYP4F22,0,1.05585323473352,3.14653518116673,3.7799784831263,4.19708733242484,4.16675772236363,2.10080064078749,1.45251220469751,1.11401626029166,2.54973401241017,-0.0981803939389034
PPIH,0,-1.95630145706932,-2.90383403717518,-2.9622507234005,-3.11292963589817,-4.23725777090037,-4.23725777090037,-3.03562390973072,-1.56370134691023,-2.72629585162299,-2.01692781602082
LDHAL6B,0,-0.823122237915921,-0.131244533278253,0.231325546106456,0.476438043942987,-0.523561956057013,0.520832163301441,1.23132554610646,0.0911478880581954,-0.131244533278253,-1.06413033741972
THOP1,0,-1.84101047623884,-2.73230421679634,-2.21076709621682,-1.44332654371027,-1.4966759683032,-0.170800688899176,0.327519943131716,-1.74986258818065,-2.12807981391455,-1.78865507117771
USP19,0,-0.289739968597174,-0.410145818503166,-0.358077098360328,-1.24924060631742,-2.79480966873849,-1.46416435675002,-0.472881573851128,-0.484587074503407,-0.529348525510157,-0.556887549108438
QARS1,0,-0.031225060455428,-0.605104722080806,-0.745769769139631,-1.57688298340074,-2.55142740271807,-3.20945336562895,-1.68833734693242,-0.512260118508512,-1.2396277061081,-0.896923968743837
EIF2AK3,0,-0.0556020660383305,-0.414128714971068,-0.101680075736114,-0.223756672067791,0.336580380360027,0.198428794141656,0.0587845964571318,0.355888111460971,-0.228541734633167,-0.0914740045856519
NME6,0,-0.053018382299491,-0.871992387623929,-0.577545029158673,-1.01495034146597,-1.76702282802239,-1.81855312866247,-0.260062839302503,0.134796778038711,-0.0921182019884314,-0.287029886902772
MBOAT1,0,-0.181365153076393,-1.5889314029241,-2.62515159083685,-3.33786963875638,-3.92283213947754,-4.5077946401987,-2.0320612092323,-2.02397886293444,-2.05658352836637,-1.90788179801157
TPSAB1,0,0,0,0,0,0,0,0,2.16992500144231,0,0
MACROD2,0,0.60768257722124,1.1926450779424,-0.070389327891398,-1.58496250072116,-2.0703893278914,-1.39231742277876,0.362570079384708,1.96523458183932,0.874469117916141,0.673771767679012
DPAGT1,0,-0.995750526998642,-0.897346822937648,-0.761285273361619,-0.739805545951168,-1.97887670843425,-2.38277365010789,-1.34985902763515,-0.601010441953026,-0.790431619021135,-0.722146879454661
CERS6,0,0.241790024509717,-0.656764711930737,-0.73546004219979,-1.37309897332481,-1.46056181457515,-2.05175626900782,-2.14361712720204,-0.416921651356611,-0.752488771531632,-0.767796024319481
SPTLC3,0,0.0723176027864298,0.847317151531649,1.62343664853579,1.14913319983726,-0.0729145326811841,-1.48956128482169,-1.00843459508507,0.112121084192078,1.02049640688558,-0.392532466881346
TP53RK,0,0.0639880948718173,-0.292781749227846,-0.119298928372344,-0.670892679508332,-1.16992500144231,-0.686602762596994,-0.333423733725192,0.252912108404658,-0.162583026101144,-0.0181059369586561
B3GALT1,0,0,0,0,0,0,1.58496250072116,1.58496250072116,2.70043971814109,1,1
BPGM,0,0.888682977135842,1.82560429451246,2.24416363173423,0.998213380525986,0.622559287378808,0.350217139318786,1.0697089718114,4.20916379381366,2.27769019951579,3.00734650709462
ALG14,0,-1.05504136355796,-1.31807576939176,-1.00773564877961,-2.05504136355796,-2.12062970518554,-1.93218461577243,-1.41761144294267,-0.563900885193326,-0.888682977135842,-0.739539537830033
SUCLG2,0,-0.792818828899724,-1.41382054851846,-1.61448158764121,-2.48615749066567,-2.91834971098358,-3.3037807481771,-2.12188310506871,-0.917487113026113,-1.12188310506871,-0.654883941701848
STARD5,0,0.523051899470159,0.136970278487575,0.445502780005895,-0.685126662646588,0.840483703581174,-0.46273424131014,-0.742842160502876,-0.962374927700083,-0.953829818567074,-1.41113304482293
FGGY,0,0.0594329135191579,-0.419538891513785,-0.241621099317942,-1.85882393703931,-2.06904164442965,-2.09761079662642,-1.12675714228594,0.564594703027194,-0.0033747267806566,0.201047518938093
FUT9,0,-1,-1,-1,-1,-1,-1,0,3.39231742277876,1,0.321928094887362
AGXT,0,0,-0.584962500721156,0.736965594166206,0,2.87446911791614,5.28540221886225,6.13613668798603,0.736965594166206,-0.263034405833794,0.415037499278844
ACOT12,0,0,0,1,0,1.58496250072116,0,1,2.58496250072116,1,0.584962500721156
CARNS1,0,-0.169925001442312,-0.84799690655495,0.15200309344505,-1.58496250072116,-3.16992500144231,-3.16992500144231,-1.16992500144231,0.830074998557688,-1,-1.58496250072116
PPP1CA,0,-0.840652397193488,-1.11422975081312,-0.97893838447217,-1.2192757749723,-1.97280185867022,-1.8261975282696,-1.34996694197216,-1.08084799682877,-1.41586974334051,-1.321616127097
CTSW,0,-1.32192809488736,-1.32192809488736,-0.736965594166206,-1.32192809488736,-0.736965594166206,0,-0.736965594166206,-0.736965594166206,-1.32192809488736,-0.514573172829758
PDE3A,0,0.584962500721156,1.16992500144231,1,-1,-2,0.321928094887362,0,1.16992500144231,-2,-2
RAD9A,0,0.314510623324879,-0.263034405833794,-0.37851162325373,-0.963474123974886,-1.0759488532333,0.428843298803874,1.62748711736771,-0.342887713523009,-0.700439718141092,-1.17687776208408
MOS,0,0,0,0,0,0,0,0,1.32192809488736,0,0.584962500721156
FUT10,0,-0.433653177446191,-0.754020758345936,-1.00927781358801,-1.70043971814109,-2.47804729680464,-2.40275916950041,-0.910362787515324,-0.133117376555666,-0.241008099503795,-0.0303736490435189
FADS6,0,0.54432051622381,1.89077093024524,1.84130225398094,-1.12553088208386,-1.58496250072116,-4.58496250072116,-3.58496250072116,-0.263034405833794,0.415037499278844,-1
CYP7B1,0,0.241008099503795,0.710493382805015,-0.0671141958585369,-0.758991900496205,-1.87446911791614,-1.87446911791614,-2.4594316186373,0.241008099503795,-0.0331668639351993,-0.211504105193712
CES3,0,-0.283792966000591,-1,-1.34792330342031,-0.900464326449086,-1.34792330342031,-1.10691520391651,-0.900464326449086,-0.44980291743952,-1.28379296600059,-1.16349873228288
SSH3,0,0.151503804621624,-0.0927766411468072,-0.191932107806369,-0.567595368751068,-1.24418834493779,-2.58996318177952,-1.06640122572251,-0.241235027548445,-0.471022109056015,-0.663173028733299
CES2,0,-0.371934763994661,-1.14016585739274,-1.66094261021116,-2.20800850317379,-2.56372491151744,-2.43933404928025,-1.73792964033699,-1.600075479803,-1.61948818303945,-1.8398092543562
PDP2,0,0.363748270581989,0.247927513443586,-0.121678556588252,-0.636251729418011,-0.0762355858270854,-0.0160004786937152,0.355480654598389,-0.682321378113996,-0.495005803982259,-0.556081380734027
NADSYN1,0,0.270984177568281,0.0863500798832646,0.29656778727361,-0.458319714889858,-1.40727210929947,-1.833168124053,-0.817400808194687,0.00665860431643497,-0.0544050026437421,-0.362252305145342
DHCR7,0,0.512884822676988,0.858737200839362,0.602294058225878,-0.0255350921071377,0.162594504712765,-0.279324713463624,-0.409984271552558,-1.08335574649548,-0.0432476956949603,-0.066913333339467
OXSR1,0,0.0585721612963007,-0.386520879399775,-0.387177694817853,0.0881718403837287,1.80663712760482,1.59181141032173,1.62866638392502,-0.256018855165647,-0.125074289669095,-0.375400527041499
SLC22A13,0,0.415037499278844,0.222392421336448,-0.584962500721156,-0.584962500721156,-2.58496250072116,-0.263034405833794,1,-0.415037499278844,-0.125530882083859,-1.26303440583379
LCLAT1,0,-0.610256520885066,-1.18934245526955,-1.21597758177302,-2.13750352374994,-1.6043799545484,-1.87446911791614,-0.61615712232475,-0.549714978950015,-0.980840421716545,-0.870937426945888
ADH6,0,-0.584962500721156,-1.90689059560852,-1.09953567355091,-1.32192809488736,-3.90689059560852,-1.90689059560852,-0.206450877467426,1.58496250072116,0.552541023028779,-0.906890595608518
KAT5,0,-0.337441094258687,-0.381987533211949,-0.0711610289212389,-0.422773148058449,0.404390255079335,-0.0956833480553079,0.118441457297539,-0.682708315233356,-1.03119462160359,-0.895842768708708
SH3RF3,0,0.874469117916141,-1,-2.58496250072116,-1,0.415037499278844,0.584962500721156,1.58496250072116,1.66296501272243,-0.415037499278844,1.05889368905357
HPSE2,0,1,0,0,0,0,2,0,0.584962500721156,0,0.584962500721156
GRK2,0,-0.138566954039355,-0.0620609681322516,0.27688841491392,0.488677361870663,-0.0989934089172463,-1.03380270809074,-0.778041537169122,-1.36430669715791,-0.877763232903376,-1.43030425593215
HPSE,0,-0.196291011247205,0.576440945875303,1.18849710747873,1.5523092834024,2.11978435739472,2.07813666003623,1.65462337869004,-0.644812355748677,0.13611252729872,-1.51530162275227
COQ2,0,-1.73891386595573,-1.58204501733886,-1.25488027408535,-1.65374648269305,-2.22044677702148,-2.52210247688258,-1.89308479608349,-1.57767982477746,-1.68158069088978,-1.75854267270466
ADCY5,0,0.53051471669878,0,0.289506617194985,-3.16992500144231,-2.16992500144231,-1.16992500144231,0.15200309344505,1.95935801550265,-1.16992500144231,-1
PARP14,0,0.416616228279232,-1.20726115271529,-1.48528642572583,-3.05072636818217,-3.44268025434797,-3.09803208296053,-1.94693095580987,-0.143448003443273,-0.654535936256203,-0.764131346407089
PARP15,0,-1,-1,-1,-1,-1,-1,-1,1.32192809488736,-1,-1
ABCD2,0,2.58496250072116,1.58496250072116,0,0,0,0,1,2.32192809488736,0,0
GLRX,0,0.825575611847155,1.80368300599831,3.47521415421589,2.8641641095244,3.68135722390726,2.95303652102941,2.9330080405356,0.700044729763296,2.47475241792105,-0.0576107231700952
SLC2A14,0,1.32192809488736,1.32192809488736,1.32192809488736,-2,-1,-1,0,0.807354922057604,-0.415037499278844,-0.678071905112638
TNKS,0,0.0297473433940519,-0.250360575798683,0.100713864748196,-0.361812560311967,-0.208900968700315,0.320512994194318,0.853095467123574,0.241212086077608,0.0874628412503394,-0.0669458239098263
PPP1R3B,0,1.08078265471605,1.62714231621345,1.81488859474301,1.98672066194998,1.70102063018473,-0.151164073333651,-0.348610137539868,2.2617749600612,2.62836442136141,1.9073940662264
MAP3K11,0,-0.189033824390017,-0.475338009546658,-0.496606626300309,-0.814968106167479,-1.07800251200127,-1.45437839091101,-0.788495894806288,-0.389946518316013,-0.518193488508455,-0.341036917835067
NAA20,0,-0.338428384052704,-0.377770884227942,-0.237644164304531,-0.350523709084719,-0.209221843825447,-1.01810715219489,-0.345135486048688,-0.502676763035168,-0.328425836190065,-0.311907507800011
PTPRM,0,-0.0033668510983987,0.0625210845580584,0.271974450187008,-0.767553913999629,-0.382890063764304,0.159048008236635,1.45361120395282,1.38444917944542,1.03980100805797,0.664557098638156
FKBP2,0,0.00243082625476211,-0.388521054499768,0.156618166961688,-0.728072517281747,-1.49078910583882,-1.66499383465837,-0.732108030516904,0.225863777777599,-0.374260361374599,-0.336906946892229
PEAK1,0,0,0.584962500721156,0.447880755965861,-0.520007058880386,0.475449015974666,1.10374792483783,1.36186684025751,0.953379613483724,-0.00316727907868299,0.0528063591746534
GMPPB,0,0,0.584962500721156,-1,1,0,-1,0,0.321928094887362,1,-1
SULT1B1,0,-2.8073549220576,-1.8073549220576,-1.22239242133645,-2.8073549220576,-2.8073549220576,-2.8073549220576,-1.8073549220576,2.56768450928932,0.947532580105864,1.1926450779424
NUDT4,0,-0.40515598776488,0.291870861031183,0.67621156308711,1.01663600159186,1.07956725731832,-0.0491660568038844,-0.0646374655663243,0.333777812765106,0.622882060680983,0.154974659976341
PC,0,-0.952246868551632,-1.24922860630876,-0.830074998557688,-1.45251220469751,-1.60240763518057,-2.34288771352301,-1.29104878200339,-1.89308479608349,-1.77562721453531,-1.05298129168617
UGT2A1,0,0,0,0,0,0,0,0,0.584962500721156,0,0
NMNAT1,0,-0.750972452160085,-0.699133520640467,-0.484033591870376,-1.20967118023507,-2.28409602136162,-1.77462372022473,-0.780597621269363,-0.152390342149801,-0.314108590428063,-0.429044357272723
APOBEC4,0,-1.58496250072116,-1.58496250072116,-1.58496250072116,-1.58496250072116,-1.58496250072116,-1.58496250072116,-0.584962500721156,1,0.415037499278844,-1
SLC19A1,0,-1.36257007938471,-2,-2.16992500144231,-0.777607578663552,-1.36257007938471,-1.36257007938471,-0.960471635813363,-0.678071905112638,-1.77760757866355,-0.726981505593584
UQCRH,0,-0.555959185964368,-1.06126013541147,-0.57714050238759,-1.65491359639667,-1.80643248274172,-2.20117256778734,-1.65855033903555,-1.62187881715287,-1.42073894504502,-1.42135666932802
CNP,0,-0.321928094887362,-0.609730405870098,-0.930097986769844,-1.77497892010294,-3.00204782864886,-2.69329512250923,-1.29657252061047,-0.726769827060318,-0.805054584008376,-0.580365486611059
MARCHF10,0,-0.736965594166206,-2.32192809488736,-1.32192809488736,-2.32192809488736,-1.32192809488736,-1.32192809488736,-0.321928094887362,1.48542682717024,-1.73696559416621,-0.321928094887362
PLK3,0,-0.0840642647884745,0.373617571898863,1.03141295263146,2.22044677702148,3.29537186669355,2.77059637204749,3.5917516663838,-0.268488835925902,0.497688679456792,-0.153011618505966
PHOSPHO1,0,2.32192809488736,3.4594316186373,2.58496250072116,0,1,1,0,2.4594316186373,1.32192809488736,1
ATP5MK,0,-0.922254905260698,-0.926896287411566,-0.470990835267636,-0.44857088071866,-1.28769646006806,-0.945612593681325,-0.492617438091071,-0.464790534475943,-0.508183129989324,-0.236864547456088
MARCHF3,0,1.38740193236464,2.48035745749185,3.91032150100879,3.97973140249401,3.97318484541436,2.30116953472056,2.32707139816332,0.019193565233311,2.25738784269265,-0.88849168478301
CTSF,0,1.99768613416175,1.47946937187384,0.967263213588,-1.53051471669878,-1.82597060022495,-0.584962500721156,0.691877704637668,1.66296501272243,0.899473124046036,0.2920266091735
GSTA3,0,2.75488750216347,2.16992500144231,2.16992500144231,-2,-2,-2,-2,0,-1.41503749927884,-2
ZDHHC24,0,0.0503735225151193,-0.204199304570478,-0.336649600594128,-1.11425717925768,-2.37412430601279,-1.45212681801406,-1.00734197534117,-0.545236222405545,-0.69131448189349,-0.9567159022712
TRMT10C,0,-0.311808459263305,-0.577121747503973,-0.270127703580147,-0.489888909449161,-1.07669275699448,-1.02778315651354,-0.506546253402769,-0.444602861134391,-0.283622060943128,-0.539496675204056
PIGG,0,-0.196312866868732,-0.617031291852068,-0.522887326612459,-1.17940308835865,-2.10204420565241,-1.62325428514223,-0.530664677204179,0.0646583351226996,-0.392275249194973,-0.381686614206778
ADCY6,0,0.103463319944055,-0.509219938335551,-0.6368341349199,-1.3572168448905,-3.48649986183547,-1.53230355144859,-0.479005325288544,0.100965146088858,-0.357216844890502,-0.00806728126811479
TNK1,0,0.0229004021100788,-0.158429362604483,-0.426625473554056,-0.899695094204315,-1.7178567712185,-0.795859283219775,-0.0232697793228472,-0.231074664436249,-0.237863830098888,-0.41888982477445
SLC16A13,0,-0.296981737757131,0.763559804177919,-0.104336659814736,-0.725825036561006,-2.4262647547021,-2.25633975325979,-0.725825036561006,-0.618909832644494,-0.296981737757131,-0.338801913451759
SLC6A19,0,-1,-1,-1,-1,-1,-1,0.584962500721156,1,-1,-0.415037499278844
ATP2A2,0,-0.706767338113103,-0.638833661948018,-0.66237321875465,-0.644991140526413,-1.02387304954362,-0.363359515815289,0.287424443186071,-0.29592231647597,-0.392070812456817,-0.323803712228891
STARD6,0,-1.58496250072116,0,-1.58496250072116,-1.58496250072116,-1.58496250072116,0,-0.584962500721156,-0.584962500721156,0,-1
GALNTL6,0,-0.321928094887362,0,-1.32192809488736,-1.73696559416621,-1.32192809488736,-0.321928094887362,1.67807190511264,0.263034405833794,-2,-2.73696559416621
SLC26A9,0,-0.289506617194985,2.34792330342031,3.61738397841353,5.12176896328766,5.08746284125034,4.1987798641145,4.18442457113743,0.398549376490275,2.44745897697122,-1.28950661719498
UGT8,0,-2.16992500144231,-1.58496250072116,-3.16992500144231,-1.16992500144231,-2.16992500144231,-1.16992500144231,-1.58496250072116,-0.584962500721156,-2.58496250072116,-2.16992500144231
SLCO2A1,0,0,0,0,1,0,1.58496250072116,1.58496250072116,4.28540221886225,2,2.58496250072116
SLC29A2,0,-0.917537839808027,-1.08746284125034,-2.35049724708413,-2.35049724708413,-1.6724253419715,-2.50250034052918,-1.86507041991389,-0.789782292609654,-1.2129937233342,-0.563900885193326
BRSK2,0,1.47393118833241,0.736965594166206,-0.362570079384708,0,-0.84799690655495,-0.169925001442312,1.58496250072116,2.16992500144231,0.830074998557688,0.473931188332412
B4GAT1,0,-0.542871167232123,-1.11179082545756,-0.962525294581337,-2.20353339408513,-4.66296501272243,-3.51096191927738,-2.49304001128012,-1.43628523298288,-1.24417537858248,-1.19626539362109
AMY1B,0,0,0,0,0,0,0,0,0,0,0
NDUFA11,0,-1.82926969848604,-2.27907261592556,-0.497073268144855,-0.466699619101336,-2.31469652565629,-1.46669961910134,-0.507341603598682,-0.332843872366546,-0.565162257987025,-0.342003871652022
PTDSS2,0,-0.429765836429399,-0.512861452192861,-0.330948100211483,-0.774755838179986,-1.49585502688717,-1.35630367448838,-0.747662177297711,-0.795415308746079,-0.544570311920199,-0.826970042620924
FUT1,0,-0.628744192749069,-0.653197236473608,-0.0641303374197156,0.19068356160911,-1.5462820325571,-1.3536369546147,-1.59282461849413,-0.802462767349828,-2,-1.01576731585832
CA5A,0,0,0,1,0,0,0,0,2,0,0.584962500721156
SLC22A1,0,-1.26303440583379,-0.777607578663552,-0.584962500721156,-2.58496250072116,-2.58496250072116,0.115477217419936,0.736965594166206,-0.584962500721156,-0.497499659470817,-2.58496250072116
CHST2,0,-0.394278939112046,-0.238159737194765,-0.879705766282288,0.666262602823004,1.96829114027266,1.35908109330483,0.885828980080689,-0.0157673158583167,0.296617006358175,-0.0317088597273381
ZDHHC14,0,-0.854802084460064,-0.736965594166206,-0.983126181435604,-1.9499593175004,-1.36499681677925,-1.12398871727545,-0.52674788677586,-0.043068721891886,-0.269839583738908,-0.133266530863464
ATR,0,-1.07029270051513,-1.41987713830535,-1.55531376336238,-1.84703092390025,-2.27721190943964,-1.8092888299087,-0.812679419109477,0.219628901593087,-0.611045557939827,-0.379091523458854
UBE2C,0,-1.78402241822698,-3.97336487349653,-4.12146351248567,-6.1609918766723,-7.00898878322726,-7.33091687811462,-5.4240262825061,-5.63047715997353,-5.28652275875616,-6.24345403686428
GK5,0,-0.571595276983327,-0.273818081547035,-0.0910644784064571,-0.461831710757785,-2,-1.96962635095648,-0.583045297726866,0.140639439818113,0.406860842720559,-0.357372158567585
ABO,0,0,0,0,0,0,0,1.58496250072116,2.16992500144231,0,0
PPM1E,0,-1.22239242133645,-0.807354922057604,0.362570079384708,-0.222392421336448,-1.22239242133645,0.362570079384708,0.777607578663552,0.652076696579693,-0.807354922057604,-1.48542682717024
PCCA,0,-0.183004828486302,-0.0530462343616343,-0.224998917150929,-1.59018020999218,-1.77389216316456,-2.49903232193398,-1.08031916451174,0.46368666198656,0.0908289782000153,0.600503351616934
CTDSP2,0,0.459313136721993,0.330503989067176,0.357202310457964,-0.531238924856595,-1.30186787204041,-0.801826725122024,0.0499518219753528,-0.589857975526722,-0.518114902856705,-0.608613768785802
GAL3ST3,0,1,0,0,0,1.58496250072116,2.58496250072116,3.8073549220576,3.90689059560852,0.584962500721156,0.584962500721156
CHST1,0,2,1.58496250072116,1,3.16992500144231,2.32192809488736,2.32192809488736,2,4.95419631038687,2.8073549220576,2
DOLK,0,-0.334266429450605,-0.622298651994129,-0.51306958223937,-1.81262986409828,-3.15943262762467,-2.4541758931858,-0.734627352097005,-0.76711520484591,-0.921443351237204,-1.17916884568593
PHYKPL,0,0.658279178364077,0.092682002509852,-0.0990473692508089,-0.337394896233133,-0.926683322357079,-0.644283591656354,0.173718574600759,-0.492280498211304,-0.487479511947483,-0.926683322357079
PTPN2,0,0.144672209510401,-0.336826971266701,-0.228664300743378,-0.67570229870931,-0.180835775652763,-1.18982455888002,-0.660003612351322,-0.359467811460798,-0.889700834311003,-0.998025057814942
LPL,0,0.169925001442312,-2,-1.41503749927884,-2,-0.415037499278844,-2,0.906890595608518,-2.41503749927884,-3,-3
POLD4,0,0.347923303420307,0.0324214776923774,0.606657571820475,0.447458976971221,-0.601450623509725,-1.06711419585854,0.825970600224951,0.562936194391157,0.334984247712809,0.198779864114497
CLCF1,0,-0.736965594166206,-2.32192809488736,-1.47393118833241,-1.47393118833241,0.263034405833794,0.941106310946431,2.26303440583379,-0.473931188332412,-1.47393118833241,-1.05889368905357
PNLIP,0,0,1,0,0,0,0,0,1,0,0
LIPT2,0,-1.18442457113743,-1.83650126771712,-1.18442457113743,-2.64385618977472,-4.64385618977472,-3.05889368905357,-1.83650126771712,0.16349873228288,-2.05889368905357,-0.836501267717121
ALG10B,0,-0.777607578663552,-1.05444778402238,-1.36257007938471,-1.8969065070359,-2.66742466091313,-1.80069119177659,-0.605140382658786,-0.872244452801627,-0.789103217501381,-0.545434136534519
UCP3,0,-1.70043971814109,-1.70043971814109,-1.11547721741994,-2.11547721741994,-2.70043971814109,-3.70043971814109,-0.115477217419936,0.15754127698648,-1.24100809950379,-0.700439718141092
UCP2,0,1,-1,-1,0,-1,-1,0,3.16992500144231,1.4594316186373,2.52356195605701
FOSL1,0,-0.788495894806288,-0.547487795302493,-1.44057259138598,1.01885902725132,2.49353947295756,2.72935241005633,3.16146342269412,-0.925999418556223,-1.11864449649862,-1.20353339408513
RPS6KB2,0,-0.0853320537997622,0.0805654813036686,0.685364397678994,0.243817268381674,-0.651032652360286,-1.46126051603949,-0.705627627633199,-0.567401672700973,0.101159416030578,-1.12199052437861
B3GNTL1,0,-0.747233929620033,-0.306661338234052,-0.747233929620033,-0.696607856550065,-2.74723392962003,-1.55458885167764,-0.969626350956481,-0.0788554207112397,-0.647698256069119,-0.826668397114438
MSRA,0,-0.712718047919529,-1.23878685958712,-1.12775554719837,-1.71271804791953,-1.18220333122075,-0.975752453753323,-0.456378294659743,-0.168397531695719,-1.07528812730424,-0.951905711798955
CBLL2,0,-1,-1,-1,-1,-1,-1,-1,-1,-0.415037499278844,-1
ZDHHC21,0,0.986617788079253,1.51999357669418,1.85345133664706,0.620053165189518,0.0122435957547472,0.731627595894359,1.67948009950545,0.351943074872645,0.439925304285814,-0.687942149136699
UBE2O,0,-0.649092838140872,-0.238159737194765,-0.464668267003444,-0.786596361890807,-1.08615664374971,-0.841737916083268,0.0513468800002203,-0.307624556857864,-0.523561956057013,-0.464668267003444
AMIGO3,0,-1,-1,-1,-1,-1,-1,0,-1,-1,-1
B3GALT6,0,-0.0389941316158636,-0.726318349966698,-0.594612670754875,-1.04559686644011,-1.11334147307594,-1.04559686644011,-0.510000443039934,-0.350256817945857,-0.166322764762117,0.102098187618736
IP6K1,0,-0.0512686703105101,0.0143196713170668,-0.123896470397907,-0.497711306950238,0.0973754110446254,1.12568078026477,1.69461624154422,-0.0681424888749061,-0.108299615346889,-0.0606186384930938
YES1,0,-0.349892124372176,-0.744197777832858,-0.550170881515469,-0.928091797517463,-0.715002278154125,-0.564203940554359,-0.371084369912113,-0.839438799993679,-0.774623720224731,-1.13970611202645
GPX2,0,0.0832555036493523,-0.429392792255914,0.144843301872184,-0.957771764610703,-0.391424942056893,-2.13464952669478,-0.16635838642212,-2.26589405997303,-3.15571114222261,-1.75935820620869
SPHK1,0,0.0630786826233802,0.0784266469568163,0.367933264151801,-0.235888263820671,-0.676460855206652,0.516184222735744,1.16364264919066,0.732930080931049,0.380370367390024,0.606296642400032
CIDEA,0,0.0430687218918859,0.021695071099319,0.277533975528909,-1.72246602447109,-2.34395440121736,-3.72246602447109,-2.04439411935845,-2.09019780897158,0.339310173115599,-1.42968427524325
COX8A,0,-0.634572948940388,-1.15879225910769,-1.15879225910769,-1.7898511744183,-1.78517468720883,-2.16181995180526,-1.7758669449826,-1.27527800158854,-1.80160914529447,-1.69250306010515
B3GNT4,0,0,0.070389327891398,-0.0740005814437769,-1.15200309344505,-0.736965594166206,-0.62148837674627,-0.62148837674627,0.137503523749935,-0.192645077942396,-0.15200309344505
HSD11B2,0,-0.321928094887362,-0.514573172829758,-0.15200309344505,-1.32192809488736,-2.32192809488736,-1,-1.32192809488736,0.432959407276106,-0.0740005814437769,-1.15200309344505
RNPEP,0,-0.57571018748296,-0.976327171015632,-1.28010791919274,-2.49500580398226,-3.05403983971289,-2.80206062238809,-1.64867098867208,-0.763282294631599,-1.24511249783653,-1.04443555765579
CLK2,0,-0.255096586409154,-0.315722945360654,-0.565199245899726,-0.951090399519053,-1.53605290024021,-2.27301849440642,-0.960740569552773,-0.331286149585597,-0.736965594166206,-0.862496476250065
LPCAT4,0,-0.0149503414659714,-0.450165722682446,-0.314510623324879,-0.845025340023659,-1.14048122354983,-1.51245000093679,-0.577545029158673,-0.669175504624241,-0.681049604912533,-0.440041505408738
SLCO3A1,0,-0.081683797593708,-0.229025513668895,-0.316973212944598,-0.6701522418164,-1.27633122844725,-1.41063232015884,-0.501397784082025,0.353349192563105,0.0710194633200176,-0.613366215724822
PLAAT3,0,0.137503523749935,-0.15200309344505,-0.321928094887362,-2.32192809488736,-1.73696559416621,-3.32192809488736,1,3.63807383718072,0.321928094887362,2.94485844580754
B3GNT5,0,-1.55458885167764,-1.48353910031813,-1.61478363359638,-1.70813410993109,-0.818317027681516,-0.783353355426685,-0.587917027743702,-1.97194021679473,-1.75917354293156,-2.09768163445589
RNF152,0,0.558628352907694,0.686236810151983,0.779470322680742,0.345067498534967,0.458705222649498,0.481770382847362,1.44527384211522,2.04308634313273,1.26190227958671,1.82392085129966
ACSF3,0,-0.419153607751076,-0.660911353954455,-0.710493382805015,-1.15611920191728,-1.72061760007872,-1.47804729680464,-0.0890050060587449,-0.406840346312224,-0.804275529125632,-0.594240314309167
TYMS,0,-1.62148837674627,-2.23446525363702,-2.15200309344505,-2.56704059272389,-4.32192809488736,-2.9296106721086,-1.96437609026928,-2.62148837674627,-2.9296106721086,-2.59400764032416
FUT2,0,0.410788026277486,0.205318907977506,0.263034405833794,-0.409390936137702,-0.765534746362977,-0.949959317500404,-0.105610187960599,1.34883227858902,1.0084615787482,1.02523729149902
GCNT4,0,0.176322772640463,0.84799690655495,1.73768676140986,1.78031009904338,1.37295209791183,1.19849415363908,0.636914580355878,0.881664619320345,1.55704241526372,0.786596361890807
SHMT1,0,-0.864207133736209,-0.934351957764487,-1.44672645852904,-3.08009359121325,-3.76499752980831,-3.31389077582194,-3.11458196759854,-2.88886918797048,-2.33745924696035,-3.18003502908715
MTHFR,0,0.890323069116978,1.05282321043107,0.969795930156311,0.0662081510878864,-1.52256596358329,-1.51116120031104,-0.648096845667148,-0.480255158725325,-0.168929008968588,-0.447277836279052
ZDHHC13,0,0.69849144635157,0.700439718141092,1.18322182405577,0.478858300840217,0.485652795537982,-0.0880561766651961,0.398331166546444,-0.137661722668991,0.169925001442312,-0.59927033740504
ACER2,0,1.10342958965541,1.25815218445405,1.4700267338765,-0.0597062461242678,-1.20945336562895,-0.326810316267109,-0.351472370501378,0.597901556428654,0.79054663437105,0.274362411635307
POLE,0,-0.956626590664344,-0.931708958460015,-1.29498503004912,-2.01300906056186,-2.72921609456127,-2.34017380381537,-1.32063361741973,-1.79061663922541,-2.23889046797819,-1.74215515026877
ZDHHC22,0,0,0,0,0,0,1.58496250072116,0,2,0,0
TALDO1,0,-0.347846741473682,-0.353215914179525,0.204231367809104,-0.352140479883815,-0.649552295164147,-1.37926980582748,0.0287673041787997,-0.040786369509565,-0.150319668468874,-0.0175824345495537
ULK1,0,0.869603362744325,1.00887815134645,1.26748031086499,1.23757882515112,2.48669848440629,3.29858591110585,3.83257750576086,0.428334321892302,0.567040592723894,-0.432959407276106
RPS6KA3,0,-0.174229804704025,0.0163193745804278,0.549091086863193,0.0217184000134128,0.440983861676086,0.691877704637668,1.07870160175186,-0.485504981781214,-0.0296089549900001,-0.648063013815314
B3GNT8,0,-0.263034405833794,-1.22239242133645,-0.868755466721747,-2.22239242133645,-3.0703893278914,-2.39231742277876,-1.39231742277876,-1.58496250072116,-2.39231742277876,-2.39231742277876
PUS1,0,-1.82442843541655,-1.52674788677586,-1.76553474636298,-0.885828980080689,-1.1426043954428,-1.16146342269412,-0.87023212502967,-1.13326653086346,-1.12398871727545,-0.933657505171304
CHD9,0,-0.166055316592123,-0.0666123940162566,0.305592465033949,-0.923335961742444,-0.711564656162568,-1.05239853479656,-0.387404700138189,0.597514016457783,0.123514536485354,0.0481654317707279
MAN1B1,0,-0.432725032319716,-0.943686951597095,-0.964118851501908,-1.89929283223864,-3.16758296352393,-2.64356322702808,-1.53429601545939,-0.240475484205949,-0.960693376902785,-0.421693995195423
UBE2U,0,1,1,1,0,0,0,0,3.08746284125034,1,0.584962500721156
ACOT4,0,-0.540568381362703,-1.1926450779424,-1,-3,-2,-2.41503749927884,-1.41503749927884,0.882643049361841,0.247927513443586,0.20945336562895
SLC25A22,0,-0.893084796083488,-1.20567502639151,-1.73360658207629,-1.4594316186373,-2.83794324189103,-3.25298074116987,-2.40498383461492,-0.883746931504152,-1.18259141327847,-1.25298074116987
TBL1XR1,0,0.00546555674280951,-0.4098517243736,-0.36549152165241,-1.40593970753295,-1.17773878274952,-0.801941820276565,0.101247638376098,-0.171914026598152,-0.1230439709686,-0.452445697046919
GBA1,0,-0.127379306476228,-0.408280133103535,0.400999665878561,1.70356243589899,3.30506622900784,3.39425133062986,3.13565509935757,-0.172467196004766,0.325986311461716,-0.505890929729958
ACAD9,0,-0.279670407425655,0.771468441566145,1.51487944499753,0.6893229048893,-0.493720848971322,-2.22137176686099,-1.22137176686099,-0.267636307792803,-0.00153233688424643,-0.966693913382822
PNPLA2,0,1.15094189807474,1.41238304583287,1.40439025507934,0.584962500721156,0.667424660913129,1.7263183499667,2.03147823147317,0.732716121164848,0.989352755800492,0.216317906926764
MBOAT4,0,-0.584962500721156,-1.58496250072116,1,0.736965594166206,0.415037499278844,0,-1.58496250072116,-1,0.222392421336448,-1.58496250072116
POLR2L,0,-0.846590085340704,-1.25135260078616,-1.28716267672669,-1.94552325521158,-2.51401474625383,-1.92459259734198,-1.52297561382546,-0.836082427522311,-1.22643815615725,-0.956862284299206
UBE2N,0,-0.882989359894455,-0.840040847563185,-0.3654221957157,-0.455742802920394,-0.662349554737374,-1.05495928732179,-0.803481912910398,-0.675267545359405,-0.745361994345149,-0.77792420217868
IMPDH2,0,-0.583223075350169,-1.40547031182456,-1.65664985691365,-1.9353331734026,-2.5960809805961,-2.62507113971861,-1.98082455756135,-1.46319436367365,-1.68893528905537,-1.71674962154116
TSSK6,0,-0.932885804141463,0.362570079384708,0.067114195858537,-0.691877704637668,-3.39231742277876,-0.932885804141463,-1.0703893278914,-0.691877704637668,-0.39231742277876,-0.584962500721156
NDUFV2,0,-0.355480654598389,-0.465663572348812,-0.442943495848728,-2.12101540096137,-2.35548065459839,-1.08539149123064,-0.560300446486887,-0.454258809076562,-0.82823365173352,-1.71502304128553
GALNT11,0,-0.0172217405285869,0.0231577209872523,0.0728328800114424,-1.05552562870523,-1.88488197467476,-2.2053738374466,-1.32504406810922,0.161774650187695,-0.395969632315894,-0.0890686744998457
GLDC,0,-1,-2.32192809488736,-3.32192809488736,-2.32192809488736,-2.32192809488736,-3.32192809488736,-1.32192809488736,1,0.632268215499513,2.18586654531133
SLC25A20,0,0.206072167650082,-0.260764232208967,-0.694063937880539,-2.03448837638529,-3.28824496863107,-2.6667565918848,-0.441790226884529,0.454258809076562,-0.50486890950791,-0.0817940911636473
CA8,0,0,-1,-1,-2.58496250072116,0,0,2.16992500144231,0,-2.58496250072116,-1.58496250072116
ERBB4,0,2.32192809488736,1,0,0,0,0,0,3.75488750216347,0,1
ERN1,0,-0.230612928141416,-0.0931094043914815,0.500570313430784,1.42321143072454,0.880418384247327,1.13675813750711,1.37977216945965,0.0483630215613991,0.268488835925902,0.0284084151857539
PARP10,0,0.568154213034602,-1.37295209791183,-1.92934544643621,-3.37295209791183,-4.10991769207804,-4.10991769207804,-1.9944404746581,-0.841882605185875,-1.60741735154885,-1
NSUN3,0,-0.0699625581675674,0.00851149985551748,-0.632695111505258,-1.2511323167775,-1.90902633995251,-2.07895134139482,-0.292354979504015,0.138279374825847,-0.574330948991269,-0.567989422117443
DHFR2,0,-0.469032388919573,-1.01777470172798,-1.26421259703107,-2.72718457337362,-4.76671293756026,-2.57908593438449,-1.23619822086148,0.313660478903762,-0.766712937560258,-0.321928094887362
COX5A,0,-1.06158343051606,-0.559944040684316,-0.535352052501924,-0.829607728904732,-0.90636492788877,-1.55994404068432,-1.07924930481163,-1.27910681233077,-1.17730453180791,-0.897196612615175
CPNE7,0,-1.70454411647383,-1.41503749927884,-2.87446911791614,-1.75899190049621,-0.552541023028779,-1.24997825300835,-1.13750352374993,0.367116868653618,-0.221026879312218,0.441435189343451
MPI,0,-0.164275279376656,-0.223471071884556,-0.135563982735129,-1.14984820874138,-2.21593739919915,-3.04601239775684,-1.23865747569923,-0.368357999532046,-0.623480361931068,-0.870162562357418
OPLAH,0,0.332032972523758,0.031909247954744,-0.889139410650434,-1.23473641143143,-1.91497941558569,-2.14027172742794,-1.91497941558569,-2.05161410760754,-1.49560298058251,-1.71259001889687
PFAS,0,-2.13666254731056,-2.77820857639809,-3.37767064681436,-2.33460192492247,-4.2521397647305,-3.21261140054386,-1.42206476617281,-2.35597557571504,-2.15527822547791,-1.90636492788877
HYI,0,-0.464668267003444,-0.493814612662961,-1.20163386116965,-0.131244533278253,-1.2505434616506,-1.64909283814087,-0.464668267003444,-1.0424352663204,-0.493814612662961,-1.20163386116965
GAK,0,-0.425562679141555,-0.324552199881633,-0.141554144214019,-0.202308175293116,-0.0674709365544249,-0.214424461609172,0.189270351161739,-0.131672632700055,-0.332076050263445,-0.44684623750952
TUFM,0,-0.805540591437989,-1.04050366945569,-1.07961716806337,-1.33347214712277,-1.88601317015155,-1.86602169496408,-1.25194226162617,-0.85066205895447,-1.1679595795474,-0.954725920235559
AURKB,0,-1.91284805090492,-4.23477614579228,-3.96347412397489,-4.77082904603249,-5.77082904603249,-7.09275714091985,-4.92283213947754,-6.39231742277876,-5.39231742277876,-5.92283213947754
DPM3,0,-0.397963985919902,0.135159583281636,-0.106915203916512,-0.830074998557688,-1.59790155642865,-2.55942740861402,-1.13492958008611,-0.912537158749661,-0.961864871113229,-0.79612766663435
CYC1,0,-0.806248419351524,-1.08276605454894,-1.1288218710114,-1.00073814022633,-1.84549005094438,-1.92172563677146,-1.14016259789365,-1.64524051264527,-1.34799039147356,-1.4093909361377
FARSA,0,-0.850165674339346,-0.847377856967726,-0.664513799817916,-0.502242370919039,-1.1568270125734,-1.40475452601698,-0.930495489702047,-0.691758636008798,-0.770108458982376,-0.718253998833765
CYP11B2,0,0,0,0,0,0,0,0,2,0,0
ALOXE3,0,-0.289506617194985,1.91560781270963,2.57948737065501,2.87148525947732,3.22706890854592,3.49767042292499,3.8236567343867,-0.249978253008347,1.42321143072454,-1.81557542886257
FUCA1,0,0.0506260730699681,-0.326228232320988,-0.712837323273314,-3.03476541816068,-4.14438990933517,-3.26303440583379,-1.79240458059163,-0.281181752544053,-1.35339843348646,-0.759322225635803
PTPN11,0,-0.805027823459374,-0.428224542668005,-0.276905353023811,-0.31590651273139,-0.416308409689228,-0.129269784184982,0.297414970643956,-0.367964017850531,-0.363054103726724,-0.361965277229088
NSUN7,0,0.0687127500840143,-0.31315788525963,-1.27008916336774,-2.55019708256048,-3.35755200461808,-2.03562390973072,-1.27008916336774,-0.380272081118167,-2.35755200461808,-2.77258950389693
CLK3,0,0.571960654987278,0.539447841468788,0.693299359306206,0.152898899149639,0.815439652189291,0.336786053614476,0.114787757411168,0.0236998354789201,-0.273827685907796,-0.549557164589958
MKRN3,0,-1.22239242133645,0.192645077942396,0.192645077942396,-0.807354922057604,-1.8073549220576,-0.222392421336448,1,-0.347923303420307,-2.8073549220576,-0.222392421336448
ALOX12B,0,1.5328739895727,3.85055261145871,4.90893552159354,5.0499643774014,4.66941282252047,2.33415439722062,2.77184063544467,0.303392143449935,2.61533614976467,-0.197036847059554
SLC17A8,0,0,0,1,0,0,0,0,1.32192809488736,0,0
ALOX15B,0,-2.22834168766763,-4.89927741149864,-4.89927741149864,-3.89927741149864,-3.16992500144231,-4.39231742277876,-5.14720492494223,-1.28611801894684,-0.959852851741732,-2.55474788767415
PLD6,0,0.067114195858537,-1.30485458152842,-1.69187770463767,-1.30485458152842,1.45317262816561,2.93859945533586,3.16227142889888,-1.22239242133645,-0.664396968215561,-1.39231742277876
PIPOX,0,0,0.415037499278844,1.50250034052918,-0.584962500721156,1.11547721741994,-1.58496250072116,0.222392421336448,0.415037499278844,0.115477217419936,-0.415037499278844
B3GNT3,0,-0.350497247084133,-0.42449782852791,0.736965594166206,1.34994247105696,-0.280107919192735,-1.2129937233342,0.753839412730602,0.787006276665802,1.28757659009659,-0.072512499784368
SEPHS2,0,-0.880786841672619,-0.480751505733022,-1.0494686762643,-1.44598608757235,-1.8191099451178,-1.08341600818764,-0.438644112231178,-0.2587181870844,-0.704610826068129,0.0294164879767347
DCTPP1,0,-2.57787307593484,-2.27301849440642,-2.62094179782672,-1.78269286782334,-1.96489619904408,-1.99291057521368,-1.36155516900807,-0.770518153877233,-1.23070768954845,0.0141441823202698
PTGR3,0,0.00245565172631205,-0.361166338051982,-0.462507072884214,-1.1528225737516,-1.97804817264789,-1.85736669022543,-0.48297117544393,-0.296349885129304,-0.28732360934001,-0.266479355547166
CSNK1A1L,0,-1.58496250072116,0,0,0,0,-1.58496250072116,-0.584962500721156,0.736965594166206,0.222392421336448,-1
TH,0,0.813586875769119,-1.04439411935845,-1.87446911791614,-3.04439411935845,-3.04439411935845,-3.4594316186373,-2.72246602447109,0,-2.04439411935845,-0.489805267680816
F2,0,0,0,1,0,2.32192809488736,1.58496250072116,1.58496250072116,1.58496250072116,0.584962500721156,1.32192809488736
ZNRF2,0,0.529389169959199,0.119868675647921,0.335427403926058,-1.11193577338107,0.0611789155000406,-0.436020900876921,-0.321928094887362,-0.0955048030356888,-0.0404520437372942,-0.722632243152177
SLC9A4,0,0,0,0,-1.58496250072116,-1.58496250072116,0,0,-0.263034405833794,-1.58496250072116,-1.58496250072116
PAK2,0,-0.155517577621287,-0.736088309225285,-0.76711520484591,-1.24628304154447,-0.215389033598686,0.584962500721156,0.921558645397354,0.608463935100661,0.228397404161777,0.277007348386398
CYP8B1,0,1,1,1,2,2,2,2.32192809488736,3.16992500144231,2.58496250072116,2
RNF182,0,0.678071905112638,0,-0.321928094887362,-0.321928094887362,-1.73696559416621,0,0.137503523749935,0.84799690655495,0.765534746362977,0.321928094887362
FUT7,0,-1,0,0,-1,-1,-1,0,0.584962500721156,-1,0.321928094887362
SLC47A2,0,0.535596423400177,-1.59825932333461,-1.52025681133334,-3.59825932333461,-4.18322182405577,-4.76818432477693,-1.55873095914798,2.11445872458491,1.45340279648788,-0.0470851360697413
CHST13,0,1,-1,-1,-1,-1,-1,0,2.08746284125034,-0.415037499278844,-1
SLC36A4,0,-0.642237306072905,-0.0438542895894275,0.17853813174702,0.0341482224118456,0.0550875601042087,0.0214371706622918,0.397655421050607,-0.700709708792369,-0.494961043575793,-1.3230083607865
ZDHHC20,0,0.295498801080305,-0.0411386947934864,-0.0316316090491109,-1.7311832415722,-2.15264701001048,-2.23753590759699,-1.40848591444007,-0.736965594166206,-0.744711626416847,-1.00696955481484
MAP3K15,0,0,-1,-1,-1,0,-1,0,2.08746284125034,-1,-1
PPA1,0,-0.737340758656915,-1.47243150520268,-1.33905017315184,-1.7196273175397,-2.02382798629052,-2.66775568334096,-2.17570396444046,-0.957585120547303,-1.05563854631862,-0.761699601269426
SSR4,0,-0.258474814206341,-0.544536763700928,-0.287317135902758,-0.79341074115595,-1.23629802336167,-1.73351003552999,-0.874815129439778,-0.0587855774689033,-0.36271835987622,-0.1071547415169
CMTR2,0,0.0433485444289391,0.113188169497573,0.491192188791025,0.192347707016704,-0.482812602676031,-0.0095464040031863,0.478443696049036,-0.287261793558224,-0.213696698873569,-0.650972712328773
ST20,0,-0.15200309344505,-0.321928094887362,0.20163386116965,-1.32192809488736,-2.32192809488736,-1.32192809488736,0.20163386116965,0.765534746362977,0.0356239097307212,0
NQO1,0,-1.83976405472612,-2.42084312096005,-1.8339428159974,-2.13902523944684,-0.107667500081651,-0.81949165969986,0.172337132151176,-1.62349537225783,-1.76586069320495,-1.49316072374648
SLC25A42,0,-0.612976876890753,-0.700439718141092,-1.42742122373468,-2.96347412397489,-3.70043971814109,-2.96347412397489,-3.28540221886225,-0.809668787895851,-1.05658352836637,-1.28540221886225
METTL23,0,-0.219876823417665,-0.417557491257359,-0.417557491257359,-0.694785778673907,-1.08557573170607,-1.38760426915573,-0.489965986785409,-0.46368666198656,-0.611644543373662,-0.719447832908177
SLC26A11,0,-0.0280143761695966,0.299560281858908,0.299560281858908,-0.415037499278844,-0.893084796083488,-0.145850866463455,-0.085729874025884,-0.63435052768332,0.0410272682600546,-0.972519263577893
MAPK15,0,0.556393348524385,0.371968777386958,0.082462160191973,-2.50250034052918,-2.76553474636298,-2.28010791919274,-2.50250034052918,-0.443606651475615,-0.443606651475615,-1
EHMT1,0,-0.527931555684777,-0.699955023011087,-0.777607578663552,-1.06342538014163,-1.03533307311228,-1.2445380622164,-0.443761788315475,-0.0443032266168333,-0.526534272242972,-0.265363211893767
PJA1,0,0.16459718463221,-0.181940377599154,-0.0575410844899121,-0.356964533699133,-0.0826632747167134,-0.72957734263149,-0.521426843870821,0.104654644175928,-0.444974783432947,-0.384592628896931
DHTKD1,0,-1.26986643931622,-1.45470611476981,-1.45990502144413,-2.39373809747839,-2.8054628627164,-3.05008523143631,-2.13070369164459,-1.85254799878614,-2.48089004657347,-2.02675272760569
POLR2A,0,-0.10120607481639,-0.317155344580443,-0.197814398615782,-0.530750817679732,-0.956056652412403,0.455369593314062,1.54983427731755,0.595547251362322,-0.0475182039224022,-0.380744321724966
AATK,0,-0.929610672108602,-2.32192809488736,-3.32192809488736,-2.51457317282976,-3.32192809488736,-0.036525876025114,-0.321928094887362,-0.540568381362703,-1.67807190511264,-2.15200309344505
SGSH,0,0.233490130219779,0.623436648535792,0.0943273825481531,-0.0395283641866373,-0.42809365210429,-0.278716028066063,0.490986352512142,0.241757746203379,0.208399149256948,0.258152184454048
SETD2,0,-0.0326886187061746,-0.26538694616901,-0.208260183289629,-0.846822073394841,0.266214035082464,0.375570347941607,0.823633152499707,0.460232745010991,-0.16479215471352,-0.295723024539968
ATG9B,0,0.283792966000591,1.52083216330144,2.47643804394299,3.06140054466414,4.02718482932623,5.0782088323507,5.91938153979172,-0.0972972013549149,2.14177396112816,-1.93859945533586
SIAH2,0,-0.50290248549092,-0.513195240498754,0.216867493412765,0.47470299257224,0.731648233330269,-0.789373446561381,-0.933982827265487,-0.686783273659509,-0.902073579310743,-0.700439718141092
COPG1,0,-0.854234634176087,-0.624398244932743,-0.603982408378648,-0.783653954730474,-1.33084741257588,-1.96993512715801,-0.988927842501056,0.387829262332882,-0.490846173238878,-0.0239084919079752
SLC9A9,0,-0.0695409332530771,0.212660883318675,0.368686193397657,-1.76553474636298,-3.12398871727545,-3.82442843541655,-3.05183893151962,-0.758339244958773,-1.2545728270856,-1.19993757050875
SLC35C1,0,-0.141355849245542,0.0931094043914815,-0.251538766995965,-0.769387071858584,-0.528378972354789,-0.906890595608518,0.690044546778714,1.1243281350022,0.471621027645211,0.874469117916141
RNF41,0,0.0348774852008454,-0.442759640435401,-0.190964985705369,-0.218084112053567,-0.804416043386221,-1.22082427439848,-0.671028628108518,-0.149912609411988,-0.525033643464943,-0.412685917599446
SLC2A4,0,1.22239242133645,-1.58496250072116,-0.584962500721156,-1.58496250072116,-1.58496250072116,-0.584962500721156,0,0.736965594166206,-0.584962500721156,-1.58496250072116
FTMT,0,0,0,0,0,0,0,0,2.8073549220576,0,0.584962500721156
ADO,0,-0.334225453690747,-0.777607578663552,-0.548687114329606,-0.739937160697497,-1.5716656781077,-1.71049338280502,-1.11103131238874,-0.558490289359965,-0.460266753271842,-0.558490289359965
CHST15,0,-0.0633093915546807,-0.692076245206466,-0.508318970584584,-0.671377252538629,-0.146564895204033,0.163314374089428,0.772652450079921,0.0705122202668622,-0.532379868918343,0.0344274101411162
MGAT4C,0,0,2,2.58496250072116,1,0,0,0,2.4594316186373,1.8073549220576,0
IDH2,0,-0.521788302871448,-0.778785769860833,-0.718760998788616,-1.68449817427207,-3.02122327108751,-4.5336732720243,-3.32651536438301,-1.10149986043143,-1.3450117080004,-1.1242823358866
ENPP7,0,-1.58496250072116,-1.58496250072116,-1.58496250072116,-1.58496250072116,-1.58496250072116,-1.58496250072116,-0.584962500721156,0.736965594166206,-1.58496250072116,-1.58496250072116
UBA7,0,0.752907138035228,-0.506959988719883,-1.25238716163429,-3.33985000288462,-4.16992500144231,-3.75488750216347,-2.01792190799726,-1.45720695352278,-2.19010288337994,-0.888638891052296
EXT1,0,-0.630854501480569,-1.63226821549951,-1.50768057963486,-1.77487261094231,-0.574053601554217,-1.12279591436262,-0.973776679356392,-0.23806614837581,-0.574053601554217,-0.410482095933236
SHMT2,0,-1.49573273329663,-1.67207316449119,-1.6463630453853,-0.909005467779407,-1.51528897291435,-2.21282295988003,-1.8256290935265,-2.24214703935997,-2.08777596008844,-1.71871388960998
CYB5D1,0,-1.32462220405663,-1.17127142714983,-1.45137934634256,-2.2081081953302,-3.54252723440076,-2.3112016882943,-1.2205991395134,-0.0548619350345183,-0.881213847549489,-0.721793282541956
UBE2E2,0,0,0.0612144264879336,0.00890555322189206,-0.458873408128925,-0.502500340529183,-1.0407696058023,-0.369606070031838,0.51009969625045,0.335265894424515,-0.41652711741933
B4GALNT4,0,-0.0461701814329261,-0.143194635827791,-0.181329764714562,-0.562419932070068,-1.03448837638529,-0.818759685329854,-1.20732497324751,0.171186650006224,0.235316987425939,-0.112167740207166
LIPF,0,0,1,0,0,2.32192809488736,0,1,2,1.32192809488736,0.584962500721156
FES,0,0.0614005446641433,-1.52356195605701,-0.823122237915921,-1.20163386116965,-1.52356195605701,-1.52356195605701,-0.436099114806674,-0.879705766282288,-1.93859945533586,-1.43609911480667
LIMK2,0,0.112535942107814,-0.281367731562898,0.0669806315348857,-0.394614781525456,-1.55299816108508,-1.49249598810504,-0.89063830568733,0.724571737677879,0.41998734416292,0.531418519416445
ADI1,0,-0.768565927542954,-0.943491610043633,-1.02065947056609,-1.97386525908715,-2.53410067390593,-1.83845613934534,-1.3685827739864,-0.410811009375697,-1.01472651481235,-0.9119052669858
CSF1R,0,-1.13750352374993,-1.87446911791614,-2.4594316186373,-1.87446911791614,-3.4594316186373,-1.87446911791614,0.125530882083859,0.447458976971221,-0.211504105193712,-1.13750352374993
EPHB3,0,0.200977387320366,-0.198510327440964,0.232523101617146,-0.0327155751433783,0.604241563216039,0.612728029103868,0.377349966172939,-0.980720937505117,-0.751051350469743,-1.66476321193428
KRTAP11-1,0,0,0,0,0,0,0,0,1,0,0
HS3ST4,0,1,0,0,1,0,0,1,3.95419631038688,0,2.70043971814109
PLCB1,0,-0.222392421336448,-0.807354922057604,-1,-1.8073549220576,-1,-1.48542682717024,-0.807354922057604,0.402098443571346,-0.807354922057604,-1.8073549220576
TTC3,0,-0.223079582597779,-0.145475050447552,-0.0147970019280806,-0.970853654340483,-1.23066003732005,-1.47556782496952,-0.240365855076707,0.998379738923088,0.280835145138179,0.381452898565852
GSTA5,0,0,0,0,0,0,0,0,0,0,0
ALG12,0,-0.375039431346925,-0.127111917903339,0.0595887962898,-0.165586065717975,-1.22529231184224,-1.91560781270963,-0.432524926007685,-0.851477475289912,-0.812797007125852,-1.06215647606257
LCK,0,1.58496250072116,0,0,0,0,0,0,3,0,1.58496250072116
GALNT9,0,0,-1.58496250072116,-0.584962500721156,-1.58496250072116,-1.58496250072116,-1.58496250072116,-1.58496250072116,2.8073549220576,-1,-1
GLUD2,0,-0.0577154978562873,-1.83112308799055,-2.30319153230578,-3.00946032924907,-3.45003292063505,-3.16992500144231,-2.86507041991389,-1.93545974780529,-2.76553474636298,-2.2129937233342
SLC25A18,0,0,0.180572245641821,-0.447458976971221,-0.206450877467426,-0.206450877467426,1.04730571477836,1.41503749927884,-0.0489096004809464,-0.0489096004809464,-0.736965594166206
PYCR1,0,-1.07306346218972,-1.32862274746137,-0.921997487998727,-0.565062943283451,-1.10144526355955,-2.13039663725568,-1.72514015876942,-0.93897056660244,-1.28456756738344,-1.42696066665466
SLC8A1,0,-0.72329065726913,-0.605721060887954,-0.508696606493089,-2.36374827058199,-3.64385618977472,-2.69632360966886,-1.75077139369124,-2.14743036365523,-2.52047377426944,-2.34268665505416
SLC25A21,0,-2.24792751344359,-0.788495894806288,-2.24792751344359,-2.66296501272243,-1.44057259138598,-3.24792751344359,-2.24792751344359,-0.547487795302493,-2.24792751344359,-2.44057259138598
ABAT,0,-0.449525875664134,-0.596367263993406,-0.465122730715153,-1.70328246790992,-2.03448837638529,-1.70328246790992,-0.966316873743711,2.75025199490397,1.69606393364946,2.34558859853502
SLC25A10,0,-0.715270523066887,-1.4594316186373,-2.13750352374994,-4.1963972128035,-5.1963972128035,-4.78135971352466,-3.4594316186373,-1.57190634789571,-2,-1.75899190049621
CAMK1D,0,1.11547721741994,2.25633975325979,2.53282487738598,1.66717726400934,1.31657486039316,-0.0134205157623217,0.557995453120887,0.949016071281195,1.88535743405888,0.410019424512219
AFMID,0,-0.785495488093865,-1.13860523822951,-1.47883414985981,-2.25206328801279,-2.38956681176273,-1.92489854475928,-1.60715824683535,-0.222851366796303,-0.878604892485346,-0.0194025312225157
CHST6,0,2.8073549220576,3.58496250072116,3.70043971814109,2.32192809488736,0.584962500721156,0.584962500721156,-1,3.70043971814109,3.12928301694497,3.4262647547021
EPHA10,0,2,1,2,0,1,0,1.58496250072116,4.20945336562895,1.8073549220576,1.32192809488736
RIPK4,0,0.377166731616846,-0.554224825844286,-0.20406305022798,-0.392560157706714,-0.967362792207648,-1.12782746440089,-1.00583694002228,-0.185174974743163,-0.414390405730929,-0.804203078852634
URAD,0,0,0,0,0,0,0,1.58496250072116,2.4594316186373,0,0
TREX2,0,1.93490497177812,3.07240849552805,4.97323309043721,4.65062941837015,5.43609911480667,4.37606153202084,2.86673346913654,-0.043068721891886,2.70695302509977,-1.50250034052918
ACSM5,0,-0.584962500721156,-0.584962500721156,-1.58496250072116,-0.584962500721156,-1.58496250072116,0,-1.58496250072116,0.222392421336448,-1.58496250072116,-1.58496250072116
NDUFB1,0,-0.354294559327206,-0.576916216390027,-0.205458140431256,-1.25723656129568,-2.00538922943042,-2.3834689727106,-1.48220292629596,-0.674848004238351,-0.746139298424142,-0.884274534271633
MARCHF11,0,0,-1,-1,-1,-1,-1,-1,2.64385618977472,-1,-1
TRMT12,0,-0.49697911281502,-0.423915650625297,-0.0913403115384258,-1,-2.28263896377331,-1.74881531204395,-0.515838140066336,-0.360043467458912,-0.775080966737756,-0.665733570549395
UPP1,0,-2.02052232387335,-2.70605431763852,-2.28273020717471,1.43514639476716,3.80027840315567,3.14629899396057,2.63141344093623,-3.41775700063244,-1.30899586186852,-3.21021770739035
TBK1,0,0.056948236714613,-0.140588995935559,0.370189502701958,-0.484241861977638,-0.504279615214183,-0.621579568240937,0.078439191367512,-0.130821219686738,-0.39814530173129,-0.685917180496991
ACSM2A,0,0,1,0,0,0,0,0,2,0,0
ACP7,0,1.1650592462705,1.73039294024272,3.94854421680736,5.72668262090435,8.26486905457227,7.97145646360992,7.18937533108847,-0.68684211474037,1.70714993973064,-1.8349407537295
CHEK2,0,-1.59038617267618,-1.84853835713023,-1.72707484464456,-2.42863510267957,-3.27663200923452,-4.59856010412188,-2.94946726598101,-1.83399004856107,-1.92870870581421,-1.91844037036038
B3GALT5,0,-1,0,0,-1,-1,-1,0.584962500721156,1.4594316186373,-0.415037499278844,-0.415037499278844
NUDT14,0,0.263034405833794,-0.57190634789571,-0.78135971352466,-1.78135971352466,-1.97400479146706,-1.92337871839709,-0.78135971352466,-0.130308022345731,-0.0948591863414412,-0.321928094887362
SDR42E2,0,-0.584962500721156,-0.84799690655495,-0.362570079384708,-1.16992500144231,-0.169925001442312,-0.169925001442312,-0.584962500721156,-1,-1.36257007938471,-1.36257007938471
PRKX,0,-0.556567857531016,-1.13572473657097,-1.17091416503327,-1.6905852055027,-2.83128406841244,-3.03503073695149,-1.82426364073467,-0.60612954624974,-2.05749353390727,-1.49813962905283
KMT5A,0,-0.0503609611202669,0.0414666172953844,0.365317024313775,-0.786472636918312,-1.06841100047699,-1.43246457103703,-1.40599235967584,-0.775841085188425,-0.652076696579693,-1.0554951125917
ST6GALNAC3,0,0.134301091711591,-1.45066140900957,-1.65711228647699,-2.03562390973072,-1.89812038598079,-3.35755200461808,-1.77258950389693,-2.1096244911745,-5.35755200461808,-4.03562390973072
PTP4A2,0,-0.441146265609548,-1.13162695741327,-1.27787003982392,-1.827570503279,-1.51189903853143,-1.44582612387356,-0.358424557869715,-0.594072573126587,-0.741625321597622,-0.723517934864678
UQCR10,0,-0.704099834372885,-1.03491173611627,-0.486777173622941,-1.20426069640863,-1.69800478922404,-1.82508469596568,-1.617571450968,-0.993267161558806,-1.22339255658682,-1.0793778767932
LRRC51,0,-0.710493382805015,-0.877143252214467,-1.06558834162758,-1.40439025507934,-2.49185309632967,-1.79141337818858,-0.491853096329675,-0.352301743930881,-0.684498174272071,-0.526068811667588
UBE2F,0,-0.0959244199985356,-0.523034751577954,-0.179447775560819,-0.759641032134103,-0.487115177323012,-1.11407176670879,-0.547487795302493,0.247483402299278,0.193172282421455,-0.0780025120012732
PPP1R2,0,-0.337459246960349,-0.142976610788678,0.253901024958958,-0.514189426307775,-0.436994920511263,-0.897184456182482,-0.564952539989662,-0.364298203018237,-0.280875718593981,-0.70756553798301
PGP,0,-0.988684686772166,-0.988684686772166,-0.838937567267484,-2.13070369164459,-2.34482849699744,-3.18132976471456,-2.34482849699744,-0.838937567267484,-0.901221845521826,-0.977457431348912
DGAT2L6,0,-1,0,0,-1,-1,-1,-1,1.4594316186373,-1,-1
IRAK1,0,-0.963291284478933,-1.01285669270611,-0.65042327746595,-0.372793635676545,-1.26632948539537,-1.12536466340277,-0.578576865707845,-0.841975404567522,-0.828382925645642,-0.930394532514133
ACOT1,0,1.12553088208386,-0.211504105193712,0,-1.87446911791614,-1.87446911791614,-1.87446911791614,-2.13750352374994,-1.75899190049621,0.155278225477911,0.540568381362703
ALDH1A3,0,-1.22177522558762,-1.15839629185202,-1.81106365171156,-1.29714048792226,0.222656966132438,2.9380356980905,4.84521625351125,0.566947990583813,-1.84060792732558,1.47066800996084
PRKD1,0,0.106915203916512,-0.115477217419936,-0.893084796083488,-1.70043971814109,-0.700439718141092,0.62148837674627,2.42884329880387,0.15754127698648,-1.53051471669878,-1.11547721741994
ZDHHC23,0,0.463567393206503,0.639597757298002,1.24392558288609,0.102569733640548,-0.0462936522739349,0.85640914637115,2.20493145127023,0.441371647092306,0.70626879694329,-0.238938730216331
SRPK3,0,0.540568381362703,-0.289506617194985,-0.459431618637297,-1.87446911791614,-1.87446911791614,-0.289506617194985,0.447458976971221,0.184424571137428,-1.28950661719498,-0.0671141958585369
PLA2G6,0,0.72613856368185,0.467986379227803,0.418404350377242,-0.719099173372693,-0.332076050263445,-0.28203536776385,0.408280133103535,-0.0619868868957008,-0.798952481061907,-1.26573355543475
COPB2,0,-0.629657099991234,-0.789924598521798,-0.546613081225037,-0.937719536214463,-1.24918063205076,-1.44541691060892,-0.846751640272302,0.197731034163422,-0.749068012905053,-0.562523857773579
TXNRD2,0,-0.95238197976726,-1.4378088069375,-1.19680070743371,-0.826851097683401,-1.46428101829869,-0.348803800878757,-0.219168520462162,-0.619255678275034,-1.00971515483321,-0.818289084179977
PTP4A3,0,-1.46948528330122,-1.84799690655495,-2.58496250072116,-2.58496250072116,-1.71049338280502,-2,-1.84799690655495,-0.710493382805015,-1.71049338280502,-1.04064198449735
DUSP8,0,1.4594316186373,0.807354922057604,0.584962500721156,1.8073549220576,3.87446911791614,4.77698127301409,5.44294349584873,1.70043971814109,0.736965594166206,0.321928094887362
PDE4B,0,-0.334419039070559,-1.58496250072116,-1.85798099512757,-4.12101540096137,-2.27301849440642,-0.334419039070559,0.0489096004809465,-1.39854937649027,-2.53605290024021,-1.58496250072116
NDUFA12,0,-1.14666964914201,-0.949595046562757,-0.433320126128064,-0.680638978816436,-0.762572250302272,-0.979310141232815,-0.567040592723894,-0.620871972105024,-0.810966175609983,-0.824386691372305
UBE2G2,0,-1.19068356160911,-0.610208451880268,-0.662065653341074,-0.833350130590549,-1.68871042555899,-1.15746578471567,-0.459554302003236,-0.648925559453121,-0.828984938029147,-0.794530881700021
SATL1,0,0.0524674198941355,-0.362570079384708,0,-0.14017765804826,2.97982211806237,6.40529907443719,6.83733591919593,0.0264722113611912,0.404983834614921,-0.545434136534519
SDR42E1,0,0.0125780660794696,0.254164052649228,0.774867816605542,0.553459498336509,0.490111491092077,-0.203150624975968,0.0882057708928392,-0.548168197220863,-0.362931069012737,-0.883551336148578
USP18,0,0,-2.18762700317577,-2.94251450533924,-3.48308288670194,-4.94251450533924,-4.13515958328164,-3.03562390973072,-1.21459405077604,-2.16115479181458,-1.37265889700829
NDUFA6,0,-0.771731012326883,-0.850944190605287,-0.482681450431424,-0.992169885577576,-1.25247376057431,-0.927275835798879,-0.949847796220181,-0.446789978563273,-1.14547505044755,-1.02374860277261
SLC22A10,0,-1,0,-1,1,-1,-1,1.32192809488736,0,0.584962500721156,-0.415037499278844
DGAT1,0,-0.647547038099179,-0.869939459435627,-0.797183117000313,-1.40599235967584,-1.71297011309723,-1.21485087232383,-0.598637437618233,-0.125530882083859,-0.615915429050068,-0.515221429430595
NT5C1B,0,0.321928094887362,0,1,-1,-2,-1,-0.415037499278844,0,-0.192645077942396,-0.678071905112638
CA13,0,0.520007058880386,1.22044677702148,1.83813358360789,1.61637545335262,-0.821029858954681,-1.68352633520475,-1.51846708893425,1.01354653183795,0.611929548321426,0.598509032559104
SLC24A3,0,1,1.39854937649027,1.62803122261304,0.862496476250065,0.447458976971221,0.710493382805015,-0.137503523749935,-0.758991900496205,-2.13750352374994,-1.87446911791614
ADSS1,0,-0.528378972354789,-0.736965594166206,-1.42146376843828,-2.52837897235479,-2.64385618977472,-2.90689059560852,-2.76938707185858,1.52606881166759,-0.173536254994691,1.45768183668734
INPP5J,0,0.144389909335175,1.07400058144378,1.94189704543643,0.752072486556414,-1.24792751344359,-0.160464672193246,0.275634442613427,-0.29373120305671,-0.604071323668861,-1.54748779530249
PRMT3,0,-1.07615344149475,-1.27062356084548,-1.0634423897452,-0.819516806859111,-1.53001018966413,-1.6202079986357,-0.876741675552061,-0.959694464907371,-1.08415509839549,-1.04302284850627
PPIL6,0,0.700439718141092,-0.0931094043914815,0.459431618637297,-0.830074998557688,-0.0458036896131248,-1,-0.60768257722124,1.77478705960117,0.658211482751795,0.870364719583405
GALNT17,0,-0.584962500721156,-1.58496250072116,-1.58496250072116,-1.58496250072116,-1.58496250072116,-1.58496250072116,0.736965594166206,1.50250034052918,-1.58496250072116,-1.58496250072116
CDK10,0,-0.478147543133482,-0.387239046935272,-0.517784515370827,-0.692741593909523,-1.52989111822748,-2.06311004385464,-0.75295911674363,-0.460660116404641,-0.676949621865931,-0.509769522306707
ATP6V0A2,0,-0.050626073069968,0.0840234536248139,0.460807392229223,-0.138368967711634,-0.967915022160413,-1.09614073232234,-0.348119949647135,-0.315453760726812,-0.175749701787428,-0.49584657784519
PRKN,0,1.03747470541866,1.33703498727757,1.30666133823405,-0.662965012722429,-1.66296501272243,-1.92599941855622,0,1.05585323473352,0,0.109624491174498
HS6ST3,0,0,0,0,0,0,1,2,1.58496250072116,0.584962500721156,1.32192809488736
MAPK11,0,-0.591037015130841,-1.8073549220576,-2.25096157353322,-2.50250034052918,-3.43538614467065,-3.57288966842058,-2.43538614467065,-0.0493277123635683,-0.394971876224738,0.399802985583683
SMYD3,0,-0.699798092584201,-1.44792579303771,-1.28893626927655,-2.54946381949977,-2.00514330327596,-2.88649880677734,-1.46200097824943,2.105768733759,-0.519716476105718,1.3002019074158
TMT1A,0,-0.196984013666733,-0.578478467150957,-0.463498988235489,-5.91994674843396,-7.0574502721839,-7.79441586635011,-5.57202344501366,-0.120812333181329,-1.18462151264901,-0.822872312399334
ROR1,0,0.0453239905094903,-2.23266075679027,-2.23266075679027,-2.85414913353654,-1.85414913353655,-1.60039254129076,-1.60039254129076,0.284614936419307,-0.623851514114751,0.41119543298445
PDE6G,0,1.32192809488736,1.32192809488736,0,0,-1,0,0.584962500721156,0.321928094887362,-0.415037499278844,-1
PRKG1,0,1.55254102302878,0.793549122532574,1.26303440583379,-1.09953567355091,-1.09953567355091,0.415037499278844,2.18057224564182,1.22239242133645,-1.09953567355091,-2.58496250072116
PDIA2,0,0.678071905112638,-0.736965594166206,-2.32192809488736,-0.736965594166206,-0.736965594166206,-1.32192809488736,-0.736965594166206,0.84799690655495,-1,-1
P4HB,0,-0.477552489385289,-0.357462133111414,-0.432044613524162,-0.812003184554522,-0.947121784626605,-0.87294478375881,-0.637546126418084,-0.143805199819905,-0.728839916536116,-0.403925098374329
UBE2L3,0,-0.654892444739579,-0.904758977839179,-0.782303550002237,-1.14487362938694,-0.659032175100503,-0.703231979011038,-0.735653456703415,-0.612127710509933,-0.918340289476013,-0.870754490238046
SLC52A2,0,-0.569071127951265,-0.315096061404937,-0.408962984869159,-0.0846122277149413,-0.928741316830178,-0.772399287660791,-0.270357746639653,-0.36420153386241,-0.535596423400177,-0.486797124921722
PIGP,0,-0.148098638989134,-0.280736407567253,-0.499571009490512,-1.74284216050288,-2.31315788525963,-2.14809863898913,-1.60266450245462,0.0433274316641007,-0.0446690493337284,-0.386008450667312
PCYT2,0,0.141083873556002,-0.309741954513618,-0.758887308112726,-2.03998168549151,-2.70248078668369,-3.26984922739011,-2.36470841373155,-1.22784170086853,-0.882536822782534,-0.607229398313512
NAT8L,0,0.662965012722429,-0.777607578663552,-1.58496250072116,-0.263034405833794,-1.58496250072116,-1,0.321928094887362,1.4374053123073,-2,-1.26303440583379
BCAP31,0,-0.856053740882702,-0.960943768239244,-0.852895705967789,-1.14310351153181,-1.54533972858756,-1.84033224450388,-0.962077516856246,-0.65153618227069,-0.788125450577551,-0.562433471700778
THNSL1,0,-0.584962500721156,-1.1926450779424,-1.14755718841386,-2,-2,-2.08246216019197,-0.662130361243616,-0.0458036896131248,-0.511713518690518,-0.0252667586104301
ATP6V0C,0,1,0.584962500721156,1.32192809488736,1,2.70043971814109,2.58496250072116,3.58496250072116,2.24792751344359,0.584962500721156,0.807354922057604
TMLHE,0,-0.228818690495881,-0.408639728080693,-0.871266685877797,-1.09953567355091,-1.34617564113404,-2.27462238010901,-1.05889368905357,0.070389327891398,-0.674229838818243,-0.370837695368309
GRK1,0,0,-1.58496250072116,-1.58496250072116,-1.58496250072116,-1.58496250072116,-1.58496250072116,-0.584962500721156,0.222392421336448,-1.58496250072116,-1.58496250072116
ATP4B,0,0,1.58496250072116,1,0,0,0,0,2.4594316186373,0,0
NDUFA13,0,-1.22239242133645,-1.22239242133645,-1.22239242133645,-1.22239242133645,0.280107919192735,-0.485426827170242,-0.807354922057604,2.96082940271932,0.192645077942396,0.280107919192735
CYP2R1,0,0.268558452305431,0.183391069042754,0.430634354329862,-0.759275755891295,-2.08746284125034,-2.16808130145862,-1.49208372458384,-0.253472792689269,-0.159813685475024,-0.492083724583845
PIP5K1C,0,0.251538766995964,-0.263034405833794,-0.182864057149811,-1.14438990933517,-0.868755466721747,-1.14438990933517,0.736965594166206,1.52654581449583,0.502500340529183,0.64110557875869
CYP4F2,0,-0.584962500721156,0,-0.263034405833794,-1,-1,-1,-0.584962500721156,0.115477217419936,-1.26303440583379,-1.58496250072116
POLR3C,0,-0.334254844562798,-0.919217345283954,-0.9408042074921,-1.55506101500729,-1.5330347086773,-1.51133963757798,-0.334254844562798,0.0224840141513791,-0.649650865953407,-0.511339637577976
WWOX,0,0.32930762525296,-0.323470259695768,-0.370518832500199,-1.84799690655495,-2.70043971814109,-2.41093310094611,-1.37851162325373,-0.473759938401546,-1.5665839714063,-0.969497911602656
CYP4Z1,0,-1.58496250072116,0.415037499278844,0,-1.58496250072116,-1.58496250072116,-0.584962500721156,-1.58496250072116,1,-0.584962500721156,-1
POLR1D,0,0.384380913376036,-0.322759379866218,-0.376767482351127,-1.12492661190083,-0.284805028505013,-0.714427320330454,-0.630980669639053,-0.357474096203245,-0.61880595569295,-0.924711872695763
ZNRF1,0,-0.111645355828909,-0.0627357553479626,0.103622631074157,-1.23266075679027,-2.4671260104273,-1.91073266190291,-1.4671260104273,-0.22367197356302,-0.162271428898877,-0.345135486048688
SLC51B,0,0,0,0,0,0,0,0,0.584962500721156,0,0
CYP4F12,0,1.07170146535419,0.885288341123307,0.228941207165386,-3.38773015328311,-3.38773015328311,0.221079089392415,1.90259594421843,-1.80276765256195,-3.6507645591169,-2.6507645591169
GPAT2,0,-0.415037499278844,-0.125530882083859,-1.58496250072116,-2.58496250072116,-2.58496250072116,-1.58496250072116,-1.58496250072116,-1.41503749927884,-1.26303440583379,-2.26303440583379
PPP1CC,0,-0.542269980014718,-0.742959032486961,-0.425894965945262,-0.651367876083885,0.0612891918478548,-0.0339927810143529,-0.157144881775967,-1.65376836755433,-1.47439786712226,-1.64061481978701
SLC36A3,0,1.8073549220576,0.584962500721156,-1,1.58496250072116,0,0,2.16992500144231,0.584962500721156,0,-0.415037499278844
SLC36A2,0,1,1,0,0,0,0,1.58496250072116,2.4594316186373,0,0.584962500721156
RXRA,0,-0.0873561790576306,-0.749918316870743,-1.06754769797745,-1.71588199287133,-1.90532700656441,-2.65012754738761,-2.10132470996188,-1.57956818059674,-1.36070209218758,-1.74133365989237
CYP4X1,0,1,2.11547721741994,0.736965594166206,-0.584962500721156,-1.58496250072116,-0.584962500721156,0,1.87446911791614,0.584962500721156,0.874469117916141
CYP4F8,0,1,0,0,1,1.58496250072116,3.70043971814109,4.95419631038687,2,0.584962500721156,0
CYP4F3,0,0.485426827170242,0.445625819112267,0.580375231225504,-1.22239242133645,-1.15965666598849,-2.62678267641578,-1.28798076296402,-0.868755466721747,-1.62678267641578,-0.919829651316017
UBE2H,0,-0.0806685598745994,-0.419402691840246,-0.352951042510409,-0.464799030788076,1.00398985683581,1.52614952413738,1.38892341506783,0.344130495330166,-0.0544058750609975,0.352404651538261
PDE2A,0,-0.415037499278844,-1,-2,-2,-1,0.321928094887362,0.584962500721156,2.20945336562895,-0.678071905112638,-0.678071905112638
BCDIN3D,0,0.0500406824995956,-0.794681092022494,-0.432111012637785,-0.502500340529183,-1.16146342269412,0.082462160191973,-0.105610187960599,-0.443606651475615,-0.478653598574815,-0.722890408954484
BCR,0,-0.382976290046545,-0.215205880743179,0.188417521026175,0.217753526532928,0.673166787990988,0.937894498057775,1.22123409526789,-0.0862813418820269,0.00337314869795568,-0.00338105390485047
HYAL3,0,0.31034012061215,-0.321928094887362,0.485426827170242,-0.473931188332412,-0.943416471633632,-2.05889368905357,-0.943416471633632,0.356143810225275,0.678071905112638,-0.251538766995965
ZDHHC17,0,-0.547044548320394,-1.49197316582672,-0.866168570331053,-1.51375010822197,-0.465206256263932,-0.527529535235764,-0.420812136905479,0.635301494469927,0.0313538427432699,0.0162370569878115
PPARA,0,-0.0590141596010804,-0.672877158404642,-0.864863922376734,-1.97421131856509,-1.91850188597881,-1.42373719422923,-0.374181369754997,-0.441295565613534,-0.49937163206608,-0.308259976809293
PNLIPRP1,0,1,0,1,0,0,0,1,2.16992500144231,0.584962500721156,0
PTRH1,0,1,-1,-1,-1,0.584962500721156,-1,0.584962500721156,0,0.321928094887362,-0.415037499278844
CYP4A11,0,2,2,2.8073549220576,0,0,0,0,3.08746284125034,2.32192809488736,1.32192809488736
PLCD1,0,-0.357105494325146,-0.739783147158429,-0.735450726362396,-1.66784503217154,-0.302411211640705,-0.0691881235393913,0.0654006758575481,-0.512903816077801,-0.828704335366011,-0.616649708276577
ENTPD5,0,-1.1027595744252,-1.11247472925841,-1.72201525270023,-1.5405683813627,-2.39119075732448,-2.23446525363702,-0.929610672108602,-0.688932897744405,-0.904075580001464,-0.866600874582802
AKR1C1,0,-0.554689489607356,-1.75207248655641,-1.84157063739552,-2.67807190511264,1.17706353674353,-0.185303102601228,1.03656612923143,-0.615062107586837,0.0365661292314303,-0.030921889612871
GCNT1,0,-0.824913293441909,-0.4623432140572,0.505235308250422,-1.59664430576879,-1.70626879694329,-1.82491329344191,-0.354283468199748,1.23562824849314,0.505235308250422,1.13856083053298
KCNJ11,0,1.50250034052918,0.736965594166206,1.58496250072116,0.584962500721156,1,1.66296501272243,0.874469117916141,0.321928094887362,0,-1.58496250072116
SIRT7,0,0.0294772010768338,-0.288404060747827,-0.264358586781176,-0.371579543595068,0.00330514472367191,-0.371579543595068,0.117512048562469,-1.01664026568783,-0.600766178945189,-0.873366561468983
USP7,0,-0.44413861867961,-0.21697311510564,-0.140231931430288,-0.644687474753581,-0.829631842344438,-0.743629324447217,-0.0926662481782323,-0.319437110025255,-0.62148837674627,-0.581144747133844
NHLRC1,0,-0.716207033999409,-0.682259702076071,-1.20163386116965,-1.78659636189081,-0.523561956057013,0.350907161859128,-0.750972452160085,-0.0972972013549149,-1.43609911480667,-0.665580960929441
COX8C,0,-1,-1,0,-1,-1,1,0.584962500721156,1.4594316186373,-0.415037499278844,0
DHRS4L2,0,0.48076168150168,0.161751069996612,0.232834168058095,-0.91301669840536,-1.60962455495543,-2.467605550083,-1.66025062802539,-1,-1.18220333122075,-1.68624583655834
B3GLCT,0,-0.0636773719400483,-0.705744323597192,-0.429226688399776,-1.34452952382449,-1.49793943848379,-0.755354771816425,-0.237840323674543,-0.404280331269545,-0.365242232474789,-0.970405217811704
SLC18A3,0,0,0,0,0,0,0,1,3.16992500144231,0.584962500721156,0
ADH1A,0,0,-2,-2,-2,-2,-2,0,2.32192809488736,0,-2
PLA2G2C,0,0,0,0,0,0,0,0,1.8073549220576,0,0
RNF133,0,0,1,0,0,0,0,1.58496250072116,1,0,0
PLA2G4E,0,0.119298928372344,1.57386479183783,2.01853595143743,3.16623524229325,2.26614031670162,0.271302021817394,0.781058178349377,0.288375535176336,1.70934134645785,-0.70823387562289
MAPK12,0,-0.987288948250446,-1.39391420771309,-2.5722514489716,-2.36074734377789,-2.42786153963643,-1.91328836680667,-2.01282404035758,0.283108845996834,-0.242750134379439,0.0806878455655608
TMPPE,0,-0.415037499278844,-0.192645077942396,-0.277533975528909,-1.07400058144378,-0.321928094887362,-0.567040592723894,0.446256229889564,0.070389327891398,0.0443941193584534,-0.310700839464108
PRKAR1B,0,-0.908576972236406,-1.61218396945618,-1.83457639079263,-2.18687813472351,-2.98657948423768,-2.93411206434354,-1.59171986689647,-0.793099754816469,-1.04102726826005,-0.947051120051041
PLA2G2A,0,0,0,0,0,0,0,0,1,0,1.32192809488736
HYKK,0,-0.263034405833794,0.180572245641821,-0.321928094887362,-1.90689059560852,-2.09953567355091,-3.32192809488736,-0.658963082164933,-0.234465253637023,-0.658963082164933,-0.62148837674627
SBK1,0,0.321928094887362,0.321928094887362,1,-2,-0.415037499278844,0.321928094887362,0,2.6724253419715,-2,-0.678071905112638
SLC38A3,0,0,1,1,2,1.58496250072116,0,1,2.70043971814109,2,1
PPP3R2,0,-1,-1,-1,-1,-1,-1,-1,1,-1,-0.415037499278844
SLC24A5,0,0.768329765075541,0.59023744276183,0.362570079384708,-0.835369298227201,-0.779874185635497,-0.463400520840243,1.35018635492888,-2.37851162325373,-4.70043971814109,-1.8073549220576
DUSP28,0,0.384663850235325,-0.415037499278844,-0.584962500721156,-1.36257007938471,-0.215728691055437,1.57154198495883,1.93859945533586,-0.082462160191973,-0.388565287917653,-0.921997487998727
FBLL1,0,-0.807354922057604,-1.8073549220576,0.192645077942396,-1.22239242133645,-0.485426827170242,0,0.192645077942396,1,-1.8073549220576,-1.8073549220576
ASAH2,0,-0.485426827170242,-0.222392421336448,-1.22239242133645,-1.22239242133645,-0.807354922057604,-0.807354922057604,-0.222392421336448,0.0995356735509144,-1,-0.222392421336448
DPYD,0,0.235628248493142,-0.984569959430394,-1.23537806293093,-1.95419631038688,-2.68117781598046,-2.89530262133331,-1.60842147354515,-0.590791579523354,-1.21723071622067,-0.596644305768792
IDO2,0,0,1,0,0,1,0,1,2.4594316186373,0,0
SLC4A5,0,-2,-0.777607578663552,-0.584962500721156,-0.584962500721156,-0.415037499278844,-1.26303440583379,0.222392421336448,-0.192645077942396,-0.777607578663552,-1.77760757866355
UROS,0,-1.06920727535424,-1.28688114778816,-1.10509706247753,-2.31182750491839,-3.69369814026204,-3.4901647461769,-1.83120166401197,-0.337212823338306,-1.04460530212117,-1.01017180505729
ZDHHC9,0,0.174754919046507,0.222807048452648,0.748530345799128,0.520656224881602,0.640950458599314,0.274119139148899,1.31319328490975,0.268105395381216,0.264485079702519,-0.379673213526537
DUSP29,0,0,0,0,0,0,0,0,2.16992500144231,0,0
PLA2G2E,0,0,0,0,0,0,1,0,0,0,0
ZDHHC11,0,0.440572591385981,-0.485426827170242,-1.69187770463767,-2.8073549220576,-1.48542682717024,0.757429696725922,1.09953567355091,-0.807354922057604,-2.8073549220576,-3.39231742277876
ENTPD8,0,1,1.58496250072116,0,0,1,1.58496250072116,1.58496250072116,3.08746284125034,1,0
LRRK2,0,0.894009304311786,-0.447458976971221,-0.976153258045632,-4.32192809488736,-3.32192809488736,-1.90689059560852,-0.497499659470817,-0.929610672108602,-0.497499659470817,-1.64010405491362
HACD4,0,-0.497404842012211,-0.394232884139548,-0.264647256802095,-2.09838474007074,-4.07782341758842,-3.97285385798688,-2.55781635870803,-0.772320870614168,-1.65599675264694,-1.54835602945897
DUSP21,0,0,0,0,0,0,0,0,0.584962500721156,0,0
NDUFA4,0,-0.4034792333155,-0.44932748654351,-0.0136417810213868,-0.767694834972826,-1.07869896146732,-1.89398029287889,-1.38472187485137,-0.599219447303974,-0.820206161163384,-0.93266427707141
MAOA,0,0.28652708556704,-1.29672301727843,-1.5940470720477,-1.28479280719545,-0.959474123107311,0.123439514178282,-0.0524932207765392,-0.252069620913925,-0.614698959506334,-0.342802762658817
FHIT,0,-0.485426827170242,0.514573172829758,0.684498174272071,-0.559427408614019,-1.22239242133645,-1.8073549220576,-0.106915203916512,1.0630097975258,0.731803889050427,0.258734268400168
ALG1L1P,0,0.222392421336448,-1,-1.36257007938471,-1.36257007938471,-3.16992500144231,-1.58496250072116,-1.58496250072116,-2.84799690655495,-0.362570079384708,-2.58496250072116
PTPRT,0,0.584962500721156,-1,0.584962500721156,1,0.584962500721156,-1,1,2.24792751344359,-0.415037499278844,-0.415037499278844
SERPINA3,0,1,2.32192809488736,1.58496250072116,2.8073549220576,1.58496250072116,0,1.58496250072116,1.32192809488736,1,0
AKR1C3,0,0.656413023982865,-0.0684797378827666,-0.0289513736961291,-2.33151414371656,-1.19401061996663,-3.23840473932508,0.733138814625693,0.613344302090979,-0.450502179933647,0.0880247477972242
ACADSB,0,0.0375723068151001,-0.701867893516811,-1.03467257765478,-3.17373661539233,-3.65916344256257,-3.17373661539233,-1.77163817182099,-0.0742009418414171,-0.897169053904845,-0.797869713394165
CTSE,0,-1.32192809488736,-2.32192809488736,-1.32192809488736,-1.32192809488736,-2.32192809488736,-2.32192809488736,-2.32192809488736,-0.15200309344505,-1.32192809488736,-2.32192809488736
PPIA,0,-0.631559755682133,-0.835876138058655,-0.55423718291528,-1.11974458843027,-1.48706734362637,-1.62254690594452,-1.47195639398664,-0.885838041922402,-1.00375647698649,-1.25347872340038
ATP2A1,0,-0.485426827170242,-0.637429920615292,-0.637429920615292,-1.48542682717024,-3.8073549220576,-0.807354922057604,-0.485426827170242,-0.807354922057604,-1.34792330342031,-1.34792330342031
IARS1,0,-1.24674675082886,-1.35056024824316,-1.01902482568176,-0.673794267777125,-1.32824186881956,-0.794536456912868,-0.546422038869098,-0.884280496066624,-1.32370105276298,-1.31309584135249
POM121,0,-0.408805545567329,-0.117039421190219,0,-0.485426827170242,-0.622930350920177,-0.222392421336448,0.882960578809781,0.384265150484027,-0.622930350920177,-0.137503523749935
STK31,0,0.678071905112638,0,-0.736965594166206,-2.32192809488736,-1.32192809488736,-2.32192809488736,0.263034405833794,1.32192809488736,-1.73696559416621,0.678071905112638
ADH7,0,2.74474294475793,3.09888566451046,2.98037119325107,0.18286405714981,-1.40209844357135,-2.62449086490779,-1.40209844357135,0.636036685315425,-0.351472370501378,-0.12199052437861
NUDT11,0,-0.832445903020435,-0.794971197601772,-1.06542307499805,-1.1734828208555,-0.67665123041301,-0.883976203660517,-2.23907116248308,-3.57787307593484,-1.83244590302043,-3.37993369832293
FUT4,0,-0.53051471669878,-0.37851162325373,-1.11547721741994,-0.893084796083488,1,1.38702312310925,0.106915203916512,0.584962500721156,-1.89308479608349,-0.793549122532574
PTPN1,0,-1.01700249536484,-1.40479972110622,-1.49440318199616,-1.74794430190328,-1.9329761957358,-2.05162069223442,-1.49440318199616,-1.27401311357086,-1.35562687912452,-1.18994884878239
EPHB4,0,-0.872486576665733,-1.75667412163748,-1.43367378958379,-1.21711168688675,-2.2928611075733,-2.74067364294377,-2.19151186365046,-0.761374551807199,-0.805768671165653,-0.772854048692917
ASMT,0,0,0,0,0,0,0,0,0,0,0
PIK3R4,0,-0.21007574128618,-0.501444801910242,-0.461016376001235,-0.883548411827003,-0.990977487535552,-0.870251589213546,-0.241831132808613,-0.552299688963163,-0.674095046198054,-0.613296351711964
SIAH1,0,-0.0388890133935948,0.246311048242667,0.807354922057604,0.730813367184611,1.51955261107487,0.543443231282889,0.640168002744611,-0.264570004745019,0.24954216950568,-0.493892919990083
GK2,0,0,0,0,0,0,0,0,0.584962500721156,0,0
NCOR2,0,0.159545855662313,-0.192645077942396,-0.369233809665719,-1.19930880822341,-0.486590760303878,0.274622380109006,1.29846912206337,0.398950515111207,-0.365481674804611,-0.199308808223407
SULT1A1,0,-0.756728848987636,-2.4447848426729,-2.8073549220576,-2.8073549220576,-2.61470984411521,-3.29278174922785,-2.61470984411521,-2.15527822547791,-2.22239242133645,-2.91427012597412
TPK1,0,-1.87446911791614,-1.65207669657969,-1.13750352374993,-2.87446911791614,-1.65207669657969,-2.87446911791614,0.184424571137428,0.295455883526171,-0.758991900496205,-0.652076696579693
SLC6A9,0,0.34444553144879,-0.0327899351176695,0.101695397069351,-0.521537120579523,-1.8033080889949,-1.77529371282531,-1.66837850890879,-2.32598631146172,-2.40964424050863,-2.8033080889949
MAN2A2,0,-1.20163386116965,-0.856805364172209,-1.47045061959745,-0.962847001582534,-1.61667136044849,-0.636036685315426,0.294061301454418,-0.564719280813773,-1.06413033741972,-0.564719280813773
ADH1B,0,0.584962500721156,0,-1,-1,-1,-1,0,1.16992500144231,-1,-0.415037499278844
UGT2B15,0,0,1,0,0,0,0,0,0,0,0
WNK3,0,0.246639967583125,0.38414349133306,0.845277405201358,-0.712718047919529,-0.390789953032167,-0.882643049361841,0.492396381985084,-0.456378294659743,-1.56071495447448,-1.10128333583718
DAPK1,0,0.97593224003817,0.22994977251453,-0.162650337644558,-1.29304697490023,-0.765534746362977,-0.139095609665662,1.49937694671149,2.71707156174489,1.10975385185971,1.4728699929621
GM2A,0,0.176221487499196,-0.405209789515226,-0.3455499168909,-1.00757776581691,-0.869008983760229,-1.13267455882246,-0.452296280871482,0.35214337925023,0.0935344736108776,-0.126414543501605
ADA,0,-0.935148855650032,-1.98351187721143,-2.39854937649027,-2.68805599368526,-3.35548065459839,-3.63558857379112,-3.53605290024021,-1.33441903907056,-1.9037846847407,-0.943097608765523
SLC39A10,0,0.366888235978397,-0.10352602033682,-0.0474787101668833,-0.520888572561908,-0.295573832677272,-0.77021291849243,-0.663613852418947,1.02635426221009,0.934306053188919,1.03492758249973
FUT11,0,-1.42164023410309,-1.56046793880041,-1.17859730345676,-1.30718150951818,-2.25908722131713,-2.06054154193505,-1.06054154193505,-0.937159126429769,-0.827880785144776,-0.461904104316818
GAL3ST4,0,-0.142957953842043,-0.557995453120887,-0.821029858954681,-2.55799545312089,-3.14295795384204,-2.9205655325056,-2.14295795384204,-1.7279204545632,-2.47999294111961,-2.7279204545632
SLC25A29,0,-0.362032061462795,-1.5588327688965,-1.42132924514657,-3.33327306848137,-2.58120058192496,-3.45191756497999,-3.08934748559528,-0.806413522323784,-1.15493582722286,-1.06156432908174
PGAP1,0,-0.090404661798786,-0.844154840260556,-0.867362231421881,-2.20891913305818,-2.43295940727611,-2.08586073665384,-0.798830849751066,-0.700039025167849,-1.06782681382358,-1.12029423371771
SRC,0,-1.00998408857262,-1.13551497065648,-1.44294349584873,-1.47025084184446,-1.07837106355287,-1.14281977127971,-0.834134253173204,-0.255096586409154,-0.825292376421397,-0.498085050041189
ACSL5,0,0,-1,-0.321928094887362,-0.736965594166206,-1.73696559416621,-1,0.37851162325373,-0.0740005814437769,-0.514573172829758,-0.862496476250065
SULT1A2,0,0,2,0,0,1,0,1,0,1,0
NEK5,0,-0.547487795302493,-0.341036917835067,-1.24792751344359,-1.66296501272243,-2.24792751344359,-1.92599941855622,-1.92599941855622,0.366782330671623,-0.389946518316013,-1.34103691783507
SLC22A4,0,-0.637429920615292,-1.8073549220576,-0.637429920615292,-2.22239242133645,-2.8073549220576,-2.22239242133645,0.440572591385981,0.684498174272071,0.237039197300849,0.0506260730699681
ENTPD4,0,-0.203842024964668,-0.574814545345073,-0.683286334603262,-1.24214006899371,-1.9412421003993,-1.18957705890303,-0.792719575689207,0.308513924114017,-0.433638482384379,-0.0268389560578884
SLC2A7,0,1,0,0,0,0,0,0,2,0.584962500721156,0.584962500721156
SERPINA1,0,0,1,1.58496250072116,3.58496250072116,4.08746284125034,4.39231742277876,4.08746284125034,3.32192809488736,3,2.58496250072116
TPSB2,0,0,0,0,0,0,0,0,0,0,0
FITM2,0,-0.043068721891886,0.304854581528421,0.745427172914402,-0.170986196812623,-1.21956637725768,-1.47865359857482,-0.794681092022494,-0.628031222613042,-0.32724189478383,-0.715903978638377
TRIM33,0,0.00919335408262187,-0.0632921529510855,0.0105019211028469,0.13450602622265,2.16126190407544,2.09001813464033,2.18173430373195,0.479769192308316,0.417505754869593,-0.36964559646483
UAP1L1,0,-0.918699897898152,-1.43609911480667,-2.58496250072116,-3.64909283814087,-1.55393560510053,-0.860596943334584,-0.600729816579473,-1.03170885972734,-1.66558096092944,-1.42202392959495
SLC22A5,0,-0.223929656474846,-0.977135891648263,-0.968090752045256,-2.29001884693262,-2.00461662807037,-1.39520108362467,-0.6035183197494,-0.489118947012314,-1.04209133348903,-1.11509316443194
DIO3,0,0,0,0,0,0,0,2.8073549220576,1.8073549220576,0.584962500721156,0
CYP2B6,0,1.58496250072116,0,0,0,0,0,0,3,0.584962500721156,0
FABP12,0,0,0.584962500721156,0,-1,0,-1,-1,1.70043971814109,0.321928094887362,0
SHPK,0,0.0588936890535686,-0.777607578663552,0.169925001442312,-1.12553088208386,0.807354922057604,-0.777607578663552,-0.125530882083859,0.369233809665719,-0.158697746019058,0.222392421336448
MAP3K5,0,-0.0554951125917036,-0.308381563049415,-0.342489417369679,-0.8306800289884,-1.46488604872941,-2.49525969777292,-1.47999294111961,0.858544071323189,0.152275274379899,0.597609877004359
OGDHL,0,0.137503523749935,-1.73696559416621,-2.32192809488736,-3.32192809488736,-2.32192809488736,-2.32192809488736,-1.73696559416621,3.09592441999854,0.321928094887362,-0.514573172829758
CYP2F1,0,0,-1,-1,-1,0,-1,-1,0.321928094887362,-1,-0.415037499278844
GSTK1,0,-0.157641169321011,-0.561137046717164,-0.643937351769677,-1.78225274669517,-2.79571500650173,-3.08422009985164,-1.85085656069419,0.0610217496173797,-0.528928465806828,-0.341210068944359
SLC2A10,0,0,2,1.58496250072116,-1,0.584962500721156,1.8073549220576,2,3.61470984411521,1,2
SLC28A3,0,1.33498424771281,2.10535300014623,2.60306430709647,3.21063445046028,3.70379873023101,3.05232103513008,2.98765160757236,1.63508598014699,2.13177902974904,-0.0901978089715781
MIB2,0,-0.131490496119337,-0.825110060359956,-0.699579178276098,-1.18724447764234,-1.51113408886299,-1.36651052578353,-1.14475239552826,-1.52841208029482,-1.15621758202171,-1.29084625585146
PIGN,0,0.128454019756625,0.345249169121981,0.842473402375559,0.104514167663731,-0.300147578850893,-0.422691071822279,-0.106093389573077,-0.341138698853197,-0.151155197422472,-0.721149879527642
TOPORS,0,-0.0588414638534365,-0.0825358931049213,0.16560116717496,-0.468232399991138,-0.334201068148008,0.269079954191372,0.525685769089221,0.584126640303285,-0.203609361387603,-0.276129301483678
BCO2,0,1.5405683813627,3.14789869511231,4.57674199391619,4.16262020081908,3.67499470158363,3.22706890854592,3.07972719247073,0.73039294024272,3.26508223448265,-0.652076696579693
ENTPD6,0,-0.977545149172304,-1.52267822246681,-1.58496250072116,-1.29738591062457,-1.69514541847158,-2.19345353693855,-0.37964359274365,-1.17897014104532,-0.776395738994744,-0.0350759311383554
ENPP1,0,-1.71620703399941,-2.52356195605701,-1.93859945533586,-2.93859945533586,-1.71620703399941,0.231325546106456,0.833990048561071,-0.569365645670138,-1,-2.71620703399941
FAR1,0,-1.02540284759632,-1.57683878053591,-1.63086175520305,-1.96777603001426,-2.16955474735562,-2.00296545847656,-1.5658341883471,-1.17456121290339,-1.13092716681518,-1.1829441245828
RPE,0,-0.816184610774248,-0.665187230190343,-0.477265799454185,-1.04641778532788,-1.56605403817109,-2.33243436141139,-1.28296568514709,-0.890097005229343,-0.768392512317332,-1.20082518891955
PSAP,0,0.357763853666111,-0.139838343980341,-0.280462511693387,-1.47612514990948,-1.56255268789265,-1.16660935010104,-0.765497519205897,0.215497723336138,-0.37064087301096,-0.0258553296464992
TXNRD3,0,-0.908576972236406,-0.900164732420205,-1.04102726826005,-2.09761079662642,-2.86699786848501,-2.54506977359764,-1.66821800437051,-0.139077413921807,-0.730239730977893,-0.437686238224044
SLC9A8,0,-0.237394584675695,-0.951090399519053,-1.6253202383373,-1.59494658929378,-2.17990909001493,-1.22571277962806,-0.16868183459168,0.0868774506799668,-0.74528086237821,-0.557857270558558
CYP2A13,0,1,0,0,0,0,0,0,0,0,0
GPAA1,0,-0.531691706395624,-0.410632320158843,-0.618437205272244,-0.945454176832406,-1.9505610672655,-1.29569655331418,-0.723790205418473,-1.18623057392811,-1.19529465635635,-1.33188920493756
UGT2B17,0,0,0,0,0,0,0,0,1.32192809488736,0,0.584962500721156
SLC22A12,0,2.32192809488736,1,0,0,0,0,1,2.32192809488736,0,0.584962500721156
ADH5,0,-0.752184791630075,-1.81407651212805,-2.06515599274854,-2.4157489124373,-2.76352436086994,-3.37248885168029,-2.11050712377784,-0.6063043053973,-0.898210448121566,-0.494723126503865
SLC22A6,0,1.58496250072116,0,0,0,0,1,1,2.58496250072116,0,0.584962500721156
PLCG2,0,-0.742503777707636,0.12691211248222,-0.919381539791715,-1.68805599368526,-1.12101540096137,-0.919381539791715,-0.512206158285842,0.364411426208876,-0.784732013096934,-0.273018494406416
DNM3,0,1,1.2556548754682,1.35107444054688,-0.70781924850669,-0.444784842672896,0.0577154978562874,0.535037275389474,1.64267799857744,1.85696537027684,0.67069237474704
ELOVL2,0,0.736965594166206,-0.584962500721156,-1.58496250072116,-1.58496250072116,-1.58496250072116,-0.584962500721156,0.736965594166206,1,-0.263034405833794,-0.584962500721156
IRAK4,0,-0.00936210320369118,-0.108495295222943,0.0638868788269473,-1.53362867223729,-2.68743400831633,-2.43445326714646,-1.21494623685359,-0.522862241368223,-1.11859117295845,-0.707103988456462
MARCHF5,0,0.340253908295689,0.326086576369095,0.525242289135162,0.0865876849960907,0.549834277317554,1.03380897045388,1.22026612022806,-0.249415595102994,-0.033097688176231,-0.394363931014094
AKR1B10,0,-1.39366384848628,-1.65669825432007,-1.27167332410767,-3.54252723440076,-3.36564947231668,-6.48112668973662,-2.78068697159552,1.26146345362347,-0.83246951369807,-0.538612184397376
SULT1C4,0,-1,-1,-1,-1,-1,0,0.584962500721156,1.58496250072116,0,-1
CYP2A7,0,0,-1,-1,-1,-1,-1,-1,1,-0.415037499278844,-0.415037499278844
NUP62CL,0,-0.884522782580064,-1.1926450779424,-2.1926450779424,-2.26303440583379,-4.26303440583379,-3.77760757866355,-3.58496250072116,-2.15869774601906,-2.06140054466414,-2.45567948377619
ADH4,0,-1.58496250072116,-1.58496250072116,-2.58496250072116,-2.58496250072116,-1,-1.58496250072116,0.584962500721156,2.1963972128035,0.321928094887362,-0.777607578663552
CHSY3,0,0.115477217419936,-0.415037499278844,0.115477217419936,-2,0.736965594166206,0.415037499278844,1.36923380966572,1.39231742277876,-2,-0.263034405833794
HIBCH,0,-0.846259766018893,-1.7120744186245,-2.08963721248468,-3.02926459450519,-3.15264701001048,-3.12711191790334,-1.53373717736598,-0.213487610929617,-0.695559331841479,-0.337950112611705
MAN1A2,0,-0.140235685931709,-0.232760276041434,0.0376059291016964,-0.909095844738255,-1.38855494864886,-1.3945226719085,-0.445495845122302,0.0166787411466304,-0.635598728502244,-0.561134403537148
HSD17B11,0,0.630766190334281,-1.41814341014667,-1.49476469174958,-3.81669278663694,-2.88380698249548,-2.23173028591578,0,-0.468769483216634,-0.92739625104316,-1.56187888760812
SULT1C2,0,0,-1.58496250072116,0,0,-1.58496250072116,-0.584962500721156,1,2.54432051622381,0.584962500721156,-1.58496250072116
SLC29A3,0,-0.222392421336448,-0.222392421336448,-1,-2.8073549220576,-1.8073549220576,-1,0.584962500721156,0.893084796083488,-0.222392421336448,-1.34792330342031
UCKL1,0,0.198683994423736,-0.457617288017682,-0.532667993278943,-0.844129089115237,-0.695606564405149,-1.68000970935413,-0.546743178490666,-0.312277924853643,-0.747493306070117,-0.450984195685235
PIM3,0,-0.445823624698494,-0.624260125996324,-0.208155939023127,-0.168714033652977,1.17453278255786,0.656098849499297,1.0476629722657,-2.33165260477918,-1.28873763096022,-2.42151321729232
ASPH,0,-0.462137276573318,-1.0458236206072,-1.13053858425645,-1.98953448976066,-2.22342254993494,-1.92242029390212,-1.18709505811717,-0.108555832647206,-0.91774380669265,-0.248342695547451
WWP2,0,-0.855842990018126,-0.463104157848057,-0.416668584857772,-0.14387521256165,0.334587666858828,0.877577897104668,1.30915645170323,-0.586185641990597,-0.486894721182808,-0.65382435886596
GFPT1,0,-0.700720644057838,-0.960107272876488,-0.564878254677824,0.492152690358555,0.188284567016184,-0.0444994601668599,-0.00450139223494078,0.109240773814248,-0.619933469061115,-0.473899977718107
NTRK1,0,0.584962500721156,-1,0.584962500721156,-1,0.584962500721156,0.584962500721156,0.584962500721156,2,-1,-0.415037499278844
OGA,0,-0.0409272712376247,0.136444220688107,0.269053860100574,-0.0409272712376247,0.192853063964653,0.250290220798706,0.904336857616094,0.176749755780736,0.345529306554786,0.00912313787517945
TXNRD1,0,0.2782587658184,0.0358007214278468,0.894106830932206,1.15535220035504,2.12990428805522,2.14336825721711,3.43187377790553,0.0986493239768437,0.898488719232946,0.195210406341255
B3GNT6,0,1.58496250072116,0,0,0,0,0,0,2.70043971814109,0.584962500721156,0
SLC34A3,0,-0.222392421336448,0.362570079384708,0.514573172829758,-0.807354922057604,-1.22239242133645,0.362570079384708,0.514573172829758,0.893084796083488,-1.22239242133645,-1.22239242133645
TLK1,0,-0.402523745507572,-0.514289707843899,0.033347257188437,-0.453243503115441,0.420484440861517,-0.601929708183414,0.527611447617856,0.47003641408719,0.0197092551754754,-0.337139435787364
AKR1C4,0,1,0,0,0,0,0,1,1,0,0
NCOA6,0,0.171271427149829,-0.0121747139461022,-0.113458049783284,-0.609415544445695,-0.0874628412503394,0.160464672193246,1.16587816837961,0.506061672974241,-0.324962154976996,-0.528495549062128
STK39,0,-1.03791241629608,-1.24896729369824,-0.794935662803536,-0.838879010391133,-0.657432139053601,-0.838879010391133,0.157397903566149,-0.327656182343554,-0.51397934897248,-0.335504044166239
TAT,0,0,0,0,1,0,0,2,3.58496250072116,1,0.584962500721156
CALM1,0,-1.03355038006931,-1.02900645492437,-0.704660772473546,-1.29158725439036,-1.1316239449012,-1.66006537023498,-0.918773500061621,-1.04746011444469,-1.14672229130457,-0.936925280369988
PAPSS2,0,-0.443606651475615,0.234465253637023,0,-1.50250034052918,-1.38702312310925,-0.0874628412503394,0.719892080807265,0.141355849245542,-1.13326653086346,-1.08746284125034
ABCA4,0,0,1,1.76553474636298,-0.321928094887362,0.263034405833794,0.678071905112638,0.485426827170242,2.23266075679027,0.485426827170242,1.76553474636298
GPX6,0,0,1,0,0,0,1,1.58496250072116,1.32192809488736,0,0.584962500721156
ECI2,0,-1.57383912224945,-2.34670566792176,-2.38119404430705,-2.8924468588452,-3.26930116423615,-4.12593698906498,-3.03160960651682,-0.782721257179653,-1.567206029917,-1.200964034473
SMURF1,0,0.296762790981147,0.10220051004446,0.432000255480493,0.281353351658742,0.886188882129734,1.11203338064714,1.48844958589868,0.749385525848475,0.563623976355454,0.723962928968568
CDC42BPB,0,0.0721938247381458,0.0721938247381458,0.137667662215427,0.0807558382415698,0.0875690506250616,-0.184670813855442,0.448060726736312,0.502606549903906,0.169323000581965,0.224454519298225
PLXNB3,0,-0.79836613883035,-0.62148837674627,-0.862496476250065,-2,-1,-1.32192809488736,-0.234465253637023,0.548436624696042,-0.62148837674627,-0.391190757324476
OXCT2,0,1.8073549220576,2,0,1,0.584962500721156,0,-1,1.4594316186373,1.32192809488736,0.321928094887362
COLGALT2,0,-0.736965594166206,0,-1.32192809488736,-2.32192809488736,-1.32192809488736,-1.32192809488736,-1.32192809488736,1.67807190511264,-0.736965594166206,-1.32192809488736
PNP,0,-0.599083608965809,-0.483242579908366,0.484757518394197,1.08783017289864,2.56108539870322,3.36726818178406,2.89140235269644,-0.160878032123744,-0.255559285271647,-0.117039421190219
GK,0,1.25669287895997,1.43576894086293,1.56457071188998,0.54908546439256,1.13750352374993,1.4635673932065,1.02260142893713,-0.0541557700469054,-0.186151315856896,-0.955145764215739
INPP5F,0,-0.228206817280705,-0.59478793057723,-0.648351206992638,-1.35049724708413,-1.17810820569034,-1.37286506011259,-0.648351206992638,0.0834893549957007,-0.448052556506807,-0.228206817280705
UBE2J1,0,-0.290170535771308,0.210825094007417,0.938209801034801,0.926470964578035,0.76095922763838,-0.217174712065429,0.143465081988652,0.107874974463644,-0.0696054674858667,-0.624708679513913
STYXL2,0,1,0,0,0,0,0,1,2,0,0
CES1,0,0,3.54432051622381,4.84130225398094,4.93859945533586,7.06249592573376,5.90689059560852,4.96962635095648,4.41503749927884,2.87446911791614,1
ASB12,0,1,0,0,0,0,0,0,0,0,0
PRMT6,0,-0.290255874568818,-0.357762693927095,-0.591719866896465,-1.26573355543475,-3.41953889151378,-2.65400414515081,-1.41953889151378,-0.507847309641445,-1.62252591367764,-0.137840641414955
MAP3K3,0,-0.312342046058164,-0.637857449153281,-0.484657594925471,-1.86424625820002,-2.17570735403632,-1.608232280044,-0.836501267717121,-0.263034405833794,-0.553567304445622,-0.383328639551506
L1CAM,0,-0.57550217147209,-0.633217669328377,-2.34103691783507,-2.66296501272243,-0.57550217147209,-0.547487795302493,0.646890249864358,3.09303525080811,2.39050840054689,3.1518844458821
DZIP3,0,-0.7331132686706,-1.43837000310947,-1.50250034052918,-4.29896694644405,-3.54689445988764,-2.59269814950076,-1.07928890980464,-0.366985369872702,-1.63400512365767,-0.965693877962679
APRT,0,-0.856894382858919,-1.04504647977693,-1.18039833267182,-1.54889324601363,-2.22849262087287,-2.73609623888778,-1.92791384617894,-1.8303649001041,-1.59675036055267,-1.47571984326064
NAGA,0,-0.888884807554203,-1.16540244275162,-1.29834127456975,-2.19620848953279,-2.40825896664778,-2.76056071057866,-1.79158760619929,-1.06722204881271,-1.47279921884249,-1.32362771618061
TGM2,0,-1.16992500144231,-2.16992500144231,-1.58496250072116,-0.84799690655495,-1.58496250072116,-1.58496250072116,0.15200309344505,2.15200309344505,0.637429920615292,2.11547721741994
PJA2,0,-0.608261949559812,-0.129739253192132,-0.197170364685994,-0.80674683140966,-0.704093654347307,-1.03821115824258,-0.556357571390361,0.230536898785604,0.146762906346883,0.451447428932349
SGMS1,0,0.390854984700274,0.527560189676234,0.947248333224659,-0.806396002088177,-1.68422413209423,-2.08970280294823,-1.90114661307371,-0.302711992650077,-0.0992616313730768,-0.825534648497436
EEF1AKMT2,0,-0.387992676264615,-0.885007477710069,-0.908466450534058,-1.41293903339485,-2.62975042246799,-2.88500747771007,-1.08431628593348,-0.725461622047756,-1.04478792174684,-1.33935790101374
DDO,0,1.58496250072116,-1,-1,-1,-1,-1,-1,0,-1,0.321928094887362
PLPP4,0,0,0.415037499278844,0,0,0.415037499278844,2.11547721741994,1.73696559416621,4.47031993478003,2.54432051622381,4.55458885167764
PNLIPRP3,0,0.196288906430502,-0.147245644646236,0.395547401830981,-0.534624017613446,-0.41226041460827,0.106191717841228,0.128704257112889,0.0250961159769019,0.250871470480419,-0.0846362143314859
HSD3B1,0,1.58496250072116,0,1,0,1,0,1,1.58496250072116,0.584962500721156,0.584962500721156
HSD3B2,0,2,0,0,0,0,0,0,0.584962500721156,0,0
GLYATL3,0,0,0,0,0,0,0,1,1,0,0
GLT6D1,0,1,0,1,0,0,0,0,0.584962500721156,0,0
INPP5B,0,-0.327403224953513,-0.578419654854384,-0.300233023788043,-0.69389687227432,-1.08091999538357,-0.915111102413487,-0.247381141522308,-1.0354053361312,-1.59153515464464,-1.75161237013061
NEU4,0,0,1.58496250072116,0,0,1,0,2,3.58496250072116,0.584962500721156,0
ZDHHC18,0,-0.335038177213624,-0.068018423428651,0.403124177735343,-0.113501193222659,0.0649554418407698,0.182525038221946,0.51029570128314,-0.411877158385516,-0.142019004872428,-0.681873475272494
AWAT1,0,1.8073549220576,0.584962500721156,2,0.584962500721156,0,1.8073549220576,1.58496250072116,1.70043971814109,-0.415037499278844,-1
BMPR2,0,0.35556569158765,0.196800707433707,0.264061600637521,-1.2556548754682,-1.50929823078908,-1.42080334497017,0.0425246166465569,0.99505925872973,0.561759553058158,0.403896941673643
RING1,0,-0.222392421336448,-0.889817082249577,-0.551015168797819,-0.911190733042144,-0.551015168797819,-1.8073549220576,-1.19592020997526,-0.445898462983604,-0.758111403037755,-0.729352410056331
HSD17B8,0,-0.0120058532601541,0.0197903657600073,-0.0445186667786446,-0.563207948080635,-1.85598969730848,-2.07358113238111,-1.74495838491974,-1.16445553238928,-0.648096845667148,-0.785600369417083
RNF5,0,-0.352077705567066,-1.00351448417624,-1.09803208296053,-2.14383577257365,-2.34314458079706,-2.4541758931858,-1.95507412911848,-0.582332244676484,-1.02835855515372,-1.08308174149456
AGPAT1,0,-0.431488020059438,-1.15527822547791,-1.11220950358602,-2.02974734339405,-2.74024072619907,-2.02974734339405,-1.52724700286487,0.565199245899726,-0.13897641314881,0.117740268928505
STK19,0,0.33469539096124,0.774933444365227,1.18410393661207,0.7796099315747,-0.633872101202102,-0.0995356735509144,0.372333048324606,0.122856747785533,-0.00401306250662335,-0.201834249397056
SDHD,0,-0.669599523827286,-0.967127045214002,-0.842649829543115,-1.60917873814198,-1.87446911791614,-1.51114665518145,-1.01112623798038,-1.71284633423204,-1.22223849281767,-1.62333680113864
EHMT2,0,-0.855964866282226,-1.26353111612993,-1.68254846632132,-2.37503943134692,-3.40103463987987,-3.62780550172689,-1.90626994813029,-0.588069749479681,-0.963225832942367,-0.946380161504444
SLC44A4,0,-0.0931094043914815,-1,-4,-2.41503749927884,-1.67807190511264,-1.1926450779424,1.64385618977472,-2.1926450779424,-2.41503749927884,-1.29956028185891
NEU1,0,0.598437516830686,0.426470070859515,0.748923642001417,0.226674539835065,1.52302442496437,2.47745856182774,2.47999294111961,-0.22092163413506,-0.00265120143379906,-0.525715685967406
VARS1,0,-1.74013287324489,-1.18723158175603,-1.2200215168737,-0.780321963360588,-1.94871949505631,-2.49304001128012,-1.38064877373392,-0.796716401611257,-0.836416525431514,-0.637825450443921
CSNK2B,0,-0.575114714764809,-0.356934544715276,0.787455364619899,0.729038678394577,0.439532061199592,-0.102361717629678,-0.167456745851563,0.93429675294917,0.211054877402167,0.0769619818148841
DDR1,0,-0.0664954117869068,-0.865650771118825,-1.05070343974331,-1.97636634349627,-2.07103933693185,-1.91177281698826,-0.434666306027776,0.702437911037935,-0.15718722861493,0.290392521454256
SLC35B4,0,-1.29295391881345,-1.74502214903726,-1.9693394472982,-2.21895333736968,-3.1258439329782,-2.98288597913615,-1.30141549756165,-0.395656871443051,-1.07056149747701,-0.702377811628771
CDKL4,0,1.84799690655495,0.84799690655495,0,0.678071905112638,-0.321928094887362,0.263034405833794,0.84799690655495,1.37851162325373,0.485426827170242,1.26303440583379
FABP9,0,0,0,0,0,0,0,0,0,0,0
PDE7A,0,-0.413223928906913,-0.778385521546187,-0.335603031784439,-1.54205390925187,-0.464886048729405,-0.864973206542278,0.0402638702137273,-0.0302578210926807,-0.453658793306151,-0.491427836181897
MGAT4D,0,0,1,0,0,0,0,0,1.58496250072116,0,0
NT5M,0,-0.761840262805236,-1.82597060022495,-2.11547721741994,-2.28540221886225,-2.11547721741994,-2.47804729680464,-1.96347412397489,-2.28540221886225,-1.76184026280524,-1.76184026280524
CPT1B,0,-0.115477217419936,-0.893084796083488,-0.37851162325373,-0.893084796083488,-1.70043971814109,-1.11547721741994,-0.241008099503795,-0.700439718141092,-0.37851162325373,-1.70043971814109
LCMT1,0,-0.179748083927954,0.296981737757132,0.144978644312081,0.129989470092628,-0.266335768924045,-0.858754074564249,0.1998405793466,0.072350844224684,0.269888076874856,0.231783471849354
ACOT6,0,0,0,0,0,0,0,0,0.584962500721156,0,0
TECRL,0,0,0,0,0,0,0,1,1,0,0
PLPP6,0,0.393663848486277,0.246437895303099,0.441316824077693,-0.341508463856879,-1.65005752894304,-1.48260078309148,-0.271545905689311,0.0791187171176026,0.141355849245542,-0.482600783091478
ZDHHC11B,0,1,0.719892080807265,-0.180572245641821,-4.08746284125034,-1.28010791919274,0.912537158749661,1.12199052437861,-0.563900885193326,-2.76553474636298,-2.50250034052918
ATP10A,0,-0.338801913451759,-0.104336659814736,-1.10433665981474,-1.51937415909358,-1.61890983264449,-1.10433665981474,0.931287249915986,-1.33880191345176,-3.84130225398094,-2.84130225398094
HACD2,0,-0.487619212026455,-1.10438966207565,-1.2447068660002,-1.32741531655262,-1.12813511251549,-1.05363260994662,-0.625271372729752,-0.963023683358627,-0.96474671597821,-0.791759966695554
METTL6,0,-0.143063049091835,-0.223233397775819,-0.0101242172737073,-0.466384379279064,-0.793549122532574,-0.776167044304337,-0.0357500249492019,-0.208586621811417,-0.388381867277791,-0.473370809595171
GPX3,0,-0.00573636954914446,0.820381602353844,0.611434712082347,0.136462242549272,0.490325626583081,0.444784842672896,1.06163906579239,1.3890422907459,1.07120695049242,1.22361868153853
DIO2,0,2.61890983264449,4.42306587303478,7.09627591105665,4.49032562658308,3.93635750454919,5.18416692401809,5.32621545329046,1.96082940271932,1.59067615191555,-2
DIO1,0,-1,-0.415037499278844,0,0,-1,0,1.90689059560852,1.16992500144231,-0.415037499278844,-2
STK38L,0,0.15019685874756,-0.00695946858927712,0.271341693897827,-0.215236066752593,-0.262756724177487,-0.139865978229115,-0.106594806748769,1.15332160556342,0.392647990119961,0.911234813064173
SACM1L,0,-0.0207585601667973,-0.442782489761748,-0.389743479114934,-1.24663996758313,-1.85982234195174,-1.68397250655232,-0.587909784771493,-0.455847737906754,-0.73451411517211,-0.90321493746512
TSSK1B,0,0,0,0,1,0,0,1,1,0,0
NUP62,0,-1.12391260368548,-1.50695998871988,-1.76494116682739,-1.63941028474353,-1.88041838424733,-2.25238716163429,-1.58496250072116,-0.805871430882274,-1.24885547066403,-1.3027606841494
KLHL23,0,-1.31625934480067,-1.8594016698272,-1.70328246790992,-2.40372218605101,-2.98868468677217,-2.03448837638529,-1.15579467260742,-1.20732497324751,-1.48089004657347,-1.28824496863107
LTC4S,0,0,1,1,1,0,0,0,0.584962500721156,0,0
QTRT1,0,-1.34944915765127,-1.38187063534364,-1.49552741713921,-1.09534787658748,-1.90270279864509,-2.64490504117744,-1.88710594359407,-1.49552741713921,-1.1926450779424,-1.17359932225185
CHUK,0,-0.212606977710594,-0.274601264769107,0.191007698308132,-0.269858153513088,-0.26355816515735,0.033642843827636,0.411760879562654,-0.395102074871806,-0.502282163584966,-0.509718752426747
GSTM2,0,1.55254102302878,1.10805974585745,0.341036917835067,-1.68449817427207,-3.16992500144231,-1.68449817427207,-0.736965594166206,0.53051471669878,0.473931188332412,-1.36257007938471
LCAT,0,-0.222392421336448,-0.257157839497124,-0.292781749227846,-0.405256478486259,-0.32930762525296,0.362570079384708,0.67069237474704,-0.274859841230583,-0.781819829950467,-1.57031572475675
HEXA,0,-0.70781924850669,-1.4183126313117,-1.15527822547791,-2.19967234483636,-2.74024072619907,-2.24547603444949,-1.02974734339405,0.370183263494584,-0.563047724292716,-0.0147970019280806
NDUFS3,0,-0.845450224444604,-1.11123524129443,-1.02571717010837,-1.53732792908227,-2.00510689043309,-2.36329852930722,-1.50803362228823,-1.21688028074954,-1.18176223749462,-1.04399590382668
PPP1CB,0,-0.105376688047426,-0.12246421693105,-0.157607421868484,-0.763472547915591,-0.713908451368283,-0.815075231218353,-0.357019573620873,-0.902383358941886,-0.573517114536379,-0.963567930343194
TREX1,0,0.264647256802095,-0.324350757154218,-0.560957037710367,-1.86161651584408,-2.41181359840456,-2.31227792485364,-1.33652547110032,-1.69560656440515,-2.06942140095748,-2.04924351901985
DDAH2,0,0.928446738974966,1.10108612511431,1.38268212596646,0.769180219031376,-0.0553430338437749,-0.644341047800088,-0.190430656876954,1.43668915689875,1.78389594923362,1.48736463141173
UGT2B11,0,0,0,0,0,0,0,0,0,0,0.584962500721156
ATP6V1G2,0,-0.736965594166206,1,0.84799690655495,-2.32192809488736,-0.736965594166206,-0.736965594166206,0.485426827170242,1.48542682717024,0.678071905112638,-0.15200309344505
MDP1,0,0,0,0.584962500721156,-1,-1,-1,-1,1,-0.415037499278844,-1
CSNK1E,0,0,0.0430687218918859,0.448915509190738,1.00891472480775,1.89010093764467,1.73039294024272,1.88526778390872,0.245205644044453,0.416527117419331,0.129169459147207
GALT,0,0.142957953842043,-0.955605880641547,-0.666099263446562,-2.67807190511264,-2.94110631094643,-2.88452278258006,-1.91253715874966,-0.410036818220477,-0.332297068270907,-0.590609063862298
GANC,0,-0.435783080842455,-1.14991504071082,-1.30722704554093,-2.72892827510079,-3.18613522862357,-1.79265387271118,-0.327311291584266,-0.193796930331638,-0.997315915428789,-0.886383924580884
WEE2,0,-0.415037499278844,-0.415037499278844,-2,-2,-2,-2,0.321928094887362,1,-0.192645077942396,-1.41503749927884
ALG3,0,-1.08277767578446,-0.653609847670726,-1.03803936101917,-1.34354190799342,-1.74953426766926,-2.21348136742905,-1.11726605216975,-1.30991113011214,-0.926804119724742,-1.29010264903196
NEURL1B,0,-0.50635266602479,-1.75077139369124,-3.01825170455622,-4.52521169327611,-5.31370758808239,-5.38082178394093,-5.18817670599853,-3.31370758808239,-4.60321420527738,-3.64385618977472
AS3MT,0,0,0,0,0,0,0,0,2,0,0
STARD10,0,0.457256154479081,0.310725747657942,0.622982107724462,-0.173416399960902,-0.305089032660957,-0.976283931026192,-0.715211041525685,-0.242458044390554,0.00497310054963601,-0.608062183864895
CSKMT,0,-0.144389909335175,-0.485426827170242,-0.932885804141463,-0.977279923499917,-0.807354922057604,-0.0230836131130413,0.192645077942396,-0.911190733042144,-0.748461233004036,-0.729352410056331
ACSM4,0,0,0,0,0,1,2.58496250072116,0,0.584962500721156,1,0
UBE2QL1,0,3,2.32192809488736,1.58496250072116,1,1.58496250072116,1,2,3.24792751344359,0,0.584962500721156
CYB5RL,0,-0.830074998557688,-0.192645077942396,-1,-0.830074998557688,-1.83007499855769,-2,-0.245112497836531,-0.870716983055034,-0.955605880641547,-1.83007499855769
PAPOLB,0,0,0,0,0,0,0,1,1.32192809488736,0,0
PPP3R1,0,-0.756915183510451,-0.747812976403199,-0.626067704050829,-0.92114457928876,-0.190331212104149,-0.381215832182108,0.177708807637525,-0.630243380022023,-0.498453507466481,-0.339596742980369
PPP2R2A,0,0.210864632947293,-0.0181982165835353,0.330742143657807,0.193398377954754,1.10087460175921,1.35215103671683,1.95147142799579,0.0347414974317789,-0.0858939098465142,-0.283268889573848
FADS3,0,-0.477321777533186,-2.44930740136359,-2.50589092972996,-2.97982211806237,-2.82781902461732,-3.06228427825434,-1.7921951148866,0.472304699951694,-0.041222662726513,0.074254554693423
PPT2,0,0.69389687227432,0.920031695296585,1.71559194337364,0.456857674973471,-1.28010791919274,-2.28010791919274,-0.650057528943041,0.00705475753395043,0.154123145319419,-0.814444346843924
USP17L2,0,-1,0,-1,0.584962500721156,1.8073549220576,0.584962500721156,0,-1,-1,-1
CKMT1A,0,-1.08406426478847,-1.20435849850619,-1.64045761331286,-1.58496250072116,-2.99095486039699,-3.22542011403402,-3.22542011403402,-3.40599235967584,-1.99095486039699,-2.82102985895468
CERS1,0,-1,-1.58496250072116,-1.58496250072116,-1,-2.58496250072116,-0.584962500721156,-1,-0.415037499278844,-1.26303440583379,-0.263034405833794
GPX5,0,0,0,0,0,0,0,1,0,0,0
SLC26A6,0,-0.458882752341581,-1.01545365240651,-1.41138232873765,-2.67324903313911,-2.77478705960117,-3.16992500144231,-2.33738174729388,-1.11657557684938,-1.0651288114307,-1.16499270590008
PGAM4,0,-2,0.584962500721156,0.807354922057604,-0.415037499278844,-2,0,-0.415037499278844,0.700439718141092,0,-0.678071905112638
AKR1B15,0,-0.415037499278844,-0.830074998557688,-0.540568381362703,-3,-4,-2.41503749927884,-1,2.71424551766612,0.614709844115208,0.807354922057604
DHFR,0,-3.55458885167764,-3.65646846569685,-3.76609295687135,-4.20666554825733,-5.55458885167764,-5.69209237542757,-3.15603947518736,-3.90549601353677,-3.84409546887262,-4.84409546887262
SAPCD1,0,-2,-1,1,0.807354922057604,-2,-2,-1,0,-0.678071905112638,-0.678071905112638
GK3,0,-1.32192809488736,0.263034405833794,0,-1.32192809488736,0.485426827170242,-0.321928094887362,0.263034405833794,0,0,-2.32192809488736
PRPS1L1,0,0,0,0,0,1,0,0,1,0,0
CYP21A2,0,0,0,0,0,0,0,0,0,0.584962500721156,0
GPX1,0,-1.13572473657097,-2.22536194905564,-1.82076619649845,-1.46091561846733,-1.80340503583701,-2.04519776310849,-1.41932878159428,-0.813796641683604,-0.875499511378377,-0.460235262387336
APOC2,0,0,0,0,0,1,0,1,0,0.584962500721156,0
RPEL1,0,0.736965594166206,0.736965594166206,-0.584962500721156,-0.584962500721156,-1.16992500144231,-2.16992500144231,-0.84799690655495,-0.46948528330122,-0.84799690655495,-0.84799690655495
B3GALT4,0,1.55705650415127,1.200912693926,1.35795640407158,0.156969346338399,-1.05062607306997,-1.799087306074,-0.334419039070559,-0.050626073069968,0.103950964038908,0.0727563424353141
PPIAL4G,0,0,0,1.58496250072116,0,1,0,1.58496250072116,0.584962500721156,1.32192809488736,0
B3GNT9,0,0.395062799517578,0.0143552929770701,0.0565835283663675,-1.62148837674627,-2,-2.43440282414578,-1.62148837674627,0.241840183564671,-0.483984852996335,-0.535331732996556
CKMT1B,0,-0.590015728447441,-0.767553913999629,-1.05134688000022,-1.37851162325373,-2.20567502639151,-2.9119438233348,-2.4594316186373,-3.4594316186373,-2.01012421727371,-2.60528248510075
AMY1A,0,0,0,0,0,0,0,0,0,0.584962500721156,0
MPC1L,0,0,0,0,0,0,0,0,1.58496250072116,0,0
RNF103,0,0.506305556846158,0.5592170878846,0.979241439833203,0.52688643426861,1.29937625289751,2.30415339315939,3.1881295968199,0.668841579059099,0.976251397227391,-0.0974341509056266
MEIKIN,0,0,0,0,0,0,0,1,2.32192809488736,0,0
NME1,0,-2.05607592440609,-2.06048110352609,-1.67216094262303,-1.79524242676557,-2.67891830879833,-3.40240067360092,-1.99577541413827,-0.501487072728451,-1.68570747446097,-1.52945740991574
ADSL,0,-1.22169361045289,-2.16416990933192,-2.36017556424433,-1.94244897743784,-2.47789752311742,-3.04256046222805,-1.81523995739475,-0.927415548170373,-1.43758006792993,-1.16416990933192
AMY2B,0,0.605721060887954,0.822212880784717,0.461331151552779,-1.3536369546147,-1.52356195605701,-0.860596943334584,0,1.01559685505102,-0.131244533278253,0.0104166159453384
ACAD11,0,1,0.736965594166206,-1.58496250072116,-1.58496250072116,-0.584962500721156,-0.584962500721156,0.415037499278844,0.222392421336448,0.222392421336448,-0.584962500721156
PPIL3,0,-0.338210873756303,-0.717004852435318,-0.695145418471579,-1.85965692372753,-2.63495063655283,-3.14556579581391,-1.53449045477362,-0.604071323668861,-0.925999418556223,-0.796231543585894
AQP1,0,1,-0.584962500721156,0.736965594166206,-0.584962500721156,-1.58496250072116,-1.58496250072116,1,1.50250034052918,1.11547721741994,0
RDH14,0,0.0455407839101851,-0.503201528898218,0.203644076891653,-0.742584666667366,-1.46786845578594,-1.77820857639809,-1.13666254731056,-0.51217168240277,-0.0645127615547287,-0.680597779771666
PLCXD2,0,0.0931094043914815,0.0473057147783568,1.46814883573841,2.64000386427912,4.20945336562895,5.31831684133498,4.49825086752783,1.08179409116365,1.19114148735201,-0.480625840906421
MIF,0,0.678071905112638,-1.32192809488736,-2.32192809488736,-2.32192809488736,-1.32192809488736,-1.32192809488736,-0.321928094887362,0.37851162325373,-1.32192809488736,-1
NSUN6,0,-0.470629825242161,-0.501880759226601,-0.460361489788334,-1.19052190604943,-1.87199238762393,-2.39045947655818,-0.754422791242752,-0.0568810219318899,-0.865203221961289,-1.02248401415138
CRCP,0,-0.379465261081263,-0.661641560615227,-0.387756634712654,-0.749732890240084,-1.32670260020771,-0.522767739113812,-0.275801701907672,-0.215523689983563,-0.705014969950883,-0.415037499278844
RPL36A,0,-0.567888987362215,-0.347923303420307,-0.619727918881833,-1.0703893278914,-2.65535182861255,-0.868755466721747,-0.534336427651188,-0.23581293709877,-0.729352410056331,-0.988595236727751
PDXP,0,-1.16992500144231,-0.84799690655495,-3.16992500144231,-3.16992500144231,-0.362570079384708,-0.84799690655495,0.289506617194985,0.736965594166206,-0.46948528330122,-0.584962500721156
EGFL8,0,0,0,1,1.13750352374993,0,-1.32192809488736,0,0.37851162325373,-0.15200309344505,0.584962500721156
ATP5MF,0,-1.19984696508626,-1.3946940709925,-1.30360614906025,-1.89132978945846,-2.42138394907723,-2.14444872642717,-1.04425443837457,-0.321648746442131,-1.10906584836369,-0.633833567166099
UGT1A1,0,-0.263034405833794,-1,0,-0.584962500721156,-1.58496250072116,-0.584962500721156,0.874469117916141,1.05889368905357,0.321928094887362,0.415037499278844
INMT,0,0.736965594166206,-1.58496250072116,-0.584962500721156,-1.58496250072116,-1.58496250072116,-1.58496250072116,-0.584962500721156,-1,-1.58496250072116,-1.58496250072116
ATP5PO,0,-1.18198595966076,-1.26105753065196,-0.879423189640333,-1.5779146359919,-2.5363355322405,-2.5200337199114,-1.4959212637946,-0.716156569825317,-1.21769002134244,-1.09943474696786
PISD,0,-0.243692683532788,-0.524299718814532,-0.149055809394713,-0.00591269286989159,-0.962147101001462,1.02050565543464,1.76674906318886,-0.563003248145016,-0.600535304641617,-0.758764972451555
HOGA1,0,-1.1096244911745,-2.55019708256048,-2.77258950389693,-3.77258950389693,-5.35755200461808,-3.35755200461808,-3.03562390973072,-1.49957100949051,-3.77258950389693,-2.77258950389693
PI4KA,0,-0.661879871610052,0.0884203610577648,-0.132951405803224,-0.529068043184839,-0.424840674309203,-0.0396188294659202,0.231204924473436,-0.271526635711806,-0.515038483280781,-0.515038483280781
AMACR,0,0.652076696579693,-0.163498732282879,0,-2.48542682717024,-2.8073549220576,-2.22239242133645,-1.8073549220576,2.43581906141535,0.192645077942396,1.38246963682241
UGT1A8,0,0,1,0,0,0,0,1.58496250072116,1.58496250072116,0,0
UGT1A10,0,-1,0,-1,-1,-1,-1,-1,1.16992500144231,0,0.584962500721156
DECR2,0,-0.68805599368526,-0.919381539791715,-1.58496250072116,-1.08539149123064,-1.68805599368526,-2.19501598240514,-2.12101540096137,-0.584962500721156,-0.454258809076562,-0.597453444904353
EIF4EBP3,0,2,0,1.58496250072116,1,2,2.32192809488736,3.16992500144231,2.32192809488736,1,0.584962500721156
NAA80,0,-0.160464672193246,1.65896308216493,0.506959988719883,0.70626879694329,-0.440572591385981,-1.24792751344359,0.0740005814437768,0.275634442613427,0.337034987277571,-0.118644496498619
AMY2A,0,0,0,0,0,0,0,0,0,0.584962500721156,0
NME2,0,-1.37851162325373,-1.70043971814109,-2.37851162325373,-2.11547721741994,-2.11547721741994,-2.70043971814109,-0.893084796083488,0.547487795302493,-1.79354912253257,-0.893084796083488
PLA2G4B,0,0.367731784500487,0.403355694231208,1.56936564567014,2.91616840919653,3.33120590847537,1.74624340775422,1.91616840919653,0.689659879387849,1.44668312589531,-0.632268215499513
LEFTY1,0,1,0,1,0,0,0,0,2.16992500144231,1,0.584962500721156
GSTA1,0,0,0,0,0,0,0,0,1.58496250072116,0,0
ACY1,0,-0.53051471669878,-0.53051471669878,-0.37851162325373,-0.700439718141092,-2.11547721741994,-2.70043971814109,0.206450877467426,0.46948528330122,0,0
DDOST,0,-0.541290935563741,-1.31685152913584,-1.25561595628934,-1.91693759222671,-2.92657165167309,-3.34080385088029,-2.04618310198866,-1.04421534304634,-1.77040597791567,-1.18129287255035
GSTA2,0,0,0,0,0,0,0,1,0.584962500721156,0,0
UGT1A7,0,0.0201778819376303,0.17218097538268,0.605140382658786,-1.50589092972996,-1.97982211806237,-1.97982211806237,-1.69031550086738,0.486877501038967,-0.690315500867385,-0.149747119504682
UGT1A4,0,-0.321928094887362,-0.321928094887362,1,-1.32192809488736,-1.32192809488736,-1.32192809488736,0.678071905112638,1.76553474636298,1.0703893278914,0.678071905112638
SCARF2,0,-0.736965594166206,0.37851162325373,-0.736965594166206,-3.32192809488736,-1.32192809488736,-1.32192809488736,-0.15200309344505,1.48542682717024,-1.51457317282976,-1.32192809488736
PGAM5,0,-1.0191088229477,-1.22555970041513,-0.984893107609792,-0.781953048939516,-1.45091453560744,-1.68721255896911,-1.26151657819154,-1.04629365227394,-0.841935153767749,-0.79836613883035
MARS2,0,-0.440572591385981,-1.05528243550119,-0.751501687324087,-0.260866569151084,-1.96781959425085,-1.05528243550119,-0.397070952749395,-0.855610090664825,-0.404230744322261,-0.462825398233109
USP51,0,-0.263034405833794,-0.884522782580064,-2.26303440583379,-2.58496250072116,-3.58496250072116,-3.58496250072116,-1,-0.45567948377619,-1.41503749927884,-0.0303736490435189
BCKDHA,0,-0.485426827170242,-1.22239242133645,-2.8073549220576,-0.807354922057604,-2.8073549220576,-1.8073549220576,-0.485426827170242,-1,-0.637429920615292,-0.807354922057604
INSL3,0,0.584962500721156,-1,-1,-1,-1,0,0,0.807354922057604,0.321928094887362,-0.415037499278844
ADH1C,0,0,0,0,0,0,0,0,0.584962500721156,0,0
CDK11B,0,-0.834940753729504,-0.584962500721156,-0.316473664795254,-0.652076696579693,-0.489805267680816,-0.584962500721156,0.47916783669856,-0.101879614019214,-0.854569560478436,-1.28950661719498
HS3ST5,0,0,0,0,0,0,0,1,4.16992500144231,1,1
GBA3,0,1.58496250072116,0,0,0,0,0,1,2.16992500144231,0,0
TRMT9B,0,0.906890595608518,1,-0.192645077942396,-0.678071905112638,0,0.321928094887362,2.70043971814109,0.39231742277876,-2.41503749927884,-1.41503749927884
CDK3,0,-1.58496250072116,0,0,0,-0.584962500721156,-1.58496250072116,-0.584962500721156,-1.58496250072116,-0.584962500721156,-1
ATP6V1E2,0,-0.584962500721156,-1.74250377770764,-1.35548065459839,-3.12101540096137,-2.85798099512757,-1.68805599368526,-1.05062607306997,0.13448533218702,-0.263034405833794,-0.572578776265324
PRODH2,0,0,0,0,0,1,1,0,1.32192809488736,0,0
ALG1L2,0,-1.22239242133645,-1.8073549220576,-2.8073549220576,-2.8073549220576,-2.8073549220576,-2.8073549220576,-1.22239242133645,0.584962500721156,-2.22239242133645,-1.8073549220576
ALG11,0,-0.347923303420307,0.183599938339389,-0.010341944221459,-0.529370174757839,-0.374395514781498,0.228268987673117,0.440572591385981,0.250095350126296,-0.19854567938208,-0.246639967583125
PRKDC,0,-1.48670565762182,-1.93913216360292,-2.18643315985323,-2.09671628931127,-2.5330347086773,-2.33096227172044,-0.964418605213783,-0.564482031239811,-1.14504753939727,-0.762168707892798
LYN,0,-0.29218075149331,-0.383328639551506,-0.112474729258412,-0.352301743930881,1.04730571477836,-0.0614005446641433,1.05311133645956,0.191141487352008,0.369233809665719,0.700439718141092
CHMP4A,0,-1.87446911791614,-0.652076696579693,-0.289506617194985,-0.652076696579693,-0.874469117916141,-1.13750352374993,-0.289506617194985,-0.874469117916141,-0.552541023028779,-1.87446911791614
FPGT,0,-0.18216167396121,-0.575247345887944,-0.750021746991652,-1.93643487122253,-3.44864102950838,-3.31328917661349,-1.36257007938471,-0.757326547614886,-0.871583726872566,-1.32138664431209
CYP2A6,0,1,0,1,1,0,0,1.58496250072116,1.58496250072116,0,0
CTSO,0,0,0.0453239905094903,0.0453239905094903,-1.4671260104273,-1.79970134951417,-0.532221038649183,0.0747677684019721,1.62780550172689,0.941266175209534,1.10004717685033
HMBS,0,-1.93859945533586,-0.913508474373026,-1.13486484895695,-0.86459887389208,-2.15677962538539,-2.48608725063835,-0.990129755975939,-1.47228145111332,-1.62174234999592,-0.644784996657408
POLG2,0,-1.37851162325373,-1.24100809950379,-1.85244281158614,-1.49880585697144,-1.77444029958487,-1.63005039024969,-0.452512204697507,-0.718587064851352,-0.872620693523773,-0.673639658797377
SLC5A8,0,-0.700439718141092,-0.893084796083488,-0.53051471669878,0.299560281858908,-0.793549122532574,0,2.76716583194191,0.428843298803874,0.44930740136359,1.04102726826005
MGAM,0,0.15200309344505,-1.16992500144231,-1.58496250072116,-0.84799690655495,-2.16992500144231,-0.169925001442312,1.15200309344505,1.97982211806237,-0.710493382805015,0.3536369546147
FNTB,0,0.249359468936717,-0.0697089718114044,0.178970141045319,-1.9205655325056,-3.14295795384204,-2.20435849850619,-0.94656074103854,-0.833102691255256,-1.40599235967584,-1.33560303178444
GALNT4,0,0.15200309344505,-2.16992500144231,-0.584962500721156,-1.58496250072116,-1.16992500144231,-1.58496250072116,0.415037499278844,0.584962500721156,0.3536369546147,0.473931188332412
PDF,0,-0.443606651475615,-1.08746284125034,-0.502500340529183,0.0418201756946269,-2.50250034052918,-1.91753783980803,-0.917537839808027,-0.839535327806754,-0.839535327806754,-0.958179824305373
FPGT-TNNI3K,0,-0.387023123109247,-0.917537839808027,-1.08746284125034,-2.50250034052918,-3.08746284125034,-4.08746284125034,-0.387023123109247,0.436099114806674,-0.387023123109247,-0.280107919192735
THTPA,0,0.106915203916512,-0.115477217419936,-0.53051471669878,-0.0565835283663674,-2.70043971814109,-1.37851162325373,-0.308122295362332,-0.176877762084079,-1.37851162325373,-0.145850866463455
SULT1A3,0,0,0,0,0,0,0,0,0,0,0
NUDT3,0,-1.2407160264102,-1.5251694158789,-1.53444722946691,-1.71253955178062,-2.50679088656404,-2.15236015198935,-1.75528919923996,-1.35114001610385,-1.2598248493579,-0.915753871433203
