Gene name,CP number,CP_t,CP_exp,state
FGR,1,0,0,initial
FGR,2,3.63698669531901,-1.16381341918402,intermediate
FGR,3,7,3,final
FUCA2,1,0,0,initial
FUCA2,2,3.41560337968288,-3.95123409279198,intermediate
FUCA2,3,7,-0.975887543883193,final
GCLC,1,0,0,initial
GCLC,2,2.36367414466077,-0.446669558996652,intermediate
GCLC,3,5.01107934305753,-5.4737543517002,intermediate
GCLC,4,7,0.416859084168432,final
CYP51A1,1,0,0,initial
CYP51A1,2,2.42166774039688,2.61416071966169,intermediate
CYP51A1,3,4.74858620625981,-3.0686066075117,intermediate
CYP51A1,4,7,-1.83007499855769,final
LAP3,1,0,0,initial
LAP3,2,2.42973760209688,0.968428964041994,intermediate
LAP3,3,4.73794313331342,-5.89173406412023,intermediate
LAP3,4,7,-2.29415053020423,final
HS3ST1,1,0,0,initial
HS3ST1,2,3.43440418830804,-3.28048087072911,intermediate
HS3ST1,3,7,1.10780328953452,final
AOC1,N/A,N/A,N/A,N/A
HECW1,1,0,0,initial
HECW1,2,3.53601807654418,-4.09526107888151,intermediate
HECW1,3,7,1,final
CYP26B1,N/A,N/A,N/A,N/A
MTMR7,1,0,0,initial
MTMR7,2,2.34547353012682,2.88408148328902,intermediate
MTMR7,3,4.99746560178295,-2.48698479417902,intermediate
MTMR7,4,7,2.02974734339405,final
SLC7A2,1,0,0,initial
SLC7A2,2,3.48090538506879,-3.14803127249679,intermediate
SLC7A2,3,7,-0.101879614019214,final
AK2,N/A,N/A,N/A,N/A
CD38,N/A,N/A,N/A,N/A
CAMKK1,1,0,0,initial
CAMKK1,2,7,-2.27633122844725,final
NDUFAB1,N/A,N/A,N/A,N/A
PDK4,1,0,0,initial
PDK4,2,3.61316046791534,-3.46571878561227,intermediate
PDK4,3,7,6.98228060455828,final
SLC22A16,N/A,N/A,N/A,N/A
SLC25A13,N/A,N/A,N/A,N/A
SLC25A5,1,0,0,initial
SLC25A5,2,3.46766423410264,-1.67036777497845,intermediate
SLC25A5,3,7,-1.42882445100892,final
POLR2J,N/A,N/A,N/A,N/A
ACSM3,1,0,0,initial
ACSM3,2,2.5976276995801,3.06772386650412,intermediate
ACSM3,3,4.27667191073684,-4.09740371440195,intermediate
ACSM3,4,7,-1.50250034052918,final
PRKAR2B,N/A,N/A,N/A,N/A
CREBBP,1,0,0,initial
CREBBP,2,3.68231145434672,-1.12292849269576,intermediate
CREBBP,3,7,2.34093203651185,final
MPO,N/A,N/A,N/A,N/A
PON1,1,0,0,initial
PON1,2,1.36984932470217,-2.63960764520095,intermediate
PON1,3,5.17338455464605,-2.03332012675029,intermediate
PON1,4,7,-0.584962500721156,final
CROT,1,0,0,initial
CROT,2,2.53540856282124,2.82161951254956,intermediate
CROT,3,4.79379530217315,-8.24595130901755,intermediate
CROT,4,7,-1.47140899356258,final
ABCB4,1,0,0,initial
ABCB4,2,2.46102687926374,2.24451345657623,intermediate
ABCB4,3,4.79476915642808,-6.37873383613962,intermediate
ABCB4,4,7,0.612976876890753,final
MYCBP2,1,0,0,initial
MYCBP2,2,2.64038602372229,3.49253611922309,intermediate
MYCBP2,3,4.44321101951764,-3.45041454673793,intermediate
MYCBP2,4,7,-0.304123547795582,final
PDK2,1,0,0,initial
PDK2,2,2.33163631362441,4.01439247135941,intermediate
PDK2,3,4.83601943076377,-7.33069448731857,intermediate
PDK2,4,7,-0.930291028188596,final
MAP3K14,1,0,0,initial
MAP3K14,2,2.40032401751803,-0.0562917386089129,intermediate
MAP3K14,3,4.94670734169146,-4.87050259368518,intermediate
MAP3K14,4,7,-1.26918663281539,final
ABCC8,N/A,N/A,N/A,N/A
MAP3K9,1,0,0,initial
MAP3K9,2,7,4.13656937102346,final
AGK,1,0,0,initial
AGK,2,2.27754572564229,-0.411350177156995,intermediate
AGK,3,4.92898895548054,-3.83566183864193,intermediate
AGK,4,7,-1.12359937844138,final
ALDH3B1,1,0,0,initial
ALDH3B1,2,2.51202759964371,5.66392286558839,intermediate
ALDH3B1,3,4.56038315867502,-6.7410641299195,intermediate
ALDH3B1,4,7,1.85798099512757,final
GGCT,N/A,N/A,N/A,N/A
COX10,1,0,0,initial
COX10,2,1.75700750495053,-2.12771302712683,intermediate
COX10,3,4.95950060153227,-0.916429895929178,intermediate
COX10,4,7,-0.521808771929622,final
ARSD,1,0,0,initial
ARSD,2,3.39522188939537,-6.14776377852768,intermediate
ARSD,3,7,-0.57407418457842,final
PNPLA4,1,0,0,initial
PNPLA4,2,2.50760695683437,1.16167703415877,intermediate
PNPLA4,3,4.61862890657369,-4.89894936435418,intermediate
PNPLA4,4,7,-2.15630323087868,final
CDKL3,N/A,N/A,N/A,N/A
UPP2,N/A,N/A,N/A,N/A
PAFAH1B1,N/A,N/A,N/A,N/A
NOS2,N/A,N/A,N/A,N/A
SLC13A2,N/A,N/A,N/A,N/A
MATK,N/A,N/A,N/A,N/A
TKTL1,N/A,N/A,N/A,N/A
PIGQ,1,0,0,initial
PIGQ,2,2.3422805347166,-0.295649699502038,intermediate
PIGQ,3,4.76459175900545,-2.76124452511306,intermediate
PIGQ,4,7,-1.13484254228687,final
FMO3,1,0,0,initial
FMO3,2,3.75609938413466,-3.75191699864297,intermediate
FMO3,3,7,-0.415037499278844,final
MYLIP,N/A,N/A,N/A,N/A
CDKL5,1,0,0,initial
CDKL5,2,2.58373685568668,0.851372307668469,intermediate
CDKL5,3,4.65062185159192,-1.53043270776685,intermediate
CDKL5,4,7,1.37196877738696,final
CAMK1G,N/A,N/A,N/A,N/A
CDK11A,N/A,N/A,N/A,N/A
NADK,1,0,0,initial
NADK,2,2.46220822528053,0.286664064991222,intermediate
NADK,3,4.61953163875036,-2.06797198128498,intermediate
NADK,4,7,-1.12688761830076,final
CELSR3,N/A,N/A,N/A,N/A
AASS,1,0,0,initial
AASS,2,3.34292300829508,-3.6921986977111,intermediate
AASS,3,7,-1.54543413653452,final
MGST1,N/A,N/A,N/A,N/A
PGLYRP1,N/A,N/A,N/A,N/A
ST3GAL1,1,0,0,initial
ST3GAL1,2,3.37716841834493,-3.86210236086893,intermediate
ST3GAL1,3,7,0.547487795302493,final
UBE3C,1,0,0,initial
UBE3C,2,2.35625616399461,-0.284811525303627,intermediate
UBE3C,3,4.82303136257784,-2.50698168331859,intermediate
UBE3C,4,7,-0.604071323668861,final
REV3L,1,0,0,initial
REV3L,2,2.5320984367082,0.940942490085656,intermediate
REV3L,3,5.07724240758133,-3.99801761899224,intermediate
REV3L,4,7,0.11491377470983,final
POMT2,1,0,0,initial
POMT2,2,2.60460575602845,2.44713196309891,intermediate
POMT2,3,4.63428850174212,-3.42134334594428,intermediate
POMT2,4,7,-0.335286477742381,final
METTL13,1,0,0,initial
METTL13,2,2.49972115236387,0.300624076180588,intermediate
METTL13,3,5.02197942234729,-3.37245029438059,intermediate
METTL13,4,7,0.0178725690652663,final
DYRK4,1,0,0,initial
DYRK4,2,3.56524394018468,-3.01090556647957,intermediate
DYRK4,3,7,-2.04264433740849,final
UQCRC1,1,0,0,initial
UQCRC1,2,3.37028719155406,-3.04824510037881,intermediate
UQCRC1,3,7,-1.91384335625029,final
SLC6A13,1,0,0,initial
SLC6A13,2,2.53727592327403,1.36551126401523,intermediate
SLC6A13,3,4.71316884111909,-1.23041647451265,intermediate
SLC6A13,4,7,3.4594316186373,final
IDS,1,0,0,initial
IDS,2,2.27993234755142,1.87918009724129,intermediate
IDS,3,4.97365564595084,-0.210684557600902,intermediate
IDS,4,7,2.18679882000671,final
BTK,1,0,0,initial
BTK,2,2.70257820345533,2.84825959006506,intermediate
BTK,3,4.34418257378265,-3.52617977670668,intermediate
BTK,4,7,-1,final
FYN,N/A,N/A,N/A,N/A
FMO1,1,0,0,initial
FMO1,2,2.5206709470868,6.65035677097282,intermediate
FMO1,3,4.44387795789482,-8.59111877521666,intermediate
FMO1,4,7,-2.22239242133645,final
LYPLA2,N/A,N/A,N/A,N/A
SLC6A7,N/A,N/A,N/A,N/A
ABHD5,1,0,0,initial
ABHD5,2,3.40695966952536,2.59944221293604,intermediate
ABHD5,3,7,2.38527691134103,final
RNF216,1,0,0,initial
RNF216,2,2.29633470678763,-0.374029347922688,intermediate
RNF216,3,4.95975987601822,-1.86691028487083,intermediate
RNF216,4,7,-0.21350059016332,final
PIK3C2A,1,0,0,initial
PIK3C2A,2,3.65477660377398,-0.749941911891199,intermediate
PIK3C2A,3,7,1.12365576066503,final
PPP5C,1,0,0,initial
PPP5C,2,2.18232575357346,-0.999814450671124,intermediate
PPP5C,3,4.87522062394603,-3.31922944857967,intermediate
PPP5C,4,7,-1.54403223666627,final
EXTL3,1,0,0,initial
EXTL3,2,2.29128887607349,-0.715480050567848,intermediate
EXTL3,3,4.76700759211347,-4.02026521830847,intermediate
EXTL3,4,7,-1.27178044829861,final
ELOVL5,1,0,0,initial
ELOVL5,2,3.37774356237943,-2.60123210370632,intermediate
ELOVL5,3,7,-1.67539596716482,final
ALOX5,1,0,0,initial
ALOX5,2,1.59300187827687,4.53859216832913,intermediate
ALOX5,3,5.08652223019909,-3.8022736616724,intermediate
ALOX5,4,7,1.58496250072116,final
UBR7,1,0,0,initial
UBR7,2,3.48076397968518,-2.75675224869486,intermediate
UBR7,3,7,-1.87285896703373,final
MAP4K5,1,0,0,initial
MAP4K5,2,2.59125579929583,1.86457976782989,intermediate
MAP4K5,3,4.47920768588291,-1.95210904796067,intermediate
MAP4K5,4,7,-0.727417610667043,final
MAN2B2,1,0,0,initial
MAN2B2,2,2.42178993739648,1.0656183054644,intermediate
MAN2B2,3,4.92264700891968,-5.41774898667594,intermediate
MAN2B2,4,7,-1.18077821252644,final
CLK1,N/A,N/A,N/A,N/A
POLR3B,N/A,N/A,N/A,N/A
RNF14,1,0,0,initial
RNF14,2,2.26351200153791,-0.638163310697895,intermediate
RNF14,3,4.91426602736302,-4.02767298901962,intermediate
RNF14,4,7,-0.820822052682677,final
POLA2,N/A,N/A,N/A,N/A
ACP3,1,0,0,initial
ACP3,2,2.54286492504491,6.16849175173808,intermediate
ACP3,3,5.06103849497268,-6.79366996060157,intermediate
ACP3,4,7,0.563900885193326,final
MDH1,1,0,0,initial
MDH1,2,3.52070949388404,-2.92243975135769,intermediate
MDH1,3,7,-2.09394472823927,final
DPEP1,N/A,N/A,N/A,N/A
NPC1L1,N/A,N/A,N/A,N/A
XYLT2,1,0,0,initial
XYLT2,2,3.50121455567423,-3.97748344034733,intermediate
XYLT2,3,7,-2.41119543298445,final
CHDH,1,0,0,initial
CHDH,2,7,-3,final
GLT8D1,1,0,0,initial
GLT8D1,2,3.54613820755798,-3.9256761696814,intermediate
GLT8D1,3,7,-1.75069970520004,final
ATP2C1,1,0,0,initial
ATP2C1,2,2.60334810246918,1.91631568251491,intermediate
ATP2C1,3,4.71647895849846,-3.08043488123323,intermediate
ATP2C1,4,7,-0.413184802169357,final
SLC38A5,N/A,N/A,N/A,N/A
RALBP1,1,0,0,initial
RALBP1,2,2.48441275282404,0.955912435891676,intermediate
RALBP1,3,4.73956222075924,-3.31420944989419,intermediate
RALBP1,4,7,-1.43909062408475,final
SLC11A1,1,0,0,initial
SLC11A1,2,2.36927202906521,1.18075002542236,intermediate
SLC11A1,3,4.95876456587198,-4.67579735716337,intermediate
SLC11A1,4,7,-0.125530882083859,final
AGPS,1,0,0,initial
AGPS,2,3.2320423163983,-4.38382567186023,intermediate
AGPS,3,7,-1.49601016602807,final
ATP1A2,N/A,N/A,N/A,N/A
CYP24A1,1,0,0,initial
CYP24A1,2,1.89726112110366,7.06577374326719,intermediate
CYP24A1,3,4.52805100871899,-4.76459424987425,intermediate
CYP24A1,4,7,-0.192645077942396,final
CYP3A43,N/A,N/A,N/A,N/A
SLC7A9,N/A,N/A,N/A,N/A
CPS1,1,0,0,initial
CPS1,2,2.41314717636233,0.0354939173023945,intermediate
CPS1,3,4.67426612654986,-6.31387538929363,intermediate
CPS1,4,7,-2.21313445347535,final
ZDHHC6,1,0,0,initial
ZDHHC6,2,3.43923422502057,-1.64910417605495,intermediate
ZDHHC6,3,7,-0.525977936102008,final
NDUFS1,N/A,N/A,N/A,N/A
GLRX2,N/A,N/A,N/A,N/A
DERA,1,0,0,initial
DERA,2,2.37101798192929,0.241207001332939,intermediate
DERA,3,4.85187273002626,-5.17385538670067,intermediate
DERA,4,7,-1.0738636102228,final
ABCC2,1,0,0,initial
ABCC2,2,2.3779793382502,1.38686899627342,intermediate
ABCC2,3,4.77592522839927,-4.31366481905744,intermediate
ABCC2,4,7,0.697730430883106,final
GCLM,1,0,0,initial
GCLM,2,3.84519976530917,-4.86033605061393,intermediate
GCLM,3,7,-0.0347654181606766,final
UBR2,1,0,0,initial
UBR2,2,2.46723166873665,1.35103913477129,intermediate
UBR2,3,4.88533573876112,-3.95648975121889,intermediate
UBR2,4,7,-0.612592491345046,final
HSD17B6,1,0,0,initial
HSD17B6,2,2.34548355822594,0.503954254226304,intermediate
HSD17B6,3,4.85255111854831,-6.87278339711628,intermediate
HSD17B6,4,7,-2.08746284125034,final
KPNA6,1,0,0,initial
KPNA6,2,2.16649637210948,-0.118971408624821,intermediate
KPNA6,3,5.29788122391807,-1.99779094142753,intermediate
KPNA6,4,7,-0.127269069090372,final
FAS,1,0,0,initial
FAS,2,3.32755175088081,-3.36937240014748,intermediate
FAS,3,7,-1.81628804682761,final
AGPAT4,N/A,N/A,N/A,N/A
PRKCH,1,0,0,initial
PRKCH,2,7,1.46857795383821,final
INSRR,N/A,N/A,N/A,N/A
B4GALT7,N/A,N/A,N/A,N/A
VRK2,N/A,N/A,N/A,N/A
TFB1M,1,0,0,initial
TFB1M,2,2.39667880953481,0.249278778909078,intermediate
TFB1M,3,4.85204292053366,-5.377738683897,intermediate
TFB1M,4,7,-1,final
NUP160,N/A,N/A,N/A,N/A
MUSK,N/A,N/A,N/A,N/A
PNPLA6,1,0,0,initial
PNPLA6,2,2.59412652409097,1.10978818133065,intermediate
PNPLA6,3,4.61755279703042,-3.61348170525722,intermediate
PNPLA6,4,7,-0.972727069849896,final
ALG1,N/A,N/A,N/A,N/A
CHPF2,1,0,0,initial
CHPF2,2,2.55526385838075,1.15029053118304,intermediate
CHPF2,3,4.70676119506012,-3.51818083293453,intermediate
CHPF2,4,7,-0.542452205405195,final
FUT8,1,0,0,initial
FUT8,2,3.40534582507231,-5.43427514319734,intermediate
FUT8,3,7,-1.73230421679634,final
UBA6,1,0,0,initial
UBA6,2,2.16823281688086,-1.1723991307139,intermediate
UBA6,3,4.83741586223466,-1.50935035807779,intermediate
UBA6,4,7,-0.316516736104564,final
SLC4A7,N/A,N/A,N/A,N/A
MAP2K3,1,0,0,initial
MAP2K3,2,3.53307556066712,-0.0989286759002958,intermediate
MAP2K3,3,7,3.80266322673288,final
RNF19A,1,0,0,initial
RNF19A,2,2.49725362182877,2.99120741621505,intermediate
RNF19A,3,4.35148066988513,-0.842124252993834,intermediate
RNF19A,4,7,-0.391566783240043,final
DAPK2,1,0,0,initial
DAPK2,2,2.36353654216075,-3.03627422307107,intermediate
DAPK2,3,4.49979020109835,-1.58335464770444,intermediate
DAPK2,4,7,-0.625604485218502,final
ADSS2,1,0,0,initial
ADSS2,2,3.52675047783699,-2.39478241441363,intermediate
ADSS2,3,7,-1.40179017539904,final
OTC,1,0,0,initial
OTC,2,1.4390731075663,-3.16975458506908,intermediate
OTC,3,4.71863499605881,-0.903139523533864,intermediate
OTC,4,7,-1.58496250072116,final
CYP46A1,1,0,0,initial
CYP46A1,2,3.54175116540741,-3.97203502651867,intermediate
CYP46A1,3,7,0.678071905112638,final
SLC18A1,N/A,N/A,N/A,N/A
USP2,1,0,0,initial
USP2,2,7,6.81209284106427,final
FLT4,N/A,N/A,N/A,N/A
MRI1,1,0,0,initial
MRI1,2,2.427136197697,-0.172047084108543,intermediate
MRI1,3,4.73972712107602,-2.64018549454487,intermediate
MRI1,4,7,-1.37851162325373,final
METTL1,N/A,N/A,N/A,N/A
AGA,N/A,N/A,N/A,N/A
PI4K2B,1,0,0,initial
PI4K2B,2,7,-2.67359977051135,final
MAT2B,1,0,0,initial
MAT2B,2,3.53062596609249,-2.37816642107842,intermediate
MAT2B,3,7,-0.81713594285019,final
TRIO,1,0,0,initial
TRIO,2,3.69029386282814,-1.83382336419349,intermediate
TRIO,3,7,0.683056937106937,final
MTREX,N/A,N/A,N/A,N/A
PNKP,N/A,N/A,N/A,N/A
INPP4A,1,0,0,initial
INPP4A,2,3.59867045142258,-2.55613105176027,intermediate
INPP4A,3,7,-0.638349713468181,final
PARP3,1,0,0,initial
PARP3,2,2.28762229251622,0.764641897921099,intermediate
PARP3,3,4.76151329512929,-5.92702986785143,intermediate
PARP3,4,7,-1.86059694333458,final
TRIT1,1,0,0,initial
TRIT1,2,2.48996264660385,1.36699997303904,intermediate
TRIT1,3,4.6676920986252,-4.49476995525943,intermediate
TRIT1,4,7,-1.16537493446451,final
PHKA2,1,0,0,initial
PHKA2,2,3.39045667361849,-4.02851906102712,intermediate
PHKA2,3,7,-1.29406130145442,final
EPHA3,N/A,N/A,N/A,N/A
CTPS2,1,0,0,initial
CTPS2,2,3.54937877105751,-4.3147105991371,intermediate
CTPS2,3,7,-1.50542373573595,final
POLR2B,1,0,0,initial
POLR2B,2,2.44957419787698,0.00782681824797211,intermediate
POLR2B,3,4.69434690880641,-2.3779992326723,intermediate
POLR2B,4,7,-0.545021147369334,final
TPR,1,0,0,initial
TPR,2,2.30371319690133,-0.121834816320494,intermediate
TPR,3,4.99639894293047,-2.49051729385032,intermediate
TPR,4,7,-0.564731084655462,final
CP,1,0,0,initial
CP,2,2.35819885965173,-1.44721072339966,intermediate
CP,3,4.75085600493738,-2.78644952923705,intermediate
CP,4,7,-1.13750352374993,final
ROS1,N/A,N/A,N/A,N/A
USP28,1,0,0,initial
USP28,2,3.56483910517143,-4.01441693897594,intermediate
USP28,3,7,-1.81705918537945,final
RRM2B,N/A,N/A,N/A,N/A
H6PD,1,0,0,initial
H6PD,2,2.55533216355567,0.81836064005681,intermediate
H6PD,3,4.61716260266557,-4.12476936882414,intermediate
H6PD,4,7,-1.63770396279313,final
NEDD4L,1,0,0,initial
NEDD4L,2,3.61319009669716,-0.773907976674992,intermediate
NEDD4L,3,7,4.17755465645989,final
SLC4A8,1,0,0,initial
SLC4A8,2,3.5571584475462,-1.06294251611168,intermediate
SLC4A8,3,7,1.09953567355091,final
MAPK9,1,0,0,initial
MAPK9,2,2.42360979167917,0.381881396794434,intermediate
MAPK9,3,4.75412915686065,-3.69940399615152,intermediate
MAPK9,4,7,-1.03360839264282,final
POLQ,1,0,0,initial
POLQ,2,3.43956811326472,-6.63794206537111,intermediate
POLQ,3,7,-3.9031866268451,final
MSMO1,1,0,0,initial
MSMO1,2,3.55174842222515,2.4005893730737,intermediate
MSMO1,3,7,-1.88208811493817,final
AKR7A2,1,0,0,initial
AKR7A2,2,3.559388508606,-2.44704709240582,intermediate
AKR7A2,3,7,-2.73324250812349,final
PHPT1,1,0,0,initial
PHPT1,2,3.48546734476024,-2.68649019081574,intermediate
PHPT1,3,7,-1.6578630477686,final
ENTPD2,N/A,N/A,N/A,N/A
PTPRN,1,0,0,initial
PTPRN,2,2.17857526630058,3.03612492439492,intermediate
PTPRN,3,4.75040710666991,-3.92005832641484,intermediate
PTPRN,4,7,0,final
HHAT,1,0,0,initial
HHAT,2,2.62511336330108,1.43878389214721,intermediate
HHAT,3,4.59229781629062,-6.48369536645919,intermediate
HHAT,4,7,-1.21021770739035,final
GALC,1,0,0,initial
GALC,2,2.41798584640157,0.85143976512969,intermediate
GALC,3,4.77950455246934,-5.70350815885054,intermediate
GALC,4,7,-1.62515159083686,final
EIF2AK2,1,0,0,initial
EIF2AK2,2,2.34470181443838,0.328769609989598,intermediate
EIF2AK2,3,4.83026784152363,-6.67010223702485,intermediate
EIF2AK2,4,7,-1.46574093902216,final
USP36,1,0,0,initial
USP36,2,3.64666331636021,-1.09852556064712,intermediate
USP36,3,7,3.2929591043256,final
KMT2C,1,0,0,initial
KMT2C,2,2.50970049913238,0.802150694069855,intermediate
KMT2C,3,4.75972905632473,-1.21171541475919,intermediate
KMT2C,4,7,1.22352129075311,final
GYG2,1,0,0,initial
GYG2,2,2.57328631478647,0.109277214540139,intermediate
GYG2,3,4.67343100131086,-4.77782698279949,intermediate
GYG2,4,7,0.652076696579693,final
SOAT1,1,0,0,initial
SOAT1,2,3.44563186184115,-4.39138349865046,intermediate
SOAT1,3,7,0.0643090325386519,final
USP13,1,0,0,initial
USP13,2,3.55058261276177,-5.04578230060766,intermediate
USP13,3,7,-1,final
CDK14,1,0,0,initial
CDK14,2,2.54734484511565,2.52971672232562,intermediate
CDK14,3,5.03476888630586,-2.90539565389841,intermediate
CDK14,4,7,1.13543662505702,final
CAMK2B,1,0,0,initial
CAMK2B,2,2.1434516659324,-0.663109476106786,intermediate
CAMK2B,3,5.39525564945784,-5.78527252752433,intermediate
CAMK2B,4,7,0.415037499278844,final
POLR3E,1,0,0,initial
POLR3E,2,2.25575012453854,-0.516767555211577,intermediate
POLR3E,3,4.86359314786771,-1.62584057421407,intermediate
POLR3E,4,7,-0.420721137782427,final
ATP2B4,1,0,0,initial
ATP2B4,2,2.42312063850062,0.897249962108824,intermediate
ATP2B4,3,4.71921587080186,-2.40917751020591,intermediate
ATP2B4,4,7,0.448391582153629,final
RIOK2,1,0,0,initial
RIOK2,2,2.30704183900519,0.0686056394667795,intermediate
RIOK2,3,4.91367462978747,-2.64697756535882,intermediate
RIOK2,4,7,-0.897430266359452,final
NDC1,1,0,0,initial
NDC1,2,3.38382186355082,-4.81686599276462,intermediate
NDC1,3,7,-2.53750756331315,final
DGKG,1,0,0,initial
DGKG,2,3.23093163273553,-4.87045471377226,intermediate
DGKG,3,7,-2,final
TBXAS1,N/A,N/A,N/A,N/A
PARP12,1,0,0,initial
PARP12,2,2.49327370411678,0.443620909132722,intermediate
PARP12,3,4.51769621228448,-3.41184638504873,intermediate
PARP12,4,7,-1.41723505498309,final
ALDH18A1,1,0,0,initial
ALDH18A1,2,3.50362823586634,-2.77766680117162,intermediate
ALDH18A1,3,7,-1.9465046534212,final
TARBP1,1,0,0,initial
TARBP1,2,2.40706143026825,0.74410761202428,intermediate
TARBP1,3,4.91904054998906,-6.15658985840495,intermediate
TARBP1,4,7,-1.09034650209625,final
SLC2A3,N/A,N/A,N/A,N/A
STYK1,1,0,0,initial
STYK1,2,3.43485957568403,-2.01562051156999,intermediate
STYK1,3,7,1.03476541816068,final
WNK1,1,0,0,initial
WNK1,2,2.44170321404135,-0.569448613935094,intermediate
WNK1,3,5.1098528312248,-1.95883585548379,intermediate
WNK1,4,7,0.357667117857308,final
PIGV,1,0,0,initial
PIGV,2,2.42639106461251,1.45108990577589,intermediate
PIGV,3,4.77402250044343,-4.79572359188861,intermediate
PIGV,4,7,-0.88952346363843,final
PTPRU,N/A,N/A,N/A,N/A
MPC1,1,0,0,initial
MPC1,2,2.64421314302388,2.78162384713978,intermediate
MPC1,3,4.54203546326147,-6.88724632728263,intermediate
MPC1,4,7,-2.10433665981474,final
BCAT1,1,0,0,initial
BCAT1,2,2.16878212236688,-6.51629831129697,intermediate
BCAT1,3,4.69998553054342,2.5332338247944,intermediate
BCAT1,4,7,2.68862120232751,final
GUCY1B1,N/A,N/A,N/A,N/A
DGAT2,1,0,0,initial
DGAT2,2,3.5289414568964,6.69811777485276,intermediate
DGAT2,3,7,-1.15141170379099,final
CS,N/A,N/A,N/A,N/A
LTK,N/A,N/A,N/A,N/A
POLD1,N/A,N/A,N/A,N/A
SPHK2,1,0,0,initial
SPHK2,2,2.43080960565835,-0.32502821722338,intermediate
SPHK2,3,4.57382881922769,-3.00381290560591,intermediate
SPHK2,4,7,-0.943416471633632,final
HAGH,1,0,0,initial
HAGH,2,2.53044201808299,1.96457970380866,intermediate
HAGH,3,4.60364475371434,-4.74339021044841,intermediate
HAGH,4,7,-1.14799003093843,final
ST3GAL6,1,0,0,initial
ST3GAL6,2,3.39992094424197,2.51244673591274,intermediate
ST3GAL6,3,7,1.70194540104787,final
ATP2C2,1,0,0,initial
ATP2C2,2,3.35118305146834,3.8093850888728,intermediate
ATP2C2,3,7,1.27612440527424,final
HIPK2,1,0,0,initial
HIPK2,2,3.68920238980039,-4.32701145663861,intermediate
HIPK2,3,7,1.40488954390276,final
CTSA,1,0,0,initial
CTSA,2,7,2.25618405554316,final
SLC12A2,1,0,0,initial
SLC12A2,2,2.61002692508753,1.31838733256159,intermediate
SLC12A2,3,4.72423962939166,-2.87814784883535,intermediate
SLC12A2,4,7,-0.455301369492571,final
EYA2,N/A,N/A,N/A,N/A
FAR2,N/A,N/A,N/A,N/A
OAT,1,0,0,initial
OAT,2,2.53194253848822,-1.10440630210274,intermediate
OAT,3,4.53760225770431,-2.78668494655554,intermediate
OAT,4,7,-0.387438503550309,final
DGKA,1,0,0,initial
DGKA,2,2.40526654991669,1.30395785931811,intermediate
DGKA,3,4.87184265808069,-4.90506952013452,intermediate
DGKA,4,7,-1.21520588074318,final
ERBB3,1,0,0,initial
ERBB3,2,2.35958358920586,4.55786582233457,intermediate
ERBB3,3,5.06710153846841,-2.99686260535756,intermediate
ERBB3,4,7,1.64257322389125,final
KARS1,N/A,N/A,N/A,N/A
PDIA5,1,0,0,initial
PDIA5,2,1.87491161318555,-4.21893440918733,intermediate
PDIA5,3,4.68291193416056,-1.13840892457023,intermediate
PDIA5,4,7,-2.59610305832636,final
NDUFB4,N/A,N/A,N/A,N/A
MYLK,N/A,N/A,N/A,N/A
CYB5R4,1,0,0,initial
CYB5R4,2,2.34375746258834,-0.375667440953477,intermediate
CYB5R4,3,4.89522480223392,-2.09020163631036,intermediate
CYB5R4,4,7,-0.360839191305592,final
GSTO2,1,0,0,initial
GSTO2,2,2.36244425556908,-0.15644786044364,intermediate
GSTO2,3,4.6512930567548,-3.09167068179621,intermediate
GSTO2,4,7,-1.54692313970198,final
PRKCQ,1,0,0,initial
PRKCQ,2,1.91862078245513,-6.24525507579172,intermediate
PRKCQ,3,4.6233522535109,-0.918229919058192,intermediate
PRKCQ,4,7,-0.874469117916141,final
MTHFD2,N/A,N/A,N/A,N/A
SLC9A7,1,0,0,initial
SLC9A7,2,3.62225281903088,-3.12703344173633,intermediate
SLC9A7,3,7,0.0664954117869069,final
PDE4A,N/A,N/A,N/A,N/A
TIE1,N/A,N/A,N/A,N/A
SLC9A3,N/A,N/A,N/A,N/A
ELOVL1,1,0,0,initial
ELOVL1,2,3.70679093902685,3.76695897381515,intermediate
ELOVL1,3,7,-1.06113365075146,final
POLR1H,1,0,0,initial
POLR1H,2,2.07585555042472,-2.09016864838732,intermediate
POLR1H,3,4.49546539741279,0.388074839656393,intermediate
POLR1H,4,7,0.0365258760251139,final
FGFR2,1,0,0,initial
FGFR2,2,3.49245894836921,-2.69530619671311,intermediate
FGFR2,3,7,-2.30424892765254,final
TRMT11,N/A,N/A,N/A,N/A
FECH,1,0,0,initial
FECH,2,2.32106372281822,-0.339292815825657,intermediate
FECH,3,4.9765803443188,-5.16822674723356,intermediate
FECH,4,7,-0.990761793144662,final
PFKP,1,0,0,initial
PFKP,2,1.92285462916283,-3.93480142252513,intermediate
PFKP,3,4.68371852144707,-0.36479456360519,intermediate
PFKP,4,7,-1.16124787792236,final
IDI1,N/A,N/A,N/A,N/A
PHKA1,1,0,0,initial
PHKA1,2,3.67555763150426,-4.91812084764002,intermediate
PHKA1,3,7,-0.643119306278213,final
PKM,1,0,0,initial
PKM,2,3.43907224760262,-3.79613370230056,intermediate
PKM,3,7,-2.43139073037962,final
METTL22,1,0,0,initial
METTL22,2,2.45166011910346,-0.422489796751909,intermediate
METTL22,3,4.76761381106353,-1.83075594783414,intermediate
METTL22,4,7,-0.430634354329862,final
PRKCZ,1,0,0,initial
PRKCZ,2,2.46084529337572,0.396998239662715,intermediate
PRKCZ,3,4.78649364101457,-2.70129943654609,intermediate
PRKCZ,4,7,-0.538668848447221,final
IDH3G,1,0,0,initial
IDH3G,2,2.31703106877767,-0.04953808777941,intermediate
IDH3G,3,4.91293984399631,-3.26211986185049,intermediate
IDH3G,4,7,-0.96203214980098,final
PDZD4,N/A,N/A,N/A,N/A
ATP2B3,1,0,0,initial
ATP2B3,2,3.59986746973379,-2.33112896192966,intermediate
ATP2B3,3,7,0.584962500721156,final
ROCK1,1,0,0,initial
ROCK1,2,3.50540731053647,-2.57824459383622,intermediate
ROCK1,3,7,-0.57917836482165,final
PDK3,1,0,0,initial
PDK3,2,2.56490813668146,3.11085780068729,intermediate
PDK3,3,4.69755079998721,-7.22276751702699,intermediate
PDK3,4,7,-1.86249647625007,final
HYAL2,1,0,0,initial
HYAL2,2,2.61076783253727,1.77179753154799,intermediate
HYAL2,3,4.75575549312106,-4.17275697799472,intermediate
HYAL2,4,7,-1.67624300771045,final
FGFR3,1,0,0,initial
FGFR3,2,7,-6.32114380835492,final
COASY,N/A,N/A,N/A,N/A
ACSL4,1,0,0,initial
ACSL4,2,7,-1.71769973464048,final
INPP5A,N/A,N/A,N/A,N/A
FTSJ1,N/A,N/A,N/A,N/A
POLR1A,N/A,N/A,N/A,N/A
PYGM,N/A,N/A,N/A,N/A
MAST4,1,0,0,initial
MAST4,2,3.68283901025072,-1.00343263184306,intermediate
MAST4,3,7,1.36257007938471,final
NUP133,1,0,0,initial
NUP133,2,2.37306149859356,-0.317484462377392,intermediate
NUP133,3,4.7431337477575,-3.30161566217915,intermediate
NUP133,4,7,-1.09512454295841,final
ABCC9,N/A,N/A,N/A,N/A
MAOB,1,0,0,initial
MAOB,2,3.2953942771425,-4.52434889234716,intermediate
MAOB,3,7,-3.32192809488736,final
RORA,1,0,0,initial
RORA,2,2.32583421946578,4.69176368037385,intermediate
RORA,3,4.5502358364662,2.36831598336693,intermediate
RORA,4,7,1.96590254776262,final
PLA2G10,N/A,N/A,N/A,N/A
ATP1B3,1,0,0,initial
ATP1B3,2,2.52884692908803,2.35367999461426,intermediate
ATP1B3,3,4.55609770193769,-4.84900559225458,intermediate
ATP1B3,4,7,-1.31815634099815,final
PIGB,1,0,0,initial
PIGB,2,2.51298788515108,1.1298086166208,intermediate
PIGB,3,4.68879061171135,-4.81761033025644,intermediate
PIGB,4,7,-1.12976787497033,final
GUCY2C,1,0,0,initial
GUCY2C,2,2.29866534621291,3.77393366612427,intermediate
GUCY2C,3,4.7216643338008,-4.4208434261843,intermediate
GUCY2C,4,7,0.341036917835067,final
PTPN3,N/A,N/A,N/A,N/A
SLC44A1,1,0,0,initial
SLC44A1,2,2.43704179566928,1.86208699913141,intermediate
SLC44A1,3,4.77532261770802,-5.10474964990114,intermediate
SLC44A1,4,7,-1.46669026458866,final
RNF126,N/A,N/A,N/A,N/A
ST6GALNAC1,1,0,0,initial
ST6GALNAC1,2,2.10190113681487,-6.70622295720532,intermediate
ST6GALNAC1,3,4.74092922764859,-0.562529650181744,intermediate
ST6GALNAC1,4,7,-4.64385618977472,final
GBA2,1,0,0,initial
GBA2,2,7,3.05431111987782,final
NDST1,1,0,0,initial
NDST1,2,2.51422512102422,1.14610815124724,intermediate
NDST1,3,4.84282027953646,-4.97135180388632,intermediate
NDST1,4,7,-0.464230323601466,final
ASNS,1,0,0,initial
ASNS,2,2.01901328374474,-6.13120667320447,intermediate
ASNS,3,4.69771480644293,6.52623930843641,intermediate
ASNS,4,7,-1.3584776992542,final
ST6GALNAC2,1,0,0,initial
ST6GALNAC2,2,2.24208184413143,1.57304381247879,intermediate
ST6GALNAC2,3,4.91292707171976,-5.53076257436236,intermediate
ST6GALNAC2,4,7,-0.37883991886122,final
CHAT,1,0,0,initial
CHAT,2,3.82708984060668,-0.818945949044212,intermediate
CHAT,3,7,1.58496250072116,final
TESK2,1,0,0,initial
TESK2,2,2.469006423816,2.98859314790407,intermediate
TESK2,3,4.63651032968128,-4.83878963936935,intermediate
TESK2,4,7,-1.26810539538122,final
CSNK2A2,N/A,N/A,N/A,N/A
PTPN21,1,0,0,initial
PTPN21,2,2.31619486427417,10.1885718782524,intermediate
PTPN21,3,4.40185410069919,-3.73405087422685,intermediate
PTPN21,4,7,0.245112497836531,final
CAMK2A,N/A,N/A,N/A,N/A
EPHA8,1,0,0,initial
EPHA8,2,3.7060617177219,-0.266817846239491,intermediate
EPHA8,3,7,1.58496250072116,final
SLC12A3,N/A,N/A,N/A,N/A
RAD18,1,0,0,initial
RAD18,2,3.30924296472247,-4.20628193037258,intermediate
RAD18,3,7,-0.644010069039005,final
ATP2B1,N/A,N/A,N/A,N/A
MAP4K4,1,0,0,initial
MAP4K4,2,3.53794713518725,-2.36321367125117,intermediate
MAP4K4,3,7,-0.475820319659994,final
MGAT4A,N/A,N/A,N/A,N/A
RPS6KA2,N/A,N/A,N/A,N/A
BUD23,N/A,N/A,N/A,N/A
HLTF,1,0,0,initial
HLTF,2,3.43076148779432,-5.50538294116815,intermediate
HLTF,3,7,-2.69129679259403,final
MYO3B,1,0,0,initial
MYO3B,2,7,-3.85085656069419,final
CYBRD1,1,0,0,initial
CYBRD1,2,2.24581673613901,3.56869695481089,intermediate
CYBRD1,3,4.49842836625937,-3.64068510389333,intermediate
CYBRD1,4,7,-1.4097182947043,final
RDH11,1,0,0,initial
RDH11,2,2.52403358706056,1.59742747283043,intermediate
RDH11,3,4.62842943091878,-1.88606794004862,intermediate
RDH11,4,7,-1.52419117539136,final
RPS6KA6,1,0,0,initial
RPS6KA6,2,2.48344250952881,2.79878656371191,intermediate
RPS6KA6,3,4.59357272803565,-4.27658971669157,intermediate
RPS6KA6,4,7,-0.984893107609792,final
PTPN18,1,0,0,initial
PTPN18,2,2.26568892477905,-0.474955553164619,intermediate
PTPN18,3,5.17551522870511,-5.57683479038829,intermediate
PTPN18,4,7,-1.07400058144378,final
SPEG,1,0,0,initial
SPEG,2,3.54183094916423,-2.79225956412749,intermediate
SPEG,3,7,-0.841010476238843,final
ALDH3A2,1,0,0,initial
ALDH3A2,2,2.45682368536707,2.01333151100096,intermediate
ALDH3A2,3,5.11578576821187,-3.59956897407813,intermediate
ALDH3A2,4,7,-0.560171257581716,final
TFRC,1,0,0,initial
TFRC,2,2.30170475030741,1.14575640938289,intermediate
TFRC,3,4.91217275984152,-6.61215456802288,intermediate
TFRC,4,7,1.15028784530472,final
SREBF1,1,0,0,initial
SREBF1,2,3.53789771298311,-2.82279270838227,intermediate
SREBF1,3,7,-2.11988744642833,final
HSD17B10,1,0,0,initial
HSD17B10,2,2.45760363824059,0.748929597677377,intermediate
HSD17B10,3,4.69387008806538,-2.46605768703949,intermediate
HSD17B10,4,7,-1.99785791342846,final
TRHDE,N/A,N/A,N/A,N/A
P4HA2,1,0,0,initial
P4HA2,2,3.5173728106264,-4.01312212957811,intermediate
P4HA2,3,7,-1.87967114894018,final
TRNT1,N/A,N/A,N/A,N/A
ACADVL,N/A,N/A,N/A,N/A
STK10,1,0,0,initial
STK10,2,3.62045112746896,0.0206215904222848,intermediate
STK10,3,7,2.40175536678937,final
SCARB1,N/A,N/A,N/A,N/A
PDE8A,1,0,0,initial
PDE8A,2,2.33635444398805,0.110635884039629,intermediate
PDE8A,3,4.97093361021736,-2.43380156086522,intermediate
PDE8A,4,7,-0.507260143727912,final
SDHA,1,0,0,initial
SDHA,2,3.34336735689566,-3.12904655033322,intermediate
SDHA,3,7,-0.667880503136546,final
PPP2R3A,1,0,0,initial
PPP2R3A,2,2.7454777011061,3.05575731432551,intermediate
PPP2R3A,3,4.3430386009789,-5.69216229662562,intermediate
PPP2R3A,4,7,-1.34032930969161,final
ABCB11,1,0,0,initial
ABCB11,2,3.55277360729764,-1.10158817317514,intermediate
ABCB11,3,7,5.27301849440642,final
DHRS9,1,0,0,initial
DHRS9,2,2.46479880852403,-5.86138606024542,intermediate
DHRS9,3,4.65268002356492,9.1131239893979,intermediate
DHRS9,4,7,4.73860408956196,final
PTGS2,N/A,N/A,N/A,N/A
ST6GAL1,1,0,0,initial
ST6GAL1,2,3.48549527138597,-3.32005682379561,intermediate
ST6GAL1,3,7,-1.21105487740217,final
PPP2R2C,N/A,N/A,N/A,N/A
ATP2A3,N/A,N/A,N/A,N/A
CA12,N/A,N/A,N/A,N/A
MGLL,1,0,0,initial
MGLL,2,2.34246003538609,-1.72328546063484,intermediate
MGLL,3,4.59541614963617,3.27040120803229,intermediate
MGLL,4,7,1.62121302699052,final
NUAK1,1,0,0,initial
NUAK1,2,2.69925791464214,4.65345282305956,intermediate
NUAK1,3,4.62333699995203,-4.7261026265599,intermediate
NUAK1,4,7,-0.933970129664803,final
SLC24A1,1,0,0,initial
SLC24A1,2,2.37659145828366,-0.748778231954508,intermediate
SLC24A1,3,4.94499679671067,-4.88903967608919,intermediate
SLC24A1,4,7,-0.271302021817394,final
HACD3,1,0,0,initial
HACD3,2,3.51141981163135,-3.34675466479668,intermediate
HACD3,3,7,-1.42379723330188,final
ENO1,1,0,0,initial
ENO1,2,1.82299344948813,-4.79706055162586,intermediate
ENO1,3,4.7120522837936,-1.89959505637623,intermediate
ENO1,4,7,-2.20715790764129,final
SLC12A1,N/A,N/A,N/A,N/A
TXK,N/A,N/A,N/A,N/A
NUP37,1,0,0,initial
NUP37,2,3.50811540374609,-3.76837674263944,intermediate
NUP37,3,7,-2.31435487518256,final
ACAT1,1,0,0,initial
ACAT1,2,3.48240267355212,-2.93963787000719,intermediate
ACAT1,3,7,-2.50129180011012,final
SLC25A3,1,0,0,initial
SLC25A3,2,3.46972414655571,-2.76119861125979,intermediate
SLC25A3,3,7,-1.24212119945092,final
PLD1,1,0,0,initial
PLD1,2,2.36482351640898,4.40733205937443,intermediate
PLD1,3,4.75902380683975,-5.2775324631929,intermediate
PLD1,4,7,-0.0922243400626841,final
ATP12A,1,0,0,initial
ATP12A,2,7,3.92124588858559,final
MKRN2,N/A,N/A,N/A,N/A
PTPN23,1,0,0,initial
PTPN23,2,3.79978846090785,-0.5342186450519,intermediate
PTPN23,3,7,1.06140054466414,final
FMO4,1,0,0,initial
FMO4,2,2.63518099425454,4.60985587593017,intermediate
FMO4,3,4.44763056191469,-6.08812745991474,intermediate
FMO4,4,7,-1.37614848588525,final
SLC46A1,N/A,N/A,N/A,N/A
ACACB,1,0,0,initial
ACACB,2,2.45830116195438,1.45228940303005,intermediate
ACACB,3,4.81576183204691,-5.79988736017004,intermediate
ACACB,4,7,-0.443129806308197,final
NT5C2,1,0,0,initial
NT5C2,2,3.75109738038474,0.418550860660511,intermediate
NT5C2,3,7,1.36191698066786,final
NMRK2,N/A,N/A,N/A,N/A
DGKD,1,0,0,initial
DGKD,2,1.94355975199903,-3.23421432282192,intermediate
DGKD,3,4.91936189038218,0.0851983166834898,intermediate
DGKD,4,7,0.255654875468196,final
UBE2T,1,0,0,initial
UBE2T,2,3.54994597193209,-5.39782976064184,intermediate
UBE2T,3,7,-3.28434491207921,final
USP33,1,0,0,initial
USP33,2,2.42244149792116,0.46360438435813,intermediate
USP33,3,4.82264712257408,-3.96056297213784,intermediate
USP33,4,7,-0.818967857943418,final
PAK3,N/A,N/A,N/A,N/A
POLD3,1,0,0,initial
POLD3,2,2.20678954860177,-1.90833973155797,intermediate
POLD3,3,4.81883130863569,-4.97771537575646,intermediate
POLD3,4,7,-2.21723071622067,final
UBE2A,1,0,0,initial
UBE2A,2,2.19649723004475,-0.0307030487826787,intermediate
UBE2A,3,5.03806164672352,-2.11482809962774,intermediate
UBE2A,4,7,-0.252823446547362,final
FGFR1,1,0,0,initial
FGFR1,2,2.51228689810205,-5.42131859898792,intermediate
FGFR1,3,4.66734876883182,2.52301136864536,intermediate
FGFR1,4,7,1.61297687689075,final
FKBP6,N/A,N/A,N/A,N/A
MCCC1,1,0,0,initial
MCCC1,2,2.57955700055701,-0.244681660976346,intermediate
MCCC1,3,4.80939599792125,-2.91881860336303,intermediate
MCCC1,4,7,0.812215213148139,final
ACER3,1,0,0,initial
ACER3,2,3.23819771305667,-2.97850175823445,intermediate
ACER3,3,7,-0.713005695222025,final
SYNJ2,1,0,0,initial
SYNJ2,2,2.46047430987243,-5.50291995112292,intermediate
SYNJ2,3,4.62968660555797,2.01261854711262,intermediate
SYNJ2,4,7,1.76090435940499,final
ADCY2,N/A,N/A,N/A,N/A
UBE2D4,1,0,0,initial
UBE2D4,2,2.58058381428024,1.35694835105313,intermediate
UBE2D4,3,5.03839576081759,-5.65755810953335,intermediate
UBE2D4,4,7,0.181838322985813,final
FKBP7,1,0,0,initial
FKBP7,2,3.63503774771319,-5.51636602358977,intermediate
FKBP7,3,7,0.0443941193584534,final
SLC1A3,N/A,N/A,N/A,N/A
MKNK1,1,0,0,initial
MKNK1,2,3.49785294014739,-3.94497121377066,intermediate
MKNK1,3,7,-0.381429106636024,final
CDC14A,N/A,N/A,N/A,N/A
DUSP13B,1,0,0,initial
DUSP13B,2,7,-3.41503749927884,final
LIPE,N/A,N/A,N/A,N/A
FDFT1,1,0,0,initial
FDFT1,2,3.61738249404631,0.22045376130247,intermediate
FDFT1,3,7,-1.79431562698645,final
PAFAH1B3,1,0,0,initial
PAFAH1B3,2,3.37568549831059,-4.06261758247039,intermediate
PAFAH1B3,3,7,-2.53605290024021,final
PGM1,1,0,0,initial
PGM1,2,3.34578370938853,-2.85288172829718,intermediate
PGM1,3,7,-2.52282381583068,final
PTPRH,N/A,N/A,N/A,N/A
DCT,1,0,0,initial
DCT,2,3.50832720511895,-2.9133720485817,intermediate
DCT,3,7,-1.51102731944697,final
EPHA6,N/A,N/A,N/A,N/A
SLC4A4,N/A,N/A,N/A,N/A
CNOT4,1,0,0,initial
CNOT4,2,3.63505757524433,-0.116881157596654,intermediate
CNOT4,3,7,1.58496250072116,final
CPOX,1,0,0,initial
CPOX,2,3.54565682390015,-3.79954211107346,intermediate
CPOX,3,7,-1.42305567417477,final
MOK,1,0,0,initial
MOK,2,3.68401151641541,-3.22819366637004,intermediate
MOK,3,7,-0.319936797068271,final
ARG2,1,0,0,initial
ARG2,2,2.20579486471035,-4.69244112710891,intermediate
ARG2,3,4.58517522633548,3.8567108609817,intermediate
ARG2,4,7,-0.207804885113402,final
PTPRC,N/A,N/A,N/A,N/A
STK17B,N/A,N/A,N/A,N/A
LRP2,1,0,0,initial
LRP2,2,2.42810874098662,0.409700940527092,intermediate
LRP2,3,5.00930354312533,-2.75108883378392,intermediate
LRP2,4,7,0,final
DUSP12,N/A,N/A,N/A,N/A
AACS,1,0,0,initial
AACS,2,2.61855313872215,2.3582895322638,intermediate
AACS,3,4.54855797427916,-4.3538307571969,intermediate
AACS,4,7,-1.69116190455308,final
SMARCD3,1,0,0,initial
SMARCD3,2,2.47677134561216,2.0402327648248,intermediate
SMARCD3,3,4.45154366643605,-4.22188860468768,intermediate
SMARCD3,4,7,-1.68038206579984,final
ME2,1,0,0,initial
ME2,2,2.16173969718259,-2.71999678122295,intermediate
ME2,3,4.69101487234461,-1.16216336480017,intermediate
ME2,4,7,-1.16488438474178,final
BCKDHB,1,0,0,initial
BCKDHB,2,2.38962907474693,0.331551398757912,intermediate
BCKDHB,3,4.73861828126816,-6.71875851975262,intermediate
BCKDHB,4,7,-1.79585928321977,final
TUT7,N/A,N/A,N/A,N/A
ULK2,1,0,0,initial
ULK2,2,2.44772525973802,0.287742945027822,intermediate
ULK2,3,4.61115775840937,-3.86417309966073,intermediate
ULK2,4,7,-1.02924481977586,final
PLOD1,1,0,0,initial
PLOD1,2,3.46914102626388,-5.29153712782761,intermediate
PLOD1,3,7,-2.32347854645076,final
OXCT1,1,0,0,initial
OXCT1,2,3.48058107926799,-2.73367608543909,intermediate
OXCT1,3,7,-2.57714299626186,final
CYLD,1,0,0,initial
CYLD,2,7,2.60240899625407,final
SLC27A5,1,0,0,initial
SLC27A5,2,7,-2.01707351335894,final
PPIE,1,0,0,initial
PPIE,2,3.53020901385581,-2.75818483022016,intermediate
PPIE,3,7,-1.00287676075556,final
STARD7,1,0,0,initial
STARD7,2,2.53519322053594,1.45483497760793,intermediate
STARD7,3,4.76389265546351,-5.77950926359261,intermediate
STARD7,4,7,-1.25126976487719,final
HAL,1,0,0,initial
HAL,2,2.23957445223097,8.34011122600852,intermediate
HAL,3,4.57640998181439,1.88072145788123,intermediate
HAL,4,7,2.49492816685401,final
GSTP1,1,0,0,initial
GSTP1,2,3.45412725035071,-3.157804796461,intermediate
GSTP1,3,7,-1.79727975371656,final
SLCO1A2,N/A,N/A,N/A,N/A
APOB,N/A,N/A,N/A,N/A
NCOA1,N/A,N/A,N/A,N/A
HADHA,1,0,0,initial
HADHA,2,3.58302543914805,-2.17643802705033,intermediate
HADHA,3,7,-1.50094477909381,final
CAD,N/A,N/A,N/A,N/A
PREP,N/A,N/A,N/A,N/A
HACE1,N/A,N/A,N/A,N/A
MAP3K4,N/A,N/A,N/A,N/A
ABCB1,N/A,N/A,N/A,N/A
AKR1B1,1,0,0,initial
AKR1B1,2,2.30542554778352,-0.761546605205212,intermediate
AKR1B1,3,4.79447285594702,-4.83005055920714,intermediate
AKR1B1,4,7,-1.10619940383193,final
MGST2,1,0,0,initial
MGST2,2,2.45228327817757,2.08213725837502,intermediate
MGST2,3,4.75882272206885,-7.80657652524728,intermediate
MGST2,4,7,-1.85010456951694,final
USP40,1,0,0,initial
USP40,2,2.35515742919228,-0.360136088814232,intermediate
USP40,3,4.8483384800544,-5.12004487310982,intermediate
USP40,4,7,-1.11614159460915,final
POMGNT1,N/A,N/A,N/A,N/A
MAST2,N/A,N/A,N/A,N/A
B4GALT1,1,0,0,initial
B4GALT1,2,2.35909647829652,-0.332058329245673,intermediate
B4GALT1,3,4.82804065237888,-3.11016290444604,intermediate
B4GALT1,4,7,-0.525204071710523,final
AQP6,1,0,0,initial
AQP6,2,2.25286892409174,-3.93724018007572,intermediate
AQP6,3,4.65736783054481,1.58094562451473,intermediate
AQP6,4,7,0.485426827170242,final
EIF2AK1,1,0,0,initial
EIF2AK1,2,2.38967435857948,0.526958891105467,intermediate
EIF2AK1,3,4.92466033729644,-3.28895905530109,intermediate
EIF2AK1,4,7,-1.13507269749517,final
SEPHS1,1,0,0,initial
SEPHS1,2,3.51254266902074,-3.49709418705659,intermediate
SEPHS1,3,7,-1.18442457113743,final
ITPKC,1,0,0,initial
ITPKC,2,7,3.16031889224681,final
HSD17B2,1,0,0,initial
HSD17B2,2,3.40871668577556,4.95144509470936,intermediate
HSD17B2,3,7,4.06608919045777,final
PPEF1,N/A,N/A,N/A,N/A
HUWE1,1,0,0,initial
HUWE1,2,2.43874495626055,0.412150744664173,intermediate
HUWE1,3,4.96025178934342,-1.62030554177931,intermediate
HUWE1,4,7,1.16881086512863,final
ALG9,1,0,0,initial
ALG9,2,3.62537702600215,-4.03648989758379,intermediate
ALG9,3,7,-1.0598714559774,final
ACOX3,1,0,0,initial
ACOX3,2,2.56772817037064,2.20125133606622,intermediate
ACOX3,3,4.74356478230747,-3.66835594931467,intermediate
ACOX3,4,7,-1.05496645921793,final
MTMR2,N/A,N/A,N/A,N/A
HSD17B14,1,0,0,initial
HSD17B14,2,7,2.54748779530249,final
NLK,1,0,0,initial
NLK,2,2.60489397358124,1.28940281353897,intermediate
NLK,3,5.11867957536174,-3.19300933793561,intermediate
NLK,4,7,-0.0880561766651961,final
PIGS,1,0,0,initial
PIGS,2,2.52472360244164,2.50096028958591,intermediate
PIGS,3,4.81523311619895,-6.37158626292492,intermediate
PIGS,4,7,-1.45637829465974,final
PGS1,N/A,N/A,N/A,N/A
LPCAT2,1,0,0,initial
LPCAT2,2,2.24288903001061,3.4419768984138,intermediate
LPCAT2,3,4.78936857844625,-1.40060132582442,intermediate
LPCAT2,4,7,0.340955618630127,final
L2HGDH,1,0,0,initial
L2HGDH,2,2.49047290575758,1.53090903151658,intermediate
L2HGDH,3,4.67310587926101,-3.82972408338619,intermediate
L2HGDH,4,7,-1.65711228647699,final
DNM1L,1,0,0,initial
DNM1L,2,3.39627524081285,-2.59708776865071,intermediate
DNM1L,3,7,-1.21293306129105,final
AURKA,1,0,0,initial
AURKA,2,3.38889606981652,-7.91354135203716,intermediate
AURKA,3,7,-4.22356296504439,final
SULT2B1,1,0,0,initial
SULT2B1,2,3.38468862205316,2.28999457445148,intermediate
SULT2B1,3,7,2.13717228851925,final
ALG6,1,0,0,initial
ALG6,2,2.44527776004424,1.37998103123026,intermediate
ALG6,3,5.01625934791299,-5.80835429969158,intermediate
ALG6,4,7,-0.897845456005511,final
PTPN4,1,0,0,initial
PTPN4,2,2.5887730562546,1.56536945131719,intermediate
PTPN4,3,4.85336541944996,-4.15504994877252,intermediate
PTPN4,4,7,-0.730782945662772,final
DNMT3B,1,0,0,initial
DNMT3B,2,3.52918816743044,-2.23861379888569,intermediate
DNMT3B,3,7,-2.4391116342577,final
SLC15A1,1,0,0,initial
SLC15A1,2,3.41868418998856,5.07378303913561,intermediate
SLC15A1,3,7,1.82353484911304,final
TGDS,1,0,0,initial
TGDS,2,3.6686478565233,-2.47206816469419,intermediate
TGDS,3,7,-0.332237194226331,final
CRLS1,1,0,0,initial
CRLS1,2,3.54844913271612,-2.21084878394817,intermediate
CRLS1,3,7,-1.23761180895389,final
SMOX,1,0,0,initial
SMOX,2,2.40017566606202,-4.42339154703365,intermediate
SMOX,3,4.56933130559936,4.45294918795449,intermediate
SMOX,4,7,0.513527362678207,final
FKBP1A,1,0,0,initial
FKBP1A,2,2.20365920966787,-0.491129812999366,intermediate
FKBP1A,3,4.94193173547426,-2.99861258236482,intermediate
FKBP1A,4,7,-0.475702317278421,final
MAPKAPK5,1,0,0,initial
MAPKAPK5,2,2.17456942175936,-0.562357608264752,intermediate
MAPKAPK5,3,5.08953832450648,-2.47756246852644,intermediate
MAPKAPK5,4,7,-0.499687520295411,final
SLC8B1,N/A,N/A,N/A,N/A
NOS1,1,0,0,initial
NOS1,2,3.6629821607341,-2.88250659085989,intermediate
NOS1,3,7,-0.0710830980614826,final
HEPH,1,0,0,initial
HEPH,2,2.51320005567445,3.13703050606144,intermediate
HEPH,3,4.59576074471925,-6.89126475172906,intermediate
HEPH,4,7,-2.49185309632967,final
GANAB,1,0,0,initial
GANAB,2,3.47318784876814,-3.74785565595954,intermediate
GANAB,3,7,-1.80215414122397,final
SLC9A1,1,0,0,initial
SLC9A1,2,3.47265467560533,-0.279535262902785,intermediate
SLC9A1,3,7,1.34155690163629,final
SPTLC1,1,0,0,initial
SPTLC1,2,2.48805794988742,0.420396928761693,intermediate
SPTLC1,3,4.7389232137854,-1.91002875966369,intermediate
SPTLC1,4,7,-0.749381290766064,final
NDUFB2,N/A,N/A,N/A,N/A
IRAK3,1,0,0,initial
IRAK3,2,2.46884246946986,0.35966056696836,intermediate
IRAK3,3,4.8330998942028,-4.83533717399997,intermediate
IRAK3,4,7,1.13124453327825,final
SI,N/A,N/A,N/A,N/A
MUL1,1,0,0,initial
MUL1,2,3.60562671900796,-0.750104700173656,intermediate
MUL1,3,7,1.10524932474531,final
CERS4,1,0,0,initial
CERS4,2,3.57514180804934,0.943071871033109,intermediate
CERS4,3,7,-2.78735189740998,final
USP48,1,0,0,initial
USP48,2,2.30676842772057,0.25206608347276,intermediate
USP48,3,5.16393442280655,-3.77063631990764,intermediate
USP48,4,7,-0.367826570811148,final
PDPR,1,0,0,initial
PDPR,2,3.71815215036866,-4.33091252634544,intermediate
PDPR,3,7,-0.0641303374197156,final
AARS1,N/A,N/A,N/A,N/A
NAT14,1,0,0,initial
NAT14,2,2.39193946177196,0.602942997765417,intermediate
NAT14,3,4.93283604531259,-5.22379887152812,intermediate
NAT14,4,7,-1.41093310094611,final
SLC26A4,1,0,0,initial
SLC26A4,2,2.37452347970072,1.01915798800827,intermediate
SLC26A4,3,5.00512725524024,-3.8255965058028,intermediate
SLC26A4,4,7,-0.823122237915921,final
SLC26A3,N/A,N/A,N/A,N/A
DLD,1,0,0,initial
DLD,2,2.24935977502268,-0.457719709578008,intermediate
DLD,3,4.96420404176448,-4.05570464214681,intermediate
DLD,4,7,-1.36294282064525,final
MAP3K20,1,0,0,initial
MAP3K20,2,2.27755809777982,-3.35857458777054,intermediate
MAP3K20,3,4.57267540599892,0.527660655285881,intermediate
MAP3K20,4,7,0.347525921503213,final
FH,1,0,0,initial
FH,2,3.47400801825829,-2.53367870631217,intermediate
FH,3,7,-1.67845392419097,final
CMA1,N/A,N/A,N/A,N/A
SLC7A8,1,0,0,initial
SLC7A8,2,2.66009581659267,0.745708282975506,intermediate
SLC7A8,3,4.69467718543589,-2.88349427121982,intermediate
SLC7A8,4,7,-1.15603947518736,final
RNF31,1,0,0,initial
RNF31,2,2.57835409841907,2.07485073579138,intermediate
RNF31,3,4.82014232739311,-5.4893684771404,intermediate
RNF31,4,7,-1.12553088208386,final
HECTD1,1,0,0,initial
HECTD1,2,7,2.65793156758524,final
TGM1,N/A,N/A,N/A,N/A
TRPM7,1,0,0,initial
TRPM7,2,2.4832364844699,-0.434608466170976,intermediate
TRPM7,3,4.7144705771635,-2.69240364852732,intermediate
TRPM7,4,7,0.415790275210814,final
TYRO3,1,0,0,initial
TYRO3,2,2.24123411312286,3.31943718096852,intermediate
TYRO3,3,4.60670868138036,0.56351366353677,intermediate
TYRO3,4,7,0.440041505408738,final
CAPN3,1,0,0,initial
CAPN3,2,2.4965715596613,1.71944746686415,intermediate
CAPN3,3,4.7281115830201,-3.3668417894967,intermediate
CAPN3,4,7,2.54189377882927,final
PHGDH,1,0,0,initial
PHGDH,2,7,-2.71351473478025,final
DPYSL2,1,0,0,initial
DPYSL2,2,3.59972862904857,-4.85564479349134,intermediate
DPYSL2,3,7,-0.222972865939284,final
COMT,1,0,0,initial
COMT,2,3.38363757731916,-2.36929965017957,intermediate
COMT,3,7,-1.46649246926382,final
ADA2,N/A,N/A,N/A,N/A
VNN3P,N/A,N/A,N/A,N/A
XYLB,1,0,0,initial
XYLB,2,3.62672146372832,-5.07486436246512,intermediate
XYLB,3,7,-0.807354922057604,final
UPRT,1,0,0,initial
UPRT,2,2.477697676366,0.251204798915567,intermediate
UPRT,3,4.6459514840758,-4.80647295392491,intermediate
UPRT,4,7,-1.22844146600925,final
AAAS,1,0,0,initial
AAAS,2,2.47326077728325,0.714917500373169,intermediate
AAAS,3,4.68827905944398,-5.25498008204227,intermediate
AAAS,4,7,-1.68717910866152,final
FMO2,1,0,0,initial
FMO2,2,2.3404243350357,6.12815483902159,intermediate
FMO2,3,4.3915453233884,-2.66446428477424,intermediate
FMO2,4,7,1.9808911770523,final
MAP3K1,1,0,0,initial
MAP3K1,2,2.57104119941081,1.82160769381418,intermediate
MAP3K1,3,4.49714670886858,-2.9099559602273,intermediate
MAP3K1,4,7,-0.803278986265749,final
DHPS,1,0,0,initial
DHPS,2,2.60105725058783,1.99342374569789,intermediate
DHPS,3,4.72232967758455,-2.45615657619027,intermediate
DHPS,4,7,-0.388213711203134,final
PTGS1,1,0,0,initial
PTGS1,2,2.56808640993033,3.25252300725532,intermediate
PTGS1,3,4.53337196795823,-8.70572000717662,intermediate
PTGS1,4,7,-4.42253203582577,final
NUP188,N/A,N/A,N/A,N/A
CRAT,1,0,0,initial
CRAT,2,3.42276032582937,-2.53876606278031,intermediate
CRAT,3,7,-2.34792330342031,final
NANS,1,0,0,initial
NANS,2,1.99671830353325,-3.52147199813878,intermediate
NANS,3,4.52029736034034,0.498624866236536,intermediate
NANS,4,7,-0.162374430722423,final
PDE6C,N/A,N/A,N/A,N/A
CYP26A1,1,0,0,initial
CYP26A1,2,3.00948317131766,-1.41413583851198,intermediate
CYP26A1,3,7,-1,final
MYO3A,1,0,0,initial
MYO3A,2,2.34288135280142,0.695294545148766,intermediate
MYO3A,3,4.28576000579156,-2.48292844717531,intermediate
MYO3A,4,7,-1.58496250072116,final
TPSD1,1,0,0,initial
TPSD1,2,3.99051682868234,-0.414135838511977,intermediate
TPSD1,3,7,1,final
CRISP3,1,0,0,initial
CRISP3,2,3.53782615501187,1.24988705162796,intermediate
CRISP3,3,7,-1.58496250072116,final
FKBP5,1,0,0,initial
FKBP5,2,3.37036166855735,-7.493855537732,intermediate
FKBP5,3,7,-5.51348248866488,final
SRPK1,N/A,N/A,N/A,N/A
SIRT1,1,0,0,initial
SIRT1,2,3.63879965393193,-0.0849050601017607,intermediate
SIRT1,3,7,4.24116222535629,final
JAK2,1,0,0,initial
JAK2,2,2.60594411227424,3.55060084882913,intermediate
JAK2,3,4.44262039073887,-3.67646928659505,intermediate
JAK2,4,7,-1.39231742277876,final
ABL1,1,0,0,initial
ABL1,2,3.46309520853621,-2.7638977829073,intermediate
ABL1,3,7,0.283599976228263,final
ACOT7,1,0,0,initial
ACOT7,2,1.8558413108739,-3.42364468813759,intermediate
ACOT7,3,4.82443071194658,-0.0903947255630947,intermediate
ACOT7,4,7,-0.397569321701632,final
SH3GLB1,1,0,0,initial
SH3GLB1,2,3.56482627349196,-1.8330602334768,intermediate
SH3GLB1,3,7,-0.72394614084154,final
CDC7,1,0,0,initial
CDC7,2,3.35503144953398,-6.17293798805911,intermediate
CDC7,3,7,-3.50194191395326,final
SCD,1,0,0,initial
SCD,2,2.39990496399795,3.34647208625719,intermediate
SCD,3,4.5722728637556,-5.12863106491771,intermediate
SCD,4,7,-2.53357841511258,final
MAST3,N/A,N/A,N/A,N/A
HSD3B7,1,0,0,initial
HSD3B7,2,2.49562887574973,3.69624338312202,intermediate
HSD3B7,3,4.90813346798303,-2.95554182024942,intermediate
HSD3B7,4,7,0.152951922838599,final
ATP5F1D,N/A,N/A,N/A,N/A
MARCHF2,1,0,0,initial
MARCHF2,2,2.63138455471789,3.34313773343434,intermediate
MARCHF2,3,4.6451453164299,-5.43311664331686,intermediate
MARCHF2,4,7,-1.10056396656728,final
NDUFB7,1,0,0,initial
NDUFB7,2,2.34684689604018,-0.307010692784267,intermediate
NDUFB7,3,4.84255568235919,-4.24369648310976,intermediate
NDUFB7,4,7,-1.44919172510308,final
TECR,N/A,N/A,N/A,N/A
CDC34,1,0,0,initial
CDC34,2,3.51116614564763,0.661243578390901,intermediate
CDC34,3,7,1.05516859095263,final
MTAP,1,0,0,initial
MTAP,2,2.09925423268495,-1.03325902981937,intermediate
MTAP,3,4.99924100363921,-2.43483591610114,intermediate
MTAP,4,7,-0.724811393881577,final
POLR2E,1,0,0,initial
POLR2E,2,3.36720023122708,-2.45780788241275,intermediate
POLR2E,3,7,-1.44022740774015,final
POLRMT,N/A,N/A,N/A,N/A
MKNK2,1,0,0,initial
MKNK2,2,3.21263768919288,-1.76468002971741,intermediate
MKNK2,3,7,-0.886789389552009,final
ZDHHC8,1,0,0,initial
ZDHHC8,2,3.52899323106371,-2.25610098193597,intermediate
ZDHHC8,3,7,-1.48308288670194,final
GSTT2,N/A,N/A,N/A,N/A
GGT5,N/A,N/A,N/A,N/A
PPIL2,N/A,N/A,N/A,N/A
UPB1,1,0,0,initial
UPB1,2,2.41223049892531,1.88618293109098,intermediate
UPB1,3,4.80796367625727,-5.71128499845339,intermediate
UPB1,4,7,-0.874469117916141,final
MAPK1,1,0,0,initial
MAPK1,2,2.20978861126618,-0.48818041400337,intermediate
MAPK1,3,4.79210289171796,-1.56998306688845,intermediate
MAPK1,4,7,-0.58269351722716,final
GGT1,1,0,0,initial
GGT1,2,2.41322841759246,3.50781399147306,intermediate
GGT1,3,4.50072303116872,-5.52594127892177,intermediate
GGT1,4,7,-1.666262602823,final
PRODH,1,0,0,initial
PRODH,2,2.52318020251717,5.18088056066053,intermediate
PRODH,3,4.76042093664238,-13.800902975103,intermediate
PRODH,4,7,-1.71808758396052,final
PPM1F,N/A,N/A,N/A,N/A
SLC25A1,1,0,0,initial
SLC25A1,2,7,-2.29716018973842,final
GRK3,1,0,0,initial
GRK3,2,3.21491842407556,-3.16739970475243,intermediate
GRK3,3,7,-1.05633798414981,final
PLA2G3,1,0,0,initial
PLA2G3,2,3.77558592991226,5.28360518235749,intermediate
PLA2G3,3,7,-0.324272035355662,final
SH3BP1,N/A,N/A,N/A,N/A
ENSG00000100101,1,0,0,initial
ENSG00000100101,2,2.22153655822712,-0.709758136415042,intermediate
ENSG00000100101,3,4.83958658466018,-3.05416985508647,intermediate
ENSG00000100101,4,7,-1.29783628837645,final
GCAT,1,0,0,initial
GCAT,2,3.32828602979393,-3.97197847190051,intermediate
GCAT,3,7,-1.68202991868132,final
POLR2F,N/A,N/A,N/A,N/A
SLC16A8,N/A,N/A,N/A,N/A
SLC5A1,1,0,0,initial
SLC5A1,2,3.35774153557583,2.67854209729145,intermediate
SLC5A1,3,7,2.55885660938169,final
CYP2D6,1,0,0,initial
CYP2D6,2,2.39557935806068,-0.786250188874108,intermediate
CYP2D6,3,4.54687077130505,-3.93900161433753,intermediate
CYP2D6,4,7,-0.53051471669878,final
CYB5R3,1,0,0,initial
CYB5R3,2,3.40034044567561,-3.21995571016242,intermediate
CYB5R3,3,7,-1.27130202181739,final
MIOX,1,0,0,initial
MIOX,2,1.326051295176,-1.56946912592426,intermediate
MIOX,3,5.673948704824,-1.56946912592427,intermediate
MIOX,4,7,0,final
CHKB,N/A,N/A,N/A,N/A
HMOX1,1,0,0,initial
HMOX1,2,3.45776405187939,5.38878191316862,intermediate
HMOX1,3,7,4.77387315469866,final
MCAT,1,0,0,initial
MCAT,2,2.42380158588954,0.498054329132909,intermediate
MCAT,3,4.72789412771114,-2.17905320014244,intermediate
MCAT,4,7,-1.2089468902715,final
ARSA,1,0,0,initial
ARSA,2,2.3706784202747,1.3001529032761,intermediate
ARSA,3,4.88817325584987,-2.78667349671175,intermediate
ARSA,4,7,-0.289506617194985,final
MTMR3,1,0,0,initial
MTMR3,2,3.63489331191401,0.38230207391962,intermediate
MTMR3,3,7,2.0505480958767,final
PNPLA3,1,0,0,initial
PNPLA3,2,2.61099190784745,2.70711489907595,intermediate
PNPLA3,3,4.58566099216527,-3.43085121843892,intermediate
PNPLA3,4,7,-0.0458036896131248,final
TXN2,1,0,0,initial
TXN2,2,3.63062099268239,-1.83557292371582,intermediate
TXN2,3,7,-1.86344033957512,final
TNRC6B,1,0,0,initial
TNRC6B,2,2.53180956379228,0.359948090767071,intermediate
TNRC6B,3,4.91468373255117,-4.45450446186675,intermediate
TNRC6B,4,7,0.0135183241746941,final
SLC25A17,1,0,0,initial
SLC25A17,2,3.30738352380277,-1.79278674367982,intermediate
SLC25A17,3,7,-0.502688497691614,final
EP300,1,0,0,initial
EP300,2,3.70169535116598,-1.2332843903983,intermediate
EP300,3,7,2.27877714237954,final
ACO2,1,0,0,initial
ACO2,2,2.3157949282215,0.144900070791341,intermediate
ACO2,3,4.82768319331877,-3.20396614177123,intermediate
ACO2,4,7,-1.02466205423427,final
POLR3H,1,0,0,initial
POLR3H,2,2.40539818802879,-0.136279320947666,intermediate
POLR3H,3,4.94616000792575,-6.82687545458904,intermediate
POLR3H,4,7,-1.10433665981474,final
TRMU,N/A,N/A,N/A,N/A
PMM1,1,0,0,initial
PMM1,2,2.30967202250033,-0.134807843136961,intermediate
PMM1,3,4.90813137188632,-2.85854252617301,intermediate
PMM1,4,7,-1.13663469202185,final
CERK,N/A,N/A,N/A,N/A
FKBP3,N/A,N/A,N/A,N/A
POLE2,1,0,0,initial
POLE2,2,3.3703818233549,-5.87511958754482,intermediate
POLE2,3,7,-3.01495034146597,final
CDKL1,1,0,0,initial
CDKL1,2,3.43732385564751,-2.03644271062173,intermediate
CDKL1,3,7,-0.871675903024461,final
PYGL,1,0,0,initial
PYGL,2,7,-2.93996241721417,final
GNPNAT1,N/A,N/A,N/A,N/A
CDKN3,1,0,0,initial
CDKN3,2,3.3816914285682,-7.96609486446529,intermediate
CDKN3,3,7,-4.64797229824696,final
PIGH,1,0,0,initial
PIGH,2,2.68032791806152,2.09058465091101,intermediate
PIGH,3,4.5610394237663,-2.84334284786957,intermediate
PIGH,4,7,-0.885440235737144,final
GSTZ1,1,0,0,initial
GSTZ1,2,2.46755742395669,0.892390302506796,intermediate
GSTZ1,3,4.72819096047958,-4.27572789850692,intermediate
GSTZ1,4,7,-1.36257007938471,final
SPTLC2,N/A,N/A,N/A,N/A
LGMN,1,0,0,initial
LGMN,2,2.33203761190749,0.291366720220966,intermediate
LGMN,3,4.65875289787266,-1.9144255623562,intermediate
LGMN,4,7,-0.840463233869543,final
ITPK1,N/A,N/A,N/A,N/A
PPM1A,1,0,0,initial
PPM1A,2,7,1.60005080539318,final
GALNT16,N/A,N/A,N/A,N/A
HIF1A,N/A,N/A,N/A,N/A
SLC10A1,1,0,0,initial
SLC10A1,2,2.48853490465643,4.07232564500128,intermediate
SLC10A1,3,4.9529279005522,-4.84522065993312,intermediate
SLC10A1,4,7,2.16992500144231,final
SLC8A3,N/A,N/A,N/A,N/A
MTHFD1,1,0,0,initial
MTHFD1,2,1.93475581475942,-4.52043630934163,intermediate
MTHFD1,3,4.83343914117173,-3.41412473049188,intermediate
MTHFD1,4,7,-2.67959937485923,final
VRK1,1,0,0,initial
VRK1,2,3.41362178501761,-4.12966977983315,intermediate
VRK1,3,7,-2.13160917249184,final
RPS6KA5,1,0,0,initial
RPS6KA5,2,7,1.50788627770252,final
CCNB1IP1,N/A,N/A,N/A,N/A
CINP,1,0,0,initial
CINP,2,3.59908052029129,-2.05667123967182,intermediate
CINP,3,7,-1.53276628959573,final
DHRS2,1,0,0,initial
DHRS2,2,3.66580364837232,0.00209221585126659,intermediate
DHRS2,3,7,-3.32192809488736,final
PCK2,1,0,0,initial
PCK2,2,3.61565288538374,0.564086247262555,intermediate
PCK2,3,7,-1.81783205627305,final
GMPR2,1,0,0,initial
GMPR2,2,2.51663192561422,1.05711461747603,intermediate
GMPR2,3,4.59902557527326,-3.78910575517685,intermediate
GMPR2,4,7,-0.64190825741287,final
PLTP,1,0,0,initial
PLTP,2,7,-2.84766567132427,final
GSS,1,0,0,initial
GSS,2,3.44421741171911,-3.30584531880897,intermediate
GSS,3,7,-2.58766165032211,final
PYGB,N/A,N/A,N/A,N/A
ABHD12,1,0,0,initial
ABHD12,2,2.51696468729609,1.83073704937824,intermediate
ABHD12,3,4.62948170885517,-1.61981904463759,intermediate
ABHD12,4,7,-0.756545963135722,final
SGK2,N/A,N/A,N/A,N/A
CTSZ,1,0,0,initial
CTSZ,2,3.27748200003313,-3.977145209285,intermediate
CTSZ,3,7,-1.72560573200166,final
SLCO4A1,1,0,0,initial
SLCO4A1,2,2.42004671861228,-3.1168958308448,intermediate
SLCO4A1,3,4.56407512102831,6.62484714290928,intermediate
SLCO4A1,4,7,3.1606471878543,final
EEF1A2,N/A,N/A,N/A,N/A
PTK6,N/A,N/A,N/A,N/A
CDC25B,1,0,0,initial
CDC25B,2,3.32939109306975,-5.26582491772412,intermediate
CDC25B,3,7,-1.49410907027004,final
NDUFAF5,N/A,N/A,N/A,N/A
TRIB3,N/A,N/A,N/A,N/A
SLC52A3,N/A,N/A,N/A,N/A
CDS2,1,0,0,initial
CDS2,2,3.5778259272795,-3.37478213089743,intermediate
CDS2,3,7,-0.986893011358523,final
MYLK2,N/A,N/A,N/A,N/A
HAO1,N/A,N/A,N/A,N/A
PLCB4,1,0,0,initial
PLCB4,2,3.71884407504003,-0.533782083248722,intermediate
PLCB4,3,7,1.73696559416621,final
HCK,N/A,N/A,N/A,N/A
PAK5,1,0,0,initial
PAK5,2,3.27343778744628,-1.99310972962438,intermediate
PAK5,3,7,-1.58496250072116,final
IDH3B,N/A,N/A,N/A,N/A
AHCY,1,0,0,initial
AHCY,2,3.46184916140654,-3.92592731611037,intermediate
AHCY,3,7,-2.11311408005146,final
PIGU,N/A,N/A,N/A,N/A
ACOT8,1,0,0,initial
ACOT8,2,2.54677175363375,3.38439390919899,intermediate
ACOT8,3,4.57097315374324,-3.00952616488627,intermediate
ACOT8,4,7,-0.922521247322282,final
USP14,1,0,0,initial
USP14,2,2.26784000743686,-0.0923574050598857,intermediate
USP14,3,5.29410594435651,-2.5009937959817,intermediate
USP14,4,7,-0.233845938306246,final
METTL4,N/A,N/A,N/A,N/A
LPIN2,1,0,0,initial
LPIN2,2,3.6701703595856,-1.9772003528643,intermediate
LPIN2,3,7,1.96038814410114,final
ST8SIA5,N/A,N/A,N/A,N/A
RNF125,1,0,0,initial
RNF125,2,2.13768054153633,-4.30769273988204,intermediate
RNF125,3,4.67941706161616,-0.508602795815933,intermediate
RNF125,4,7,-1.20163386116965,final
POLI,1,0,0,initial
POLI,2,2.27610553384634,-0.177667775425549,intermediate
POLI,3,4.9078457503729,-4.20777998240316,intermediate
POLI,4,7,-0.618068474748106,final
MIB1,1,0,0,initial
MIB1,2,3.40314792205023,-2.48408207120211,intermediate
MIB1,3,7,-1.15840432646463,final
STS,1,0,0,initial
STS,2,7,4.44774981358966,final
TBL1X,1,0,0,initial
TBL1X,2,2.51977688963781,1.20414461099021,intermediate
TBL1X,3,4.67320860071349,-4.2020433900234,intermediate
TBL1X,4,7,-0.958179824305373,final
POLA1,1,0,0,initial
POLA1,2,3.35502016236664,-4.37632243662743,intermediate
POLA1,3,7,-2.21752338181471,final
MID1,N/A,N/A,N/A,N/A
ALG13,N/A,N/A,N/A,N/A
PRPS2,1,0,0,initial
PRPS2,2,1.91928309845228,-3.55493863119574,intermediate
PRPS2,3,4.75690408519653,0.450436322654601,intermediate
PRPS2,4,7,-1.95832715083508,final
SUV39H1,1,0,0,initial
SUV39H1,2,3.41831105190761,-5.66405416192152,intermediate
SUV39H1,3,7,-2.40209844357135,final
ATP11C,1,0,0,initial
ATP11C,2,3.51561503293856,-1.18854925055236,intermediate
ATP11C,3,7,-1.06808898984217,final
ABCD1,1,0,0,initial
ABCD1,2,2.3974363705489,1.05355486500032,intermediate
ABCD1,3,4.9411544817561,-5.74096000746803,intermediate
ABCD1,4,7,1.71620703399941,final
BMX,N/A,N/A,N/A,N/A
NAA10,N/A,N/A,N/A,N/A
RENBP,N/A,N/A,N/A,N/A
MTMR8,N/A,N/A,N/A,N/A
SLC25A14,1,0,0,initial
SLC25A14,2,2.46573764338783,0.776611839439574,intermediate
SLC25A14,3,4.75156815860717,-4.03168830659828,intermediate
SLC25A14,4,7,-1.35755200461808,final
PIM2,1,0,0,initial
PIM2,2,3.49815396313414,-1.35203507096177,intermediate
PIM2,3,7,-1.15472259479864,final
SLC35A2,N/A,N/A,N/A,N/A
TAFAZZIN,1,0,0,initial
TAFAZZIN,2,2.49608368966483,1.56706573668299,intermediate
TAFAZZIN,3,4.78601223463531,-4.36501284989895,intermediate
TAFAZZIN,4,7,-1.06054154193505,final
PGK1,1,0,0,initial
PGK1,2,3.47435823867573,-3.02283752119352,intermediate
PGK1,3,7,-1.64968821405175,final
SMS,1,0,0,initial
SMS,2,2.12606762934698,-4.29504245063288,intermediate
SMS,3,4.63888209848268,0.104711775382227,intermediate
SMS,4,7,0.278571725692981,final
CDK16,1,0,0,initial
CDK16,2,3.37734503251462,-2.04849666356926,intermediate
CDK16,3,7,-0.916842062104216,final
USP11,1,0,0,initial
USP11,2,2.44485538140302,-0.594746766560255,intermediate
USP11,3,4.80184450793872,-3.1895175413078,intermediate
USP11,4,7,0.639039173476949,final
PCYT1B,1,0,0,initial
PCYT1B,2,3.46415049377089,-4.19965185675544,intermediate
PCYT1B,3,7,-2.76081233612057,final
PIN4,N/A,N/A,N/A,N/A
ZDHHC15,N/A,N/A,N/A,N/A
GLA,1,0,0,initial
GLA,2,3.65950783335725,-1.97832345763218,intermediate
GLA,3,7,3.83904658237577,final
ACP5,1,0,0,initial
ACP5,2,2.43141070979188,0.748309509529057,intermediate
ACP5,3,4.70384210900648,-6.20883125788914,intermediate
ACP5,4,7,-2.5077946401987,final
UGGT2,1,0,0,initial
UGGT2,2,2.27919933640533,-0.157775703922939,intermediate
UGGT2,3,5.08883175989641,-2.79214817824816,intermediate
UGGT2,4,7,-0.664328403947749,final
PARP4,1,0,0,initial
PARP4,2,3.53697706023153,-5.40497759232915,intermediate
PARP4,3,7,-0.991386869695292,final
SLC25A15,N/A,N/A,N/A,N/A
FLT1,N/A,N/A,N/A,N/A
DGKH,1,0,0,initial
DGKH,2,3.47347968221748,-2.20333855853959,intermediate
DGKH,3,7,0.2883713391547,final
MGRN1,1,0,0,initial
MGRN1,2,3.54239326467559,-0.357943760974238,intermediate
MGRN1,3,7,2.19005170129423,final
MAPK3,N/A,N/A,N/A,N/A
PHKB,1,0,0,initial
PHKB,2,2.40953337405698,0.277079088172143,intermediate
PHKB,3,4.89693484972035,-5.39373900611609,intermediate
PHKB,4,7,-0.941897045436432,final
NUP93,1,0,0,initial
NUP93,2,3.17780154603763,-3.49933831075696,intermediate
NUP93,3,7,-1.63831800623329,final
DHODH,1,0,0,initial
DHODH,2,3.32416592133279,-4.13994797920779,intermediate
DHODH,3,7,-1.41503749927884,final
POLR2C,1,0,0,initial
POLR2C,2,2.38549159593403,-0.259841682258643,intermediate
POLR2C,3,4.69812069288836,-2.18997392822841,intermediate
POLR2C,4,7,-0.80100695597512,final
NME3,1,0,0,initial
NME3,2,2.56549743774517,1.04007899253537,intermediate
NME3,3,4.67745760968204,-5.29544157476461,intermediate
NME3,4,7,-2.09570041642059,final
SETD6,1,0,0,initial
SETD6,2,2.42666625169272,0.761790888147951,intermediate
SETD6,3,4.99299992173667,-4.19492354170596,intermediate
SETD6,4,7,-0.671002331787848,final
HAS3,1,0,0,initial
HAS3,2,2.58933316150749,-2.73398217628824,intermediate
HAS3,3,4.33653474274614,0.761141445093616,intermediate
HAS3,4,7,1.08623239764408,final
SMPD3,1,0,0,initial
SMPD3,2,7,4.3662602015208,final
PLA2G15,1,0,0,initial
PLA2G15,2,7,-1.31170825256948,final
MLYCD,1,0,0,initial
MLYCD,2,2.58787737991506,1.07010470197058,intermediate
MLYCD,3,4.73463849778968,-3.54993875356208,intermediate
MLYCD,4,7,-0.0603726179794818,final
NAGPA,1,0,0,initial
NAGPA,2,2.72838581997647,2.55470651044385,intermediate
NAGPA,3,4.75059208894998,-5.00809157071667,intermediate
NAGPA,4,7,-0.235103473086002,final
USP10,1,0,0,initial
USP10,2,3.23965054359599,-2.28670423761755,intermediate
USP10,3,7,-0.803308088994902,final
NME4,1,0,0,initial
NME4,2,3.27877997438018,-4.19429884146868,intermediate
NME4,3,7,-3.19993757050875,final
ABCC1,1,0,0,initial
ABCC1,2,3.86724708855349,-0.220384074560994,intermediate
ABCC1,3,7,1.16160215893459,final
HAGHL,N/A,N/A,N/A,N/A
SLC7A5,1,0,0,initial
SLC7A5,2,1.83408287057506,-7.54780068002096,intermediate
SLC7A5,3,4.68449945007331,-0.6807292117762,intermediate
SLC7A5,4,7,-1.76293952887472,final
STUB1,1,0,0,initial
STUB1,2,2.41695217523699,0.390914485533022,intermediate
STUB1,3,4.79159299385112,-2.88860472122534,intermediate
STUB1,4,7,-1.35412501112845,final
UBE2I,1,0,0,initial
UBE2I,2,3.22332069096497,-2.10525674693854,intermediate
UBE2I,3,7,0.224231421000229,final
AQP8,N/A,N/A,N/A,N/A
QPRT,1,0,0,initial
QPRT,2,2.60489107875376,3.97469994578093,intermediate
QPRT,3,4.4146282226012,-5.13463499337434,intermediate
QPRT,4,7,-0.908576972236406,final
XYLT1,N/A,N/A,N/A,N/A
CDIPT,1,0,0,initial
CDIPT,2,2.48051698073218,2.11260519914074,intermediate
CDIPT,3,4.6210715787291,-3.91676985079384,intermediate
CDIPT,4,7,-1.12623999737997,final
BCKDK,N/A,N/A,N/A,N/A
SLC6A2,1,0,0,initial
SLC6A2,2,2.39431191482655,6.30201070627718,intermediate
SLC6A2,3,4.54629209107837,-2.03276649616835,intermediate
SLC6A2,4,7,0.251538766995964,final
AQP9,1,0,0,initial
AQP9,2,3.35739418533656,3.9615977661594,intermediate
AQP9,3,7,1.00416362494154,final
CSK,N/A,N/A,N/A,N/A
HERC1,1,0,0,initial
HERC1,2,2.6894550946343,1.22203855037908,intermediate
HERC1,3,4.87806868522648,-3.13155568377233,intermediate
HERC1,4,7,0.141963171940635,final
MTFMT,1,0,0,initial
MTFMT,2,2.40114123762669,-0.747685565983757,intermediate
MTFMT,3,4.75825753513185,-4.61322371763527,intermediate
MTFMT,4,7,-1.28950661719498,final
ACSBG1,N/A,N/A,N/A,N/A
CTSH,N/A,N/A,N/A,N/A
FAH,1,0,0,initial
FAH,2,3.53322408763674,-4.74105620323874,intermediate
FAH,3,7,-1.58496250072116,final
OCA2,1,0,0,initial
OCA2,2,2.41114198987365,0.918877336139794,intermediate
OCA2,3,4.79046179798813,-4.58996401093096,intermediate
OCA2,4,7,0.787949522885011,final
TGM5,1,0,0,initial
TGM5,2,3.31286382933415,8.13453598630694,intermediate
TGM5,3,7,1.84245872301352,final
SGK3,1,0,0,initial
SGK3,2,3.51412223105006,-2.82725855581801,intermediate
SGK3,3,7,-1.02236781302845,final
ZDHHC2,N/A,N/A,N/A,N/A
CA2,1,0,0,initial
CA2,2,2.42943967537505,2.07460837186531,intermediate
CA2,3,4.8637078065387,-6.31838396763962,intermediate
CA2,4,7,-1.34548638436833,final
RIPK2,1,0,0,initial
RIPK2,2,3.54601456834772,2.11372272404581,intermediate
RIPK2,3,7,2.15754127698648,final
EYA1,N/A,N/A,N/A,N/A
DECR1,N/A,N/A,N/A,N/A
IKBKB,1,0,0,initial
IKBKB,2,2.5240448822741,1.07610393997243,intermediate
IKBKB,3,4.92431632729652,-3.21895713367901,intermediate
IKBKB,4,7,-0.68345236412052,final
GFUS,N/A,N/A,N/A,N/A
PYCR3,1,0,0,initial
PYCR3,2,2.19211346547159,-1.7499268827889,intermediate
PYCR3,3,5.04171883212449,-5.74552458865234,intermediate
PYCR3,4,7,-1.40439025507934,final
SQLE,1,0,0,initial
SQLE,2,3.64968241824857,2.0067528539275,intermediate
SQLE,3,7,-2.40788784550548,final
SLC39A14,1,0,0,initial
SLC39A14,2,3.59531603171635,-2.58412217343572,intermediate
SLC39A14,3,7,0.0955443333085353,final
GSR,1,0,0,initial
GSR,2,3.50283233023478,-7.14601639916072,intermediate
GSR,3,7,-2.45121111183233,final
TUSC3,1,0,0,initial
TUSC3,2,3.4674327985297,-3.48063166616344,intermediate
TUSC3,3,7,-0.121149486656977,final
ASAH1,1,0,0,initial
ASAH1,2,2.59096509850206,2.74497415646268,intermediate
ASAH1,3,4.72830068757086,-6.43348951473962,intermediate
ASAH1,4,7,-1.02402658426835,final
MAN2B1,1,0,0,initial
MAN2B1,2,2.48697012048012,1.46669744930966,intermediate
MAN2B1,3,4.78891279862858,-3.37422244768355,intermediate
MAN2B1,4,7,-0.920146692310785,final
DHDH,1,0,0,initial
DHDH,2,3.62121956491743,-5.92390975019113,intermediate
DHDH,3,7,3.44608867921974,final
GYS1,1,0,0,initial
GYS1,2,3.56469041242498,-2.19005670581328,intermediate
GYS1,3,7,-0.657112286476991,final
MAP4K1,N/A,N/A,N/A,N/A
ECH1,1,0,0,initial
ECH1,2,2.40265476611314,2.79472295879534,intermediate
ECH1,3,4.6916954779197,-2.36421426332035,intermediate
ECH1,4,7,-0.593679717822265,final
CKM,N/A,N/A,N/A,N/A
DOT1L,1,0,0,initial
DOT1L,2,3.56542996934225,-0.272859971947402,intermediate
DOT1L,3,7,1.22404027421793,final
SLC17A7,N/A,N/A,N/A,N/A
TRMT1,N/A,N/A,N/A,N/A
IL4I1,N/A,N/A,N/A,N/A
SLC1A6,1,0,0,initial
SLC1A6,2,7,-3.05889368905357,final
FBL,1,0,0,initial
FBL,2,3.43462433298754,-4.04833847876621,intermediate
FBL,3,7,-2.78544901924742,final
DYRK1B,1,0,0,initial
DYRK1B,2,2.646080213758,2.16064963829915,intermediate
DYRK1B,3,4.85477803079917,-4.25096846494181,intermediate
DYRK1B,4,7,-0.472068444315223,final
CLC,1,0,0,initial
CLC,2,3.68283307778014,-0.437115440702081,intermediate
CLC,3,7,6.5077946401987,final
GPI,1,0,0,initial
GPI,2,3.4674425598615,-3.99192798422356,intermediate
GPI,3,7,-1.65324504503461,final
AKT2,1,0,0,initial
AKT2,2,2.34844379292921,-0.1120302437456,intermediate
AKT2,3,4.7547622990859,-2.16182096581536,intermediate
AKT2,4,7,-0.841029455447296,final
PLD3,1,0,0,initial
PLD3,2,2.49757709396274,1.66849451814884,intermediate
PLD3,3,4.79273530301415,-2.57630585769933,intermediate
PLD3,4,7,-1.06121442648793,final
TBCB,1,0,0,initial
TBCB,2,2.35470075744204,0.0700653143505564,intermediate
TBCB,3,4.83035262973867,-3.47562985772879,intermediate
TBCB,4,7,-1.60124758430865,final
POLR2I,N/A,N/A,N/A,N/A
SLC1A5,N/A,N/A,N/A,N/A
PRKD2,1,0,0,initial
PRKD2,2,2.5061285609887,0.129443686573032,intermediate
PRKD2,3,4.90398058325554,-2.9789933438873,intermediate
PRKD2,4,7,0.070389327891398,final
PLIN3,N/A,N/A,N/A,N/A
ETFB,1,0,0,initial
ETFB,2,2.47571073180722,1.19180751199465,intermediate
ETFB,3,4.89976648539239,-5.18780199310717,intermediate
ETFB,4,7,-0.916583991812363,final
TYK2,1,0,0,initial
TYK2,2,2.47977393450713,0.64467655621287,intermediate
TYK2,3,4.88815561947949,-3.54009899551396,intermediate
TYK2,4,7,-0.518049167381689,final
SULT2A1,1,0,0,initial
SULT2A1,2,3.99051682868234,-0.414135838511977,intermediate
SULT2A1,3,7,1,final
ATP1A3,N/A,N/A,N/A,N/A
PTPRS,1,0,0,initial
PTPRS,2,2.43080246328989,0.117075163454436,intermediate
PTPRS,3,4.63878122372092,-5.88027690857712,intermediate
PTPRS,4,7,-1,final
PLA2G4C,1,0,0,initial
PLA2G4C,2,3.57649288938477,1.33931906047466,intermediate
PLA2G4C,3,7,5.59370235028532,final
HAS1,1,0,0,initial
HAS1,2,7,7.53138146051631,final
DBP,1,0,0,initial
DBP,2,2.65660444139006,2.10533445522305,intermediate
DBP,3,4.51650842049405,-0.558941046193179,intermediate
DBP,4,7,-1.43195088221519,final
BCAT2,1,0,0,initial
BCAT2,2,3.30333075581424,-4.88042248177607,intermediate
BCAT2,3,7,-2.18903382439002,final
GCDH,N/A,N/A,N/A,N/A
MAST1,N/A,N/A,N/A,N/A
JAK3,1,0,0,initial
JAK3,2,2.66660890831726,1.85768764222701,intermediate
JAK3,3,4.67863095421924,-7.830150107864,intermediate
JAK3,4,7,0.280107919192735,final
SLC5A5,N/A,N/A,N/A,N/A
PIK3R2,1,0,0,initial
PIK3R2,2,2.46060068226148,0.495020615883257,intermediate
PIK3R2,3,4.80182136628392,-3.52488176628955,intermediate
PIK3R2,4,7,-0.584962500721156,final
PDE4C,1,0,0,initial
PDE4C,2,3.76043078567752,-2.45189458003243,intermediate
PDE4C,3,7,3.52356195605701,final
ISYNA1,N/A,N/A,N/A,N/A
COPE,N/A,N/A,N/A,N/A
ATP4A,N/A,N/A,N/A,N/A
FKBP8,1,0,0,initial
FKBP8,2,2.61127851028875,1.36142158352493,intermediate
FKBP8,3,4.54387671998471,-2.40443750055965,intermediate
FKBP8,4,7,-0.813669897587312,final
CDK6,1,0,0,initial
CDK6,2,2.60246684236391,0.425895458963095,intermediate
CDK6,3,4.60727683271806,-2.34078199275971,intermediate
CDK6,4,7,-0.150350403305538,final
NAMPT,N/A,N/A,N/A,N/A
PIK3CG,N/A,N/A,N/A,N/A
PON3,1,0,0,initial
PON3,2,3.52102707419445,1.12456218321612,intermediate
PON3,3,7,-3.4594316186373,final
PON2,1,0,0,initial
PON2,2,2.4605117258247,1.1476423723655,intermediate
PON2,3,4.7016990232721,-5.07685456916097,intermediate
PON2,4,7,-2.14729096609573,final
ATP6V0A4,1,0,0,initial
ATP6V0A4,2,3.14073396934561,-4.06817649850553,intermediate
ATP6V0A4,3,7,-2.58496250072116,final
ZC3HAV1,1,0,0,initial
ZC3HAV1,2,2.50296410187923,1.18822052445458,intermediate
ZC3HAV1,3,4.77272926566775,-6.12809814799204,intermediate
ZC3HAV1,4,7,-1.06255831299599,final
OGDH,N/A,N/A,N/A,N/A
HIBADH,1,0,0,initial
HIBADH,2,2.33770002459395,0.240125501388185,intermediate
HIBADH,3,4.88483599055147,-5.06992795132706,intermediate
HIBADH,4,7,-1.30278620118719,final
FKBP14,1,0,0,initial
FKBP14,2,1.64095293285497,-3.28765673651383,intermediate
FKBP14,3,5.18113813619044,0.778456777541796,intermediate
FKBP14,4,7,-0.761434589760106,final
GARS1,1,0,0,initial
GARS1,2,2.3034702269873,-2.14560265079884,intermediate
GARS1,3,4.57015385926121,2.70094383157269,intermediate
GARS1,4,7,0.946891509763642,final
EPHB6,1,0,0,initial
EPHB6,2,2.47008034692151,6.45033480291112,intermediate
EPHB6,3,4.75496736786488,-7.32683955252424,intermediate
EPHB6,4,7,-2.57742882803575,final
CYP3A5,1,0,0,initial
CYP3A5,2,2.40843548030458,8.23733684094059,intermediate
CYP3A5,3,4.61845848396313,-7.50601933664067,intermediate
CYP3A5,4,7,-2,final
PTPRZ1,1,0,0,initial
PTPRZ1,2,2.53269592454359,3.31795741346553,intermediate
PTPRZ1,3,4.59588837481365,-5.08377199588143,intermediate
PTPRZ1,4,7,-2.38106732815749,final
HYAL4,1,0,0,initial
HYAL4,2,1.91974382749707,13.8701881534864,intermediate
HYAL4,3,4.64215339434368,-1.92295894885075,intermediate
HYAL4,4,7,3.90689059560852,final
SPAM1,N/A,N/A,N/A,N/A
IMPDH1,1,0,0,initial
IMPDH1,2,3.41594595888468,-5.20382667949026,intermediate
IMPDH1,3,7,-2.47643804394299,final
C1GALT1,N/A,N/A,N/A,N/A
PLOD3,1,0,0,initial
PLOD3,2,3.41543758277469,-3.63786724009317,intermediate
PLOD3,3,7,-0.666262602823005,final
EZH2,1,0,0,initial
EZH2,2,3.45827026971423,-2.154009503438,intermediate
EZH2,3,7,-0.258259900513447,final
BLVRA,1,0,0,initial
BLVRA,2,3.48652017119211,-2.89621843111928,intermediate
BLVRA,3,7,-2.42057568282027,final
POLD2,1,0,0,initial
POLD2,2,3.51480775096486,-2.0103879404071,intermediate
POLD2,3,7,-2.33567159605225,final
GCK,N/A,N/A,N/A,N/A
YKT6,N/A,N/A,N/A,N/A
LIMK1,N/A,N/A,N/A,N/A
SLC1A1,N/A,N/A,N/A,N/A
NMRK1,1,0,0,initial
NMRK1,2,2.42941229461787,2.63326401582432,intermediate
NMRK1,3,4.67541969037976,-5.35187434191307,intermediate
NMRK1,4,7,-1.30061186365027,final
TGFBR1,N/A,N/A,N/A,N/A
PTGR1,N/A,N/A,N/A,N/A
DNM1,N/A,N/A,N/A,N/A
CA9,1,0,0,initial
CA9,2,3.19599653447457,-8.71322437247992,intermediate
CA9,3,7,-5.8073549220576,final
TYRP1,1,0,0,initial
TYRP1,2,2.35184411377715,1.77224541938655,intermediate
TYRP1,3,4.76443928007055,-2.94185655271155,intermediate
TYRP1,4,7,1.31961020170023,final
PIP5K1B,N/A,N/A,N/A,N/A
PTGDS,N/A,N/A,N/A,N/A
UBE2R2,1,0,0,initial
UBE2R2,2,7,2.59721239712833,final
PHYH,1,0,0,initial
PHYH,2,2.34951384522108,-0.0152965711633883,intermediate
PHYH,3,4.77302065342965,-4.58149114621501,intermediate
PHYH,4,7,-1.31577586790577,final
CUBN,1,0,0,initial
CUBN,2,2.42446677697811,3.76023811916142,intermediate
CUBN,3,4.89253694923842,-4.95350069093927,intermediate
CUBN,4,7,2,final
MAPK8,1,0,0,initial
MAPK8,2,3.5588553972725,-1.26664598967835,intermediate
MAPK8,3,7,1.54820395071104,final
PPP3CB,1,0,0,initial
PPP3CB,2,3.65795961707706,-2.36784471655372,intermediate
PPP3CB,3,7,0.170318803830697,final
BMPR1A,1,0,0,initial
BMPR1A,2,2.43687893579614,0.89607940859572,intermediate
BMPR1A,3,5.12130187329899,-2.90015004072737,intermediate
BMPR1A,4,7,-0.454195875249956,final
MINPP1,N/A,N/A,N/A,N/A
LIPA,1,0,0,initial
LIPA,2,2.49122810363071,2.23389023647319,intermediate
LIPA,3,4.58601104422864,-7.402222362615,intermediate
LIPA,4,7,-2.59367140906604,final
SFXN3,1,0,0,initial
SFXN3,2,2.59824845362068,2.48978004635259,intermediate
SFXN3,3,4.58545122324397,-3.86086506630296,intermediate
SFXN3,4,7,-0.535448545679579,final
TNKS2,1,0,0,initial
TNKS2,2,3.70305376971561,-0.539118524542112,intermediate
TNKS2,3,7,1.40995885924108,final
LHPP,1,0,0,initial
LHPP,2,7,-1.93288580414146,final
MTPAP,1,0,0,initial
MTPAP,2,3.38179120943415,-2.63656773927126,intermediate
MTPAP,3,7,-0.664004792977088,final
NEURL1,1,0,0,initial
NEURL1,2,2.3517557565834,0.975026152197746,intermediate
NEURL1,3,5.18510212289256,-3.16151959495675,intermediate
NEURL1,4,7,1.08746284125034,final
MAP3K8,1,0,0,initial
MAP3K8,2,7,3.69037670332962,final
UBE2S,1,0,0,initial
UBE2S,2,2.00788161072212,-6.12022257954583,intermediate
UBE2S,3,4.77303881952766,-1.28380976880331,intermediate
UBE2S,4,7,-1.74250377770764,final
PPIF,1,0,0,initial
PPIF,2,7,4.79212749873112,final
CYP2C18,N/A,N/A,N/A,N/A
ASPA,1,0,0,initial
ASPA,2,2.45094639308794,0.793255072837881,intermediate
ASPA,3,4.93391808120291,-2.84710211618494,intermediate
ASPA,4,7,2.4964258261195,final
PNPO,1,0,0,initial
PNPO,2,3.56438664533951,-4.16326348868707,intermediate
PNPO,3,7,-2.91475271338149,final
CBX1,1,0,0,initial
CBX1,2,3.32202012392087,-1.88442114047592,intermediate
CBX1,3,7,-1.38178068335054,final
GALK1,1,0,0,initial
GALK1,2,2.46930062720562,1.26905756109603,intermediate
GALK1,3,4.66848628078454,-4.32847232300763,intermediate
GALK1,4,7,-1.51306958223937,final
ENO3,N/A,N/A,N/A,N/A
RNF167,N/A,N/A,N/A,N/A
SLC25A11,N/A,N/A,N/A,N/A
NUP88,1,0,0,initial
NUP88,2,2.3128430685191,-0.059666297044026,intermediate
NUP88,3,4.91077149623832,-2.58163724655412,intermediate
NUP88,4,7,-0.786201805607508,final
SLC6A4,N/A,N/A,N/A,N/A
FTSJ3,N/A,N/A,N/A,N/A
ALDH3A1,1,0,0,initial
ALDH3A1,2,2.38435672229281,5.50256933864287,intermediate
ALDH3A1,3,4.57441110172019,-9.75091254559464,intermediate
ALDH3A1,4,7,-2.25873426840017,final
KAT2A,1,0,0,initial
KAT2A,2,2.48903191500797,0.736680907513648,intermediate
KAT2A,3,4.7857756464531,-4.78953418443072,intermediate
KAT2A,4,7,-1.38529015588479,final
NAGLU,1,0,0,initial
NAGLU,2,3.52265847539763,-1.93571336659467,intermediate
NAGLU,3,7,-1.19744606420622,final
HSD17B1,N/A,N/A,N/A,N/A
EZH1,N/A,N/A,N/A,N/A
DLX4,1,0,0,initial
DLX4,2,2.58719251802533,2.6603716309366,intermediate
DLX4,3,4.71348383131155,-2.29071975996147,intermediate
DLX4,4,7,-2,final
ALOX12,1,0,0,initial
ALOX12,2,2.28021599407524,2.89405815607571,intermediate
ALOX12,3,4.76457988205397,-0.541441650157621,intermediate
ALOX12,4,7,3.12101540096137,final
ABCC3,N/A,N/A,N/A,N/A
SLC16A6,1,0,0,initial
SLC16A6,2,2.39058836992188,-0.365905451245084,intermediate
SLC16A6,3,4.88234933796512,-5.58184626843715,intermediate
SLC16A6,4,7,0.297836288376453,final
PRKAR1A,1,0,0,initial
PRKAR1A,2,3.5004040505262,-1.56595679823723,intermediate
PRKAR1A,3,7,-1.12626071391472,final
MAP2K6,1,0,0,initial
MAP2K6,2,3.42134075361254,-9.1483444362749,intermediate
MAP2K6,3,7,-3.75488750216347,final
NAT9,N/A,N/A,N/A,N/A
ALDOC,1,0,0,initial
ALDOC,2,2.492945483535,4.63834946910662,intermediate
ALDOC,3,4.57601401961532,-2.87174206477644,intermediate
ALDOC,4,7,-1.41734765996604,final
USP46,1,0,0,initial
USP46,2,2.6163818173357,2.80713097538393,intermediate
USP46,3,4.4196170741894,-2.2966273067334,intermediate
USP46,4,7,-0.129524991905569,final
SULT1E1,1,0,0,initial
SULT1E1,2,3.5142105045914,1.91674654543279,intermediate
SULT1E1,3,7,-3.48784003382305,final
MANBA,1,0,0,initial
MANBA,2,2.43954243089962,3.57080567128567,intermediate
MANBA,3,4.49251364559254,-6.8547855617766,intermediate
MANBA,4,7,-1.39854937649027,final
UBE2D3,1,0,0,initial
UBE2D3,2,3.59160854963814,-0.00581298820633477,intermediate
UBE2D3,3,7,1.65007103801927,final
MAPK10,1,0,0,initial
MAPK10,2,2.52948620761006,2.22931716563045,intermediate
MAPK10,3,4.4898853916673,-6.92676212218089,intermediate
MAPK10,4,7,-1.28010791919274,final
NDUFC1,1,0,0,initial
NDUFC1,2,2.24302732186137,-0.372058326554578,intermediate
NDUFC1,3,4.83174277836588,-2.83755882330719,intermediate
NDUFC1,4,7,-1.10932499043834,final
UCP1,N/A,N/A,N/A,N/A
INPP4B,N/A,N/A,N/A,N/A
AADAT,1,0,0,initial
AADAT,2,3.44855647293586,-5.52178532163282,intermediate
AADAT,3,7,-1.44057259138598,final
GALNT7,1,0,0,initial
GALNT7,2,3.49396945146376,-3.91259647538027,intermediate
GALNT7,3,7,-0.950611973037837,final
SOD3,1,0,0,initial
SOD3,2,1.89117963649471,7.38802161629232,intermediate
SOD3,3,5.03797007432521,-5.98345845388322,intermediate
SOD3,4,7,2.58496250072116,final
SLC2A9,1,0,0,initial
SLC2A9,2,3.34308214050227,-4.51784112479523,intermediate
SLC2A9,3,7,-1.78947743132735,final
NSD2,1,0,0,initial
NSD2,2,3.18215761056648,-4.88470725305841,intermediate
NSD2,3,7,-2.2947351319968,final
BST1,N/A,N/A,N/A,N/A
UGDH,1,0,0,initial
UGDH,2,3.4843784120871,-3.36086200471312,intermediate
UGDH,3,7,-1.23364156246941,final
HTATIP2,1,0,0,initial
HTATIP2,2,2.52711399590068,2.94530613320443,intermediate
HTATIP2,3,4.70575048543036,-3.22854864505309,intermediate
HTATIP2,4,7,-0.380648773733924,final
CTSC,1,0,0,initial
CTSC,2,3.40889008555308,-4.71206276543201,intermediate
CTSC,3,7,-3.04606178228936,final
SC5D,1,0,0,initial
SC5D,2,2.43705950524312,4.55251236898605,intermediate
SC5D,3,4.57762131504091,-3.23409024124303,intermediate
SC5D,4,7,-0.965689345084382,final
B3GAT1,1,0,0,initial
B3GAT1,2,2.1450966047011,0.114605193336269,intermediate
B3GAT1,3,4.5038360830819,4.39802651213971,intermediate
B3GAT1,4,7,2.58496250072116,final
SIAE,1,0,0,initial
SIAE,2,3.51062476420047,-3.56128460200696,intermediate
SIAE,3,7,-3.55254102302878,final
ST3GAL4,1,0,0,initial
ST3GAL4,2,3.60854077923891,-3.86551149937367,intermediate
ST3GAL4,3,7,-0.0298156544355615,final
CPT1A,1,0,0,initial
CPT1A,2,2.44633862035013,-0.366081980484121,intermediate
CPT1A,3,4.83340577577481,-5.29663554943139,intermediate
CPT1A,4,7,1.22383295569566,final
FOLR1,1,0,0,initial
FOLR1,2,2.04910969063977,-0.484042949876111,intermediate
FOLR1,3,5.47355521900764,-2.72450144701287,intermediate
FOLR1,4,7,0.584962500721156,final
FOLR3,1,0,0,initial
FOLR3,2,2.45551195727678,-2.09600411682842,intermediate
FOLR3,3,4.81148126953215,3.30084047394727,intermediate
FOLR3,4,7,1.53743413063857,final
APOA5,N/A,N/A,N/A,N/A
GALNT18,N/A,N/A,N/A,N/A
CBL,1,0,0,initial
CBL,2,3.67954455444309,-0.760556044156282,intermediate
CBL,3,7,1.02895137369613,final
PDHX,1,0,0,initial
PDHX,2,2.55733741069373,-0.556759613894713,intermediate
PDHX,3,4.55655671045046,-1.65453159635355,intermediate
PDHX,4,7,-0.0622553737706775,final
SLC1A2,1,0,0,initial
SLC1A2,2,1.66770192617305,10.3178397674902,intermediate
SLC1A2,3,4.6320897785513,-2.47230015033689,intermediate
SLC1A2,4,7,2.4594316186373,final
SLC15A3,1,0,0,initial
SLC15A3,2,2.57661277112886,1.61260527129473,intermediate
SLC15A3,3,4.69283155705743,-6.4713608395577,intermediate
SLC15A3,4,7,-0.807354922057604,final
PTPMT1,N/A,N/A,N/A,N/A
NAA40,1,0,0,initial
NAA40,2,3.69020533726525,-5.96297678361029,intermediate
NAA40,3,7,-0.879923548008249,final
SLC22A18,1,0,0,initial
SLC22A18,2,2.40745450180001,1.2308044738864,intermediate
SLC22A18,3,4.7057170649279,-4.04170777420798,intermediate
SLC22A18,4,7,-1.68326457433296,final
NUP98,1,0,0,initial
NUP98,2,3.25178645047039,-1.86637264524126,intermediate
NUP98,3,7,-0.0737752835529639,final
NDUFS8,N/A,N/A,N/A,N/A
TCIRG1,1,0,0,initial
TCIRG1,2,3.57498890029342,-3.54097218211868,intermediate
TCIRG1,3,7,-1.20053298737271,final
CHKA,1,0,0,initial
CHKA,2,3.72997103969233,-1.95274699305933,intermediate
CHKA,3,7,0.624490864907794,final
PTPN5,1,0,0,initial
PTPN5,2,3.69921922162644,-1.9157733615235,intermediate
PTPN5,3,7,4.97727992349992,final
COQ5,1,0,0,initial
COQ5,2,2.45638508525699,0.831774064082188,intermediate
COQ5,3,4.76689487528614,-4.16330308390975,intermediate
COQ5,4,7,-1.47433049501664,final
DAO,N/A,N/A,N/A,N/A
MVK,1,0,0,initial
MVK,2,3.5743447014082,0.633818434446516,intermediate
MVK,3,7,-2.97061619321891,final
CAMKK2,1,0,0,initial
CAMKK2,2,2.38167746580355,-0.364765140570251,intermediate
CAMKK2,3,4.80136533846454,-4.20942284516173,intermediate
CAMKK2,4,7,-1.12949223963272,final
ATP5F1B,1,0,0,initial
ATP5F1B,2,3.34523911727201,-1.94289118394769,intermediate
ATP5F1B,3,7,-1.17663756463212,final
PTGES3,N/A,N/A,N/A,N/A
CYP27B1,N/A,N/A,N/A,N/A
ACSS3,N/A,N/A,N/A,N/A
TNS2,1,0,0,initial
TNS2,2,2.65542925243358,1.17438872859621,intermediate
TNS2,3,4.72812465544208,-3.81106298322229,intermediate
TNS2,4,7,-0.108934371553164,final
LTA4H,1,0,0,initial
LTA4H,2,3.50027090102223,-2.13208496644324,intermediate
LTA4H,3,7,-1.45037206707656,final
SLC6A12,N/A,N/A,N/A,N/A
PRMT8,N/A,N/A,N/A,N/A
PARP11,1,0,0,initial
PARP11,2,3.64993297246188,-3.08152579079482,intermediate
PARP11,3,7,-0.84799690655495,final
VPS29,N/A,N/A,N/A,N/A
MANSC1,N/A,N/A,N/A,N/A
DUSP16,N/A,N/A,N/A,N/A
ACAD10,1,0,0,initial
ACAD10,2,2.41500571966902,0.21177262245115,intermediate
ACAD10,3,4.87920033881819,-5.59481368283186,intermediate
ACAD10,4,7,-0.923501862525956,final
ALDH2,1,0,0,initial
ALDH2,2,3.54655298856721,0.932718314896751,intermediate
ALDH2,3,7,-4.97452931248388,final
ART4,1,0,0,initial
ART4,2,2.61377197167861,-0.0625753119300525,intermediate
ART4,3,4.79278833826047,-3.10672126502076,intermediate
ART4,4,7,0.415037499278844,final
RFC5,1,0,0,initial
RFC5,2,3.44777406418983,-5.19683948644677,intermediate
RFC5,3,7,-2.49068255262174,final
NUP107,1,0,0,initial
NUP107,2,3.36791154466132,-4.71293343310724,intermediate
NUP107,3,7,-1.79296491720332,final
GAPDH,1,0,0,initial
GAPDH,2,3.40803744094286,-4.28329744465766,intermediate
GAPDH,3,7,-2.80116429603842,final
NOP2,1,0,0,initial
NOP2,2,1.78920140424334,-3.38223474742674,intermediate
NOP2,3,4.60648267997184,-0.182030324356069,intermediate
NOP2,4,7,-0.153805336079035,final
CHPT1,1,0,0,initial
CHPT1,2,3.53095231150174,-3.13758254502291,intermediate
CHPT1,3,7,-1.16474476233663,final
USP5,N/A,N/A,N/A,N/A
TPI1,1,0,0,initial
TPI1,2,2.04404204456958,-2.33237325886035,intermediate
TPI1,3,4.71964214719871,-2.13428878113378,intermediate
TPI1,4,7,-1.17597096620477,final
GNPTAB,1,0,0,initial
GNPTAB,2,3.52792733720629,-3.2575669423733,intermediate
GNPTAB,3,7,-1.08326782821392,final
ENO2,N/A,N/A,N/A,N/A
PTPN6,1,0,0,initial
PTPN6,2,3.63733611146073,-3.90230733233347,intermediate
PTPN6,3,7,-1.76339371944385,final
LPCAT3,1,0,0,initial
LPCAT3,2,3.50151604204658,-3.31915807977939,intermediate
LPCAT3,3,7,-1.64244799538192,final
NT5DC3,N/A,N/A,N/A,N/A
GYS2,N/A,N/A,N/A,N/A
LDHB,1,0,0,initial
LDHB,2,3.41003713779603,-4.50217363990727,intermediate
LDHB,3,7,-3.19885286452982,final
ST8SIA1,1,0,0,initial
ST8SIA1,2,3.73173791791771,-3.41693352178304,intermediate
ST8SIA1,3,7,1.92599941855622,final
AICDA,1,0,0,initial
AICDA,2,1.4390731075663,-3.99978495847925,intermediate
AICDA,3,4.71863499605881,-1.13963519404773,intermediate
AICDA,4,7,-2,final
COX6A1,N/A,N/A,N/A,N/A
FRK,1,0,0,initial
FRK,2,2.49614269001514,0.665179955133506,intermediate
FRK,3,4.773105869434,-11.0309084049181,intermediate
FRK,4,7,-1.02553509210714,final
DSE,1,0,0,initial
DSE,2,3.37575912981581,-2.37661538002836,intermediate
DSE,3,7,-0.956019215028692,final
MAK,N/A,N/A,N/A,N/A
GCNT2,1,0,0,initial
GCNT2,2,2.57236495982817,0.320694694470047,intermediate
GCNT2,3,4.64993574688273,-5.2940152275215,intermediate
GCNT2,4,7,0.467126010427298,final
RNGTT,N/A,N/A,N/A,N/A
MAN1A1,1,0,0,initial
MAN1A1,2,3.37573995146917,-3.42325864406163,intermediate
MAN1A1,3,7,-1.80185893430275,final
UST,1,0,0,initial
UST,2,2.45974168085125,-0.286581311005977,intermediate
UST,3,4.43231412667766,-2.51351267944287,intermediate
UST,4,7,-1.01224359575475,final
SLC26A8,N/A,N/A,N/A,N/A
MAPK14,N/A,N/A,N/A,N/A
ENSG00000112096,1,0,0,initial
ENSG00000112096,2,2.29842987034298,-0.357917976591591,intermediate
ENSG00000112096,3,5.02753372841173,-3.80276873335075,intermediate
ENSG00000112096,4,7,-0.111386931650549,final
RNF8,1,0,0,initial
RNF8,2,2.32505012343491,0.0510130530657394,intermediate
RNF8,3,4.84563576208023,-3.8316901553374,intermediate
RNF8,4,7,-1.31162717419732,final
CILK1,1,0,0,initial
CILK1,2,2.50306538795281,1.86372080524016,intermediate
CILK1,3,4.83565536155442,-6.9663669984744,intermediate
CILK1,4,7,-0.593374740537356,final
PTP4A1,1,0,0,initial
PTP4A1,2,3.62669130704631,-0.841175126268994,intermediate
PTP4A1,3,7,3.71779361492327,final
GPLD1,1,0,0,initial
GPLD1,2,2.56063683339924,9.15180279576494,intermediate
GPLD1,3,4.54885073380233,-6.44471802815797,intermediate
GPLD1,4,7,-0.954196310386875,final
ALDH5A1,1,0,0,initial
ALDH5A1,2,2.44557349367356,5.29866297412821,intermediate
ALDH5A1,3,4.59675595349105,-4.92268394342255,intermediate
ALDH5A1,4,7,-1.63471553591826,final
VNN1,1,0,0,initial
VNN1,2,2.25310207932902,-0.212315658040312,intermediate
VNN1,3,5.06895858531274,-7.62642029221454,intermediate
VNN1,4,7,4.32192809488736,final
ACOT13,N/A,N/A,N/A,N/A
B3GAT2,N/A,N/A,N/A,N/A
EYA4,1,0,0,initial
EYA4,2,3.33214229463141,-2.55889394698895,intermediate
EYA4,3,7,-2,final
FIG4,1,0,0,initial
FIG4,2,2.57435286579233,0.742947699914829,intermediate
FIG4,3,4.77923018655755,-1.93702815800436,intermediate
FIG4,4,7,-0.883712962159761,final
SLC16A10,1,0,0,initial
SLC16A10,2,2.25109470181617,14.2236567250081,intermediate
SLC16A10,3,4.43182838780285,-6.91095872066219,intermediate
SLC16A10,4,7,0.932885804141463,final
EPM2A,N/A,N/A,N/A,N/A
SLC39A7,N/A,N/A,N/A,N/A
SLC22A2,N/A,N/A,N/A,N/A
PDE10A,1,0,0,initial
PDE10A,2,2.15258290574771,3.59059314098575,intermediate
PDE10A,3,4.97323863667528,-3.43742615720453,intermediate
PDE10A,4,7,3.32192809488736,final
PTK7,1,0,0,initial
PTK7,2,3.5035658012497,-3.34551384251238,intermediate
PTK7,3,7,-2.31791503238074,final
DUSP22,N/A,N/A,N/A,N/A
COX7A2,N/A,N/A,N/A,N/A
GMDS,1,0,0,initial
GMDS,2,1.45467111137446,-4.06981723226726,intermediate
GMDS,3,4.74828693798889,-0.548373140436175,intermediate
GMDS,4,7,-0.667424660913129,final
TTK,1,0,0,initial
TTK,2,3.49259363639037,-6.94034453719327,intermediate
TTK,3,7,-5.0423749517218,final
SLC29A1,N/A,N/A,N/A,N/A
NUDT12,1,0,0,initial
NUDT12,2,2.60067576634458,2.24639833617794,intermediate
NUDT12,3,4.7120882105653,-5.25165820581808,intermediate
NUDT12,4,7,-1.57701374760567,final
TENT4A,1,0,0,initial
TENT4A,2,3.53252912423601,-1.59478348531934,intermediate
TENT4A,3,7,-0.211504105193712,final
HMGCS1,1,0,0,initial
HMGCS1,2,2.42986288231607,2.46345429037852,intermediate
HMGCS1,3,4.50403672183531,-1.0931280565297,intermediate
HMGCS1,4,7,-0.874780121770517,final
NME5,N/A,N/A,N/A,N/A
NNT,1,0,0,initial
NNT,2,3.50923249612764,-4.30425655998742,intermediate
NNT,3,7,-2.35845397091248,final
SLC4A9,1,0,0,initial
SLC4A9,2,3.44262802537254,-5.63759711291782,intermediate
SLC4A9,3,7,1.48542682717024,final
LOX,1,0,0,initial
LOX,2,3.67921532385077,-3.30273642257026,intermediate
LOX,3,7,1.85626452253855,final
HMGCR,1,0,0,initial
HMGCR,2,2.41246068470117,2.71133053724455,intermediate
HMGCR,3,4.63671283611476,-1.14965921533322,intermediate
HMGCR,4,7,-0.859795804748743,final
PDE8B,1,0,0,initial
PDE8B,2,2.58829406814837,1.68434713602857,intermediate
PDE8B,3,4.75509405060158,-4.49046619064934,intermediate
PDE8B,4,7,-1.35954238668714,final
RNF130,1,0,0,initial
RNF130,2,2.3504805146677,-0.140055517709745,intermediate
RNF130,3,4.7709429058869,-4.85354609246851,intermediate
RNF130,4,7,-0.834835658479711,final
ARSB,1,0,0,initial
ARSB,2,3.41518215201912,-4.63611922312377,intermediate
ARSB,3,7,-1.32716474325351,final
POLR3G,1,0,0,initial
POLR3G,2,3.37977748398688,-2.31388202900916,intermediate
POLR3G,3,7,-1.2905151422559,final
SLC27A6,1,0,0,initial
SLC27A6,2,2.01920578797233,-5.51749413243157,intermediate
SLC27A6,3,4.79949324303836,-0.70946792288273,intermediate
SLC27A6,4,7,-2.66985139830767,final
PDE4D,1,0,0,initial
PDE4D,2,2.51550943946374,-0.357830468861508,intermediate
PDE4D,3,4.69169246933757,-5.1809394821627,intermediate
PDE4D,4,7,-0.201633861169651,final
RAD1,N/A,N/A,N/A,N/A
SLC12A7,1,0,0,initial
SLC12A7,2,3.65959433537955,-1.94294375147348,intermediate
SLC12A7,3,7,2.80109593158592,final
GNPDA1,1,0,0,initial
GNPDA1,2,2.59441697749003,-2.21557545391371,intermediate
GNPDA1,3,4.60417972373754,-0.346869305466212,intermediate
GNPDA1,4,7,0.724463825805848,final
NUP155,N/A,N/A,N/A,N/A
PPP2CA,1,0,0,initial
PPP2CA,2,7,1.42840661058642,final
PPWD1,1,0,0,initial
PPWD1,2,2.51816994010522,0.740829413848049,intermediate
PPWD1,3,4.82165628286968,-3.29415513774989,intermediate
PPWD1,4,7,-0.507504011894959,final
RARS1,N/A,N/A,N/A,N/A
DPYSL3,1,0,0,initial
DPYSL3,2,1.74570798299766,-3.17015349129525,intermediate
DPYSL3,3,4.83489185094736,-2.33206603124086,intermediate
DPYSL3,4,7,-1.71881824745595,final
PDGFRB,N/A,N/A,N/A,N/A
ATP6V0E1,1,0,0,initial
ATP6V0E1,2,3.72146133248608,-0.992612080848523,intermediate
ATP6V0E1,3,7,1.85642885263992,final
EHHADH,1,0,0,initial
EHHADH,2,3.46243941825989,-5.15102300747626,intermediate
EHHADH,3,7,-2.79234235120258,final
HGD,1,0,0,initial
HGD,2,3.53608746920153,-2.21416641648163,intermediate
HGD,3,7,1.32192809488736,final
NIT2,N/A,N/A,N/A,N/A
PCCB,N/A,N/A,N/A,N/A
RBP2,N/A,N/A,N/A,N/A
RBP1,1,0,0,initial
RBP1,2,3.56438487495677,-2.33313782277976,intermediate
RBP1,3,7,-2.41046476948902,final
GRK7,N/A,N/A,N/A,N/A
KAT2B,1,0,0,initial
KAT2B,2,7,2.64327706551156,final
BCHE,1,0,0,initial
BCHE,2,2.47437852452122,0.86539814964256,intermediate
BCHE,3,4.84880540965137,-4.99289610457062,intermediate
BCHE,4,7,1.12480645573628,final
PFKFB4,1,0,0,initial
PFKFB4,2,3.54266885523451,-1.82332677719936,intermediate
PFKFB4,3,7,-1.6249012460913,final
PRKAR2A,N/A,N/A,N/A,N/A
USP4,N/A,N/A,N/A,N/A
USP9Y,1,0,0,initial
USP9Y,2,1.4390731075663,-3.99978495847925,intermediate
USP9Y,3,4.71863499605881,-1.13963519404773,intermediate
USP9Y,4,7,-2,final
HYAL1,N/A,N/A,N/A,N/A
CBLB,1,0,0,initial
CBLB,2,2.34542616537885,1.22516779959239,intermediate
CBLB,3,5.18016882704552,-4.3926480375722,intermediate
CBLB,4,7,0.752072486556414,final
UMPS,N/A,N/A,N/A,N/A
NEK11,1,0,0,initial
NEK11,2,3.53931460837723,-1.9386324258862,intermediate
NEK11,3,7,-1.0911478880582,final
HEMK1,1,0,0,initial
HEMK1,2,2.48541614805015,0.775683765545751,intermediate
HEMK1,3,4.87239967457218,-5.00453356636342,intermediate
HEMK1,4,7,-0.791758067006586,final
MAPKAPK3,N/A,N/A,N/A,N/A
ABCC5,1,0,0,initial
ABCC5,2,2.47439925116383,1.53326295693801,intermediate
ABCC5,3,4.68136067119172,-7.23158011231645,intermediate
ABCC5,4,7,-1.22132415394896,final
AADAC,1,0,0,initial
AADAC,2,2.23446248165298,13.5450140826412,intermediate
AADAC,3,4.5097419817923,-3.49397541685743,intermediate
AADAC,4,7,-2,final
ABHD14A-ACY1,N/A,N/A,N/A,N/A
PLCH1,1,0,0,initial
PLCH1,2,3.27251853413784,-5.14648990107808,intermediate
PLCH1,3,7,-1.22239242133645,final
NKTR,1,0,0,initial
NKTR,2,2.59485960322622,1.17107076944304,intermediate
NKTR,3,4.82991589876184,-3.84357434597896,intermediate
NKTR,4,7,-0.14659855806962,final
SPCS1,1,0,0,initial
SPCS1,2,3.46116382796718,-2.88332575905292,intermediate
SPCS1,3,7,-1.43029312226486,final
NEK4,1,0,0,initial
NEK4,2,3.55254407432471,-2.92053108429376,intermediate
NEK4,3,7,-0.912393571285906,final
SLC4A3,1,0,0,initial
SLC4A3,2,2.06836945295074,-2.1810384095442,intermediate
SLC4A3,3,4.64109846764641,-0.540779124650352,intermediate
SLC4A3,4,7,-0.765534746362977,final
DGUOK,1,0,0,initial
DGUOK,2,3.44080273788596,-2.81713619735039,intermediate
DGUOK,3,7,-1.41977541828551,final
KANSL3,1,0,0,initial
KANSL3,2,3.57551541330607,-2.57525692346668,intermediate
KANSL3,3,7,-0.873185238645783,final
TTL,1,0,0,initial
TTL,2,3.43177863442881,-3.32139426084582,intermediate
TTL,3,7,-1.05089671201891,final
PIKFYVE,1,0,0,initial
PIKFYVE,2,2.54451204176853,1.86487467865183,intermediate
PIKFYVE,3,4.91615257591407,-3.32130442117032,intermediate
PIKFYVE,4,7,0.0967686903816595,final
ZAP70,1,0,0,initial
ZAP70,2,2.29214924823276,0.788652222858233,intermediate
ZAP70,3,5.20490924590029,-4.04864287739869,intermediate
ZAP70,4,7,0,final
GPD2,1,0,0,initial
GPD2,2,3.34654691930742,-2.66040029671891,intermediate
GPD2,3,7,-0.411567693350569,final
PPM1G,1,0,0,initial
PPM1G,2,3.36688377711544,-2.97603198697392,intermediate
PPM1G,3,7,-1.55352330991974,final
PDE1A,N/A,N/A,N/A,N/A
MOGS,N/A,N/A,N/A,N/A
NDUFS7,1,0,0,initial
NDUFS7,2,3.38892657766758,-2.87632207006152,intermediate
NDUFS7,3,7,-1.9205655325056,final
POLE4,1,0,0,initial
POLE4,2,1.85306943387981,-2.50414667053234,intermediate
POLE4,3,4.68065742286824,-0.749437180611075,intermediate
POLE4,4,7,-1.00458726949565,final
ACADL,N/A,N/A,N/A,N/A
FANCL,1,0,0,initial
FANCL,2,3.54885175617542,-3.54191898565871,intermediate
FANCL,3,7,-0.796031535030724,final
GLS,1,0,0,initial
GLS,2,3.65013680089376,-1.53992014151765,intermediate
GLS,3,7,1.46794238548106,final
PECR,1,0,0,initial
PECR,2,3.38696253729542,-6.76344547665518,intermediate
PECR,3,7,-1.98185265328974,final
USP34,1,0,0,initial
USP34,2,3.68306093086859,-0.764844625099262,intermediate
USP34,3,7,1.12768799738959,final
NEU2,1,0,0,initial
NEU2,2,3.56140232484762,4.13572646105679,intermediate
NEU2,3,7,4.10433665981474,final
CHST10,1,0,0,initial
CHST10,2,3.34961556768437,-5.38469194475599,intermediate
CHST10,3,7,-1.48542682717024,final
PLCD4,1,0,0,initial
PLCD4,2,3.50740813526054,-6.85433438998478,intermediate
PLCD4,3,7,-1.28239973070073,final
SLC9A2,1,0,0,initial
SLC9A2,2,1.99904673291805,4.11868663587111,intermediate
SLC9A2,3,4.73430241316461,2.03561497896337,intermediate
SLC9A2,4,7,3.96962635095648,final
UXS1,1,0,0,initial
UXS1,2,2.13672342698168,-0.578364175128303,intermediate
UXS1,3,5.05834294795067,-2.19034548560648,intermediate
UXS1,4,7,-0.470693932200375,final
ABCB6,1,0,0,initial
ABCB6,2,2.50413979412664,2.76368827603962,intermediate
ABCB6,3,5.22406105379084,-7.43180673969011,intermediate
ABCB6,4,7,-0.222392421336448,final
STK16,1,0,0,initial
STK16,2,2.39222583264764,0.627970098092373,intermediate
STK16,3,5.02885102886996,-3.55696388423668,intermediate
STK16,4,7,-0.594076207850656,final
SLC5A7,1,0,0,initial
SLC5A7,2,3.17291015939332,-2.40390844976537,intermediate
SLC5A7,3,7,-1.58496250072116,final
HDLBP,1,0,0,initial
HDLBP,2,3.3842833518936,-1.77568963425622,intermediate
HDLBP,3,7,-0.749600000876894,final
PASK,1,0,0,initial
PASK,2,3.47591639787901,-5.11509466407405,intermediate
PASK,3,7,-0.988060386688475,final
STK25,1,0,0,initial
STK25,2,2.25226045993492,-0.459936181540061,intermediate
STK25,3,4.86558137613117,-2.16905163756407,intermediate
STK25,4,7,-1.43879931687241,final
TPO,N/A,N/A,N/A,N/A
ODC1,1,0,0,initial
ODC1,2,3.29602326382625,-2.3833893513807,intermediate
ODC1,3,7,-0.168401161806698,final
PRKD3,1,0,0,initial
PRKD3,2,3.66736932531702,-2.11051057411878,intermediate
PRKD3,3,7,-0.663029965338918,final
QPCT,1,0,0,initial
QPCT,2,2.4804642757662,-0.774916621170928,intermediate
QPCT,3,4.56888733918174,3.47617012581158,intermediate
QPCT,4,7,1.51836475199213,final
SLC25A12,1,0,0,initial
SLC25A12,2,3.54979755108656,-2.83615180073889,intermediate
SLC25A12,3,7,-2.25951992165756,final
LCT,1,0,0,initial
LCT,2,2.09350887076482,4.59744138384836,intermediate
LCT,3,5.13558694363943,-5.83771714513085,intermediate
LCT,4,7,0.736965594166206,final
DARS1,1,0,0,initial
DARS1,2,2.15357357149811,-1.32057356524145,intermediate
DARS1,3,4.98555861177957,-2.83261115436054,intermediate
DARS1,4,7,-1.28122805308339,final
SDC1,1,0,0,initial
SDC1,2,3.49719223767236,-2.32453776648288,intermediate
SDC1,3,7,-2.13860732654323,final
PLCL1,1,0,0,initial
PLCL1,2,1.54307252378733,4.12328944598116,intermediate
PLCL1,3,5.50172415171274,-3.85459558829212,intermediate
PLCL1,4,7,2.63226821549951,final
SLC1A4,1,0,0,initial
SLC1A4,2,2.61008327982234,0.549092799146119,intermediate
SLC1A4,3,4.67420652842998,-3.27184624510583,intermediate
SLC1A4,4,7,0.00164409709062507,final
KYNU,1,0,0,initial
KYNU,2,2.52658657316309,4.46939996556518,intermediate
KYNU,3,4.7436850081142,-7.6642894907342,intermediate
KYNU,4,7,1,final
AAK1,1,0,0,initial
AAK1,2,2.41108778205189,0.172321745726567,intermediate
AAK1,3,4.96874008549138,-3.07128726582733,intermediate
AAK1,4,7,0.6463630453853,final
PCYOX1,1,0,0,initial
PCYOX1,2,2.50353267339164,1.69299099621519,intermediate
PCYOX1,3,4.72856175500095,-6.20026657069156,intermediate
PCYOX1,4,7,-1.75168709987297,final
ATP6V1B1,1,0,0,initial
ATP6V1B1,2,2.04404217471636,-4.25890545731231,intermediate
ATP6V1B1,3,4.680431001084,-1.94810167592008,intermediate
ATP6V1B1,4,7,-1,final
SPR,1,0,0,initial
SPR,2,3.58566519466369,-4.82556756449327,intermediate
SPR,3,7,-1.25504161508026,final
EPHA4,1,0,0,initial
EPHA4,2,2.41440584903984,5.47196891499902,intermediate
EPHA4,3,4.64122892665039,-4.55314495994222,intermediate
EPHA4,4,7,-2.26303440583379,final
FARSB,N/A,N/A,N/A,N/A
DHCR24,1,0,0,initial
DHCR24,2,3.63897248788565,1.74703132471423,intermediate
DHCR24,3,7,-3.06793564708822,final
GPX7,1,0,0,initial
GPX7,2,2.3951820195662,1.72842484767697,intermediate
GPX7,3,4.96853932308349,-7.79832618986762,intermediate
GPX7,4,7,-1.44745897697122,final
SCP2,1,0,0,initial
SCP2,2,2.52978625827002,2.13071209565513,intermediate
SCP2,3,4.77090860199718,-4.8300130090581,intermediate
SCP2,4,7,-1.48164615346042,final
FAM20B,N/A,N/A,N/A,N/A
ICMT,N/A,N/A,N/A,N/A
AMPD2,N/A,N/A,N/A,N/A
MECR,N/A,N/A,N/A,N/A
ATP5PB,1,0,0,initial
ATP5PB,2,3.50509101475555,-1.89489076784076,intermediate
ATP5PB,3,7,-1.47768493807443,final
RNF19B,1,0,0,initial
RNF19B,2,3.60647607418511,-0.151728135512149,intermediate
RNF19B,3,7,1.36215038627894,final
ASH1L,1,0,0,initial
ASH1L,2,3.69997177165623,-0.977836983292887,intermediate
ASH1L,3,7,1.50972673509158,final
SRM,N/A,N/A,N/A,N/A
DNAJC6,N/A,N/A,N/A,N/A
SLC35D1,1,0,0,initial
SLC35D1,2,3.53178203479827,-5.15069978780067,intermediate
SLC35D1,3,7,-2.75488750216347,final
PLA2G4A,1,0,0,initial
PLA2G4A,2,7,-3.01802729497572,final
RPE65,N/A,N/A,N/A,N/A
AMPD1,N/A,N/A,N/A,N/A
CTH,1,0,0,initial
CTH,2,2.29579831517703,-3.3256118127758,intermediate
CTH,3,4.72103083335938,2.84822691832084,intermediate
CTH,4,7,0.841935153767749,final
AGMAT,N/A,N/A,N/A,N/A
TNNI3K,1,0,0,initial
TNNI3K,2,1.90027547007183,3.34703598976252,intermediate
TNNI3K,3,5.09972452992817,-2.34703598976252,intermediate
TNNI3K,4,7,1,final
CRYZ,1,0,0,initial
CRYZ,2,2.50854731409491,1.66085276018804,intermediate
CRYZ,3,4.58436041739987,-6.07741264142071,intermediate
CRYZ,4,7,-2.79566365028966,final
HAO2,N/A,N/A,N/A,N/A
GNPAT,1,0,0,initial
GNPAT,2,2.44508569650234,0.482798258359695,intermediate
GNPAT,3,4.72727056388813,-3.42479514712424,intermediate
GNPAT,4,7,-1.32663765850669,final
MTR,1,0,0,initial
MTR,2,2.31056054534386,-0.467129066315911,intermediate
MTR,3,5.03983855198792,-4.33338185260573,intermediate
MTR,4,7,-0.102014957613373,final
KMO,N/A,N/A,N/A,N/A
AKT3,1,0,0,initial
AKT3,2,2.50039815865745,0.799670883377697,intermediate
AKT3,3,4.75345539032441,-3.12559912713433,intermediate
AKT3,4,7,2.15919859484925,final
ACADM,1,0,0,initial
ACADM,2,2.34586256075386,0.114088037254011,intermediate
ACADM,3,4.85459153375759,-5.67998144005933,intermediate
ACADM,4,7,-1.78534961397434,final
ST6GALNAC5,1,0,0,initial
ST6GALNAC5,2,2.45079594795081,-0.689179087563856,intermediate
ST6GALNAC5,3,4.80060790907068,-4.24921149529939,intermediate
ST6GALNAC5,4,7,1.09881773621792,final
PADI2,1,0,0,initial
PADI2,2,2.38576937785846,0.139773166578293,intermediate
PADI2,3,5.16114003134656,-3.12369629250479,intermediate
PADI2,4,7,3.52356195605701,final
SDHB,N/A,N/A,N/A,N/A
UAP1,1,0,0,initial
UAP1,2,2.23815638205725,-2.80339605775179,intermediate
UAP1,3,4.4347397530231,1.74115040489084,intermediate
UAP1,4,7,-0.651301447710813,final
PLA2G2D,1,0,0,initial
PLA2G2D,2,3.99051682868234,-0.656389774246198,intermediate
PLA2G2D,3,7,1.58496250072116,final
CDK18,1,0,0,initial
CDK18,2,3.62076338306668,-2.06708818022136,intermediate
CDK18,3,7,-2.17932369944456,final
HMGCL,1,0,0,initial
HMGCL,2,2.6678086705567,1.76571810532045,intermediate
HMGCL,3,4.62758054416394,-3.33917899154533,intermediate
HMGCL,4,7,-0.427556968469523,final
GALE,N/A,N/A,N/A,N/A
SLC2A1,1,0,0,initial
SLC2A1,2,3.52690297902304,-3.80482852054178,intermediate
SLC2A1,3,7,-3.07957794720801,final
B4GALT2,1,0,0,initial
B4GALT2,2,3.34975011205196,-2.35328370941707,intermediate
B4GALT2,3,7,-1.62688395015426,final
AKR1A1,1,0,0,initial
AKR1A1,2,2.47602816084918,1.35402435371135,intermediate
AKR1A1,3,4.72397041343464,-4.82740753041269,intermediate
AKR1A1,4,7,-1.93957011744668,final
PRDX1,N/A,N/A,N/A,N/A
PIK3R3,1,0,0,initial
PIK3R3,2,2.42692792691476,0.39993583020433,intermediate
PIK3R3,3,4.80155567443361,-6.28823986913731,intermediate
PIK3R3,4,7,-1.09397614820901,final
SLC19A2,N/A,N/A,N/A,N/A
FAAH,1,0,0,initial
FAAH,2,3.57042723348496,-2.83153354708429,intermediate
FAAH,3,7,-2,final
NSUN4,1,0,0,initial
NSUN4,2,3.55413885049988,-1.50507220292786,intermediate
NSUN4,3,7,-0.960554776285415,final
ABCD3,1,0,0,initial
ABCD3,2,2.61937999822271,2.3914044859844,intermediate
ABCD3,3,4.59187792199731,-4.28909018059445,intermediate
ABCD3,4,7,-1.42951360269592,final
DPH5,1,0,0,initial
DPH5,2,2.31707358218997,0.0768783494425075,intermediate
DPH5,3,4.90975225750569,-5.39410279738136,intermediate
DPH5,4,7,-1.58009674554934,final
PRDX6,1,0,0,initial
PRDX6,2,3.54587065650867,-2.19272767537312,intermediate
PRDX6,3,7,-1.80550649766524,final
HSD11B1,N/A,N/A,N/A,N/A
PLPPR5,1,0,0,initial
PLPPR5,2,3.32045560019349,-3.80453458961703,intermediate
PLPPR5,3,7,1.93859945533586,final
SLC35A3,1,0,0,initial
SLC35A3,2,2.34870305691512,0.528793576967314,intermediate
SLC35A3,3,5.23466368584334,-2.99531464445188,intermediate
SLC35A3,4,7,-0.341759266808931,final
MAN1C1,1,0,0,initial
MAN1C1,2,7,-3.52356195605701,final
NEK2,1,0,0,initial
NEK2,2,3.45783380477414,-7.83974110043261,intermediate
NEK2,3,7,-5.35755200461808,final
RPS6KA1,1,0,0,initial
RPS6KA1,2,3.46342604976444,-3.27160645184814,intermediate
RPS6KA1,3,7,-1.99359591778612,final
SLC5A9,1,0,0,initial
SLC5A9,2,2.62872318113124,3.08731480260323,intermediate
SLC5A9,3,4.45103652152804,-3.96205005563567,intermediate
SLC5A9,4,7,-3,final
CTSD,1,0,0,initial
CTSD,2,2.46270196684257,0.66655035425493,intermediate
CTSD,3,4.83676134815915,-3.07205408828316,intermediate
CTSD,4,7,-0.904865760131028,final
STK11,1,0,0,initial
STK11,2,2.41194818992769,0.185491031526345,intermediate
STK11,3,4.650392833611,-2.37488046087574,intermediate
STK11,4,7,-1.09223794858674,final
KMT2A,1,0,0,initial
KMT2A,2,3.64121775657725,-2.34333566218283,intermediate
KMT2A,3,7,1.17553860790584,final
TREH,N/A,N/A,N/A,N/A
APOA1,N/A,N/A,N/A,N/A
SLC8A2,N/A,N/A,N/A,N/A
B4GALT6,N/A,N/A,N/A,N/A
CA14,1,0,0,initial
CA14,2,2.5940333086972,-0.112377636738229,intermediate
CA14,3,4.64959229619311,-3.00107278613839,intermediate
CA14,4,7,0.29373120305671,final
USP35,1,0,0,initial
USP35,2,2.46634113865668,1.44501533196633,intermediate
USP35,3,5.02512891628871,-2.44342461239753,intermediate
USP35,4,7,-0.257496222292364,final
ELOVL4,1,0,0,initial
ELOVL4,2,3.29058221282357,4.78682250038577,intermediate
ELOVL4,3,7,2.88009451062583,final
ALDH8A1,N/A,N/A,N/A,N/A
SGK1,1,0,0,initial
SGK1,2,2.57657242519183,-5.28190776586919,intermediate
SGK1,3,4.75276171596911,3.53071223839369,intermediate
SGK1,4,7,1.28229630799443,final
RNF146,1,0,0,initial
RNF146,2,2.55381614090399,1.21853032959772,intermediate
RNF146,3,4.90266528815135,-3.37668357068807,intermediate
RNF146,4,7,-0.163498732282879,final
ARG1,1,0,0,initial
ARG1,2,3.43571718513836,6.56224264738494,intermediate
ARG1,3,7,4.34253837456265,final
CCN2,1,0,0,initial
CCN2,2,3.51887959625908,0.0367042995807217,intermediate
CCN2,3,7,3.98765160757236,final
SLC16A7,1,0,0,initial
SLC16A7,2,2.01732288965933,4.49130245245291,intermediate
SLC16A7,3,4.67367807587761,-2.30143469972311,intermediate
SLC16A7,4,7,-0.856635824828823,final
RPN2,1,0,0,initial
RPN2,2,3.44495647599067,-1.73038349431117,intermediate
RPN2,3,7,-1.43664705250682,final
ABCG2,N/A,N/A,N/A,N/A
NDUFB3,N/A,N/A,N/A,N/A
UBE2B,1,0,0,initial
UBE2B,2,3.62826958553767,-0.723204299825343,intermediate
UBE2B,3,7,3.36803386362558,final
TRPM6,N/A,N/A,N/A,N/A
GDA,N/A,N/A,N/A,N/A
PIGZ,N/A,N/A,N/A,N/A
GLE1,1,0,0,initial
GLE1,2,3.57655773936268,-2.92458112229856,intermediate
GLE1,3,7,-1.10461391455584,final
TRIM32,1,0,0,initial
TRIM32,2,2.64136952530276,0.256969247562134,intermediate
TRIM32,3,4.51116849991366,-1.91658103082734,intermediate
TRIM32,4,7,-0.562214866892561,final
NEK6,1,0,0,initial
NEK6,2,3.24163411186748,-3.77909722043464,intermediate
NEK6,3,7,-0.443988872974973,final
NDUFA8,N/A,N/A,N/A,N/A
GALNT12,1,0,0,initial
GALNT12,2,3.24301020568179,-6.97170267181284,intermediate
GALNT12,3,7,-4.22881869049588,final
NEK9,1,0,0,initial
NEK9,2,2.32237452816488,-0.604529682075631,intermediate
NEK9,3,4.88161227112205,-3.80917451293744,intermediate
NEK9,4,7,-0.444547381551318,final
ACYP1,1,0,0,initial
ACYP1,2,3.43619408038908,-1.29529116028557,intermediate
ACYP1,3,7,-1.63584366972334,final
ACOT2,1,0,0,initial
ACOT2,2,2.31184192320796,3.01960354225954,intermediate
ACOT2,3,4.66370620463309,-5.13813989204618,intermediate
ACOT2,4,7,-0.615659297944073,final
DLST,1,0,0,initial
DLST,2,3.44931493073338,-2.57401376552864,intermediate
DLST,3,7,-0.500651916136815,final
ALDH6A1,1,0,0,initial
ALDH6A1,2,2.44805893841504,1.01917225379304,intermediate
ALDH6A1,3,4.70841758529974,-5.55632399146811,intermediate
ALDH6A1,4,7,-1.35147237050138,final
COQ6,1,0,0,initial
COQ6,2,2.45384799270189,1.10867472444873,intermediate
COQ6,3,4.99595915516883,-6.57376766581985,intermediate
COQ6,4,7,-0.471305718925589,final
DNMT3A,N/A,N/A,N/A,N/A
FKBP1B,1,0,0,initial
FKBP1B,2,2.45999360789113,-0.0408807362442103,intermediate
FKBP1B,3,4.69164454415945,-3.396320902032,intermediate
FKBP1B,4,7,-1.29278174922785,final
SLC17A5,N/A,N/A,N/A,N/A
ELOVL3,1,0,0,initial
ELOVL3,2,2.53777511787924,8.96647119110063,intermediate
ELOVL3,3,4.49216050825966,-3.45893004826834,intermediate
ELOVL3,4,7,-3.4594316186373,final
GPAM,1,0,0,initial
GPAM,2,2.42986074145684,-0.38302408226116,intermediate
GPAM,3,4.9000639974003,-5.41715981599174,intermediate
GPAM,4,7,-0.624490864907793,final
PPP1R3C,1,0,0,initial
PPP1R3C,2,1.88517562241679,-4.75063081182712,intermediate
PPP1R3C,3,4.78509663428805,-0.930492041839749,intermediate
PPP1R3C,4,7,-1.37529132048609,final
DUSP1,1,0,0,initial
DUSP1,2,2.41914818127896,-0.763468729645847,intermediate
DUSP1,3,4.85354063214844,4.58462245743362,intermediate
DUSP1,4,7,0.917858047342554,final
PANK3,1,0,0,initial
PANK3,2,3.50383098473589,2.28169094561803,intermediate
PANK3,3,7,0.0368965867810375,final
TEK,1,0,0,initial
TEK,2,3.76864440403408,-5.43600841065785,intermediate
TEK,3,7,3.4594316186373,final
RCL1,1,0,0,initial
RCL1,2,3.73440224442062,-2.15488655258577,intermediate
RCL1,3,7,0.19015208433624,final
NUP43,1,0,0,initial
NUP43,2,3.45114535669084,-4.14366217474508,intermediate
NUP43,3,7,-1.69012734370495,final
MTHFD1L,N/A,N/A,N/A,N/A
PCMT1,1,0,0,initial
PCMT1,2,3.37207202688242,-1.50314851083396,intermediate
PCMT1,3,7,-1.45648794277235,final
ACAT2,1,0,0,initial
ACAT2,2,3.57675181067103,0.0094930362118047,intermediate
ACAT2,3,7,-2.81165221312764,final
MASTL,1,0,0,initial
MASTL,2,3.51376701741215,-3.15088066244433,intermediate
MASTL,3,7,-1.26378796816009,final
LYZL1,1,0,0,initial
LYZL1,2,1.4390731075663,-1.99989247923963,intermediate
LYZL1,3,4.71863499605881,-0.569817597023863,intermediate
LYZL1,4,7,-1,final
ALG5,N/A,N/A,N/A,N/A
GLT8D2,N/A,N/A,N/A,N/A
DUSP4,1,0,0,initial
DUSP4,2,7,1.82934054095343,final
PTK2B,1,0,0,initial
PTK2B,2,2.42192595146221,-0.518442489176549,intermediate
PTK2B,3,4.96012934819822,-3.65919475233937,intermediate
PTK2B,4,7,0.0714351380429489,final
PPP3CC,N/A,N/A,N/A,N/A
EPHX2,1,0,0,initial
EPHX2,2,2.53699010340739,1.90663427587989,intermediate
EPHX2,3,4.55552898432646,-7.65067853948957,intermediate
EPHX2,4,7,-2.97679260883867,final
UBIAD1,N/A,N/A,N/A,N/A
LYPLA1,N/A,N/A,N/A,N/A
RDH10,1,0,0,initial
RDH10,2,3.74529727198462,-1.46756475539922,intermediate
RDH10,3,7,1.10790572578233,final
EPX,1,0,0,initial
EPX,2,3.54072088690312,-4.19019740577771,intermediate
EPX,3,7,-2,final
LRAT,1,0,0,initial
LRAT,2,2.42525358381535,-2.61942478399555,intermediate
LRAT,3,4.52385257648579,2.72129776315162,intermediate
LRAT,4,7,2.1933839742663,final
ABCC11,N/A,N/A,N/A,N/A
ADCY7,N/A,N/A,N/A,N/A
ECHDC2,1,0,0,initial
ECHDC2,2,2.51354616830943,1.30759202653422,intermediate
ECHDC2,3,4.79235865227314,-5.51965176852507,intermediate
ECHDC2,4,7,-0.691004138131481,final
KCNJ8,N/A,N/A,N/A,N/A
TRMT1L,1,0,0,initial
TRMT1L,2,2.45557933264347,0.622497910487154,intermediate
TRMT1L,3,4.7534664770953,-5.11525395794127,intermediate
TRMT1L,4,7,-1.11464256594112,final
NAA50,1,0,0,initial
NAA50,2,2.09779214291965,-0.851430226959899,intermediate
NAA50,3,4.92330772976474,-2.03101541870083,intermediate
NAA50,4,7,-0.851809574667758,final
CAT,1,0,0,initial
CAT,2,2.53677888950141,4.35785405030465,intermediate
CAT,3,4.70817053065553,-5.53291997879208,intermediate
CAT,4,7,-1.20567502639151,final
FABP3,N/A,N/A,N/A,N/A
POLR3GL,1,0,0,initial
POLR3GL,2,3.57411633483155,-3.68106796310921,intermediate
POLR3GL,3,7,-2.02590186344276,final
LIAS,1,0,0,initial
LIAS,2,2.46234143541154,0.690620502371271,intermediate
LIAS,3,4.84283824418108,-5.00357887068354,intermediate
LIAS,4,7,-0.906177977643479,final
TMEM54,1,0,0,initial
TMEM54,2,2.48318638867297,3.28923344103935,intermediate
TMEM54,3,4.6155377907528,-2.16078876491847,intermediate
TMEM54,4,7,-0.555038864171036,final
ACVR2A,1,0,0,initial
ACVR2A,2,2.47152103450356,3.03410824419276,intermediate
ACVR2A,3,4.65979424756368,-3.51355148157206,intermediate
ACVR2A,4,7,-0.0387323944887145,final
POLK,1,0,0,initial
POLK,2,3.54002719620117,-2.56354585924757,intermediate
POLK,3,7,-1.22449394398174,final
FLT3,N/A,N/A,N/A,N/A
OCRL,1,0,0,initial
OCRL,2,2.35495892853165,-0.0652916435873737,intermediate
OCRL,3,4.81227109766016,-3.38716604579478,intermediate
OCRL,4,7,-0.843724060069539,final
COPA,1,0,0,initial
COPA,2,2.36526941925858,0.0589649910237646,intermediate
COPA,3,4.8334816915711,-2.09049071647543,intermediate
COPA,4,7,-0.642256606418471,final
HS3ST2,1,0,0,initial
HS3ST2,2,3.53174383542927,0.545320428955306,intermediate
HS3ST2,3,7,4.56478461878353,final
RBBP6,1,0,0,initial
RBBP6,2,7,1.35875564365597,final
NAA60,N/A,N/A,N/A,N/A
TRMT13,N/A,N/A,N/A,N/A
RPAP2,1,0,0,initial
RPAP2,2,2.38620093729823,0.00716529136648021,intermediate
RPAP2,3,4.87837864268144,-2.74010110444437,intermediate
RPAP2,4,7,-0.519896259901192,final
FKBP9,1,0,0,initial
FKBP9,2,7,-1.79532006286725,final
NT5C3A,N/A,N/A,N/A,N/A
MRM2,N/A,N/A,N/A,N/A
ACO1,1,0,0,initial
ACO1,2,3.47611000167203,-4.27593540530597,intermediate
ACO1,3,7,-2.60746990013073,final
AKR1D1,1,0,0,initial
AKR1D1,2,1.326051295176,-1.56946912592426,intermediate
AKR1D1,3,5.673948704824,-1.56946912592427,intermediate
AKR1D1,4,7,0,final
NUDT10,N/A,N/A,N/A,N/A
CHST3,1,0,0,initial
CHST3,2,3.51568810718265,-4.87264072175462,intermediate
CHST3,3,7,-1.38078793732593,final
P4HA1,1,0,0,initial
P4HA1,2,3.34753486537123,-4.4105200310233,intermediate
P4HA1,3,7,-1.14432107025412,final
CIT,1,0,0,initial
CIT,2,3.41206580710697,-7.01949066476558,intermediate
CIT,3,7,-2.75488750216347,final
ACADS,1,0,0,initial
ACADS,2,2.3006301680835,2.42614130151344,intermediate
ACADS,3,4.68395172737282,-5.01283053840782,intermediate
ACADS,4,7,-0.714597781137752,final
WWP1,1,0,0,initial
WWP1,2,2.35401987352514,0.386983117784834,intermediate
WWP1,3,5.34575250686269,-2.8887840413244,intermediate
WWP1,4,7,0.304664528170105,final
ACOT9,1,0,0,initial
ACOT9,2,3.3656813862,-2.59072421754895,intermediate
ACOT9,3,7,-0.681202322644197,final
PKN1,1,0,0,initial
PKN1,2,3.62384657040795,-2.64991251978613,intermediate
PKN1,3,7,0.883675882032768,final
NLN,1,0,0,initial
NLN,2,3.68117194392735,-2.41898892118727,intermediate
NLN,3,7,0.117909490093544,final
PDE1B,N/A,N/A,N/A,N/A
CDK2,N/A,N/A,N/A,N/A
EEF1AKMT3,1,0,0,initial
EEF1AKMT3,2,3.51605154331832,-1.59033473474074,intermediate
EEF1AKMT3,3,7,0.425305834732671,final
SARDH,1,0,0,initial
SARDH,2,3.32260316608588,-3.70917350248435,intermediate
SARDH,3,7,-1,final
AMD1,N/A,N/A,N/A,N/A
USP45,1,0,0,initial
USP45,2,2.45482092323718,0.149891549362171,intermediate
USP45,3,4.95101657591235,-2.57829292359273,intermediate
USP45,4,7,-0.0429831705507462,final
METTL8,1,0,0,initial
METTL8,2,2.24744570229938,-0.769192084935113,intermediate
METTL8,3,4.90485590065925,-3.38748096912571,intermediate
METTL8,4,7,-1.37011162839733,final
ACVR1C,N/A,N/A,N/A,N/A
SLC36A1,1,0,0,initial
SLC36A1,2,3.77546560893289,-0.224108283008839,intermediate
SLC36A1,3,7,1.85295888923103,final
LPGAT1,1,0,0,initial
LPGAT1,2,3.40329533425901,-3.35620394329612,intermediate
LPGAT1,3,7,-1.4114971415736,final
G0S2,N/A,N/A,N/A,N/A
PLA2G12A,N/A,N/A,N/A,N/A
PFKFB2,1,0,0,initial
PFKFB2,2,7,1.94341647163363,final
ACSL3,1,0,0,initial
ACSL3,2,2.43594974853304,-0.557291553838721,intermediate
ACSL3,3,4.61318154529269,-3.0291163706875,intermediate
ACSL3,4,7,-0.415255676223061,final
OBSL1,1,0,0,initial
OBSL1,2,2.64826836005457,1.73425375163149,intermediate
OBSL1,3,4.72936287172996,-3.4050415753064,intermediate
OBSL1,4,7,-0.397070952749395,final
SLC12A4,N/A,N/A,N/A,N/A
GCNT7,N/A,N/A,N/A,N/A
SLC12A5,1,0,0,initial
SLC12A5,2,2.2224671438839,2.78002594835137,intermediate
SLC12A5,3,4.68366274462652,-5.26017664465249,intermediate
SLC12A5,4,7,1,final
NCOA3,1,0,0,initial
NCOA3,2,2.59180299773627,1.10453124223686,intermediate
NCOA3,3,4.85222106916636,-2.89987462977704,intermediate
NCOA3,4,7,-0.1410923192346,final
PIGT,1,0,0,initial
PIGT,2,2.30360575399334,-0.0455689326276749,intermediate
PIGT,3,4.88948438791903,-3.28148476444223,intermediate
PIGT,4,7,-1.12667180348843,final
VAPB,N/A,N/A,N/A,N/A
ATP5F1E,1,0,0,initial
ATP5F1E,2,3.55074346086201,-1.64012261406941,intermediate
ATP5F1E,3,7,-0.543717684165107,final
PLCG1,1,0,0,initial
PLCG1,2,2.44698766302713,1.18062197542555,intermediate
PLCG1,3,4.85982873506513,-3.10187198715122,intermediate
PLCG1,4,7,-0.990152214043653,final
MTRR,1,0,0,initial
MTRR,2,2.54134935734323,1.85265007461739,intermediate
MTRR,3,4.76581189432032,-3.39759130948928,intermediate
MTRR,4,7,-0.678071905112638,final
CHST8,N/A,N/A,N/A,N/A
STAMBP,1,0,0,initial
STAMBP,2,2.46575379643222,0.593100435586373,intermediate
STAMBP,3,4.79364824282112,-2.93970888641162,intermediate
STAMBP,4,7,-0.764496275891009,final
NAGK,1,0,0,initial
NAGK,2,2.62858276947097,1.40249463683727,intermediate
NAGK,3,4.76884834223795,-3.25888630728111,intermediate
NAGK,4,7,-0.559427408614019,final
MCEE,1,0,0,initial
MCEE,2,2.58021378080347,3.40163482113391,intermediate
MCEE,3,4.71546189784775,-6.93712583389067,intermediate
MCEE,4,7,-1.41953889151378,final
ATP8A1,1,0,0,initial
ATP8A1,2,2.48209525103788,9.56821353058162,intermediate
ATP8A1,3,4.42832704010286,-5.95421252723903,intermediate
ATP8A1,4,7,1,final
USP22,N/A,N/A,N/A,N/A
F13A1,N/A,N/A,N/A,N/A
SIRT5,1,0,0,initial
SIRT5,2,3.54813379685635,-2.75818166444352,intermediate
SIRT5,3,7,-1.68901237094328,final
NQO2,N/A,N/A,N/A,N/A
OARD1,1,0,0,initial
OARD1,2,2.45629598634579,0.644220731357102,intermediate
OARD1,3,4.73565258147353,-4.47914281086497,intermediate
OARD1,4,7,-1.29470662615234,final
MOCS1,1,0,0,initial
MOCS1,2,3.27411041499694,-2.76979805198161,intermediate
MOCS1,3,7,-1.67807190511264,final
GNMT,N/A,N/A,N/A,N/A
GLO1,N/A,N/A,N/A,N/A
RIOK1,N/A,N/A,N/A,N/A
GOT2,1,0,0,initial
GOT2,2,3.41616046586073,-3.33387409849877,intermediate
GOT2,3,7,-1.08380717372922,final
CLYBL,1,0,0,initial
CLYBL,2,2.29874250093669,-0.682914611548269,intermediate
CLYBL,3,4.83581797086995,-4.36209981946958,intermediate
CLYBL,4,7,-1.77444029958487,final
SLC10A2,1,0,0,initial
SLC10A2,2,2.10106669021547,1.34924776795262,intermediate
SLC10A2,3,5.3038775171308,-3.80186997336334,intermediate
SLC10A2,4,7,0.584962500721156,final
ABCC4,1,0,0,initial
ABCC4,2,3.36147727841403,-3.0082903739113,intermediate
ABCC4,3,7,-0.992305608209999,final
NDUFA1,1,0,0,initial
NDUFA1,2,3.47378509143656,-2.60071385358752,intermediate
NDUFA1,3,7,-1.65819680219476,final
HS3ST3B1,1,0,0,initial
HS3ST3B1,2,2.12963725076299,-2.96848143561262,intermediate
HS3ST3B1,3,4.59471614393869,1.20386612896329,intermediate
HS3ST3B1,4,7,0.713695814843359,final
NUP85,N/A,N/A,N/A,N/A
SLC25A19,1,0,0,initial
SLC25A19,2,3.67661182515423,-3.75565394624258,intermediate
SLC25A19,3,7,0,final
NT5C,1,0,0,initial
NT5C,2,3.5084345912562,-2.02990475429459,intermediate
NT5C,3,7,-1.48057446196303,final
GTF3C4,1,0,0,initial
GTF3C4,2,2.52525260379389,0.561131901567498,intermediate
GTF3C4,3,4.91323912196779,-2.63538636863234,intermediate
GTF3C4,4,7,-0.18322182405577,final
MBOAT7,1,0,0,initial
MBOAT7,2,2.2262604529553,0.500380409484504,intermediate
MBOAT7,3,4.69762454852543,-2.40500823428551,intermediate
MBOAT7,4,7,-1.06711419585854,final
SRMS,1,0,0,initial
SRMS,2,3.68071375809615,-2.29083639452845,intermediate
SRMS,3,7,2.27301849440642,final
POLR1B,N/A,N/A,N/A,N/A
GTF2F1,N/A,N/A,N/A,N/A
GPCPD1,N/A,N/A,N/A,N/A
PANK2,1,0,0,initial
PANK2,2,2.36319223015956,-0.286238259821146,intermediate
PANK2,3,4.73228594398405,-3.22067801976352,intermediate
PANK2,4,7,-0.783662264802826,final
TGM3,1,0,0,initial
TGM3,2,3.36309292099835,10.4523450897383,intermediate
TGM3,3,7,1.44745897697122,final
ITPA,N/A,N/A,N/A,N/A
UROD,1,0,0,initial
UROD,2,3.56488178292713,-4.47241946087827,intermediate
UROD,3,7,-1.90689059560852,final
ST3GAL3,1,0,0,initial
ST3GAL3,2,1.90364351697672,-5.53918318435988,intermediate
ST3GAL3,3,4.68169546985655,-1.25391735248738,intermediate
ST3GAL3,4,7,-0.723482364802584,final
HECTD3,N/A,N/A,N/A,N/A
HCST,1,0,0,initial
HCST,2,2.20699358239485,-1.16766681912291,intermediate
HCST,3,4.9847789701644,-5.26060787813349,intermediate
HCST,4,7,-1.16992500144231,final
COX6B1,1,0,0,initial
COX6B1,2,2.53522935963076,0.655520598561094,intermediate
COX6B1,3,4.59213772175724,-2.63102408469025,intermediate
COX6B1,4,7,-1.13165987660655,final
NR1D1,1,0,0,initial
NR1D1,2,7,5.78135971352466,final
PRDX5,1,0,0,initial
PRDX5,2,2.49245480735743,1.49900257122002,intermediate
PRDX5,3,4.54697170670945,-3.42877987221334,intermediate
PRDX5,4,7,-1.03024430530884,final
PRMT1,1,0,0,initial
PRMT1,2,2.16935505135615,-2.06773246180947,intermediate
PRMT1,3,4.84796847339853,-1.9390156831659,intermediate
PRMT1,4,7,-1.86416016473836,final
ASL,N/A,N/A,N/A,N/A
WNK4,N/A,N/A,N/A,N/A
PRKCG,N/A,N/A,N/A,N/A
EMG1,N/A,N/A,N/A,N/A
SGPP1,N/A,N/A,N/A,N/A
NUP214,1,0,0,initial
NUP214,2,3.75910961297092,-2.56989646281517,intermediate
NUP214,3,7,0.717692663871076,final
IPPK,N/A,N/A,N/A,N/A
PPCS,1,0,0,initial
PPCS,2,2.49485183298726,1.15187328091602,intermediate
PPCS,3,4.77595683070555,-4.04608551198129,intermediate
PPCS,4,7,-1.51355683249827,final
COX7C,1,0,0,initial
COX7C,2,3.6203188182109,-1.31434728856383,intermediate
COX7C,3,7,-1.54780715697102,final
PTPRB,1,0,0,initial
PTPRB,2,3.53892720493147,-0.683984459519557,intermediate
PTPRB,3,7,2.96347412397489,final
IDUA,1,0,0,initial
IDUA,2,2.2586808820701,2.48267746642864,intermediate
IDUA,3,4.79590132809447,-4.24428823105105,intermediate
IDUA,4,7,0.395928676331139,final
PIN1,1,0,0,initial
PIN1,2,2.41229790868445,0.0495695452140789,intermediate
PIN1,3,4.71454854106532,-4.29526798420822,intermediate
PIN1,4,7,-1.84002111097793,final
PLA2G5,1,0,0,initial
PLA2G5,2,1.7738683285107,-3.91056904760783,intermediate
PLA2G5,3,4.87654300229709,0.422193607535071,intermediate
PLA2G5,4,7,-1.58496250072116,final
UBR4,1,0,0,initial
UBR4,2,7,1.97842866649248,final
UQCR11,N/A,N/A,N/A,N/A
PKMYT1,N/A,N/A,N/A,N/A
METTL16,1,0,0,initial
METTL16,2,3.45334258732635,-2.12129105096765,intermediate
METTL16,3,7,0.133050757743304,final
ECHS1,1,0,0,initial
ECHS1,2,2.25998714513632,-0.680851593217142,intermediate
ECHS1,3,4.89359348077837,-3.42030202835569,intermediate
ECHS1,4,7,-1.49138838540896,final
PTPN12,1,0,0,initial
PTPN12,2,3.6989675150139,0.00135107296993262,intermediate
PTPN12,3,7,2.23311882792951,final
SRD5A3,1,0,0,initial
SRD5A3,2,2.55581545622291,0.425395905598951,intermediate
SRD5A3,3,4.62781833545096,-8.62075884131835,intermediate
SRD5A3,4,7,-3.22542011403402,final
PAICS,1,0,0,initial
PAICS,2,3.40595733000332,-4.14673763088192,intermediate
PAICS,3,7,-2.016557841537,final
KDR,1,0,0,initial
KDR,2,1.4390731075663,-3.99978495847925,intermediate
KDR,3,4.71863499605881,-1.13963519404773,intermediate
KDR,4,7,-2,final
PPAT,1,0,0,initial
PPAT,2,1.82199356502425,-3.09967364070987,intermediate
PPAT,3,4.68352999439895,-0.733970229380803,intermediate
PPAT,4,7,-1.25591499393362,final
GAL3ST1,N/A,N/A,N/A,N/A
MGAT3,N/A,N/A,N/A,N/A
A4GALT,1,0,0,initial
A4GALT,2,2.20969181270192,0.916633489747621,intermediate
A4GALT,3,5.26888882909823,-5.87752673599403,intermediate
A4GALT,4,7,0.493814612662961,final
MPST,1,0,0,initial
MPST,2,7,-1.78233089837513,final
TST,1,0,0,initial
TST,2,2.5839330243693,2.62996575148099,intermediate
TST,3,4.48122819959869,-3.53662682168843,intermediate
TST,4,7,-0.862496476250065,final
NDUFA5,1,0,0,initial
NDUFA5,2,2.3435720646576,-0.114162830755472,intermediate
NDUFA5,3,4.79205202677079,-3.9180129790832,intermediate
NDUFA5,4,7,-1.66969223949666,final
PDE11A,N/A,N/A,N/A,N/A
GAD1,1,0,0,initial
GAD1,2,2.38236587069192,1.12252461539342,intermediate
GAD1,3,4.75486207824065,-1.61777740750807,intermediate
GAD1,4,7,2.07800251200127,final
HAT1,N/A,N/A,N/A,N/A
HERC2,1,0,0,initial
HERC2,2,2.46355175857881,0.830524951425982,intermediate
HERC2,3,5.02522719900102,-5.42047708119367,intermediate
HERC2,4,7,-0.205094004533276,final
EIF2AK4,1,0,0,initial
EIF2AK4,2,3.56690481240479,-3.10232115276025,intermediate
EIF2AK4,3,7,-0.943097608765523,final
ALDH1A2,1,0,0,initial
ALDH1A2,2,1.95426707847363,8.04697449916572,intermediate
ALDH1A2,3,4.61694765441789,-3.30397970661563,intermediate
ALDH1A2,4,7,2.70043971814109,final
IVD,1,0,0,initial
IVD,2,2.52246709536091,1.09101436044621,intermediate
IVD,3,4.78050920362268,-6.32043916424327,intermediate
IVD,4,7,-1.24020369745291,final
DUT,1,0,0,initial
DUT,2,3.4375705612852,-4.57415671918143,intermediate
DUT,3,7,-3.10043990112103,final
COPB1,N/A,N/A,N/A,N/A
BBOX1,1,0,0,initial
BBOX1,2,3.5330358511129,4.105370921332,intermediate
BBOX1,3,7,-2.70454411647383,final
TPH1,1,0,0,initial
TPH1,2,2.57370877623915,-0.43960330468137,intermediate
TPH1,3,4.74529949983562,-4.4906237659696,intermediate
TPH1,4,7,0.514573172829758,final
DCTD,1,0,0,initial
DCTD,2,2.12552981575045,-1.09248444981297,intermediate
DCTD,3,4.98394003294446,-2.25282269005203,intermediate
DCTD,4,7,-0.935631180880281,final
USP6,N/A,N/A,N/A,N/A
PLD2,1,0,0,initial
PLD2,2,2.3972996581137,2.15196136155353,intermediate
PLD2,3,4.86802358318118,-1.77456110435152,intermediate
PLD2,4,7,-0.708676549734783,final
ATP1B2,N/A,N/A,N/A,N/A
SLC44A2,1,0,0,initial
SLC44A2,2,2.47234402051964,1.33261585488942,intermediate
SLC44A2,3,4.78087503767199,-3.03891332234826,intermediate
SLC44A2,4,7,0.811001427348898,final
RIPK3,1,0,0,initial
RIPK3,2,2.434990484644,0.263384612088598,intermediate
RIPK3,3,4.56340024106225,-4.95524884297767,intermediate
RIPK3,4,7,-1.89812038598079,final
ADCY4,N/A,N/A,N/A,N/A
PARP2,N/A,N/A,N/A,N/A
CDO1,1,0,0,initial
CDO1,2,2.00509579654992,2.2111224730646,intermediate
CDO1,3,5.55435784281478,-3.36789616669348,intermediate
CDO1,4,7,2.58496250072116,final
AANAT,N/A,N/A,N/A,N/A
PLPPR3,N/A,N/A,N/A,N/A
GAMT,1,0,0,initial
GAMT,2,2.42444226020959,3.67609846084659,intermediate
GAMT,3,4.56443082470877,-8.77021635722248,intermediate
GAMT,4,7,-2.31034012061215,final
GALNT8,N/A,N/A,N/A,N/A
STARD8,N/A,N/A,N/A,N/A
GDPD2,1,0,0,initial
GDPD2,2,2.52272040414794,6.25678876417482,intermediate
GDPD2,3,4.44502134463749,-11.2084721348656,intermediate
GDPD2,4,7,-4.58496250072116,final
SAT1,N/A,N/A,N/A,N/A
PRKCSH,1,0,0,initial
PRKCSH,2,3.64293773767748,-2.69733464368389,intermediate
PRKCSH,3,7,-1.63663701318072,final
APOE,1,0,0,initial
APOE,2,2.25239985936245,3.89984116977511,intermediate
APOE,3,4.53381379727272,-1.75539869135713,intermediate
APOE,4,7,-0.976189038728932,final
APOC1,1,0,0,initial
APOC1,2,2.5637834946919,2.84064734847709,intermediate
APOC1,3,4.59222628143507,-5.40427146965503,intermediate
APOC1,4,7,-1.89308479608349,final
XPO7,1,0,0,initial
XPO7,2,2.12400904859431,-1.10068360277376,intermediate
XPO7,3,5.0485583797602,-2.83482537856973,intermediate
XPO7,4,7,-0.851136614085517,final
ACE2,1,0,0,initial
ACE2,2,2.53327203945169,3.64251145180634,intermediate
ACE2,3,4.53206248899591,-8.43960031976526,intermediate
ACE2,4,7,-2.85798099512757,final
SLC27A1,1,0,0,initial
SLC27A1,2,2.43321985394425,1.75574957406927,intermediate
SLC27A1,3,5.1610964230591,-4.95438284802502,intermediate
SLC27A1,4,7,-0.258311995591391,final
NSUN5,1,0,0,initial
NSUN5,2,2.12687408650045,-1.69443177205366,intermediate
NSUN5,3,4.69387258486665,-1.28542683408967,intermediate
NSUN5,4,7,-0.84799690655495,final
COLGALT1,N/A,N/A,N/A,N/A
PGLS,1,0,0,initial
PGLS,2,2.3879839511638,0.700688385550034,intermediate
PGLS,3,4.91371878581711,-2.85111167402462,intermediate
PGLS,4,7,-0.875148512814917,final
ACSBG2,N/A,N/A,N/A,N/A
STK33,N/A,N/A,N/A,N/A
NDUFA10,1,0,0,initial
NDUFA10,2,3.5651250243881,-2.13807958604934,intermediate
NDUFA10,3,7,-1.19668543476848,final
PXDN,1,0,0,initial
PXDN,2,3.71330922907336,-5.64313204105092,intermediate
PXDN,3,7,0.595769255677739,final
SULT4A1,N/A,N/A,N/A,N/A
HELZ2,1,0,0,initial
HELZ2,2,3.71576657725855,-2.65546881661862,intermediate
HELZ2,3,7,-0.0360692547075218,final
CYP2E1,1,0,0,initial
CYP2E1,2,2.49836422206684,2.37457323802564,intermediate
CYP2E1,3,4.68351719481693,-3.88503653285216,intermediate
CYP2E1,4,7,-0.54432051622381,final
PNPLA7,1,0,0,initial
PNPLA7,2,1.53928338599449,9.37296118794726,intermediate
PNPLA7,3,4.70956821948537,-1.51225975325775,intermediate
PNPLA7,4,7,3.90689059560852,final
PAK4,N/A,N/A,N/A,N/A
ASS1,1,0,0,initial
ASS1,2,7,-3.72351563895238,final
POMT1,1,0,0,initial
POMT1,2,2.54791547203454,1.01747978805877,intermediate
POMT1,3,4.7778971048827,-4.64003455754299,intermediate
POMT1,4,7,-0.453807069443419,final
UCK1,1,0,0,initial
UCK1,2,2.45599570761179,0.684685615206527,intermediate
UCK1,3,4.82502213255864,-3.12000469399159,intermediate
UCK1,4,7,-0.33746894578314,final
UBE2M,N/A,N/A,N/A,N/A
DNMT1,1,0,0,initial
DNMT1,2,1.89764697500345,-3.56727240485365,intermediate
DNMT1,3,4.9148116762508,-3.40930943915025,intermediate
DNMT1,4,7,-1.96823041950661,final
SLC6A8,1,0,0,initial
SLC6A8,2,2.27182056346126,-5.50289630861858,intermediate
SLC6A8,3,4.67228597332853,1.59051242433394,intermediate
SLC6A8,4,7,1.05782065438834,final
PNCK,N/A,N/A,N/A,N/A
DUSP9,1,0,0,initial
DUSP9,2,3.32401871836943,-5.58094798424986,intermediate
DUSP9,3,7,-2.28010791919274,final
SLC7A10,1,0,0,initial
SLC7A10,2,2.22057268706511,-2.23595616257981,intermediate
SLC7A10,3,5.1478085061264,-4.7842206454099,intermediate
SLC7A10,4,7,-0.485426827170242,final
HSD17B3,1,0,0,initial
HSD17B3,2,3.63599547099507,-3.71080890656974,intermediate
HSD17B3,3,7,0.84799690655495,final
SLC35D2,1,0,0,initial
SLC35D2,2,2.2421204209612,-0.180136730088093,intermediate
SLC35D2,3,5.45875466204592,-3.29106074128237,intermediate
SLC35D2,4,7,-0.0288961456344557,final
UBA1,N/A,N/A,N/A,N/A
RGN,N/A,N/A,N/A,N/A
POLN,1,0,0,initial
POLN,2,2.54053706872564,0.650140812167256,intermediate
POLN,3,4.71155165839615,-4.08736373714037,intermediate
POLN,4,7,-0.563900885193326,final
PPIL4,1,0,0,initial
PPIL4,2,2.25193532539146,-0.420198466682903,intermediate
PPIL4,3,4.98608000058605,-2.23431452756064,intermediate
PPIL4,4,7,-0.569657636005059,final
LATS1,1,0,0,initial
LATS1,2,3.53809794170897,-2.42182797589534,intermediate
LATS1,3,7,0.800185426638762,final
GGT7,1,0,0,initial
GGT7,2,2.37889331282212,2.80621735867531,intermediate
GGT7,3,4.56774045809166,-1.52885567068134,intermediate
GGT7,4,7,-1.33342373372519,final
ACSS2,1,0,0,initial
ACSS2,2,2.36814323096842,5.72880003632023,intermediate
ACSS2,3,4.60288728831726,-4.65736009031143,intermediate
ACSS2,4,7,-2.98148918536796,final
COX4I1,1,0,0,initial
COX4I1,2,2.39988460890111,0.481893739841963,intermediate
COX4I1,3,4.82221888372111,-3.3769024949718,intermediate
COX4I1,4,7,-1.11434786773953,final
SLC34A1,N/A,N/A,N/A,N/A
PPT1,1,0,0,initial
PPT1,2,3.41030355877801,-3.68862743447681,intermediate
PPT1,3,7,-0.519405427205305,final
HACL1,1,0,0,initial
HACL1,2,3.6171116961549,-2.42542893077923,intermediate
HACL1,3,7,0.274261661257048,final
GALNT15,1,0,0,initial
GALNT15,2,3.45881921236204,-1.15927840732507,intermediate
GALNT15,3,7,3.16992500144231,final
NAPSA,N/A,N/A,N/A,N/A
MGAT1,1,0,0,initial
MGAT1,2,3.54782620135861,-2.11235523624133,intermediate
MGAT1,3,7,-0.902107799238421,final
GFPT2,1,0,0,initial
GFPT2,2,2.57378894149868,-0.0877462383987125,intermediate
GFPT2,3,4.86610488542393,-4.90483564372582,intermediate
GFPT2,4,7,1.63226821549951,final
AOC3,1,0,0,initial
AOC3,2,2.13007816519037,5.41612042435053,intermediate
AOC3,3,4.70571160533393,-0.139324777955103,intermediate
AOC3,4,7,5.39231742277876,final
ACLY,1,0,0,initial
ACLY,2,2.44979979838401,3.20315936519155,intermediate
ACLY,3,4.55568933161069,-5.83461593985342,intermediate
ACLY,4,7,-2.49411817816453,final
AOC2,N/A,N/A,N/A,N/A
NDUFA2,N/A,N/A,N/A,N/A
TRAF7,1,0,0,initial
TRAF7,2,3.60873181547149,-1.84647655810498,intermediate
TRAF7,3,7,-1.44523773705454,final
CA6,1,0,0,initial
CA6,2,2.53815078989876,4.34807054009438,intermediate
CA6,3,4.65486692819785,-3.7767646072132,intermediate
CA6,4,7,0,final
CKMT2,1,0,0,initial
CKMT2,2,3.68374290714776,0.520891764307849,intermediate
CKMT2,3,7,3.74024072619907,final
PPP1R1B,N/A,N/A,N/A,N/A
FMO5,1,0,0,initial
FMO5,2,2.15183156117642,4.71734998666432,intermediate
FMO5,3,4.75689395328785,-6.83914695294821,intermediate
FMO5,4,7,-0.115477217419936,final
PDHA1,1,0,0,initial
PDHA1,2,3.47672626864208,-2.61160546588352,intermediate
PDHA1,3,7,-1.37556233083126,final
MCCC2,1,0,0,initial
MCCC2,2,2.25707889498806,-0.212302125791328,intermediate
MCCC2,3,5.00212536639901,-4.40102937831295,intermediate
MCCC2,4,7,-1.13750352374993,final
USP29,1,0,0,initial
USP29,2,1.6409304721039,1.89390091545123,intermediate
USP29,3,5.51394239267253,-2.43396709493335,intermediate
USP29,4,7,1.58496250072116,final
CHSY1,1,0,0,initial
CHSY1,2,3.36072961756505,-1.64833650737637,intermediate
CHSY1,3,7,-1.44196771289581,final
GCH1,1,0,0,initial
GCH1,2,7,1.64556926542531,final
SLC6A11,1,0,0,initial
SLC6A11,2,2.78403757071441,1.29877038187828,intermediate
SLC6A11,3,4.34342176293363,-3.55434715482498,intermediate
SLC6A11,4,7,-0.641663088200809,final
NUP210,1,0,0,initial
NUP210,2,2.14834416858898,4.25310986944709,intermediate
NUP210,3,4.80937975396068,-2.81854453619248,intermediate
NUP210,4,7,-1,final
HSD17B7,1,0,0,initial
HSD17B7,2,2.44790482920033,4.37589005684263,intermediate
HSD17B7,3,4.74649676288587,-4.92852032310602,intermediate
HSD17B7,4,7,-1.64067193330744,final
TRIM5,1,0,0,initial
TRIM5,2,7,-2.64631556253964,final
RRP8,1,0,0,initial
RRP8,2,3.47460426429976,-1.99292501617277,intermediate
RRP8,3,7,-0.607505069372244,final
ILKAP,N/A,N/A,N/A,N/A
SCLY,1,0,0,initial
SCLY,2,2.30201257251981,0.497173395113903,intermediate
SCLY,3,5.16359808180325,-3.55144796078605,intermediate
SCLY,4,7,-0.371968777386958,final
PTPRE,1,0,0,initial
PTPRE,2,2.47387347838067,-1.52977898453453,intermediate
PTPRE,3,4.44370993682986,1.95723757573507,intermediate
PTPRE,4,7,1.11297181295661,final
PRKAA1,1,0,0,initial
PRKAA1,2,3.48485762652474,-1.44838914991393,intermediate
PRKAA1,3,7,-0.775232771475649,final
MYBBP1A,N/A,N/A,N/A,N/A
COQ3,N/A,N/A,N/A,N/A
DDC,N/A,N/A,N/A,N/A
SLC52A1,1,0,0,initial
SLC52A1,2,2.63300345305238,2.18660246097883,intermediate
SLC52A1,3,4.55849750292416,-8.21720438686511,intermediate
SLC52A1,4,7,-2.1963972128035,final
GUCY2D,1,0,0,initial
GUCY2D,2,2.08021191741765,-6.61440630314251,intermediate
GUCY2D,3,4.48704780583675,-1.3940446965752,intermediate
GUCY2D,4,7,-2.22239242133645,final
PCBD2,1,0,0,initial
PCBD2,2,2.40742336859131,1.03096437201196,intermediate
PCBD2,3,5.05034786121401,-7.08612481377789,intermediate
PCBD2,4,7,-0.65950945408621,final
PRMT7,1,0,0,initial
PRMT7,2,2.28754829391223,-1.04867670034854,intermediate
PRMT7,3,4.85663202807201,-4.48754964908949,intermediate
PRMT7,4,7,-0.823344652938467,final
POLR3F,N/A,N/A,N/A,N/A
PTPRA,1,0,0,initial
PTPRA,2,2.4827077340252,1.31232394951572,intermediate
PTPRA,3,4.8688917272876,-2.57888881928058,intermediate
PTPRA,4,7,-0.720399125778178,final
RHBG,1,0,0,initial
RHBG,2,2.41922531899269,6.27193262030842,intermediate
RHBG,3,4.56831749497431,0.262006286068446,intermediate
RHBG,4,7,-1,final
ATP1A4,1,0,0,initial
ATP1A4,2,1.4390731075663,-1.99989247923963,intermediate
ATP1A4,3,4.71863499605881,-0.569817597023863,intermediate
ATP1A4,4,7,-1,final
ACY3,1,0,0,initial
ACY3,2,3.00948317131766,-1.41413583851198,intermediate
ACY3,3,7,-1,final
ALDH3B2,1,0,0,initial
ALDH3B2,2,2.37210470896193,5.8096280548533,intermediate
ALDH3B2,3,4.87297142557374,-1.95222367655072,intermediate
ALDH3B2,4,7,-0.980100442562295,final
LPIN3,1,0,0,initial
LPIN3,2,2.58850435670362,4.21128348389569,intermediate
LPIN3,3,4.56915161998649,-3.76469576503273,intermediate
LPIN3,4,7,0.0397705286926007,final
DMGDH,N/A,N/A,N/A,N/A
BHMT2,1,0,0,initial
BHMT2,2,1.36984932470217,-2.63960764520095,intermediate
BHMT2,3,5.17338455464605,-2.03332012675029,intermediate
BHMT2,4,7,-0.584962500721156,final
SLC14A2,1,0,0,initial
SLC14A2,2,7,2.58496250072116,final
PDE6A,1,0,0,initial
PDE6A,2,3.25275056097423,-5.56014561134007,intermediate
PDE6A,3,7,-2.16992500144231,final
CDK8,N/A,N/A,N/A,N/A
PEMT,1,0,0,initial
PEMT,2,3.44476945385603,-2.06104471685494,intermediate
PEMT,3,7,-1.78526115120699,final
CHI3L1,N/A,N/A,N/A,N/A
PIK3C2B,1,0,0,initial
PIK3C2B,2,2.3396367072295,0.714896991840326,intermediate
PIK3C2B,3,4.83584350877398,-0.65601249270339,intermediate
PIK3C2B,4,7,1.48776696562476,final
DSTYK,1,0,0,initial
DSTYK,2,2.60104459217869,1.62589765705795,intermediate
DSTYK,3,4.90237112623256,-4.01882708892059,intermediate
DSTYK,4,7,0.400149703932117,final
CHIT1,N/A,N/A,N/A,N/A
DCLK1,1,0,0,initial
DCLK1,2,2.02720462579653,3.2421884640796,intermediate
DCLK1,3,5.52969169339746,-4.39002383117283,intermediate
DCLK1,4,7,2.58496250072116,final
KL,N/A,N/A,N/A,N/A
RNF128,1,0,0,initial
RNF128,2,3.5824642948079,-1.87940230840067,intermediate
RNF128,3,7,-2.02461255448161,final
EPHB2,1,0,0,initial
EPHB2,2,2.28770996338716,-3.38707979236966,intermediate
EPHB2,3,4.76777223788002,-0.59821526494,intermediate
EPHB2,4,7,-2.83289001416474,final
PDE6B,1,0,0,initial
PDE6B,2,3.55037065089738,-4.49423467733661,intermediate
PDE6B,3,7,-1.44057259138598,final
CSNK1G2,1,0,0,initial
CSNK1G2,2,2.35999200187464,0.138256388762929,intermediate
CSNK1G2,3,4.95448500328283,-2.84677452734539,intermediate
CSNK1G2,4,7,-1.34129341975429,final
CNDP2,1,0,0,initial
CNDP2,2,3.56169383360084,-2.38249760908341,intermediate
CNDP2,3,7,-1.65871895067423,final
MACROD1,1,0,0,initial
MACROD1,2,2.47579572440651,2.14828558178788,intermediate
MACROD1,3,4.7128938010258,-3.24653405743313,intermediate
MACROD1,4,7,-1.28643901016874,final
PLAAT2,1,0,0,initial
PLAAT2,2,3.19729681334454,-3.47174517921584,intermediate
PLAAT2,3,7,-2.8073549220576,final
GSTT2B,N/A,N/A,N/A,N/A
SLC2A11,1,0,0,initial
SLC2A11,2,2.3262801969443,3.91820734039223,intermediate
SLC2A11,3,4.98579961215242,-5.70964531028716,intermediate
SLC2A11,4,7,-0.662965012722429,final
LARS1,N/A,N/A,N/A,N/A
IMPA1,1,0,0,initial
IMPA1,2,1.93531885806071,-4.37218966138166,intermediate
IMPA1,3,4.69718780883658,1.13951500620223,intermediate
IMPA1,4,7,-1.30019216523607,final
CA1,1,0,0,initial
CA1,2,2.41809746392983,8.16628292649714,intermediate
CA1,3,4.92176766111302,-6.60266795078888,intermediate
CA1,4,7,1,final
AMPD3,1,0,0,initial
AMPD3,2,3.50181037645512,0.676405192734011,intermediate
AMPD3,3,7,3.05771549785629,final
HSD17B4,1,0,0,initial
HSD17B4,2,2.48595285220733,1.83068230792339,intermediate
HSD17B4,3,4.80597073801044,-4.37945121014211,intermediate
HSD17B4,4,7,-2.01384764649001,final
DUSP26,N/A,N/A,N/A,N/A
LOXL2,1,0,0,initial
LOXL2,2,3.50399132539968,-6.65968602999948,intermediate
LOXL2,3,7,-3.11547721741994,final
ELP3,N/A,N/A,N/A,N/A
IRAK2,1,0,0,initial
IRAK2,2,7,4.12515513132229,final
CAMK1,1,0,0,initial
CAMK1,2,3.23997313998681,-6.15475708777667,intermediate
CAMK1,3,7,-1.58496250072116,final
GSTM1,1,0,0,initial
GSTM1,2,2.46282505078226,3.49383153786607,intermediate
GSTM1,3,4.62212059928745,-8.14544817896266,intermediate
GSTM1,4,7,-2.97982211806237,final
GSTM5,N/A,N/A,N/A,N/A
GSTM3,1,0,0,initial
GSTM3,2,2.51966720600225,1.07434705904521,intermediate
GSTM3,3,4.52369526127312,-4.95741201222955,intermediate
GSTM3,4,7,-1.06499725484644,final
CHIA,1,0,0,initial
CHIA,2,2.56184244922612,0.0925203261161751,intermediate
CHIA,3,4.09965139729072,-1.72336637946841,intermediate
CHIA,4,7,-1,final
HMGCS2,1,0,0,initial
HMGCS2,2,2.24254251689723,8.09111733709588,intermediate
HMGCS2,3,4.47571519244411,-4.26795753159585,intermediate
HMGCS2,4,7,-1.58496250072116,final
PTPN22,1,0,0,initial
PTPN22,2,2.36866639366012,0.225114241344,intermediate
PTPN22,3,4.95806744219901,-3.17473510748724,intermediate
PTPN22,4,7,1.8073549220576,final
CEPT1,N/A,N/A,N/A,N/A
FKBP11,N/A,N/A,N/A,N/A
GRHL1,1,0,0,initial
GRHL1,2,3.43044800651401,3.16877739557007,intermediate
GRHL1,3,7,1.09240947955631,final
ROCK2,1,0,0,initial
ROCK2,2,3.57227431106226,-2.84365073310317,intermediate
ROCK2,3,7,-0.402132319592266,final
LPIN1,N/A,N/A,N/A,N/A
CMPK2,1,0,0,initial
CMPK2,2,2.40163964005805,0.250330585444525,intermediate
CMPK2,3,4.60874660266048,-8.68149464061848,intermediate
CMPK2,4,7,-1.63649280136124,final
LDHA,1,0,0,initial
LDHA,2,1.89611207981519,-2.24949023541872,intermediate
LDHA,3,5.05885683651997,-2.93915205930393,intermediate
LDHA,4,7,-0.825479469993522,final
ERN2,1,0,0,initial
ERN2,2,2.38682085316761,-0.779058115394639,intermediate
ERN2,3,4.790366367547,-4.28577694144408,intermediate
ERN2,4,7,-0.736965594166206,final
NARS1,N/A,N/A,N/A,N/A
ACP2,1,0,0,initial
ACP2,2,2.42517166789648,0.15028499804738,intermediate
ACP2,3,4.79349944210027,-4.24036564886662,intermediate
ACP2,4,7,-0.72762772958687,final
USP26,1,0,0,initial
USP26,2,1.4390731075663,-3.16975458506908,intermediate
USP26,3,4.71863499605881,-0.903139523533864,intermediate
USP26,4,7,-1.58496250072116,final
CYP2J2,1,0,0,initial
CYP2J2,2,2.62619820224557,6.56052427447166,intermediate
CYP2J2,3,4.36472073882264,-5.84954089948611,intermediate
CYP2J2,4,7,-1.46394709975979,final
TUT4,1,0,0,initial
TUT4,2,2.75882434564063,0.353341469416915,intermediate
TUT4,3,4.60337110810459,-2.40825077354178,intermediate
TUT4,4,7,-0.00166689220263798,final
RNF138,1,0,0,initial
RNF138,2,3.47107757513696,-1.58673808692005,intermediate
RNF138,3,7,-0.968542568478403,final
DAGLA,N/A,N/A,N/A,N/A
CBLIF,1,0,0,initial
CBLIF,2,2.26217993089667,-1.25403786692754,intermediate
CBLIF,3,4.93574621368658,-3.64585177876817,intermediate
CBLIF,4,7,1,final
FADS2,1,0,0,initial
FADS2,2,3.56588649399958,-3.51194305571173,intermediate
FADS2,3,7,-2.86746045077998,final
CLOCK,1,0,0,initial
CLOCK,2,3.58317926075643,-3.63489232592402,intermediate
CLOCK,3,7,-0.267717748997593,final
PDGFRA,1,0,0,initial
PDGFRA,2,7,3.83289001416474,final
GGACT,1,0,0,initial
GGACT,2,2.40686891699121,0.370626404645337,intermediate
GGACT,3,4.75062442693543,-7.71426274335019,intermediate
GGACT,4,7,-1.41503749927884,final
UBAC2,1,0,0,initial
UBAC2,2,2.50754704767069,2.43362533750458,intermediate
UBAC2,3,4.71264965521948,-2.73908625942996,intermediate
UBAC2,4,7,-1.18257237772551,final
STT3A,1,0,0,initial
STT3A,2,3.45111536794168,-3.58779633459071,intermediate
STT3A,3,7,-1.25460988530578,final
CTSL,N/A,N/A,N/A,N/A
PSAT1,N/A,N/A,N/A,N/A
TAOK3,N/A,N/A,N/A,N/A
USP30,1,0,0,initial
USP30,2,2.59078663126931,1.62373241039545,intermediate
USP30,3,4.70754995730532,-2.98556534706995,intermediate
USP30,4,7,-0.327431070564749,final
SDS,N/A,N/A,N/A,N/A
CD36,1,0,0,initial
CD36,2,2.26583766752408,11.9158698195014,intermediate
CD36,3,4.43162526242748,-0.901027861941842,intermediate
CD36,4,7,2.24285652389616,final
UGT2B28,N/A,N/A,N/A,N/A
SRPK2,N/A,N/A,N/A,N/A
NT5E,1,0,0,initial
NT5E,2,2.03893697115331,-3.339184357924,intermediate
NT5E,3,4.62955461140937,0.0751417754648449,intermediate
NT5E,4,7,0.0969250507333453,final
EPHA7,N/A,N/A,N/A,N/A
MAP3K7,1,0,0,initial
MAP3K7,2,2.45480686748389,0.4822814004971,intermediate
MAP3K7,3,4.95540056462934,-1.88646561417027,intermediate
MAP3K7,4,7,-0.365820507946864,final
NAT10,N/A,N/A,N/A,N/A
ATP5MC2,1,0,0,initial
ATP5MC2,2,3.62836030275373,-1.55590680872844,intermediate
ATP5MC2,3,7,-1.74264923266979,final
GLS2,1,0,0,initial
GLS2,2,3.54672433059898,-3.74583155551811,intermediate
GLS2,3,7,-1.3536369546147,final
RDH5,N/A,N/A,N/A,N/A
CDK4,1,0,0,initial
CDK4,2,3.33651116301962,-3.23226972592352,intermediate
CDK4,3,7,-1.92210024039654,final
B4GALNT1,N/A,N/A,N/A,N/A
PAN2,1,0,0,initial
PAN2,2,2.57939297058715,2.04863010441602,intermediate
PAN2,3,4.51946207160628,-4.44943849606594,intermediate
PAN2,4,7,-0.870399453607094,final
SMPD2,N/A,N/A,N/A,N/A
TEC,1,0,0,initial
TEC,2,3.21634317667314,3.95819100810402,intermediate
TEC,3,7,2.85289570596779,final
USP15,N/A,N/A,N/A,N/A
MDM2,1,0,0,initial
MDM2,2,3.56975527901381,-2.39675309157993,intermediate
MDM2,3,7,-0.590096652192593,final
BCO1,N/A,N/A,N/A,N/A
CHST5,1,0,0,initial
CHST5,2,1.326051295176,-1.56946912592426,intermediate
CHST5,3,5.673948704824,-1.56946912592427,intermediate
CHST5,4,7,0,final
SLC9A5,N/A,N/A,N/A,N/A
NTPCR,1,0,0,initial
NTPCR,2,2.42950051454487,1.07597023804437,intermediate
NTPCR,3,4.83162416026642,-4.50890742326114,intermediate
NTPCR,4,7,-1.80827062823934,final
GLUL,1,0,0,initial
GLUL,2,3.30517176245731,-5.37943126562879,intermediate
GLUL,3,7,-3.28085803029837,final
NPL,1,0,0,initial
NPL,2,3.58686964812173,-4.14546934959218,intermediate
NPL,3,7,-1.92224484248555,final
PIGC,1,0,0,initial
PIGC,2,2.62115732656281,3.51017547680112,intermediate
PIGC,3,4.54763901698935,-4.52050191762767,intermediate
PIGC,4,7,-0.930837975492604,final
USP37,1,0,0,initial
USP37,2,2.24487567800532,0.0313063862925152,intermediate
USP37,3,5.11452019843655,-3.1302037712598,intermediate
USP37,4,7,-0.705256734438868,final
SLC19A3,1,0,0,initial
SLC19A3,2,2.30121815896839,9.38418337178226,intermediate
SLC19A3,3,4.70505364101907,1.04867511493129,intermediate
SLC19A3,4,7,0,final
CYP27A1,1,0,0,initial
CYP27A1,2,2.47471084372308,1.78584378737869,intermediate
CYP27A1,3,4.71188450585711,-3.00888584270429,intermediate
CYP27A1,4,7,1.42084312096005,final
COX5B,N/A,N/A,N/A,N/A
ALDH1L2,1,0,0,initial
ALDH1L2,2,1.72698406078277,-4.96669097237684,intermediate
ALDH1L2,3,4.7645328587826,1.56725570633001,intermediate
ALDH1L2,4,7,-0.32334876958699,final
USP44,N/A,N/A,N/A,N/A
SLC41A2,1,0,0,initial
SLC41A2,2,3.67264385849805,-3.25168790719355,intermediate
SLC41A2,3,7,4.88535743405888,final
NEK3,1,0,0,initial
NEK3,2,3.61759860545513,-3.4259438867355,intermediate
NEK3,3,7,-0.620807699667878,final
SETDB2,1,0,0,initial
SETDB2,2,2.47473041747669,-0.266614221510432,intermediate
SETDB2,3,5.16991530969903,-2.5551512017797,intermediate
SETDB2,4,7,0.0838037564741354,final
CHST12,1,0,0,initial
CHST12,2,2.52431996051975,2.75505965455636,intermediate
CHST12,3,4.48753115874949,-4.86436254762471,intermediate
CHST12,4,7,-2.33441903907056,final
NUP42,1,0,0,initial
NUP42,2,2.4158465581996,0.406710532582468,intermediate
NUP42,3,4.9026242779509,-3.63363713258804,intermediate
NUP42,4,7,-0.748461233004036,final
ZDHHC4,1,0,0,initial
ZDHHC4,2,2.49654744504533,1.36509089057245,intermediate
ZDHHC4,3,4.9236513296801,-4.93173059512407,intermediate
ZDHHC4,4,7,-0.643856189774725,final
AOAH,1,0,0,initial
AOAH,2,1.95589257081366,-5.4413247076243,intermediate
AOAH,3,4.71307331708814,-0.913501727628187,intermediate
AOAH,4,7,-2.8073549220576,final
DGKB,N/A,N/A,N/A,N/A
MTHFS,N/A,N/A,N/A,N/A
IREB2,1,0,0,initial
IREB2,2,2.29020933056468,-0.00109729381199735,intermediate
IREB2,3,5.19164875040193,-3.29875484662906,intermediate
IREB2,4,7,0.223708749019819,final
NMT1,1,0,0,initial
NMT1,2,3.51048226862628,-1.93359432672243,intermediate
NMT1,3,7,-1,final
KAT7,1,0,0,initial
KAT7,2,2.24809029083966,-0.60125345296454,intermediate
KAT7,3,5.02585266696349,-1.98876540150284,intermediate
KAT7,4,7,-0.511370094422524,final
NDUFB5,1,0,0,initial
NDUFB5,2,2.37953695435302,0.277706398602672,intermediate
NDUFB5,3,4.81170465241745,-4.25638037603947,intermediate
NDUFB5,4,7,-1.40801511889809,final
MARCHF7,1,0,0,initial
MARCHF7,2,3.65212740346032,0.191045851875275,intermediate
MARCHF7,3,7,2.20156412533046,final
GALNT5,1,0,0,initial
GALNT5,2,2.47002752457837,-0.0405605575880368,intermediate
GALNT5,3,4.77430205208823,-10.9565456366507,intermediate
GALNT5,4,7,-0.742202242532353,final
BLK,N/A,N/A,N/A,N/A
EPRS1,N/A,N/A,N/A,N/A
SMPD4,1,0,0,initial
SMPD4,2,3.2209248697489,-2.50054465403995,intermediate
SMPD4,3,7,-0.608092375559711,final
SAP130,1,0,0,initial
SAP130,2,3.64712725017031,-1.90483560627984,intermediate
SAP130,3,7,0.219009781941796,final
HS6ST1,1,0,0,initial
HS6ST1,2,2.29842044164524,-0.0928360884119907,intermediate
HS6ST1,3,4.8934430730636,-2.85020057267243,intermediate
HS6ST1,4,7,-1.17364808748503,final
UGGT1,N/A,N/A,N/A,N/A
GAD2,1,0,0,initial
GAD2,2,3.99051682868234,-0.414135838511977,intermediate
GAD2,3,7,1,final
CDK9,N/A,N/A,N/A,N/A
TXN,N/A,N/A,N/A,N/A
ST6GALNAC4,1,0,0,initial
ST6GALNAC4,2,3.52312486009251,0.434101776386793,intermediate
ST6GALNAC4,3,7,-2.49825086752783,final
SLC2A8,1,0,0,initial
SLC2A8,2,2.57007805630235,0.269750914939058,intermediate
SLC2A8,3,4.53799488012053,-3.98803267022708,intermediate
SLC2A8,4,7,-1.10383581098454,final
SLC31A1,N/A,N/A,N/A,N/A
ALDOB,N/A,N/A,N/A,N/A
FPGS,1,0,0,initial
FPGS,2,3.51888591893365,-2.53036365041606,intermediate
FPGS,3,7,-1.78463484555752,final
USP20,N/A,N/A,N/A,N/A
BAAT,N/A,N/A,N/A,N/A
CTSV,1,0,0,initial
CTSV,2,2.47100238882343,0.866660272356243,intermediate
CTSV,3,4.84132477042769,-3.21620130309521,intermediate
CTSV,4,7,2.63373969882321,final
ENPP2,N/A,N/A,N/A,N/A
POLR1E,1,0,0,initial
POLR1E,2,3.48481610571517,-3.41804188942197,intermediate
POLR1E,3,7,-1.42078148181365,final
GRHPR,1,0,0,initial
GRHPR,2,3.61029246213289,-2.33993411709631,intermediate
GRHPR,3,7,-1.71620703399941,final
ALDH1B1,1,0,0,initial
ALDH1B1,2,3.34948375434518,-7.18209725585862,intermediate
ALDH1B1,3,7,-2.64045761331286,final
PPIL1,N/A,N/A,N/A,N/A
PIM1,1,0,0,initial
PIM1,2,2.47469478519048,1.40391743340847,intermediate
PIM1,3,4.76193315128627,4.95112164922937,intermediate
PIM1,4,7,1.59164475000376,final
GMPR,1,0,0,initial
GMPR,2,2.51482653214825,0.590231262328228,intermediate
GMPR,3,4.89139981477394,-4.62838913589033,intermediate
GMPR,4,7,0.349584437790228,final
CMTR1,1,0,0,initial
CMTR1,2,2.49299336185469,0.840976349060162,intermediate
CMTR1,3,4.6244835557376,-4.89570350287428,intermediate
CMTR1,4,7,-1.77578484305673,final
SLC22A7,N/A,N/A,N/A,N/A
KIAA0319,1,0,0,initial
KIAA0319,2,3.45191243300342,7.07577492740032,intermediate
KIAA0319,3,7,4.14295795384204,final
RNF144B,1,0,0,initial
RNF144B,2,2.39630906861151,4.15268082955111,intermediate
RNF144B,3,4.9207642198964,-3.70377131753613,intermediate
RNF144B,4,7,-0.224806352722915,final
IL18BP,N/A,N/A,N/A,N/A
GGH,1,0,0,initial
GGH,2,2.62921116476229,3.35220626640348,intermediate
GGH,3,4.38813967538153,-4.40694037773487,intermediate
GGH,4,7,-2.70096557746563,final
TGS1,1,0,0,initial
TGS1,2,3.47931863391569,-2.67354505111243,intermediate
TGS1,3,7,-0.859289562147797,final
NEK1,1,0,0,initial
NEK1,2,3.57651596148705,-4.11947556893731,intermediate
NEK1,3,7,-0.838335331862428,final
SLC37A4,1,0,0,initial
SLC37A4,2,3.54301055776108,-3.76254399563678,intermediate
SLC37A4,3,7,-1.86090439033434,final
PPP2R1B,1,0,0,initial
PPP2R1B,2,2.18834872580101,-0.706905730571976,intermediate
PPP2R1B,3,4.97482285988263,-3.47631664537823,intermediate
PPP2R1B,4,7,-0.823566508615661,final
FXYD2,N/A,N/A,N/A,N/A
ALKBH8,1,0,0,initial
ALKBH8,2,2.03064473614749,-1.23104732349974,intermediate
ALKBH8,3,5.37179926408422,-3.75323736699704,intermediate
ALKBH8,4,7,-0.36204441166496,final
MAP2K5,N/A,N/A,N/A,N/A
CTDSPL2,1,0,0,initial
CTDSPL2,2,3.54083144842315,-2.45689639905387,intermediate
CTDSPL2,3,7,-0.601450623509725,final
ITPKA,N/A,N/A,N/A,N/A
PLCB2,N/A,N/A,N/A,N/A
PAK6,1,0,0,initial
PAK6,2,3.45258163036063,-1.90577027235545,intermediate
PAK6,3,7,-2.7987417917529,final
DUOX1,N/A,N/A,N/A,N/A
SLC28A2,N/A,N/A,N/A,N/A
STRA6,1,0,0,initial
STRA6,2,3.68295597067261,-3.44616362927011,intermediate
STRA6,3,7,1.22239242133645,final
CYP19A1,N/A,N/A,N/A,N/A
KYAT3,1,0,0,initial
KYAT3,2,2.49810073138711,1.23466213848645,intermediate
KYAT3,3,4.70148475012168,-3.75970186816358,intermediate
KYAT3,4,7,-1.64601322238321,final
SLC44A5,1,0,0,initial
SLC44A5,2,2.46844479812025,5.13685405689068,intermediate
SLC44A5,3,4.61941528282865,-3.71441008322111,intermediate
SLC44A5,4,7,-1.83871909296694,final
DBT,1,0,0,initial
DBT,2,2.46688859415372,0.459728033131285,intermediate
DBT,3,4.67041672577746,-3.4973219016875,intermediate
DBT,4,7,-1.35066462280691,final
RTCA,1,0,0,initial
RTCA,2,3.75509733588094,-2.87442196927604,intermediate
RTCA,3,7,-0.446835311105726,final
SELENOI,N/A,N/A,N/A,N/A
HADHB,1,0,0,initial
HADHB,2,3.55757188552835,-1.94664930120249,intermediate
HADHB,3,7,-1.38575439766561,final
KHK,1,0,0,initial
KHK,2,3.51729498611308,-5.34640290435683,intermediate
KHK,3,7,-1.84799690655495,final
ADCY3,1,0,0,initial
ADCY3,2,3.42660325512821,-3.54014153281868,intermediate
ADCY3,3,7,-1.77949963800476,final
CYP1B1,1,0,0,initial
CYP1B1,2,3.65059023343353,-2.53133952683103,intermediate
CYP1B1,3,7,3.18881931319478,final
SLC5A6,N/A,N/A,N/A,N/A
ABCG5,N/A,N/A,N/A,N/A
SLC3A1,N/A,N/A,N/A,N/A
CYP2C9,1,0,0,initial
CYP2C9,2,2.56184244922612,0.18504065223235,intermediate
CYP2C9,3,4.09965139729072,-3.44673275893682,intermediate
CYP2C9,4,7,-2,final
CYP2C8,N/A,N/A,N/A,N/A
STAMBPL1,N/A,N/A,N/A,N/A
CH25H,N/A,N/A,N/A,N/A
DUSP5,1,0,0,initial
DUSP5,2,2.49968158579221,-0.836745171588554,intermediate
DUSP5,3,4.53848704409332,4.14958647166038,intermediate
DUSP5,4,7,1.04169294829996,final
ENTPD1,N/A,N/A,N/A,N/A
PLCE1,1,0,0,initial
PLCE1,2,1.57660284371619,-2.56348376057905,intermediate
PLCE1,3,5.1198412130312,-3.11471248082417,intermediate
PLCE1,4,7,-0.526320832812589,final
RBP4,1,0,0,initial
RBP4,2,1.4390731075663,-3.99978495847925,intermediate
RBP4,3,4.71863499605881,-1.13963519404773,intermediate
RBP4,4,7,-2,final
AOX1,1,0,0,initial
AOX1,2,3.26718365293719,-4.21564415245738,intermediate
AOX1,3,7,-2.82149910437787,final
ATIC,N/A,N/A,N/A,N/A
BARD1,1,0,0,initial
BARD1,2,3.52321865762955,-2.7880544183233,intermediate
BARD1,3,7,-1.37165795221267,final
METTL5,1,0,0,initial
METTL5,2,2.23708368139784,-0.684167320542232,intermediate
METTL5,3,4.96268766897923,-3.53670041241308,intermediate
METTL5,4,7,-1.19939191038298,final
CDK15,N/A,N/A,N/A,N/A
MDH1B,1,0,0,initial
MDH1B,2,3.60294544220354,-4.2802707950322,intermediate
MDH1B,3,7,-4.50250034052918,final
HECW2,N/A,N/A,N/A,N/A
IDH1,1,0,0,initial
IDH1,2,2.42580646159053,1.28831837532606,intermediate
IDH1,3,4.75782796931763,-6.71222763064887,intermediate
IDH1,4,7,-2.79941637465612,final
SLC40A1,1,0,0,initial
SLC40A1,2,2.50281710901822,5.15495156611723,intermediate
SLC40A1,3,4.39782387238152,-6.89545630197048,intermediate
SLC40A1,4,7,-0.923378718397088,final
PARP9,1,0,0,initial
PARP9,2,2.43997067539622,2.96265870414436,intermediate
PARP9,3,4.59683101703688,-9.00038982245784,intermediate
PARP9,4,7,-3.44794818012878,final
USP8,N/A,N/A,N/A,N/A
GLCE,1,0,0,initial
GLCE,2,2.3756540673053,0.131230195482977,intermediate
GLCE,3,4.82619943706325,-5.15703444377637,intermediate
GLCE,4,7,-1.37822483366112,final
PARP16,1,0,0,initial
PARP16,2,2.2765404812665,-0.0421373271365166,intermediate
PARP16,3,4.91179119515038,-3.86050246250167,intermediate
PARP16,4,7,-1,final
PPCDC,N/A,N/A,N/A,N/A
HERC3,1,0,0,initial
HERC3,2,2.14850886692727,-0.842464071880052,intermediate
HERC3,3,5.10620336953272,-2.81406223433517,intermediate
HERC3,4,7,-0.282135404016056,final
NDST4,N/A,N/A,N/A,N/A
PRKG2,N/A,N/A,N/A,N/A
GPAT3,1,0,0,initial
GPAT3,2,3.55454693254852,-2.52373938599879,intermediate
GPAT3,3,7,5.05731051000981,final
BMPR1B,N/A,N/A,N/A,N/A
PDE5A,1,0,0,initial
PDE5A,2,2.57016879157278,0.700892753950776,intermediate
PDE5A,3,4.63334584054041,-2.72694003440342,intermediate
PDE5A,4,7,0.422161933712225,final
NAAA,1,0,0,initial
NAAA,2,2.48749236932463,1.00782297558869,intermediate
NAAA,3,4.84603098142578,-4.6426050549894,intermediate
NAAA,4,7,-0.845156954769989,final
NUP54,N/A,N/A,N/A,N/A
CDKL2,1,0,0,initial
CDKL2,2,3.49712785164049,-5.2521228744892,intermediate
CDKL2,3,7,-0.485426827170242,final
ANXA3,1,0,0,initial
ANXA3,2,2.22871325313475,-4.62979074985873,intermediate
ANXA3,3,4.59270685360402,1.93447948036733,intermediate
ANXA3,4,7,1.30971733456617,final
PPA2,1,0,0,initial
PPA2,2,2.34199175146961,-0.290883063602087,intermediate
PPA2,3,4.71796301708681,-3.73633055076409,intermediate
PPA2,4,7,-2.00040794430949,final
HADH,1,0,0,initial
HADH,2,2.24691931217139,-0.816595246182701,intermediate
HADH,3,4.83177696500085,-4.22831885060548,intermediate
HADH,4,7,-2.19657324782793,final
PAPSS1,1,0,0,initial
PAPSS1,2,2.41162527643061,0.727394600110831,intermediate
PAPSS1,3,4.80091779089271,-3.93384904567298,intermediate
PAPSS1,4,7,-1.42840472301667,final
PPP3CA,N/A,N/A,N/A,N/A
SLC39A8,1,0,0,initial
SLC39A8,2,2.41217539872795,0.21151432646372,intermediate
SLC39A8,3,4.91012450941508,-6.63099142622086,intermediate
SLC39A8,4,7,-0.591194454432671,final
MTTP,N/A,N/A,N/A,N/A
RNF185,N/A,N/A,N/A,N/A
B4GALNT3,1,0,0,initial
B4GALNT3,2,3.66919389904914,2.72377379819142,intermediate
B4GALNT3,3,7,1.85471513059566,final
ALG10,1,0,0,initial
ALG10,2,2.12476163098529,-1.23362055217664,intermediate
ALG10,3,5.08480067586236,-5.29936474238902,intermediate
ALG10,4,7,-1.25206328801279,final
PIK3C2G,1,0,0,initial
PIK3C2G,2,2.66792087696764,0.954694931276986,intermediate
PIK3C2G,3,4.31038664008564,-5.44368273730009,intermediate
PIK3C2G,4,7,-3.0163018123291,final
PLCZ1,N/A,N/A,N/A,N/A
ETFBKMT,1,0,0,initial
ETFBKMT,2,2.53454148026433,3.37578884148261,intermediate
ETFBKMT,3,4.80842269137224,-5.46757475386273,intermediate
ETFBKMT,4,7,-0.38060400221497,final
ETNK1,1,0,0,initial
ETNK1,2,3.71084007669492,-0.00272980869326051,intermediate
ETNK1,3,7,1.9684994654933,final
NDUFA9,N/A,N/A,N/A,N/A
SLC38A4,1,0,0,initial
SLC38A4,2,2.742822818619,2.19689437013613,intermediate
SLC38A4,3,4.33881903331891,-4.78629293981862,intermediate
SLC38A4,4,7,-1.34395440121736,final
MARCHF9,1,0,0,initial
MARCHF9,2,3.55989983278236,-1.12200007535273,intermediate
MARCHF9,3,7,-1.35693454471528,final
GLIPR1,1,0,0,initial
GLIPR1,2,2.45853254010089,-0.882455467376072,intermediate
GLIPR1,3,4.65643574490336,-2.25969411265705,intermediate
GLIPR1,4,7,-0.0198995574377049,final
TPH2,N/A,N/A,N/A,N/A
PTPRQ,N/A,N/A,N/A,N/A
DUSP6,N/A,N/A,N/A,N/A
AMDHD1,1,0,0,initial
AMDHD1,2,2.31311790728318,8.7846727053517,intermediate
AMDHD1,3,4.55458005718272,-1.44887175933636,intermediate
AMDHD1,4,7,-1.42884329880387,final
SDSL,1,0,0,initial
SDSL,2,3.68266418569907,-6.39341727729653,intermediate
SDSL,3,7,-0.917537839808027,final
MMAB,1,0,0,initial
MMAB,2,2.51381266836608,2.35038659055492,intermediate
MMAB,3,4.68647372346611,-4.91672871557341,intermediate
MMAB,4,7,-2.30655969346416,final
GLTP,1,0,0,initial
GLTP,2,3.45559524684353,3.954578289301,intermediate
GLTP,3,7,0.420949876090644,final
NUP58,1,0,0,initial
NUP58,2,7,2.22975004472327,final
SLC7A1,1,0,0,initial
SLC7A1,2,3.52946409160463,-3.40718835305845,intermediate
SLC7A1,3,7,-0.757279856029342,final
SUOX,1,0,0,initial
SUOX,2,3.53994338791769,-4.92575032720453,intermediate
SUOX,3,7,-1.28798076296402,final
SLC39A5,N/A,N/A,N/A,N/A
RDH16,1,0,0,initial
RDH16,2,2.66497819381638,6.94552548873745,intermediate
RDH16,3,4.64240012371584,-7.23166765276222,intermediate
RDH16,4,7,-1.58496250072116,final
ACVRL1,N/A,N/A,N/A,N/A
CERS5,1,0,0,initial
CERS5,2,3.43357577812504,-1.72048942588537,intermediate
CERS5,3,7,-0.790361851144299,final
MAP3K12,1,0,0,initial
MAP3K12,2,2.49049597737804,2.93693440164088,intermediate
MAP3K12,3,4.67566024602126,-3.94956018023639,intermediate
MAP3K12,4,7,-0.956931278108114,final
CSAD,N/A,N/A,N/A,N/A
ESD,1,0,0,initial
ESD,2,3.44488095524725,-3.02842401972,intermediate
ESD,3,7,-2.64331338107419,final
METTL21C,N/A,N/A,N/A,N/A
TSSK4,N/A,N/A,N/A,N/A
FITM1,N/A,N/A,N/A,N/A
RDH12,1,0,0,initial
RDH12,2,3.63792735501466,6.46738570336681,intermediate
RDH12,3,7,-2.08746284125034,final
AK7,1,0,0,initial
AK7,2,3.52063000763381,0.908757799979154,intermediate
AK7,3,7,-3.98489310760979,final
SLC24A4,1,0,0,initial
SLC24A4,2,1.91335984795079,1.86460677143308,intermediate
SLC24A4,3,4.60973993765181,-4.7591525345889,intermediate
SLC24A4,4,7,-0.584962500721156,final
WARS1,N/A,N/A,N/A,N/A
SLC12A6,1,0,0,initial
SLC12A6,2,2.44186723027067,0.687006455453979,intermediate
SLC12A6,3,4.83183965289809,-1.66535331723298,intermediate
SLC12A6,4,7,2.16803789189805,final
SORD,N/A,N/A,N/A,N/A
DUOX2,N/A,N/A,N/A,N/A
SLC27A2,1,0,0,initial
SLC27A2,2,2.28063306695295,3.58748632688327,intermediate
SLC27A2,3,4.55716318752155,-3.82898849705406,intermediate
SLC27A2,4,7,-2.41503749927884,final
GCNT3,N/A,N/A,N/A,N/A
UBE2Q2,1,0,0,initial
UBE2Q2,2,3.52143528684947,-2.98012808974194,intermediate
UBE2Q2,3,7,-1.41503749927884,final
ETFA,1,0,0,initial
ETFA,2,2.43927786959593,0.644232828625996,intermediate
ETFA,3,4.78055723860249,-2.95275648659407,intermediate
ETFA,4,7,-0.776582573262787,final
NCOA2,1,0,0,initial
NCOA2,2,2.60965175895414,3.11502930977887,intermediate
NCOA2,3,4.80395152273011,-4.62265269089812,intermediate
NCOA2,4,7,0.832932268035639,final
MAN2C1,1,0,0,initial
MAN2C1,2,2.27416784631046,0.297905953567305,intermediate
MAN2C1,3,5.30747921583837,-3.07120399521291,intermediate
MAN2C1,4,7,-0.218062167837715,final
IGF1R,1,0,0,initial
IGF1R,2,2.41278939010061,2.37187171605162,intermediate
IGF1R,3,5.0028175720564,-3.9636959447231,intermediate
IGF1R,4,7,1.02191477642844,final
CYP11A1,N/A,N/A,N/A,N/A
CYP1A1,1,0,0,initial
CYP1A1,2,3.58964307296019,-7.03869416825197,intermediate
CYP1A1,3,7,0.766154061693754,final
ULK3,1,0,0,initial
ULK3,2,2.40383985254161,3.62977031180674,intermediate
ULK3,3,4.77554391759715,-0.572737620745716,intermediate
ULK3,4,7,-0.460904508036173,final
RHCG,1,0,0,initial
RHCG,2,3.54703091130181,-3.3442528300771,intermediate
RHCG,3,7,3.89322491117522,final
RLBP1,1,0,0,initial
RLBP1,2,1.4390731075663,-1.99989247923963,intermediate
RLBP1,3,4.71863499605881,-0.569817597023863,intermediate
RLBP1,4,7,-1,final
TICRR,1,0,0,initial
TICRR,2,3.41062750328654,-5.80780001790058,intermediate
TICRR,3,7,-3.59756253750079,final
NTRK3,N/A,N/A,N/A,N/A
SEC11A,1,0,0,initial
SEC11A,2,2.40568431030176,0.149088537467321,intermediate
SEC11A,3,4.71611130970825,-3.49211065376361,intermediate
SEC11A,4,7,-1.44758259592857,final
PMM2,N/A,N/A,N/A,N/A
SLC5A2,1,0,0,initial
SLC5A2,2,3.45485781420984,-4.46388694068991,intermediate
SLC5A2,3,7,0,final
UQCRC2,1,0,0,initial
UQCRC2,2,2.27611619286391,-0.307188721498907,intermediate
UQCRC2,3,4.84887343218451,-2.2706942395678,intermediate
UQCRC2,4,7,-1.11963796721789,final
MYLK3,N/A,N/A,N/A,N/A
CHST4,1,0,0,initial
CHST4,2,2.42810874098662,0.409700940527092,intermediate
CHST4,3,5.00930354312533,-2.75108883378392,intermediate
CHST4,4,7,0,final
GCSH,N/A,N/A,N/A,N/A
NDUFB10,1,0,0,initial
NDUFB10,2,2.45203719296349,1.19992882579065,intermediate
NDUFB10,3,4.73247802060941,-4.71818632553072,intermediate
NDUFB10,4,7,-1.69503689212099,final
GALNS,1,0,0,initial
GALNS,2,3.59759471671604,-1.92372426875325,intermediate
GALNS,3,7,-0.380744321724966,final
NCOR1,N/A,N/A,N/A,N/A
DPEP3,N/A,N/A,N/A,N/A
PCTP,1,0,0,initial
PCTP,2,3.55170796306683,-5.18648575780448,intermediate
PCTP,3,7,-1.35400806588128,final
NPEPPS,1,0,0,initial
NPEPPS,2,2.31214963759608,2.02355947690542,intermediate
NPEPPS,3,4.89161777401047,-1.11531324752694,intermediate
NPEPPS,4,7,1.38608162098258,final
SSH2,1,0,0,initial
SSH2,2,2.69136568799847,1.5578902325399,intermediate
SSH2,3,4.52862941798531,-4.3631822292992,intermediate
SSH2,4,7,0.426897654488905,final
ABCA8,N/A,N/A,N/A,N/A
G6PC3,1,0,0,initial
G6PC3,2,3.44091715309563,-4.66928861197727,intermediate
G6PC3,3,7,-2,final
PTRH2,N/A,N/A,N/A,N/A
IMPA2,1,0,0,initial
IMPA2,2,2.43873804263685,0.708838044548519,intermediate
IMPA2,3,4.7594808352687,-5.21665597601937,intermediate
IMPA2,4,7,-1.68770060631041,final
SLC39A6,1,0,0,initial
SLC39A6,2,3.53554296480359,1.61225978160546,intermediate
SLC39A6,3,7,-1.0989089597961,final
GALNT1,N/A,N/A,N/A,N/A
ESCO1,N/A,N/A,N/A,N/A
NPC1,1,0,0,initial
NPC1,2,2.23924567397277,1.71333436136806,intermediate
NPC1,3,4.82185589511545,-0.827940415347259,intermediate
NPC1,4,7,1.14017765804826,final
SLC14A1,N/A,N/A,N/A,N/A
PIK3R5,1,0,0,initial
PIK3R5,2,1.326051295176,-1.56946912592426,intermediate
PIK3R5,3,5.673948704824,-1.56946912592427,intermediate
PIK3R5,4,7,0,final
SLC16A3,1,0,0,initial
SLC16A3,2,3.31551052117416,-3.88794848345767,intermediate
SLC16A3,3,7,-1.27417496343899,final
ANAPC11,1,0,0,initial
ANAPC11,2,3.38745717908813,-2.45725389633408,intermediate
ANAPC11,3,7,-1.24564777363675,final
FN3KRP,1,0,0,initial
FN3KRP,2,2.30775424637145,-0.397667669441823,intermediate
FN3KRP,3,4.81756306030958,-5.25491574303976,intermediate
FN3KRP,4,7,-1.31891934501502,final
MAPK4,N/A,N/A,N/A,N/A
NT5C3B,1,0,0,initial
NT5C3B,2,3.56746067708538,-2.73033446849089,intermediate
NT5C3B,3,7,-1.58715671413407,final
ERBB2,1,0,0,initial
ERBB2,2,2.58677656397479,3.18450680461994,intermediate
ERBB2,3,4.74139378691067,-3.60325362059562,intermediate
ERBB2,4,7,-1.0442931503945,final
PNMT,1,0,0,initial
PNMT,2,3.24087163042808,-1.7187153430804,intermediate
PNMT,3,7,-1.58496250072116,final
FKBP10,1,0,0,initial
FKBP10,2,3.66813179819704,-3.43696701562558,intermediate
FKBP10,3,7,0.178970141045319,final
SLC39A3,1,0,0,initial
SLC39A3,2,2.52418908695381,0.405663204088274,intermediate
SLC39A3,3,4.5797657571075,-3.91407161578579,intermediate
SLC39A3,4,7,-1.03355255971103,final
PLPP2,1,0,0,initial
PLPP2,2,2.2902221650876,4.84318660676831,intermediate
PLPP2,3,4.64708055472474,-3.55092740834707,intermediate
PLPP2,4,7,-1.12976787497033,final
PFKL,1,0,0,initial
PFKL,2,3.56194502789376,-2.88346942523479,intermediate
PFKL,3,7,-2.18698374285197,final
TMEM91,1,0,0,initial
TMEM91,2,2.41565990023793,2.27395028964761,intermediate
TMEM91,3,4.7235653029608,-9.44233882223152,intermediate
TMEM91,4,7,-2.85798099512757,final
SIRT3,1,0,0,initial
SIRT3,2,2.5219515151205,1.6003861564758,intermediate
SIRT3,3,4.75160748809081,-5.36279260100969,intermediate
SIRT3,4,7,-1.04730571477836,final
PGGHG,1,0,0,initial
PGGHG,2,2.48191688490063,2.56606719044957,intermediate
PGGHG,3,4.5049606358222,-4.35303863102772,intermediate
PGGHG,4,7,-0.295455883526171,final
HUNK,N/A,N/A,N/A,N/A
SOD1,1,0,0,initial
SOD1,2,3.42852573398202,-3.73313890428224,intermediate
SOD1,3,7,-1.56239624917213,final
DNMT3L,N/A,N/A,N/A,N/A
TRPM2,N/A,N/A,N/A,N/A
AKT1,1,0,0,initial
AKT1,2,3.54195812138767,-3.37772478813723,intermediate
AKT1,3,7,-1.38060400221497,final
SAE1,1,0,0,initial
SAE1,2,3.47014790716362,-2.62686518650125,intermediate
SAE1,3,7,-1.9520930370192,final
LMTK3,1,0,0,initial
LMTK3,2,2.53864445440997,1.85191767291973,intermediate
LMTK3,3,4.52016461783411,-0.351665055290906,intermediate
LMTK3,4,7,-0.792195114886598,final
CBLC,N/A,N/A,N/A,N/A
SLC6A3,N/A,N/A,N/A,N/A
CARM1,N/A,N/A,N/A,N/A
SLC47A1,1,0,0,initial
SLC47A1,2,3.57446960918613,-4.82488770948203,intermediate
SLC47A1,3,7,-1.76938707185858,final
ACP4,N/A,N/A,N/A,N/A
SLC2A5,1,0,0,initial
SLC2A5,2,2.14890474813596,-6.08828774444006,intermediate
SLC2A5,3,4.68272487911893,-5.75278223637336,intermediate
SLC2A5,4,7,-2.88752527074159,final
PADI3,1,0,0,initial
PADI3,2,3.17076083768829,-6.67359484779913,intermediate
PADI3,3,7,-3.32192809488736,final
PADI1,N/A,N/A,N/A,N/A
EPHA2,1,0,0,initial
EPHA2,2,2.48692688621531,-1.67600994368119,intermediate
EPHA2,3,4.54275153347384,3.25874608718076,intermediate
EPHA2,4,7,0.985182734789628,final
PGD,1,0,0,initial
PGD,2,2.4792543221026,0.339762114014096,intermediate
PGD,3,4.74866485442049,-4.86684322530467,intermediate
PGD,4,7,-1.96278122014288,final
PLK4,1,0,0,initial
PLK4,2,3.43415024188534,-5.3862803393757,intermediate
PLK4,3,7,-4.33588655247728,final
MAP3K6,1,0,0,initial
MAP3K6,2,2.40643611031502,0.516797604277751,intermediate
MAP3K6,3,4.84192817207316,-3.33504795069042,intermediate
MAP3K6,4,7,-1.95007477466832,final
HSPG2,1,0,0,initial
HSPG2,2,2.20636768547082,-0.873393716797826,intermediate
HSPG2,3,5.27886627840333,-4.47774574876622,intermediate
HSPG2,4,7,0.470975670872701,final
PRKACB,1,0,0,initial
PRKACB,2,3.7266748139179,-3.75961345175943,intermediate
PRKACB,3,7,-0.0451520363923751,final
PIGK,1,0,0,initial
PIGK,2,2.46153649062683,0.745899626741667,intermediate
PIGK,3,4.71554585131102,-5.4103020087514,intermediate
PIGK,4,7,-1.39940684756508,final
AZIN2,N/A,N/A,N/A,N/A
PTPRF,1,0,0,initial
PTPRF,2,2.42182955192913,0.124711169169578,intermediate
PTPRF,3,4.70409010597351,-4.3550402905738,intermediate
PTPRF,4,7,-1.39519474787285,final
CYP4B1,1,0,0,initial
CYP4B1,2,3.49183828590079,5.13574699831265,intermediate
CYP4B1,3,7,-2.84902410135868,final
SLC44A3,1,0,0,initial
SLC44A3,2,2.56005325865703,3.44418425707784,intermediate
SLC44A3,3,4.83916020608167,-7.81373192739087,intermediate
SLC44A3,4,7,-1.2829339632715,final
ALDH9A1,1,0,0,initial
ALDH9A1,2,3.55235412453195,-3.18039276466293,intermediate
ALDH9A1,3,7,-2.35696737315533,final
ATP1B1,N/A,N/A,N/A,N/A
NME7,1,0,0,initial
NME7,2,2.22490257555699,-2.94118394181582,intermediate
NME7,3,4.70702376852372,0.196820134352915,intermediate
NME7,4,7,-1.04274964745934,final
MPC2,1,0,0,initial
MPC2,2,3.4554488349917,-3.59672893043697,intermediate
MPC2,3,7,-2.29956028185891,final
UCK2,1,0,0,initial
UCK2,2,3.3437162048271,-2.2990889111915,intermediate
UCK2,3,7,-1.0643847809902,final
MGST3,1,0,0,initial
MGST3,2,3.45957710962515,-3.98828673140983,intermediate
MGST3,3,7,-1.44966913016805,final
ADCY10,N/A,N/A,N/A,N/A
COP1,N/A,N/A,N/A,N/A
PPOX,1,0,0,initial
PPOX,2,2.55731221395331,2.03741213185484,intermediate
PPOX,3,4.59584440860947,-5.88017109784603,intermediate
PPOX,4,7,-2,final
SDHC,N/A,N/A,N/A,N/A
USP21,1,0,0,initial
USP21,2,7,-1.2511323167775,final
PIGM,1,0,0,initial
PIGM,2,2.3315320076213,0.449181905674379,intermediate
PIGM,3,5.22553519884999,-6.57535256451861,intermediate
PIGM,4,7,-0.108059745857453,final
ABL2,1,0,0,initial
ABL2,2,3.674588297777,-0.947265265934165,intermediate
ABL2,3,7,4.10340073511091,final
RGL1,1,0,0,initial
RGL1,2,2.49719548475661,3.23074495128769,intermediate
RGL1,3,4.54287219251086,-4.8894571275694,intermediate
RGL1,4,7,-2.65821148275179,final
PRUNE1,1,0,0,initial
PRUNE1,2,2.43620792264928,0.684018790192225,intermediate
PRUNE1,3,4.67323120174751,-3.211869141098,intermediate
PRUNE1,4,7,-0.296717532090083,final
SETDB1,1,0,0,initial
SETDB1,2,2.40497485675429,-0.480222456105531,intermediate
SETDB1,3,4.69328118162588,-2.89604139002414,intermediate
SETDB1,4,7,-0.534657418873091,final
CTSK,1,0,0,initial
CTSK,2,2.61783486855704,0.915481776749443,intermediate
CTSK,3,4.5377658349028,-5.15023491837738,intermediate
CTSK,4,7,-0.346090145561352,final
PI4KB,1,0,0,initial
PI4KB,2,2.50577291415634,1.01385936718312,intermediate
PI4KB,3,5.08108974300398,-3.41335348861362,intermediate
PI4KB,4,7,-0.159588756880662,final
PIP5K1A,1,0,0,initial
PIP5K1A,2,2.40474493572667,-1.48874079964244,intermediate
PIP5K1A,3,4.81934160674388,1.10802972231536,intermediate
PIP5K1A,4,7,0.835014799985667,final
CERS2,1,0,0,initial
CERS2,2,1.98467174412302,-3.75500200538805,intermediate
CERS2,3,4.60823493705207,-0.846947862507062,intermediate
CERS2,4,7,-0.939208315881247,final
DYRK3,1,0,0,initial
DYRK3,2,2.0530984461246,-5.74318764593457,intermediate
DYRK3,3,4.75738095043854,2.32734345131983,intermediate
DYRK3,4,7,-1.22449394398174,final
SMYD2,1,0,0,initial
SMYD2,2,2.31195820727743,-0.457967894204545,intermediate
SMYD2,3,4.78307392276552,-3.33720282098458,intermediate
SMYD2,4,7,-1.29390106177721,final
DUSP10,1,0,0,initial
DUSP10,2,2.79244352163338,-2.39470665613822,intermediate
DUSP10,3,4.50735498214108,5.95016706192859,intermediate
DUSP10,4,7,3.90588837601914,final
ATP8B2,1,0,0,initial
ATP8B2,2,3.24450251473719,-3.40250691697174,intermediate
ATP8B2,3,7,-1.30485458152842,final
NUP210L,N/A,N/A,N/A,N/A
SLC27A3,1,0,0,initial
SLC27A3,2,2.41006282261428,0.535616075932135,intermediate
SLC27A3,3,4.72281150809333,-6.20125588957476,intermediate
SLC27A3,4,7,-2.02615228785597,final
SLC39A1,1,0,0,initial
SLC39A1,2,2.47452297805122,-0.0677357662015672,intermediate
SLC39A1,3,4.78909691774297,-3.26915449308127,intermediate
SLC39A1,4,7,-0.280378593685253,final
AQP10,N/A,N/A,N/A,N/A
PKLR,N/A,N/A,N/A,N/A
HCN3,1,0,0,initial
HCN3,2,2.44683889208384,3.94197610689214,intermediate
HCN3,3,4.58333747648937,-3.45465256022966,intermediate
HCN3,4,7,-1.45066140900957,final
GALNT2,1,0,0,initial
GALNT2,2,3.41656998650832,-3.57516318819143,intermediate
GALNT2,3,7,-2.54553235589262,final
SCCPDH,1,0,0,initial
SCCPDH,2,2.45932014092111,3.55664827285369,intermediate
SCCPDH,3,4.66252563300218,-5.17744188151023,intermediate
SCCPDH,4,7,-1.63429021308472,final
MAP3K21,1,0,0,initial
MAP3K21,2,2.44115043616418,0.31371952860478,intermediate
MAP3K21,3,4.45818502844469,-1.83037453205646,intermediate
MAP3K21,4,7,-0.890027157974868,final
ACP1,N/A,N/A,N/A,N/A
DEGS1,1,0,0,initial
DEGS1,2,3.57206377429409,0.636745132403696,intermediate
DEGS1,3,7,-2.90027271684401,final
ITPKB,1,0,0,initial
ITPKB,2,2.65442337478028,1.33502039894706,intermediate
ITPKB,3,4.69790055291395,-5.19579446676255,intermediate
ITPKB,4,7,-0.181446871337532,final
GUK1,N/A,N/A,N/A,N/A
MBOAT2,N/A,N/A,N/A,N/A
PARP1,1,0,0,initial
PARP1,2,3.44510188305044,-5.99361952359114,intermediate
PARP1,3,7,-2.695223994493,final
PYCR2,1,0,0,initial
PYCR2,2,3.46751172988991,-3.70297572815961,intermediate
PYCR2,3,7,-1.07333661194173,final
LBR,1,0,0,initial
LBR,2,3.5118344527974,-1.90238259995564,intermediate
LBR,3,7,-0.904530035974888,final
EPHX1,1,0,0,initial
EPHX1,2,2.51883183267027,1.21591308872469,intermediate
EPHX1,3,4.95190160416528,-5.56680639084671,intermediate
EPHX1,4,7,-0.336049203132015,final
ETNK2,1,0,0,initial
ETNK2,2,3.30185713872334,-3.34209037763844,intermediate
ETNK2,3,7,-1.63226821549951,final
PTPN7,N/A,N/A,N/A,N/A
PDIA6,1,0,0,initial
PDIA6,2,3.46443928924381,-2.75158347521755,intermediate
PDIA6,3,7,-2.38608546906725,final
ATP6V1C2,1,0,0,initial
ATP6V1C2,2,3.33140605876865,4.75816176480279,intermediate
ATP6V1C2,3,7,3.91093459276487,final
GALM,1,0,0,initial
GALM,2,3.57437847665951,-5.79745975045094,intermediate
GALM,3,7,-0.0166787411466303,final
ABCG8,1,0,0,initial
ABCG8,2,1.82661544535395,-1.44835762602913,intermediate
ABCG8,3,5.63015067529783,-2.05464514447979,intermediate
ABCG8,4,7,0.584962500721156,final
DUSP11,1,0,0,initial
DUSP11,2,2.3618611729586,0.121953999467536,intermediate
DUSP11,3,4.84064434892604,-1.93447976958182,intermediate
DUSP11,4,7,-0.592091964779261,final
ST6GAL2,N/A,N/A,N/A,N/A
SLC20A1,1,0,0,initial
SLC20A1,2,2.62761281101409,-6.39175235475673,intermediate
SLC20A1,3,4.54738385895771,4.65089782437081,intermediate
SLC20A1,4,7,1.24415294007526,final
POLR2D,1,0,0,initial
POLR2D,2,1.73827421691022,-1.75586271386602,intermediate
POLR2D,3,4.9793671262478,-2.01024545874594,intermediate
POLR2D,4,7,-0.532145802277708,final
GALNT13,1,0,0,initial
GALNT13,2,2.29153392034813,2.72048738607767,intermediate
GALNT13,3,4.69850231739329,-2.97069039465938,intermediate
GALNT13,4,7,-1.32192809488736,final
SLC4A10,N/A,N/A,N/A,N/A
UBR3,1,0,0,initial
UBR3,2,2.65364483864318,1.27250082247932,intermediate
UBR3,3,4.72370519526941,-2.9903143024865,intermediate
UBR3,4,7,-0.267457592867979,final
PHOSPHO2,N/A,N/A,N/A,N/A
METTL21A,1,0,0,initial
METTL21A,2,3.74562172053268,-3.91162364188164,intermediate
METTL21A,3,7,0.145850866463455,final
CTDSP1,1,0,0,initial
CTDSP1,2,2.47034440623823,0.818361325418706,intermediate
CTDSP1,3,4.70533040410998,-4.85623586225911,intermediate
CTDSP1,4,7,-1.28630418515664,final
MARCHF4,N/A,N/A,N/A,N/A
GMPPA,N/A,N/A,N/A,N/A
SLC25A38,1,0,0,initial
SLC25A38,2,3.57037533696699,-2.45173882532533,intermediate
SLC25A38,3,7,-1.23339142028571,final
CTDSPL,1,0,0,initial
CTDSPL,2,2.40894307237172,2.34621906557487,intermediate
CTDSPL,3,4.77661666159895,-5.92416366540245,intermediate
CTDSPL,4,7,-1.35438430660343,final
PTPRG,1,0,0,initial
PTPRG,2,1.70156952100747,-3.09049035632763,intermediate
PTPRG,3,4.85935439954404,-0.758296833156077,intermediate
PTPRG,4,7,-0.108357178090418,final
SLC25A26,1,0,0,initial
SLC25A26,2,3.75632536729073,-3.45005484405594,intermediate
SLC25A26,3,7,0.953582214672121,final
UBA3,1,0,0,initial
UBA3,2,2.41280823039916,0.2694008972023,intermediate
UBA3,3,4.81320000837846,-4.06496454943145,intermediate
UBA3,4,7,-1.03916514375398,final
ADPRH,N/A,N/A,N/A,N/A
ALDH1L1,1,0,0,initial
ALDH1L1,2,2.24680598097433,-5.73555392925274,intermediate
ALDH1L1,3,4.88238765147678,-3.27791572713421,intermediate
ALDH1L1,4,7,-2.41503749927884,final
AMT,1,0,0,initial
AMT,2,2.5106928493201,2.89342054953589,intermediate
AMT,3,4.73261388946984,-4.25495978571166,intermediate
AMT,4,7,-0.697437229979569,final
ECE2,N/A,N/A,N/A,N/A
DGKQ,1,0,0,initial
DGKQ,2,2.48977663292297,0.800308700478175,intermediate
DGKQ,3,4.76270857766036,-6.10599448755592,intermediate
DGKQ,4,7,-1.13350851935318,final
SLC26A1,1,0,0,initial
SLC26A1,2,2.48658988268192,0.959883466736896,intermediate
SLC26A1,3,4.93868265494142,-4.80834218295603,intermediate
SLC26A1,4,7,-0.628031222613042,final
EPHA5,1,0,0,initial
EPHA5,2,1.93342171889597,2.52592648023819,intermediate
EPHA5,3,5.17001787626416,-2.79474488467661,intermediate
EPHA5,4,7,2.2129937233342,final
SLC10A6,1,0,0,initial
SLC10A6,2,3.43484887542937,3.78648288264367,intermediate
SLC10A6,3,7,1.79085501336331,final
SCD5,1,0,0,initial
SCD5,2,2.64849566294294,1.98447789399913,intermediate
SCD5,3,4.74113422900833,-3.48985440205224,intermediate
SCD5,4,7,-0.00754492962526718,final
TRMT10A,N/A,N/A,N/A,N/A
CAMK2D,1,0,0,initial
CAMK2D,2,2.33868614048632,1.6374353794776,intermediate
CAMK2D,3,4.50871988120293,0.665538739023227,intermediate
CAMK2D,4,7,1.00244939794132,final
FABP2,1,0,0,initial
FABP2,2,1.76423857904124,-5.82475993484178,intermediate
FABP2,3,4.94523629792093,-0.490121638865779,intermediate
FABP2,4,7,-1,final
SETD7,1,0,0,initial
SETD7,2,2.59938729173778,1.63933060996467,intermediate
SETD7,3,4.87938791630726,-2.62553946682508,intermediate
SETD7,4,7,-0.227393890401602,final
MARCHF1,1,0,0,initial
MARCHF1,2,2.63169472798889,1.19332934439401,intermediate
MARCHF1,3,4.81212421299775,-6.15299672346304,intermediate
MARCHF1,4,7,-0.354842717360098,final
CBR4,1,0,0,initial
CBR4,2,2.39376975852111,0.500876448168904,intermediate
CBR4,3,4.81393901476158,-4.496886577052,intermediate
CBR4,4,7,-1.60367102775943,final
CYP4V2,N/A,N/A,N/A,N/A
NDUFS6,N/A,N/A,N/A,N/A
MARCHF6,1,0,0,initial
MARCHF6,2,2.40762128554321,-0.0997821007089028,intermediate
MARCHF6,3,4.83193645898876,-2.77191309650807,intermediate
MARCHF6,4,7,0.588893237297332,final
SRD5A1,1,0,0,initial
SRD5A1,2,2.49151470147491,1.69832006222492,intermediate
SRD5A1,3,4.59354058019042,-6.75790430468484,intermediate
SRD5A1,4,7,-2.47183413026412,final
PLK2,N/A,N/A,N/A,N/A
PIK3R1,1,0,0,initial
PIK3R1,2,1.7488662034915,-5.04258610818672,intermediate
PIK3R1,3,4.81301924908689,-2.52333129104248,intermediate
PIK3R1,4,7,-1.82449015367032,final
BHMT,N/A,N/A,N/A,N/A
PPIP5K2,1,0,0,initial
PPIP5K2,2,2.47690126255641,1.36767537669051,intermediate
PPIP5K2,3,4.92902638769366,-6.05310461004345,intermediate
PPIP5K2,4,7,-0.658515367964269,final
PAM,1,0,0,initial
PAM,2,2.64487808702951,1.9957766182084,intermediate
PAM,3,4.59292629751365,-3.27623447550375,intermediate
PAM,4,7,-0.258923324164794,final
MYLK4,N/A,N/A,N/A,N/A
HIGD2A,1,0,0,initial
HIGD2A,2,2.47761742309409,-0.0479415552569794,intermediate
HIGD2A,3,4.64548670589388,-2.32675349787315,intermediate
HIGD2A,4,7,-0.662304589254321,final
PLA2G7,N/A,N/A,N/A,N/A
TNFRSF21,1,0,0,initial
TNFRSF21,2,3.65343369418585,-6.04407165842649,intermediate
TNFRSF21,3,7,-0.829506000308983,final
HMGCLL1,N/A,N/A,N/A,N/A
LGSN,N/A,N/A,N/A,N/A
CYP39A1,1,0,0,initial
CYP39A1,2,2.448654312296,4.60459703650626,intermediate
CYP39A1,3,4.80672230483458,-2.08875408683658,intermediate
CYP39A1,4,7,-2.21603692629662,final
SLC2A12,1,0,0,initial
SLC2A12,2,2.49853766056348,1.82475167320113,intermediate
SLC2A12,3,4.50216761270918,-4.96958035647217,intermediate
SLC2A12,4,7,0.0293439615821445,final
SHPRH,1,0,0,initial
SHPRH,2,2.53555155575583,1.26824911316207,intermediate
SHPRH,3,5.11396556594768,-4.15626262763231,intermediate
SHPRH,4,7,-0.157840033467334,final
TIAM2,1,0,0,initial
TIAM2,2,2.61678568522648,-0.765282579482184,intermediate
TIAM2,3,4.55456605567306,-3.01047412260637,intermediate
TIAM2,4,7,0.085729874025884,final
SLC22A3,1,0,0,initial
SLC22A3,2,7,1.27760974533754,final
RBAK,1,0,0,initial
RBAK,2,2.44137524916986,0.819596279732366,intermediate
RBAK,3,5.12456043250319,-2.81856065503226,intermediate
RBAK,4,7,-0.308549065086163,final
MDH2,1,0,0,initial
MDH2,2,3.46020882611289,-1.70181096420546,intermediate
MDH2,3,7,-1.61801246678805,final
PSPH,N/A,N/A,N/A,N/A
MEPCE,N/A,N/A,N/A,N/A
TLK2,1,0,0,initial
TLK2,2,3.58350674172985,-1.96363237777913,intermediate
TLK2,3,7,-0.145587031227103,final
EPHA1,1,0,0,initial
EPHA1,2,2.60814281681981,2.81812489265688,intermediate
EPHA1,3,4.60938722476087,-6.10060044542847,intermediate
EPHA1,4,7,-1.88452278258006,final
CLTRN,1,0,0,initial
CLTRN,2,2.37078604729584,3.1693129889809,intermediate
CLTRN,3,4.72351031610876,-7.68429485341251,intermediate
CLTRN,4,7,2.52724700286487,final
CASK,N/A,N/A,N/A,N/A
SLC16A2,1,0,0,initial
SLC16A2,2,3.4488694187356,-0.98051402267624,intermediate
SLC16A2,3,7,-0.959358015502654,final
CHST7,N/A,N/A,N/A,N/A
NDUFB11,1,0,0,initial
NDUFB11,2,2.51636933701297,0.331284292279729,intermediate
NDUFB11,3,4.54131623698234,-2.95687431392945,intermediate
NDUFB11,4,7,-1.19893344851246,final
TAF1,1,0,0,initial
TAF1,2,2.36437195588885,-0.0345770372345249,intermediate
TAF1,3,4.82264974641289,-3.07655447774415,intermediate
TAF1,4,7,-0.587495767466678,final
EBP,1,0,0,initial
EBP,2,2.60463104324273,1.69378374417025,intermediate
EBP,3,4.37677846015933,-3.0040100739898,intermediate
EBP,4,7,-1.74091277868287,final
AWAT2,N/A,N/A,N/A,N/A
PRPS1,1,0,0,initial
PRPS1,2,1.99476881346171,-3.33656785027929,intermediate
PRPS1,3,4.74133717531254,-0.577643411592703,intermediate
PRPS1,4,7,-2.05311133645956,final
NSDHL,1,0,0,initial
NSDHL,2,2.48205863917366,2.7723410850498,intermediate
NSDHL,3,4.5693852737259,-2.60888201599246,intermediate
NSDHL,4,7,-1.43226530332195,final
CSGALNACT1,N/A,N/A,N/A,N/A
ATP6V1B2,1,0,0,initial
ATP6V1B2,2,3.7297698698606,0.228657114712381,intermediate
ATP6V1B2,3,7,2.20732301059872,final
STAR,1,0,0,initial
STAR,2,3.27447717638857,-5.43824653834551,intermediate
STAR,3,7,-3.16992500144231,final
PLPBP,1,0,0,initial
PLPBP,2,3.55552939907712,-4.29755952991249,intermediate
PLPBP,3,7,-1.06576777015102,final
PXDNL,1,0,0,initial
PXDNL,2,2.37533376955293,3.44852003229039,intermediate
PXDNL,3,5.01473263291337,-3.27796704636451,intermediate
PXDNL,4,7,4.4594316186373,final
ADHFE1,1,0,0,initial
ADHFE1,2,2.46266401079939,4.27991676181182,intermediate
ADHFE1,3,4.55231419870535,-6.77557967106912,intermediate
ADHFE1,4,7,-0.362570079384708,final
SLC26A7,1,0,0,initial
SLC26A7,2,2.32287616084001,4.59483932157745,intermediate
SLC26A7,3,4.48193461059365,-1.69018587754441,intermediate
SLC26A7,4,7,1.13750352374993,final
PSKH2,N/A,N/A,N/A,N/A
ATP6V0D2,N/A,N/A,N/A,N/A
DPYS,N/A,N/A,N/A,N/A
NDUFB9,1,0,0,initial
NDUFB9,2,3.39238108371449,-2.10555767654505,intermediate
NDUFB9,3,7,-1.36570569253144,final
NAPRT,N/A,N/A,N/A,N/A
AK3,1,0,0,initial
AK3,2,2.47340365432895,0.994706626698537,intermediate
AK3,3,4.65919887451352,-3.53289317991639,intermediate
AK3,4,7,-1.47973416638109,final
UHRF2,1,0,0,initial
UHRF2,2,2.5033578668863,-1.39235800045685,intermediate
UHRF2,3,4.47997983673828,-1.65359135059192,intermediate
UHRF2,4,7,-0.43530214577449,final
PLIN2,1,0,0,initial
PLIN2,2,3.59916421310705,-0.896582220087449,intermediate
PLIN2,3,7,2.70925159173096,final
NTRK2,N/A,N/A,N/A,N/A
AUH,N/A,N/A,N/A,N/A
UGCG,1,0,0,initial
UGCG,2,3.51894992685455,4.74324360800208,intermediate
UGCG,3,7,2.67332680729523,final
ALAD,1,0,0,initial
ALAD,2,2.56712916825906,5.54995149637262,intermediate
ALAD,3,4.69166809597048,-8.69327214206899,intermediate
ALAD,4,7,-1.200912693926,final
POLE3,1,0,0,initial
POLE3,2,3.41583881503897,-3.34142148733867,intermediate
POLE3,3,7,-1.58870490240697,final
GBGT1,N/A,N/A,N/A,N/A
PTGES2,1,0,0,initial
PTGES2,2,2.28434002393299,0.0463449282883807,intermediate
PTGES2,3,5.12768559309786,-3.87111066109507,intermediate
PTGES2,4,7,-0.692945181594168,final
PTGES,1,0,0,initial
PTGES,2,2.52669685860892,2.77567484791573,intermediate
PTGES,3,4.6494867911631,-7.96617589805004,intermediate
PTGES,4,7,-2.4262647547021,final
IDI2,1,0,0,initial
IDI2,2,3.67739683391412,-2.70917350248435,intermediate
IDI2,3,7,1,final
INPP5E,N/A,N/A,N/A,N/A
PDSS1,1,0,0,initial
PDSS1,2,3.2069908026784,-4.93521190736771,intermediate
PDSS1,3,7,-1.45296695491117,final
HERC4,1,0,0,initial
HERC4,2,3.69564242106478,-0.993348298555447,intermediate
HERC4,3,7,1.68655338186773,final
CAMK2G,1,0,0,initial
CAMK2G,2,2.42065342496601,0.782070039841285,intermediate
CAMK2G,3,4.92096439719224,-5.32635044808443,intermediate
CAMK2G,4,7,-0.945874786139032,final
GLUD1,1,0,0,initial
GLUD1,2,3.38808801822293,-3.99623362626567,intermediate
GLUD1,3,7,-2.55558453170271,final
ANKRD1,1,0,0,initial
ANKRD1,2,3.4447508246677,0.588341907693204,intermediate
ANKRD1,3,7,3.24792751344359,final
CYP17A1,1,0,0,initial
CYP17A1,2,3.26313134573731,-1.96723406607091,intermediate
CYP17A1,3,7,-2.32192809488736,final
PAOX,N/A,N/A,N/A,N/A
GSTO1,1,0,0,initial
GSTO1,2,2.3810032018522,-4.47856966279492,intermediate
GSTO1,3,4.58226133546498,2.51690993861705,intermediate
GSTO1,4,7,0.092504120119591,final
TUT1,N/A,N/A,N/A,N/A
HSD17B12,1,0,0,initial
HSD17B12,2,2.4907483103224,0.555900768456217,intermediate
HSD17B12,3,4.6995339911813,-1.52076966322235,intermediate
HSD17B12,4,7,-1.1784312187227,final
APIP,1,0,0,initial
APIP,2,3.4335999384444,-2.70143566352764,intermediate
APIP,3,7,-1.34191957007483,final
DGKZ,1,0,0,initial
DGKZ,2,3.56009497763856,-2.8617022316548,intermediate
DGKZ,3,7,-1.24828395446847,final
SLC43A1,1,0,0,initial
SLC43A1,2,2.11274557795779,-4.73036057278698,intermediate
SLC43A1,3,4.60442683567968,-0.256982996145163,intermediate
SLC43A1,4,7,-0.144389909335175,final
PTPRJ,1,0,0,initial
PTPRJ,2,3.69994386836923,-1.65729994976261,intermediate
PTPRJ,3,7,2.71271804791953,final
PAK1,1,0,0,initial
PAK1,2,3.45186246803789,-2.05807687088997,intermediate
PAK1,3,7,-1.48999176599938,final
ATM,1,0,0,initial
ATM,2,3.65674608917712,-4.02567173802128,intermediate
ATM,3,7,-0.656838070673418,final
AASDHPPT,1,0,0,initial
AASDHPPT,2,2.37240399553007,0.19775150655372,intermediate
AASDHPPT,3,4.8146949943807,-4.06002179974847,intermediate
AASDHPPT,4,7,-1.3893726158855,final
P4HA3,N/A,N/A,N/A,N/A
SLC22A8,N/A,N/A,N/A,N/A
TKFC,1,0,0,initial
TKFC,2,2.46734439716543,0.399728052723783,intermediate
TKFC,3,4.67805151110608,-4.81146898158439,intermediate
TKFC,4,7,-1.62058641045188,final
FADS1,1,0,0,initial
FADS1,2,2.26108992970286,2.02654799681578,intermediate
FADS1,3,4.61861062871465,-6.14418386858518,intermediate
FADS1,4,7,-1,final
PLCH2,1,0,0,initial
PLCH2,2,3.6617765759304,-0.197486040063195,intermediate
PLCH2,3,7,-1.41176978544493,final
B3GAT3,1,0,0,initial
B3GAT3,2,2.28080154059659,-0.229979190753458,intermediate
B3GAT3,3,4.70015589590085,-2.25555388954699,intermediate
B3GAT3,4,7,-1.06542307499805,final
CHEK1,1,0,0,initial
CHEK1,2,3.35487979021891,-6.37267952785007,intermediate
CHEK1,3,7,-3.51179608815918,final
DUSP15,N/A,N/A,N/A,N/A
SLC22A9,1,0,0,initial
SLC22A9,2,3.50608184564099,-0.399663792455167,intermediate
SLC22A9,3,7,2.32192809488736,final
PLCB3,1,0,0,initial
PLCB3,2,2.26917188931997,-0.0787436296052031,intermediate
PLCB3,3,5.12486328118427,-5.41089630063967,intermediate
PLCB3,4,7,-1.01290048870781,final
TM7SF2,1,0,0,initial
TM7SF2,2,2.20907270419669,6.60777853165574,intermediate
TM7SF2,3,4.54747653889245,-1.34913740449429,intermediate
TM7SF2,4,7,-0.381651330784297,final
PPP4C,1,0,0,initial
PPP4C,2,3.15159447917162,-1.93230744805614,intermediate
PPP4C,3,7,-0.845571334880856,final
ALDOA,1,0,0,initial
ALDOA,2,3.30926402187216,-2.76611944999992,intermediate
ALDOA,3,7,-1.30904263510233,final
HIRIP3,1,0,0,initial
HIRIP3,2,3.56667216775436,-3.76867373925179,intermediate
HIRIP3,3,7,-2.55019708256048,final
TAOK2,1,0,0,initial
TAOK2,2,2.6325154056442,1.0548969114714,intermediate
TAOK2,3,4.65433806748636,-4.45241060153415,intermediate
TAOK2,4,7,-0.81418336255607,final
EEF1AKMT1,1,0,0,initial
EEF1AKMT1,2,3.52025411333495,-3.52278013606115,intermediate
EEF1AKMT1,3,7,-2.34482849699744,final
LATS2,1,0,0,initial
LATS2,2,7,2.3230957963197,final
HNMT,1,0,0,initial
HNMT,2,2.38121426358677,0.76704940171467,intermediate
HNMT,3,4.9705854060756,-5.06451951095914,intermediate
HNMT,4,7,-0.0509839287188049,final
MTMR12,1,0,0,initial
MTMR12,2,2.259955153196,-0.176401252624635,intermediate
MTMR12,3,5.14828796553969,-2.71884740962664,intermediate
MTMR12,4,7,-0.597628912557317,final
DLAT,1,0,0,initial
DLAT,2,2.19671346889681,-0.471326372861935,intermediate
DLAT,3,4.89761327206014,-3.43692176669034,intermediate
DLAT,4,7,-1.3930001614413,final
PTS,N/A,N/A,N/A,N/A
PIP4K2A,1,0,0,initial
PIP4K2A,2,3.49111102375227,-3.29631344666357,intermediate
PIP4K2A,3,7,1.00998408857262,final
SLC7A11,N/A,N/A,N/A,N/A
NGLY1,1,0,0,initial
NGLY1,2,3.59360223306524,-3.14603627074332,intermediate
NGLY1,3,7,-0.561655127229087,final
OXSM,1,0,0,initial
OXSM,2,2.41375640233845,0.0349688424435227,intermediate
OXSM,3,4.7166886643598,-3.81551895620033,intermediate
OXSM,4,7,-1.37291202360617,final
UEVLD,N/A,N/A,N/A,N/A
UBE3B,1,0,0,initial
UBE3B,2,2.49563542200164,0.259942500990789,intermediate
UBE3B,3,4.87637046559301,-3.14669623716575,intermediate
UBE3B,4,7,-0.120669886640258,final
IPMK,1,0,0,initial
IPMK,2,2.61047954199886,0.811016093912557,intermediate
IPMK,3,4.39954834537313,-3.23934809916918,intermediate
IPMK,4,7,-0.787875914117379,final
MAT1A,1,0,0,initial
MAT1A,2,3.5689961880362,-2.48367905443081,intermediate
MAT1A,3,7,-3.4594316186373,final
SLC2A13,1,0,0,initial
SLC2A13,2,2.43727181431255,2.01046607313304,intermediate
SLC2A13,3,4.75155519004864,-1.19562200679514,intermediate
SLC2A13,4,7,1.40514146313634,final
EXT2,1,0,0,initial
EXT2,2,7,-1.62689925312312,final
ALLC,1,0,0,initial
ALLC,2,1.4390731075663,-1.99989247923963,intermediate
ALLC,3,4.71863499605881,-0.569817597023863,intermediate
ALLC,4,7,-1,final
NDUFC2,N/A,N/A,N/A,N/A
ME3,N/A,N/A,N/A,N/A
NEK7,1,0,0,initial
NEK7,2,3.65163907792894,-0.48486551392874,intermediate
NEK7,3,7,1.67578305625555,final
FER,1,0,0,initial
FER,2,3.49594283659539,-2.07624589631562,intermediate
FER,3,7,-0.335886552477282,final
PTPRO,1,0,0,initial
PTPRO,2,3.83355373428105,-1.22762638460962,intermediate
PTPRO,3,7,3.70043971814109,final
QDPR,1,0,0,initial
QDPR,2,3.55037976140449,-4.82910103445334,intermediate
QDPR,3,7,-0.175849835399418,final
QTRT2,1,0,0,initial
QTRT2,2,2.11684926027092,-1.54047329784251,intermediate
QTRT2,3,5.02608887003885,-3.18821766618473,intermediate
QTRT2,4,7,-0.713329229898968,final
MMAA,1,0,0,initial
MMAA,2,2.4525880586641,1.1425213155106,intermediate
MMAA,3,5.02425460006837,-3.32063572655534,intermediate
MMAA,4,7,-0.828047317210705,final
AKR1C2,N/A,N/A,N/A,N/A
PIGF,N/A,N/A,N/A,N/A
INPP1,N/A,N/A,N/A,N/A
RNF144A,1,0,0,initial
RNF144A,2,3.65850417796658,-2.67138299290874,intermediate
RNF144A,3,7,0.658308650291208,final
ACSL1,1,0,0,initial
ACSL1,2,2.19189336043486,5.66543526054932,intermediate
ACSL1,3,4.59343334998068,-5.23576223853977,intermediate
ACSL1,4,7,-0.142861213180801,final
SLC25A4,1,0,0,initial
SLC25A4,2,2.54746819055912,-0.56776985056139,intermediate
SLC25A4,3,4.73171159910911,-3.11653672724604,intermediate
SLC25A4,4,7,0.264763219750545,final
TDO2,N/A,N/A,N/A,N/A
PARP8,1,0,0,initial
PARP8,2,2.47521212324718,0.315982629773058,intermediate
PARP8,3,4.84581383444742,-4.19746298618342,intermediate
PARP8,4,7,-0.909924655698152,final
PTPN14,1,0,0,initial
PTPN14,2,2.23098402170289,2.21313226185829,intermediate
PTPN14,3,4.81751246854162,-3.47227114152768,intermediate
PTPN14,4,7,0.478839167135482,final
ATP5F1A,1,0,0,initial
ATP5F1A,2,2.29453245879648,-0.504259798985442,intermediate
ATP5F1A,3,4.76458103155877,-3.29852453979394,intermediate
ATP5F1A,4,7,-1.9138974829971,final
G6PC2,1,0,0,initial
G6PC2,2,1.326051295176,-1.56946912592426,intermediate
G6PC2,3,5.673948704824,-1.56946912592427,intermediate
G6PC2,4,7,0,final
PDK1,1,0,0,initial
PDK1,2,2.66623323386109,2.33263771643944,intermediate
PDK1,3,4.43579779950394,-4.85657365545255,intermediate
PDK1,4,7,-1.78849589480629,final
PDE3B,1,0,0,initial
PDE3B,2,2.44231930133081,0.900285272989252,intermediate
PDE3B,3,5.13229673979807,-4.78688652481621,intermediate
PDE3B,4,7,0.68805599368526,final
UHMK1,1,0,0,initial
UHMK1,2,3.56148298601905,-2.99360753091179,intermediate
UHMK1,3,7,-0.798980560009304,final
GUCY1A2,N/A,N/A,N/A,N/A
SUV39H2,N/A,N/A,N/A,N/A
OLAH,1,0,0,initial
OLAH,2,1.94955698765944,-7.08877607097767,intermediate
OLAH,3,4.63083624732302,2.63075232856905,intermediate
OLAH,4,7,1,final
USP12,N/A,N/A,N/A,N/A
CAMK4,1,0,0,initial
CAMK4,2,2.52803587738758,2.35682847851115,intermediate
CAMK4,3,4.43116971139243,-4.02660618793486,intermediate
CAMK4,4,7,-1.0703893278914,final
PFKM,1,0,0,initial
PFKM,2,3.55458278326609,-2.66742550702938,intermediate
PFKM,3,7,-1.84928130017719,final
NADK2,1,0,0,initial
NADK2,2,2.40525258144536,0.0650879954187542,intermediate
NADK2,3,4.72317780019862,-4.1809481890428,intermediate
NADK2,4,7,-1.24544034581906,final
GPD1L,1,0,0,initial
GPD1L,2,3.55145695003027,-4.21911023422799,intermediate
GPD1L,3,7,-1.25853301359885,final
SLC30A6,1,0,0,initial
SLC30A6,2,2.44348855087068,0.892570954682971,intermediate
SLC30A6,3,5.12548744940729,-3.92835434247062,intermediate
SLC30A6,4,7,-0.464460058001955,final
SLC16A12,N/A,N/A,N/A,N/A
PANK1,1,0,0,initial
PANK1,2,2.57494187427734,5.37922749703722,intermediate
PANK1,3,4.54193138381401,-5.3936967791696,intermediate
PANK1,4,7,-2.64267799857744,final
GGPS1,N/A,N/A,N/A,N/A
PLOD2,1,0,0,initial
PLOD2,2,3.5025296277381,-2.32466633806557,intermediate
PLOD2,3,7,-0.873019173029383,final
STK32B,N/A,N/A,N/A,N/A
ACMSD,N/A,N/A,N/A,N/A
MERTK,N/A,N/A,N/A,N/A
PTPRR,1,0,0,initial
PTPRR,2,2.53352002480788,2.63310768910668,intermediate
PTPRR,3,4.59416051804793,-0.894084538906863,intermediate
PTPRR,4,7,3.02384674195437,final
SLC25A27,1,0,0,initial
SLC25A27,2,2.45709601869953,5.09817988449543,intermediate
SLC25A27,3,4.9407859742732,-5.80739205265185,intermediate
SLC25A27,4,7,0.123735368422245,final
LPCAT1,N/A,N/A,N/A,N/A
RPIA,N/A,N/A,N/A,N/A
PTPRD,1,0,0,initial
PTPRD,2,2.71596211716162,3.20760452838182,intermediate
PTPRD,3,4.89818528362869,-7.45822420147867,intermediate
PTPRD,4,7,-1.28010791919274,final
ZDHHC7,1,0,0,initial
ZDHHC7,2,2.30910945079671,-0.00779583390468596,intermediate
ZDHHC7,3,4.9837635499434,-2.27318872374134,intermediate
ZDHHC7,4,7,-0.67335761666687,final
TRIP12,1,0,0,initial
TRIP12,2,3.61646682442636,-1.28858403319069,intermediate
TRIP12,3,7,1.02740043725191,final
DDAH1,1,0,0,initial
DDAH1,2,2.49938893673498,-2.87607050639048,intermediate
DDAH1,3,4.57647127943203,-0.285278891234906,intermediate
DDAH1,4,7,0.533123569201538,final
HS2ST1,1,0,0,initial
HS2ST1,2,2.46304143810539,0.957480020526894,intermediate
HS2ST1,3,4.81600091585561,-3.93955744052025,intermediate
HS2ST1,4,7,-1.35715658319834,final
HS3ST3A1,N/A,N/A,N/A,N/A
SLC5A10,1,0,0,initial
SLC5A10,2,3.40151577865589,7.93318524336135,intermediate
SLC5A10,3,7,1.50250034052918,final
AK5,1,0,0,initial
AK5,2,2.48776968992793,1.33262105689671,intermediate
AK5,3,4.95093057438969,-5.96598066315541,intermediate
AK5,4,7,0.610053481683987,final
CHST9,N/A,N/A,N/A,N/A
CERS3,1,0,0,initial
CERS3,2,3.45776514508324,2.63204816877325,intermediate
CERS3,3,7,0.327478114712586,final
PRKCA,1,0,0,initial
PRKCA,2,2.62330616994739,1.41214701220288,intermediate
PRKCA,3,4.85334290548499,-4.21906005250923,intermediate
PRKCA,4,7,-0.405256478486259,final
LRRK1,1,0,0,initial
LRRK1,2,2.46262445994933,-0.227832007656612,intermediate
LRRK1,3,4.86985522069755,-3.62902618316927,intermediate
LRRK1,4,7,0.308122295362332,final
GAL3ST2,N/A,N/A,N/A,N/A
ENPP3,N/A,N/A,N/A,N/A
TNIK,1,0,0,initial
TNIK,2,3.49959933222628,-6.2644867587647,intermediate
TNIK,3,7,-1.22050036199524,final
PGM5,N/A,N/A,N/A,N/A
PPP1R3A,N/A,N/A,N/A,N/A
SH3RF1,N/A,N/A,N/A,N/A
ATP5MC3,1,0,0,initial
ATP5MC3,2,3.47296549960163,-2.62609503965345,intermediate
ATP5MC3,3,7,-1.9797777513355,final
PDE1C,1,0,0,initial
PDE1C,2,3.55081133565086,-5.15678367997605,intermediate
PDE1C,3,7,1.36815111164801,final
ATP5PF,N/A,N/A,N/A,N/A
PLCL2,N/A,N/A,N/A,N/A
USP43,N/A,N/A,N/A,N/A
EPHB1,N/A,N/A,N/A,N/A
ACSS1,1,0,0,initial
ACSS1,2,2.45894793965981,1.37566816167347,intermediate
ACSS1,3,4.67477527261507,-8.41728610929935,intermediate
ACSS1,4,7,-2.3879256536616,final
CYP2U1,1,0,0,initial
CYP2U1,2,2.43606371939924,0.610396011536444,intermediate
CYP2U1,3,4.85306797514976,-4.29818504807313,intermediate
CYP2U1,4,7,0.79480966873849,final
AK9,1,0,0,initial
AK9,2,3.3426986482581,2.28891045979666,intermediate
AK9,3,7,1.29834127456975,final
PTPRN2,N/A,N/A,N/A,N/A
ATP6V1C1,1,0,0,initial
ATP6V1C1,2,3.68103447260496,-1.22061177472538,intermediate
ATP6V1C1,3,7,2.33288705911385,final
PIP4P2,1,0,0,initial
PIP4P2,2,3.53599826544323,-3.22741210417703,intermediate
PIP4P2,3,7,-1.06608919045777,final
CDK19,1,0,0,initial
CDK19,2,2.82668653005683,1.12289020080168,intermediate
CDK19,3,4.37213839608417,-2.52693002246691,intermediate
CDK19,4,7,-0.0364106401896848,final
AGPAT5,1,0,0,initial
AGPAT5,2,3.70537813231996,-3.14096116013799,intermediate
AGPAT5,3,7,1.53430380631189,final
PI4K2A,1,0,0,initial
PI4K2A,2,3.69258365764958,0.140022321518813,intermediate
PI4K2A,3,7,1.03769229007195,final
SLC25A28,1,0,0,initial
SLC25A28,2,2.38497441118326,0.656833155024533,intermediate
SLC25A28,3,4.68052187973253,-3.56339686205887,intermediate
SLC25A28,4,7,-1.32832586608551,final
DBI,1,0,0,initial
DBI,2,2.50582824216539,4.59566277995914,intermediate
DBI,3,4.54411966256701,-4.93348140477565,intermediate
DBI,4,7,-2.40539047700406,final
SLC16A1,N/A,N/A,N/A,N/A
SLC7A7,N/A,N/A,N/A,N/A
NUP205,1,0,0,initial
NUP205,2,1.60542564664017,-2.67351002138213,intermediate
NUP205,3,4.92736066796191,-1.90902417192414,intermediate
NUP205,4,7,-0.979241439833203,final
TTN,1,0,0,initial
TTN,2,2.55666093190487,2.8442796863443,intermediate
TTN,3,4.90371776176386,-5.51425107822626,intermediate
TTN,4,7,0.855778070526561,final
PDIA4,1,0,0,initial
PDIA4,2,3.43846047487823,-4.85738689056901,intermediate
PDIA4,3,7,-2.03366239339744,final
RNF20,N/A,N/A,N/A,N/A
SLC26A2,N/A,N/A,N/A,N/A
SLC24A2,N/A,N/A,N/A,N/A
PXYLP1,N/A,N/A,N/A,N/A
ADCY8,N/A,N/A,N/A,N/A
NAT2,N/A,N/A,N/A,N/A
ADK,1,0,0,initial
ADK,2,3.5419191023571,-2.18190887339897,intermediate
ADK,3,7,-1.24372365202413,final
DCK,1,0,0,initial
DCK,2,3.53689984646757,-1.76963184159659,intermediate
DCK,3,7,-1.47393118833241,final
PPEF2,N/A,N/A,N/A,N/A
ART3,N/A,N/A,N/A,N/A
SLC28A1,N/A,N/A,N/A,N/A
N6AMT1,1,0,0,initial
N6AMT1,2,2.40408096975506,0.203588526861142,intermediate
N6AMT1,3,4.82956459260673,-4.77100855185181,intermediate
N6AMT1,4,7,-1.08817581138637,final
CDK20,1,0,0,initial
CDK20,2,3.39229391797309,-1.53652136948619,intermediate
CDK20,3,7,-1.46948528330122,final
ATP5MJ,1,0,0,initial
ATP5MJ,2,2.27910222970838,-0.561857265696145,intermediate
ATP5MJ,3,4.78835256877949,-2.64388627041156,intermediate
ATP5MJ,4,7,-1.23467276101471,final
FUT6,N/A,N/A,N/A,N/A
SH3RF2,1,0,0,initial
SH3RF2,2,2.48808065320279,3.98149657938226,intermediate
SH3RF2,3,4.6795427338761,-3.20480775113339,intermediate
SH3RF2,4,7,-1.40536885104081,final
UQCRB,1,0,0,initial
UQCRB,2,2.52892066405984,1.04722622012257,intermediate
UQCRB,3,4.7161029078274,-3.86705954170409,intermediate
UQCRB,4,7,-1.10329024962158,final
PTDSS1,1,0,0,initial
PTDSS1,2,2.38714929979587,0.428124114231839,intermediate
PTDSS1,3,4.81615411514953,-4.25372554872716,intermediate
PTDSS1,4,7,-1.90737545363388,final
PPP2R2B,1,0,0,initial
PPP2R2B,2,1.59080645820246,5.03977098270222,intermediate
PPP2R2B,3,4.69500769728926,-0.210875750988396,intermediate
PPP2R2B,4,7,1.70695302509977,final
EEF1A1,1,0,0,initial
EEF1A1,2,7,-1.30738153689605,final
HKDC1,N/A,N/A,N/A,N/A
HK1,1,0,0,initial
HK1,2,7,-2.08412765149578,final
UBE2L6,1,0,0,initial
UBE2L6,2,7,-2.55198517827488,final
GLYATL2,N/A,N/A,N/A,N/A
NTAQ1,1,0,0,initial
NTAQ1,2,3.68328325120025,-1.46721062858615,intermediate
NTAQ1,3,7,-1.63742992061529,final
COX6A2,1,0,0,initial
COX6A2,2,1.82661544535395,-1.44835762602913,intermediate
COX6A2,3,5.63015067529783,-2.05464514447979,intermediate
COX6A2,4,7,0.584962500721156,final
GALK2,N/A,N/A,N/A,N/A
B3GNT7,1,0,0,initial
B3GNT7,2,2.56612196964865,0.0590672040646284,intermediate
B3GNT7,3,4.69203044394565,-1.45220200072267,intermediate
B3GNT7,4,7,1.8073549220576,final
BUB1B,1,0,0,initial
BUB1B,2,3.4427020872882,-7.63173451334889,intermediate
BUB1B,3,7,-5.19935572132124,final
PDE6D,1,0,0,initial
PDE6D,2,3.48769354738346,-2.67943962342235,intermediate
PDE6D,3,7,-1.59263642860658,final
SEC13,N/A,N/A,N/A,N/A
NTAN1,1,0,0,initial
NTAN1,2,2.46556879871271,0.488536324092027,intermediate
NTAN1,3,4.61733730103386,-4.82942436697475,intermediate
NTAN1,4,7,-0.96995923705152,final
NMNAT2,1,0,0,initial
NMNAT2,2,2.43103297709628,2.77051472577329,intermediate
NMNAT2,3,5.39022794114466,-7.09657746477323,intermediate
NMNAT2,4,7,1.08746284125034,final
ATP2B2,1,0,0,initial
ATP2B2,2,3.86012900873256,-6.55363415041798,intermediate
ATP2B2,3,7,0.362570079384708,final
SLC6A1,N/A,N/A,N/A,N/A
SMG1,1,0,0,initial
SMG1,2,2.38124417577228,0.394184619440021,intermediate
SMG1,3,4.96518014237243,-1.54415411357973,intermediate
SMG1,4,7,1.27660053511309,final
CPT2,1,0,0,initial
CPT2,2,2.59919269822092,2.19261208808246,intermediate
CPT2,3,4.66766670085348,-4.96076126799076,intermediate
CPT2,4,7,-0.84799690655495,final
DHRS4,1,0,0,initial
DHRS4,2,2.42990297777479,0.871340710445049,intermediate
DHRS4,3,4.76684008965864,-3.62207966170533,intermediate
DHRS4,4,7,-1.4594316186373,final
DDX19B,N/A,N/A,N/A,N/A
ST3GAL2,1,0,0,initial
ST3GAL2,2,3.55580751981466,-2.61205266647477,intermediate
ST3GAL2,3,7,-1.94485844580754,final
FCSK,1,0,0,initial
FCSK,2,2.43335444370064,0.502359503629658,intermediate
FCSK,3,4.69686944586331,-4.31424018644431,intermediate
FCSK,4,7,-1.42245497084133,final
ARSL,N/A,N/A,N/A,N/A
KIT,1,0,0,initial
KIT,2,2.4823896826195,1.8079861871502,intermediate
KIT,3,4.72250433190202,-2.31221376306141,intermediate
KIT,4,7,3.34749146653779,final
AASDH,1,0,0,initial
AASDH,2,2.38691455948366,0.318465255126843,intermediate
AASDH,3,4.89075901114203,-3.54723266730545,intermediate
AASDH,4,7,-0.856805364172209,final
DYRK1A,1,0,0,initial
DYRK1A,2,3.65934647772711,-0.468254143307595,intermediate
DYRK1A,3,7,1.15913233867615,final
SLC35B2,1,0,0,initial
SLC35B2,2,2.49025446605728,0.0628055510540927,intermediate
SLC35B2,3,4.79474024490298,-3.67897316684089,intermediate
SLC35B2,4,7,-0.545968369105293,final
DGKI,N/A,N/A,N/A,N/A
BRAF,1,0,0,initial
BRAF,2,3.62959711001645,0.270547663228754,intermediate
BRAF,3,7,2.52356195605701,final
SLC34A2,N/A,N/A,N/A,N/A
PAFAH2,N/A,N/A,N/A,N/A
EXTL1,1,0,0,initial
EXTL1,2,2.51393322073469,2.8826415697239,intermediate
EXTL1,3,4.80304107742577,-2.51577956015202,intermediate
EXTL1,4,7,3,final
TRIM63,1,0,0,initial
TRIM63,2,2.54857172762146,-0.714583473378894,intermediate
TRIM63,3,4.68558586619519,-4.21842715475464,intermediate
TRIM63,4,7,0.630477159973525,final
DUSP2,1,0,0,initial
DUSP2,2,3.75505181963241,7.09967421435413,intermediate
DUSP2,3,7,-1.06413033741972,final
PTPDC1,N/A,N/A,N/A,N/A
GALNT14,1,0,0,initial
GALNT14,2,2.10739621349168,-3.89565893724566,intermediate
GALNT14,3,4.83469469059175,0.0326954375596511,intermediate
GALNT14,4,7,-2.12412131182919,final
HPD,N/A,N/A,N/A,N/A
XDH,1,0,0,initial
XDH,2,2.22372515005953,-5.59901722280181,intermediate
XDH,3,4.46405817364705,5.31141794015677,intermediate
XDH,4,7,0.672234965090354,final
CDC25C,1,0,0,initial
CDC25C,2,3.39877358748964,-7.15741996241752,intermediate
CDC25C,3,7,-3.78135971352466,final
AHCYL2,1,0,0,initial
AHCYL2,2,2.46311588167673,0.972821203175344,intermediate
AHCYL2,3,4.52623436775161,-3.91610145397153,intermediate
AHCYL2,4,7,-1.1045889012772,final
B4GALT5,1,0,0,initial
B4GALT5,2,3.53784612886499,-2.79600445361578,intermediate
B4GALT5,3,7,0.389946518316013,final
CPA2,N/A,N/A,N/A,N/A
CPA5,N/A,N/A,N/A,N/A
PFKFB1,N/A,N/A,N/A,N/A
ALAS2,N/A,N/A,N/A,N/A
COPG2,1,0,0,initial
COPG2,2,2.37608139316502,-0.0937935824037688,intermediate
COPG2,3,4.74297621093454,-3.28254859922586,intermediate
COPG2,4,7,-1.93680617351281,final
GPAT4,1,0,0,initial
GPAT4,2,2.44788612563971,0.251578272714806,intermediate
GPAT4,3,5.04833310524866,-3.84872452088756,intermediate
GPAT4,4,7,-0.0109544568896079,final
DUSP23,1,0,0,initial
DUSP23,2,2.38035550951943,1.70564357304561,intermediate
DUSP23,3,4.63020827523456,-3.76938930464052,intermediate
DUSP23,4,7,-1.6964229312097,final
PLA2G2F,1,0,0,initial
PLA2G2F,2,3.32348290187935,5.62914842371797,intermediate
PLA2G2F,3,7,1.97098392613983,final
CDA,1,0,0,initial
CDA,2,3.34826946209281,1.9662529517046,intermediate
CDA,3,7,-0.0246620542342691,final
PINK1,1,0,0,initial
PINK1,2,2.11940661866885,3.46166408051399,intermediate
PINK1,3,4.82126774545468,-2.09612153360087,intermediate
PINK1,4,7,0.382423135024124,final
NDUFS2,1,0,0,initial
NDUFS2,2,2.37797675878224,0.359066668014296,intermediate
NDUFS2,3,4.87599541702964,-3.45486503535822,intermediate
NDUFS2,4,7,-1.10305551681172,final
SLC5A11,N/A,N/A,N/A,N/A
ALG8,N/A,N/A,N/A,N/A
SYNJ1,1,0,0,initial
SYNJ1,2,2.4075088643537,0.557188702952849,intermediate
SYNJ1,3,5.02832055226099,-2.59796319495697,intermediate
SYNJ1,4,7,1.23776764722336,final
GART,N/A,N/A,N/A,N/A
ATP5MC1,N/A,N/A,N/A,N/A
UBE2Z,1,0,0,initial
UBE2Z,2,2.37461968794226,-0.156175259527145,intermediate
UBE2Z,3,4.74343171557864,-1.69314577292218,intermediate
UBE2Z,4,7,-0.472406025419665,final
CBR1,1,0,0,initial
CBR1,2,3.60829441375377,-3.82086234657729,intermediate
CBR1,3,7,-3.12413224402871,final
CBR3,1,0,0,initial
CBR3,2,2.55822316500782,1.89016778804459,intermediate
CBR3,3,4.46464024719105,-9.40880480023809,intermediate
CBR3,4,7,-2.33184356375245,final
HLCS,1,0,0,initial
HLCS,2,3.46607747734271,-4.85542118023346,intermediate
HLCS,3,7,-1.53492181822156,final
ADPGK,1,0,0,initial
ADPGK,2,2.18193691408593,-0.819741971114295,intermediate
ADPGK,3,4.97364411055331,-2.37336121222891,intermediate
ADPGK,4,7,-0.73316402400635,final
PLA2G4D,1,0,0,initial
PLA2G4D,2,3.25292178813273,5.48823114213863,intermediate
PLA2G4D,3,7,2.4486852371733,final
PADI4,N/A,N/A,N/A,N/A
CYB5R1,1,0,0,initial
CYB5R1,2,2.09740348597787,2.16001403747872,intermediate
CYB5R1,3,4.85756027904016,-3.43868795119207,intermediate
CYB5R1,4,7,-0.271565566479765,final
CES5A,N/A,N/A,N/A,N/A
HK2,1,0,0,initial
HK2,2,2.56308179724737,-4.14876654757733,intermediate
HK2,3,4.57031791235132,6.77475885347163,intermediate
HK2,4,7,3.16123404117827,final
ALDH4A1,1,0,0,initial
ALDH4A1,2,3.52231122486092,-3.5004649063654,intermediate
ALDH4A1,3,7,-2.78659636189081,final
STARD9,1,0,0,initial
STARD9,2,2.05685433380097,-0.73980626042268,intermediate
STARD9,3,4.94872966534074,-3.08552246980346,intermediate
STARD9,4,7,0.377367081312789,final
UBR1,1,0,0,initial
UBR1,2,3.59216845920469,-2.48415436830606,intermediate
UBR1,3,7,-0.456064767538899,final
AMFR,1,0,0,initial
AMFR,2,2.60370899707338,1.60283907515048,intermediate
AMFR,3,4.51523503407034,-3.34241830582757,intermediate
AMFR,4,7,-0.789091571170663,final
TGM7,1,0,0,initial
TGM7,2,3.99051682868234,-0.414135838511977,intermediate
TGM7,3,7,1,final
PGLYRP3,1,0,0,initial
PGLYRP3,2,1.94991762321399,4.75893366722561,intermediate
PGLYRP3,3,4.84062329510228,1.56609176680336,intermediate
PGLYRP3,4,7,2.01792190799726,final
NAE1,1,0,0,initial
NAE1,2,3.5262076861806,-3.00056425471469,intermediate
NAE1,3,7,-1.37823780646091,final
ACE,N/A,N/A,N/A,N/A
UROC1,N/A,N/A,N/A,N/A
CTBP1,1,0,0,initial
CTBP1,2,3.57805000771565,-2.93137742195537,intermediate
CTBP1,3,7,-1.35603262414061,final
ZDHHC1,1,0,0,initial
ZDHHC1,2,2.68824447288711,1.08458310446981,intermediate
ZDHHC1,3,4.43758674295488,-4.96536348134647,intermediate
ZDHHC1,4,7,-1.20353339408513,final
ATP6V0D1,1,0,0,initial
ATP6V0D1,2,3.70796450626357,-1.43902123601763,intermediate
ATP6V0D1,3,7,1.98568852397456,final
PSKH1,1,0,0,initial
PSKH1,2,2.46998980255209,1.48776460914664,intermediate
PSKH1,3,4.99088108574681,-4.02556512372833,intermediate
PSKH1,4,7,0.345995854849192,final
NPR2,1,0,0,initial
NPR2,2,7,6.37563868163213,final
GNE,1,0,0,initial
GNE,2,2.55936167682142,1.76507637521235,intermediate
GNE,3,4.83476802259292,-3.91254390137683,intermediate
GNE,4,7,-0.464886048729405,final
CALM3,1,0,0,initial
CALM3,2,2.30876671368362,-0.0185170365264468,intermediate
CALM3,3,4.9369672022101,-5.35658358194,intermediate
CALM3,4,7,-1.79956994096472,final
UBE2J2,1,0,0,initial
UBE2J2,2,2.36844912026987,-3.03701109931514,intermediate
UBE2J2,3,4.72962094937107,1.80092598479572,intermediate
UBE2J2,4,7,1.10988970059481,final
KALRN,1,0,0,initial
KALRN,2,7,3.08203576886601,final
ABCG1,1,0,0,initial
ABCG1,2,7,4.64311615639564,final
SLC37A1,1,0,0,initial
SLC37A1,2,2.53960928766126,0.352342542848526,intermediate
SLC37A1,3,4.7928373164068,-4.47956524241908,intermediate
SLC37A1,4,7,-0.18844508941311,final
PDE9A,1,0,0,initial
PDE9A,2,2.26029383126368,-3.6016744902091,intermediate
PDE9A,3,4.71471888959647,0.293371351374661,intermediate
PDE9A,4,7,-0.584962500721156,final
NDUFV3,1,0,0,initial
NDUFV3,2,2.4052902855584,-0.0526749794506384,intermediate
NDUFV3,3,4.77554450507086,-3.1534306455802,intermediate
NDUFV3,4,7,-0.905140813658559,final
CBS,N/A,N/A,N/A,N/A
PDXK,1,0,0,initial
PDXK,2,2.57903694707519,0.761803641195835,intermediate
PDXK,3,4.70188985674049,-2.65417509729327,intermediate
PDXK,4,7,-0.406064180213046,final
G6PD,N/A,N/A,N/A,N/A
AGPAT3,1,0,0,initial
AGPAT3,2,2.39929238707255,0.0554710912102519,intermediate
AGPAT3,3,4.76708423451959,-3.82384428284619,intermediate
AGPAT3,4,7,-1.30774528774504,final
CFAP410,1,0,0,initial
CFAP410,2,2.49782620944439,2.67878485443908,intermediate
CFAP410,3,5.02000046715631,-4.89809019001178,intermediate
CFAP410,4,7,-0.146841388329271,final
FTCD,1,0,0,initial
FTCD,2,3.50556990766757,-2.21958745764292,intermediate
FTCD,3,7,3.9870609442925,final
LSS,1,0,0,initial
LSS,2,2.50076882584642,3.4319860629555,intermediate
LSS,3,4.53237746985382,-8.63607203072522,intermediate
LSS,4,7,-2.98580259703358,final
PRMT2,1,0,0,initial
PRMT2,2,2.41363276911516,0.595156945084251,intermediate
PRMT2,3,4.83307179529973,-5.34193174107693,intermediate
PRMT2,4,7,-1.55458885167764,final
SLC2A6,1,0,0,initial
SLC2A6,2,2.42829483229174,4.83859482871214,intermediate
SLC2A6,3,4.68351407879107,-7.08012797003269,intermediate
SLC2A6,4,7,-1.42380770890658,final
ST6GALNAC6,1,0,0,initial
ST6GALNAC6,2,2.50489448470774,1.52481959324143,intermediate
ST6GALNAC6,3,4.67066146378798,-2.90833630235347,intermediate
ST6GALNAC6,4,7,-1.13283568270709,final
RDH13,1,0,0,initial
RDH13,2,3.39024218998426,2.78513789840968,intermediate
RDH13,3,7,2.38973241036723,final
ZDHHC12,1,0,0,initial
ZDHHC12,2,2.4467769191614,1.68436371930673,intermediate
ZDHHC12,3,4.75632390845341,-7.12051123117608,intermediate
ZDHHC12,4,7,-2.00790519808535,final
PKN3,1,0,0,initial
PKN3,2,3.66554941259822,-3.68242578176384,intermediate
PKN3,3,7,-1,final
BRSK1,N/A,N/A,N/A,N/A
COX6B2,1,0,0,initial
COX6B2,2,2.10816917905612,5.03598326203315,intermediate
COX6B2,3,4.93424015768987,-4.63571885392913,intermediate
COX6B2,4,7,0.169925001442312,final
PLPP7,N/A,N/A,N/A,N/A
TAOK1,1,0,0,initial
TAOK1,2,3.79593945396212,-0.689346661667715,intermediate
TAOK1,3,7,1.22093542459971,final
SIK3,1,0,0,initial
SIK3,2,3.68048946054801,-1.20216823307358,intermediate
SIK3,3,7,1.87446911791614,final
NEK8,1,0,0,initial
NEK8,2,3.41503778718549,-2.72070088628246,intermediate
NEK8,3,7,-1.58496250072116,final
FLAD1,1,0,0,initial
FLAD1,2,2.5552725911898,1.23416124007686,intermediate
FLAD1,3,4.74537996668605,-3.32035968926856,intermediate
FLAD1,4,7,-1.343461256437,final
UBE2Q1,1,0,0,initial
UBE2Q1,2,3.40483774273883,-1.03764522438088,intermediate
UBE2Q1,3,7,-1.08363097965931,final
FDPS,1,0,0,initial
FDPS,2,2.53963744628629,3.12981583194042,intermediate
FDPS,3,4.59320294117451,-3.18266227761143,intermediate
FDPS,4,7,-2.08469182631189,final
FGFR4,1,0,0,initial
FGFR4,2,7,-3.70043971814109,final
CYP3A4,1,0,0,initial
CYP3A4,2,2.52422238149699,9.30516434286665,intermediate
CYP3A4,3,4.33113316797684,-7.53629282449504,intermediate
CYP3A4,4,7,-1,final
CYP3A7,1,0,0,initial
CYP3A7,2,2.88734533101626,4.06188120826977,intermediate
CYP3A7,3,4.16167250046589,-6.64879748000658,intermediate
CYP3A7,4,7,-1.41503749927884,final
CYP11B1,1,0,0,initial
CYP11B1,2,1.4390731075663,-1.99989247923963,intermediate
CYP11B1,3,4.71863499605881,-0.569817597023863,intermediate
CYP11B1,4,7,-1,final
HK3,1,0,0,initial
HK3,2,2.3372501609982,0.616942940728821,intermediate
HK3,3,5.31290657398922,-3.32819617049279,intermediate
HK3,4,7,0.584962500721156,final
MGAT4B,1,0,0,initial
MGAT4B,2,2.52124026893054,0.918871130488984,intermediate
MGAT4B,3,4.76953474967763,-4.24690501834898,intermediate
MGAT4B,4,7,-0.421061286906614,final
PGLYRP2,N/A,N/A,N/A,N/A
PCYT1A,N/A,N/A,N/A,N/A
BDH1,N/A,N/A,N/A,N/A
COX7A1,1,0,0,initial
COX7A1,2,3.43191520863318,-4.98973055209509,intermediate
COX7A1,3,7,-0.552541023028779,final
FDXR,1,0,0,initial
FDXR,2,2.55229577277591,2.00502814164617,intermediate
FDXR,3,4.74818891047765,-5.24666170770481,intermediate
FDXR,4,7,-1.89354905836936,final
ACOX1,1,0,0,initial
ACOX1,2,2.14529780815674,2.5749861018159,intermediate
ACOX1,3,4.56457192506291,-0.120487344883021,intermediate
ACOX1,4,7,0.379604988248001,final
PLCD3,1,0,0,initial
PLCD3,2,2.40263080847177,0.367742456161885,intermediate
PLCD3,3,4.71309866347842,-1.83635869090676,intermediate
PLCD3,4,7,1.53675340767854,final
AQP5,N/A,N/A,N/A,N/A
SYCE2,N/A,N/A,N/A,N/A
IP6K3,1,0,0,initial
IP6K3,2,1.79590480305628,1.23098371621676,intermediate
IP6K3,3,5.44487877869323,-4.62389044097619,intermediate
IP6K3,4,7,1.58496250072116,final
ALOX15,N/A,N/A,N/A,N/A
POLR3K,N/A,N/A,N/A,N/A
HS3ST6,1,0,0,initial
HS3ST6,2,2.46729612373655,6.38296445863043,intermediate
HS3ST6,3,4.40063534054385,-3.36887754989543,intermediate
HS3ST6,4,7,-0.387023123109247,final
AMDHD2,1,0,0,initial
AMDHD2,2,2.54384266345873,0.657778093813202,intermediate
AMDHD2,3,4.72243394314443,-3.12664818207466,intermediate
AMDHD2,4,7,0.643856189774725,final
NEU3,N/A,N/A,N/A,N/A
ASRGL1,N/A,N/A,N/A,N/A
RPS6KA4,N/A,N/A,N/A,N/A
CYP4A22,N/A,N/A,N/A,N/A
CMPK1,1,0,0,initial
CMPK1,2,2.48113004585391,1.04763073754721,intermediate
CMPK1,3,4.74696063517161,-2.5815802644357,intermediate
CMPK1,4,7,-1.40168024078825,final
SLC1A7,1,0,0,initial
SLC1A7,2,1.45850109884616,-4.81292859108605,intermediate
SLC1A7,3,5.1539119873285,0.00862415116959038,intermediate
SLC1A7,4,7,-2,final
ACOT11,1,0,0,initial
ACOT11,2,2.33138274851213,1.28576624017555,intermediate
ACOT11,3,5.25762761262215,-9.01813250615794,intermediate
ACOT11,4,7,-0.425305834732671,final
USP24,1,0,0,initial
USP24,2,3.51853031937918,-2.04195509461708,intermediate
USP24,3,7,-0.126099745716831,final
PLPP3,N/A,N/A,N/A,N/A
NOL9,1,0,0,initial
NOL9,2,3.60314996482066,-3.38440629422435,intermediate
NOL9,3,7,-0.232240207292795,final
PRKAA2,N/A,N/A,N/A,N/A
AK4,1,0,0,initial
AK4,2,3.44332671880071,-3.3975440120675,intermediate
AK4,3,7,-1.8972970473704,final
AKR7A3,1,0,0,initial
AKR7A3,2,1.49909370837496,-4.04074506909006,intermediate
AKR7A3,3,4.86889816277622,-1.15546022634144,intermediate
AKR7A3,4,7,-1.41503749927884,final
DHRS3,1,0,0,initial
DHRS3,2,2.70348472261837,3.42574460780391,intermediate
DHRS3,3,4.57152558181676,-7.28120472476011,intermediate
DHRS3,4,7,-0.500693583823552,final
TSSK3,N/A,N/A,N/A,N/A
ALPL,N/A,N/A,N/A,N/A
TTLL10,1,0,0,initial
TTLL10,2,3.72047965321076,-1.48276154242723,intermediate
TTLL10,3,7,2.22239242133645,final
USP1,N/A,N/A,N/A,N/A
TYW3,1,0,0,initial
TYW3,2,3.54059108894095,-3.38245099774911,intermediate
TYW3,3,7,-1.21290097235915,final
B3GALT2,N/A,N/A,N/A,N/A
AGL,1,0,0,initial
AGL,2,3.60951863652895,-3.17292888604989,intermediate
AGL,3,7,-1.2667865406949,final
EXTL2,1,0,0,initial
EXTL2,2,3.55892843189671,-4.89388972166296,intermediate
EXTL2,3,7,-1.93529431061218,final
DDR2,1,0,0,initial
DDR2,2,3.6547305823784,-1.10096739936323,intermediate
DDR2,3,7,2.06413033741972,final
BPNT1,1,0,0,initial
BPNT1,2,2.61562851789046,2.45455942792406,intermediate
BPNT1,3,4.65968600824299,-4.42778972585246,intermediate
BPNT1,4,7,-1.15200309344505,final
ACP6,1,0,0,initial
ACP6,2,2.3659835972058,2.72882953065624,intermediate
ACP6,3,5.03521492727651,-8.25493105889497,intermediate
ACP6,4,7,-0.909234536076818,final
HAAO,N/A,N/A,N/A,N/A
B3GALNT2,1,0,0,initial
B3GALNT2,2,3.77356708582744,-2.75492965481398,intermediate
B3GALNT2,3,7,-0.156275939930461,final
DUSP19,1,0,0,initial
DUSP19,2,2.48202943470121,0.311629998645746,intermediate
DUSP19,3,4.59782744297857,-7.16427686356487,intermediate
DUSP19,4,7,-2.30256277002043,final
NUP35,N/A,N/A,N/A,N/A
ZSWIM2,N/A,N/A,N/A,N/A
SGPP2,N/A,N/A,N/A,N/A
HPGDS,N/A,N/A,N/A,N/A
CTSS,N/A,N/A,N/A,N/A
RNF149,N/A,N/A,N/A,N/A
PGLYRP4,1,0,0,initial
PGLYRP4,2,3.45058360202507,4.92388511046126,intermediate
PGLYRP4,3,7,0.346922474354232,final
GNPDA2,1,0,0,initial
GNPDA2,2,2.67525841537146,1.05003483083215,intermediate
GNPDA2,3,4.61937064608271,-3.29236853017858,intermediate
GNPDA2,4,7,-0.858857899186717,final
ALPI,1,0,0,initial
ALPI,2,1.4390731075663,-1.99989247923963,intermediate
ALPI,3,4.71863499605881,-0.569817597023863,intermediate
ALPI,4,7,-1,final
PMVK,N/A,N/A,N/A,N/A
LENEP,N/A,N/A,N/A,N/A
POGLUT1,1,0,0,initial
POGLUT1,2,2.58046242254058,2.21166535577381,intermediate
POGLUT1,3,4.65096206524344,-5.68890002299477,intermediate
POGLUT1,4,7,-1.75077139369124,final
ATP1A1,1,0,0,initial
ATP1A1,2,3.29874889282104,-4.29246283647323,intermediate
ATP1A1,3,7,-2.36303766357577,final
SLC15A2,1,0,0,initial
SLC15A2,2,2.67349665611922,2.9165332019938,intermediate
SLC15A2,3,4.59443896988755,-6.13026530164551,intermediate
SLC15A2,4,7,-1.81496810616748,final
STK36,1,0,0,initial
STK36,2,2.43254824778009,2.1655561349413,intermediate
STK36,3,4.74924462127373,-6.10372867688291,intermediate
STK36,4,7,-0.879705766282288,final
TGFBR2,1,0,0,initial
TGFBR2,2,3.39251997349608,-2.48492530058595,intermediate
TGFBR2,3,7,-1.22944143393097,final
GLB1L,N/A,N/A,N/A,N/A
STT3B,1,0,0,initial
STT3B,2,2.4479585075094,-0.376912339986538,intermediate
STT3B,3,4.60569718578896,-1.78679204759277,intermediate
STT3B,4,7,-0.827066248685349,final
SUCLG1,N/A,N/A,N/A,N/A
NUAK2,N/A,N/A,N/A,N/A
SLC2A2,N/A,N/A,N/A,N/A
PPM1L,1,0,0,initial
PPM1L,2,2.48569998727419,3.86144097129174,intermediate
PPM1L,3,4.480377044214,-2.94725186719391,intermediate
PPM1L,4,7,-1.35049724708413,final
CDS1,N/A,N/A,N/A,N/A
PTPN13,1,0,0,initial
PTPN13,2,2.50585300476001,2.48861228489029,intermediate
PTPN13,3,4.72690143616753,-4.4303281413979,intermediate
PTPN13,4,7,-0.517185794844231,final
ALB,N/A,N/A,N/A,N/A
PPM1K,1,0,0,initial
PPM1K,2,2.51755539957761,-0.520562045545305,intermediate
PPM1K,3,4.43665341007561,-2.03970655132777,intermediate
PPM1K,4,7,-0.347923303420307,final
GMPS,N/A,N/A,N/A,N/A
TIPARP,1,0,0,initial
TIPARP,2,3.63562484924444,-1.08311111436512,intermediate
TIPARP,3,7,2.09339502059479,final
RPP14,1,0,0,initial
RPP14,2,2.31390220102987,-0.509330039662108,intermediate
RPP14,3,4.7181539801362,-2.20873771583906,intermediate
RPP14,4,7,-0.719548541088797,final
ABHD6,1,0,0,initial
ABHD6,2,2.5061357466433,2.06722948499499,intermediate
ABHD6,3,4.48871009061927,-2.11962136671051,intermediate
ABHD6,4,7,-1.50502600461959,final
MTMR14,1,0,0,initial
MTMR14,2,2.45799412697167,1.17482178365963,intermediate
MTMR14,3,5.06545678459895,-2.62514042987728,intermediate
MTMR14,4,7,0.556393348524385,final
MTHFD2L,1,0,0,initial
MTHFD2L,2,2.40614563890095,-0.441707902456199,intermediate
MTHFD2L,3,4.67191453993866,-2.11880380499238,intermediate
MTHFD2L,4,7,-0.833990048561071,final
RCHY1,1,0,0,initial
RCHY1,2,2.40299447238259,0.00664096338783043,intermediate
RCHY1,3,5.00127861139455,-2.51698384090482,intermediate
RCHY1,4,7,1.13145085362768,final
GYG1,1,0,0,initial
GYG1,2,3.48024573152268,-2.19959804021198,intermediate
GYG1,3,7,0.546681505089315,final
HPS3,1,0,0,initial
HPS3,2,2.47513194384605,0.424187006265591,intermediate
HPS3,3,4.73051383414452,-6.51593381551738,intermediate
HPS3,4,7,-1.05380644369579,final
RYK,1,0,0,initial
RYK,2,3.52062407307133,-2.3826096440798,intermediate
RYK,3,7,-0.998872453994275,final
SNRK,1,0,0,initial
SNRK,2,3.4431483859929,-2.97947833148774,intermediate
SNRK,3,7,-0.15485145575408,final
PLB1,1,0,0,initial
PLB1,2,3.60119552430081,-0.885881512866376,intermediate
PLB1,3,7,2.29384555291932,final
TGM4,1,0,0,initial
TGM4,2,2.58418137932704,1.06644012991704,intermediate
TGM4,3,4.6576238497095,-5.83028063282534,intermediate
TGM4,4,7,-1.48542682717024,final
ZDHHC3,1,0,0,initial
ZDHHC3,2,2.44316590344478,1.8321288083881,intermediate
ZDHHC3,3,4.70197517079207,-3.42150695534008,intermediate
ZDHHC3,4,7,-1.02403746110871,final
SLC6A20,1,0,0,initial
SLC6A20,2,2.35352716382425,1.00633481191062,intermediate
SLC6A20,3,4.8279719544321,-2.18652595348564,intermediate
SLC6A20,4,7,2.30959729297664,final
NMNAT3,1,0,0,initial
NMNAT3,2,2.5765769208975,3.14375245114929,intermediate
NMNAT3,3,4.28895789470072,-0.75862553502256,intermediate
NMNAT3,4,7,-0.442004546879113,final
POLR2H,1,0,0,initial
POLR2H,2,3.31382201369461,-2.58160459680886,intermediate
POLR2H,3,7,-0.878211519601958,final
RPN1,N/A,N/A,N/A,N/A
TKT,1,0,0,initial
TKT,2,2.38973647313099,-0.186284127291662,intermediate
TKT,3,4.80823837823178,-4.57249199241259,intermediate
TKT,4,7,-1.60299078956446,final
PRKCD,N/A,N/A,N/A,N/A
ZDHHC19,N/A,N/A,N/A,N/A
SLC51A,N/A,N/A,N/A,N/A
PIGX,1,0,0,initial
PIGX,2,3.45847682478798,-1.55462600728841,intermediate
PIGX,3,7,-1.69100413813148,final
SGMS2,1,0,0,initial
SGMS2,2,3.64511696686383,-0.267186423302848,intermediate
SGMS2,3,7,1.41964991028053,final
BDH2,1,0,0,initial
BDH2,2,2.62024675415879,3.2302758886615,intermediate
BDH2,3,4.59919920948831,-6.53743867846304,intermediate
BDH2,4,7,-1.24651194992113,final
CDC25A,1,0,0,initial
CDC25A,2,3.31553064006477,-5.67821923417857,intermediate
CDC25A,3,7,-2.97045572438598,final
ATRIP,1,0,0,initial
ATRIP,2,2.3010305064515,-1.46388336121066,intermediate
ATRIP,3,4.77609932478853,-4.01885384152971,intermediate
ATRIP,4,7,-1.47230469995169,final
RNF123,N/A,N/A,N/A,N/A
MST1R,N/A,N/A,N/A,N/A
DUSP7,N/A,N/A,N/A,N/A
PPM1M,1,0,0,initial
PPM1M,2,2.4377478234772,2.74078222124669,intermediate
PPM1M,3,4.79544952443591,-6.70113261980398,intermediate
PPM1M,4,7,-1.21572869105544,final
NDST3,1,0,0,initial
NDST3,2,2.31375014518681,-0.739874213622247,intermediate
NDST3,3,4.62194052547924,-4.28966242883322,intermediate
NDST3,4,7,-1,final
GUCY1A1,1,0,0,initial
GUCY1A1,2,3.51757239056523,-5.58456820595524,intermediate
GUCY1A1,3,7,-2.58496250072116,final
HPGD,1,0,0,initial
HPGD,2,2.20674292599642,7.12474175787554,intermediate
HPGD,3,4.59341577179643,-0.356050207646011,intermediate
HPGD,4,7,2.66437418959945,final
NAA15,1,0,0,initial
NAA15,2,1.474969210772,-2.23498058925554,intermediate
NAA15,3,5.03409700706208,-1.00717139761486,intermediate
NAA15,4,7,-0.0794131848827005,final
PRMT9,1,0,0,initial
PRMT9,2,2.57806475918851,1.57971689081132,intermediate
PRMT9,3,4.67781171650959,-3.9700663186564,intermediate
PRMT9,4,7,-1.02709366088228,final
MOCS2,1,0,0,initial
MOCS2,2,2.25466823378358,-0.743540807893894,intermediate
MOCS2,3,4.92340931126036,-5.77849635202997,intermediate
MOCS2,4,7,-1.39520108362467,final
ELOVL7,1,0,0,initial
ELOVL7,2,3.39336250469212,4.0031467621374,intermediate
ELOVL7,3,7,3.26435858678118,final
RNF180,1,0,0,initial
RNF180,2,2.65669506042222,0.419769806378517,intermediate
RNF180,3,4.4479482862833,-4.01705164681991,intermediate
RNF180,4,7,-0.89235927681203,final
STARD4,1,0,0,initial
STARD4,2,3.49713492386058,0.297102001710171,intermediate
STARD4,3,7,-1.92114457928876,final
NDUFS4,1,0,0,initial
NDUFS4,2,3.53916741547978,-1.04968346032961,intermediate
NDUFS4,3,7,-0.9902586055218,final
GPX8,1,0,0,initial
GPX8,2,3.44095987302659,-4.63323683210097,intermediate
GPX8,3,7,-2.46621622320441,final
ENPP6,N/A,N/A,N/A,N/A
TENT2,1,0,0,initial
TENT2,2,2.32243589316734,-0.453567945958036,intermediate
TENT2,3,4.68259990311994,-1.81245884840247,intermediate
TENT2,4,7,-0.488079450378383,final
UBLCP1,N/A,N/A,N/A,N/A
GFM2,N/A,N/A,N/A,N/A
SLC6A18,1,0,0,initial
SLC6A18,2,1.4390731075663,-3.16975458506908,intermediate
SLC6A18,3,4.71863499605881,-0.903139523533864,intermediate
SLC6A18,4,7,-1.58496250072116,final
ACSL6,1,0,0,initial
ACSL6,2,2.35439924118541,4.3753312990877,intermediate
ACSL6,3,4.58152581902528,-9.12855276587649,intermediate
ACSL6,4,7,-2,final
UQCRQ,N/A,N/A,N/A,N/A
SLC35A1,N/A,N/A,N/A,N/A
FABP7,1,0,0,initial
FABP7,2,1.99456454576615,13.1447177923156,intermediate
FABP7,3,4.85358208718159,-12.4006652703119,intermediate
FABP7,4,7,0.241008099503795,final
SFXN1,1,0,0,initial
SFXN1,2,3.36209555085477,-3.01052754118217,intermediate
SFXN1,3,7,-1.15404887230019,final
PDSS2,1,0,0,initial
PDSS2,2,2.16983961025347,-1.11194130828164,intermediate
PDSS2,3,4.80179722846927,-3.48485075341538,intermediate
PDSS2,4,7,-1.24533240410033,final
DAGLB,1,0,0,initial
DAGLB,2,3.63926287906407,-0.448681557883145,intermediate
DAGLB,3,7,1.80858852199671,final
GALNT10,1,0,0,initial
GALNT10,2,3.5147116744765,-3.2143358623192,intermediate
GALNT10,3,7,-1.74703840274559,final
SLC29A4,N/A,N/A,N/A,N/A
FABP5,1,0,0,initial
FABP5,2,3.61325973343772,4.00999539941763,intermediate
FABP5,3,7,-2.89501649532023,final
SLC13A4,1,0,0,initial
SLC13A4,2,2.25697986121458,5.26622045198417,intermediate
SLC13A4,3,4.73916962724771,-3.17731451306146,intermediate
SLC13A4,4,7,1,final
LMTK2,1,0,0,initial
LMTK2,2,7,2.50874863061896,final
ADCY1,N/A,N/A,N/A,N/A
PHKG1,1,0,0,initial
PHKG1,2,3.69215426317596,0.648742396490129,intermediate
PHKG1,3,7,2.51096191927738,final
NOS3,1,0,0,initial
NOS3,2,3.60257735663652,-3.2465231019733,intermediate
NOS3,3,7,3.55019708256048,final
CA3,1,0,0,initial
CA3,2,2.62214576491757,5.77088956330678,intermediate
CA3,3,4.55788287498821,-3.88830306646479,intermediate
CA3,4,7,-0.807354922057604,final
CDK5,1,0,0,initial
CDK5,2,2.49608752119763,1.24603009635104,intermediate
CDK5,3,4.62854282021448,-6.53556923759824,intermediate
CDK5,4,7,-2.24792751344359,final
SLC4A2,1,0,0,initial
SLC4A2,2,2.36631017508609,0.177452057136734,intermediate
SLC4A2,3,4.92721214321756,-3.89154433214406,intermediate
SLC4A2,4,7,-0.646453301260764,final
FASTK,N/A,N/A,N/A,N/A
ALDH7A1,1,0,0,initial
ALDH7A1,2,3.54457141227084,-5.5781516226372,intermediate
ALDH7A1,3,7,-3.38605843230708,final
COX6C,1,0,0,initial
COX6C,2,2.40258515980006,0.282113504780897,intermediate
COX6C,3,4.76959722506854,-3.10565542663922,intermediate
COX6C,4,7,-1.64040276876238,final
SLC25A32,N/A,N/A,N/A,N/A
PDP1,1,0,0,initial
PDP1,2,2.57099016627512,-2.55161673856927,intermediate
PDP1,3,4.54273973790713,0.81096571677812,intermediate
PDP1,4,7,1.07740450368561,final
NUDT2,1,0,0,initial
NUDT2,2,2.3903026808506,0.388004901212468,intermediate
NUDT2,3,4.74010166331433,-3.61036248680991,intermediate
NUDT2,4,7,-1.37503943134692,final
SYK,1,0,0,initial
SYK,2,2.53457168193899,1.4963047357214,intermediate
SYK,3,4.59526465433514,-6.65249994043817,intermediate
SYK,4,7,-2.26822707505412,final
ABCA1,1,0,0,initial
ABCA1,2,2.42071741051447,0.181491499936072,intermediate
ABCA1,3,4.98460755494316,-3.78756293129914,intermediate
ABCA1,4,7,1.49510188820802,final
METTL2B,N/A,N/A,N/A,N/A
FXN,1,0,0,initial
FXN,2,1.74363820164102,-3.08790687930991,intermediate
FXN,3,4.95700290711326,-2.50678984175814,intermediate
FXN,4,7,-0.813586875769119,final
CPA6,N/A,N/A,N/A,N/A
ALDH1A1,1,0,0,initial
ALDH1A1,2,2.6234610187577,4.15881742263849,intermediate
ALDH1A1,3,4.65079158520421,-7.79934425101198,intermediate
ALDH1A1,4,7,-2.73696559416621,final
HGSNAT,1,0,0,initial
HGSNAT,2,3.62070050797719,-2.86698821965651,intermediate
HGSNAT,3,7,-0.185612572061688,final
FBP1,N/A,N/A,N/A,N/A
PIGA,1,0,0,initial
PIGA,2,2.61771949967377,-2.41028809254374,intermediate
PIGA,3,4.75275081618497,2.67259317741881,intermediate
PIGA,4,7,0.6626648577144,final
WNK2,N/A,N/A,N/A,N/A
NDUFB6,N/A,N/A,N/A,N/A
AQP7,1,0,0,initial
AQP7,2,1.37556442634671,2.91855141251232,intermediate
AQP7,3,5.45740610721888,-3.4164521078108,intermediate
AQP7,4,7,2,final
AQP3,1,0,0,initial
AQP3,2,3.4832452498894,-5.08674488847271,intermediate
AQP3,3,7,-2.66398631231619,final
TRMT10B,1,0,0,initial
TRMT10B,2,2.42131333754554,0.414481845476654,intermediate
TRMT10B,3,4.86630640906484,-3.06849638028618,intermediate
TRMT10B,4,7,-0.596103058326357,final
PIGO,1,0,0,initial
PIGO,2,2.36797005798257,-0.230327179034943,intermediate
PIGO,3,4.87720943536072,-4.84480457778708,intermediate
PIGO,4,7,-1.28615696386554,final
MELK,1,0,0,initial
MELK,2,3.42582635199979,-4.95665314802537,intermediate
MELK,3,7,-3.49098635251214,final
HECTD2,1,0,0,initial
HECTD2,2,2.41242743091469,-0.173736553218735,intermediate
HECTD2,3,4.81153425703007,-2.12434629608022,intermediate
HECTD2,4,7,0.432524926007685,final
MARCHF8,1,0,0,initial
MARCHF8,2,2.61312369852443,0.630748199223006,intermediate
MARCHF8,3,4.6320166295527,-3.14247715617539,intermediate
MARCHF8,4,7,0.313499472816782,final
PGM2L1,N/A,N/A,N/A,N/A
SLC16A9,1,0,0,initial
SLC16A9,2,2.11774660071364,-9.20163948493445,intermediate
SLC16A9,3,4.56403473093201,-3.3915826285174,intermediate
SLC16A9,4,7,-2.56634682255381,final
FOLR2,N/A,N/A,N/A,N/A
INPPL1,1,0,0,initial
INPPL1,2,2.2999459101587,-0.136054054129507,intermediate
INPPL1,3,5.11740632396739,-3.21468899945394,intermediate
INPPL1,4,7,-0.330916878114617,final
CRYL1,1,0,0,initial
CRYL1,2,2.49445157880357,0.00382106390682948,intermediate
CRYL1,3,4.56918247796837,-4.73793574489307,intermediate
CRYL1,4,7,-1.42340097221347,final
RPUSD4,1,0,0,initial
RPUSD4,2,2.25467206199555,-0.0716971521667285,intermediate
RPUSD4,3,5.5132177412814,-3.14544046446145,intermediate
RPUSD4,4,7,0.177538185552188,final
FAAH2,1,0,0,initial
FAAH2,2,2.36936454240457,6.73506336972755,intermediate
FAAH2,3,4.65142683043825,-2.30006490094937,intermediate
FAAH2,4,7,-0.0565835283663674,final
NUDT5,1,0,0,initial
NUDT5,2,2.272334697275,-0.446147408334097,intermediate
NUDT5,3,4.91747994498333,-3.99983787796695,intermediate
NUDT5,4,7,-1.49021718588543,final
ATP5F1C,1,0,0,initial
ATP5F1C,2,2.34215382814902,-0.1454141824235,intermediate
ATP5F1C,3,4.82057286907019,-3.04045800233583,intermediate
ATP5F1C,4,7,-1.38477838165609,final
COMTD1,1,0,0,initial
COMTD1,2,7,-2.81192765184743,final
NSD1,1,0,0,initial
NSD1,2,2.5013857598218,0.358560879569234,intermediate
NSD1,3,4.86515841745118,-2.37952481110138,intermediate
NSD1,4,7,-0.233229893172595,final
PRDX3,1,0,0,initial
PRDX3,2,3.46958849986435,-3.48640135270587,intermediate
PRDX3,3,7,-1.989028882179,final
PMPCA,N/A,N/A,N/A,N/A
AK8,1,0,0,initial
AK8,2,2.38122015274072,4.47072303555293,intermediate
AK8,3,4.41797202443512,-3.22290328122502,intermediate
AK8,4,7,0.584962500721156,final
HPRT1,1,0,0,initial
HPRT1,2,1.79937786415134,-4.33860125416277,intermediate
HPRT1,3,4.78729945189826,-2.19056741796474,intermediate
HPRT1,4,7,-1.89106562844684,final
RET,N/A,N/A,N/A,N/A
STK32C,1,0,0,initial
STK32C,2,3.52540494927382,-1.61721994706434,intermediate
STK32C,3,7,-1.36257007938471,final
PIP4P1,1,0,0,initial
PIP4P1,2,7,2.33786963875638,final
METTL17,1,0,0,initial
METTL17,2,3.50563112877742,-3.01754659441232,intermediate
METTL17,3,7,-1.53051471669878,final
SLC39A2,1,0,0,initial
SLC39A2,2,2.42179681957722,7.00000377488798,intermediate
SLC39A2,3,4.61562765908191,-0.346229277330164,intermediate
SLC39A2,4,7,-1.45704502580042,final
METTL3,1,0,0,initial
METTL3,2,2.41509689572784,-0.411001735347564,intermediate
METTL3,3,4.67430821521787,-3.3475169874701,intermediate
METTL3,4,7,-1.3351603514984,final
CYP2C19,1,0,0,initial
CYP2C19,2,2.14682830630187,6.6369951145142,intermediate
CYP2C19,3,4.7309445544111,-2.15868229975901,intermediate
CYP2C19,4,7,2.58496250072116,final
HACD1,1,0,0,initial
HACD1,2,3.31807819479281,-4.08397179721269,intermediate
HACD1,3,7,-1.39459045781788,final
ABTB2,1,0,0,initial
ABTB2,2,7,2.46948528330122,final
LIPC,N/A,N/A,N/A,N/A
GPT2,N/A,N/A,N/A,N/A
AMN,N/A,N/A,N/A,N/A
HIF1AN,N/A,N/A,N/A,N/A
NDUFB8,N/A,N/A,N/A,N/A
CKB,1,0,0,initial
CKB,2,2.55031583643378,3.08246611131446,intermediate
CKB,3,4.41192451841938,-3.31446891902111,intermediate
CKB,4,7,-1.7634378055274,final
POLL,1,0,0,initial
POLL,2,2.383732980705,1.05426602586283,intermediate
POLL,3,5.08746834970509,-3.51795452749763,intermediate
POLL,4,7,-0.46273424131014,final
ASPG,1,0,0,initial
ASPG,2,2.43980153345236,4.03299039253215,intermediate
ASPG,3,4.52897182883812,-2.40347477247464,intermediate
ASPG,4,7,-1.63742992061529,final
SGPL1,N/A,N/A,N/A,N/A
PCBD1,1,0,0,initial
PCBD1,2,3.40794756385808,-4.26174679115481,intermediate
PCBD1,3,7,-2.53542303991984,final
FAM227B,1,0,0,initial
FAM227B,2,2.57183864191124,2.22243565878683,intermediate
FAM227B,3,4.80873720221445,-5.60522092414172,intermediate
FAM227B,4,7,-0.432959407276106,final
SMPD1,1,0,0,initial
SMPD1,2,3.37385777908815,1.77339694503896,intermediate
SMPD1,3,7,1.86484041671836,final
ILK,N/A,N/A,N/A,N/A
TPP1,1,0,0,initial
TPP1,2,3.66617750757256,-1.16940734903256,intermediate
TPP1,3,7,2.76209018832182,final
RAG1,1,0,0,initial
RAG1,2,2.36629290540762,0.488318892104923,intermediate
RAG1,3,4.70940184567716,-4.20788431551131,intermediate
RAG1,4,7,-0.633217669328377,final
CYB5R2,N/A,N/A,N/A,N/A
PLD4,N/A,N/A,N/A,N/A
TMX3,1,0,0,initial
TMX3,2,2.33058772877894,-0.338863953400408,intermediate
TMX3,3,4.77266954623774,-3.41104077040468,intermediate
TMX3,4,7,-1.2599756041446,final
WEE1,1,0,0,initial
WEE1,2,2.44180540175831,-3.81732195774051,intermediate
WEE1,3,4.44666847996711,0.0262359537895401,intermediate
WEE1,4,7,-0.642925908370144,final
MAPK7,N/A,N/A,N/A,N/A
PRKCB,1,0,0,initial
PRKCB,2,2.42560269974582,3.1393385499109,intermediate
PRKCB,3,4.79383163318499,-2.52573591190314,intermediate
PRKCB,4,7,-1.8073549220576,final
NDST2,N/A,N/A,N/A,N/A
TK2,1,0,0,initial
TK2,2,2.3669108659177,-0.0461988201022791,intermediate
TK2,3,4.78184091821544,-5.53408517886626,intermediate
TK2,4,7,-1.60039254129076,final
NNMT,N/A,N/A,N/A,N/A
ACSM1,1,0,0,initial
ACSM1,2,3.24213013003129,-3.31112649015334,intermediate
ACSM1,3,7,-3,final
PPIB,N/A,N/A,N/A,N/A
LDHC,N/A,N/A,N/A,N/A
LDHAL6A,N/A,N/A,N/A,N/A
LDHD,1,0,0,initial
LDHD,2,2.35683545643658,4.90152680146693,intermediate
LDHD,3,4.7999850133801,-4.79010627451722,intermediate
LDHD,4,7,-0.788495894806288,final
PEX11A,1,0,0,initial
PEX11A,2,2.52798681398839,0.776104756505094,intermediate
PEX11A,3,4.56910804437291,-3.85964669284704,intermediate
PEX11A,4,7,-1.25032335408424,final
ANPEP,1,0,0,initial
ANPEP,2,2.46884041652407,-0.231563982838481,intermediate
ANPEP,3,4.89938209500034,-3.59402823135753,intermediate
ANPEP,4,7,0.584962500721156,final
GLYATL1,1,0,0,initial
GLYATL1,2,2.69790674223765,3.39668420783065,intermediate
GLYATL1,3,4.37444044210759,-1.54388619108555,intermediate
GLYATL1,4,7,-2.58496250072116,final
PLK1,1,0,0,initial
PLK1,2,3.4876111259811,-8.22690419559925,intermediate
PLK1,3,7,-4.32192809488736,final
TGM6,1,0,0,initial
TGM6,2,1.59300187827687,2.86353283832524,intermediate
TGM6,3,5.08652223019909,-2.3989675843702,intermediate
TGM6,4,7,1,final
MARS1,N/A,N/A,N/A,N/A
PDIA3,1,0,0,initial
PDIA3,2,2.07879270400832,-1.54970398265725,intermediate
PDIA3,3,4.83135469287936,-3.64872882116429,intermediate
PDIA3,4,7,-1.85480700127754,final
NAT16,N/A,N/A,N/A,N/A
B4GALNT2,1,0,0,initial
B4GALNT2,2,1.47265266987014,8.06842025190486,intermediate
B4GALNT2,3,4.83486275389262,-1.28073537043507,intermediate
B4GALNT2,4,7,2.37851162325373,final
PIP5KL1,1,0,0,initial
PIP5KL1,2,2.47902595886103,4.8462069573919,intermediate
PIP5KL1,3,4.70784983120188,-4.55011008158808,intermediate
PIP5KL1,4,7,-1.0198995574377,final
ACSF2,1,0,0,initial
ACSF2,2,2.49926737639134,2.57711475461313,intermediate
ACSF2,3,4.57006200664527,-4.79140458135351,intermediate
ACSF2,4,7,-2.12904194500174,final
SLC27A4,N/A,N/A,N/A,N/A
CERCAM,1,0,0,initial
CERCAM,2,2.42247663281424,1.01450368879178,intermediate
CERCAM,3,4.76897541273503,-4.2208992388706,intermediate
CERCAM,4,7,-0.579293750634464,final
DOLPP1,1,0,0,initial
DOLPP1,2,3.41180504747767,-2.04550623591314,intermediate
DOLPP1,3,7,-1.82102985895468,final
UGT1A6,N/A,N/A,N/A,N/A
COQ7,1,0,0,initial
COQ7,2,3.42307063262874,-3.325936955868,intermediate
COQ7,3,7,-1.1618296974071,final
DPEP2,1,0,0,initial
DPEP2,2,2.28493274419088,1.08576198083423,intermediate
DPEP2,3,4.82592352510661,-3.24073294594234,intermediate
DPEP2,4,7,-0.584962500721156,final
ENGASE,N/A,N/A,N/A,N/A
ATP5MG,N/A,N/A,N/A,N/A
MYO5B,1,0,0,initial
MYO5B,2,7,3.36299334329882,final
ART5,N/A,N/A,N/A,N/A
ACAA2,1,0,0,initial
ACAA2,2,2.42714850468482,6.55558028976408,intermediate
ACAA2,3,4.60606613181219,-6.27265586920959,intermediate
ACAA2,4,7,0.785261151206987,final
RRM1,1,0,0,initial
RRM1,2,3.22541632921111,-2.7750487413967,intermediate
RRM1,3,7,-2.10704907809105,final
FN3K,1,0,0,initial
FN3K,2,2.50439485389257,0.780257524388601,intermediate
FN3K,3,4.95577085409012,-6.61878431853855,intermediate
FN3K,4,7,0.347923303420307,final
PRRT2,1,0,0,initial
PRRT2,2,2.33107026377072,-0.0561877531476163,intermediate
PRRT2,3,5.12541425118787,-2.53989192318102,intermediate
PRRT2,4,7,0.807354922057604,final
PPP2R3B,1,0,0,initial
PPP2R3B,2,2.36827386666538,0.372419188772083,intermediate
PPP2R3B,3,5.25295910474158,-3.41708897813176,intermediate
PPP2R3B,4,7,-0.103622631074157,final
VKORC1,N/A,N/A,N/A,N/A
LPO,N/A,N/A,N/A,N/A
CA4,1,0,0,initial
CA4,2,1.326051295176,-1.56946912592426,intermediate
CA4,3,5.673948704824,-1.56946912592427,intermediate
CA4,4,7,0,final
GPX4,1,0,0,initial
GPX4,2,2.35803471935875,2.41748875389598,intermediate
GPX4,3,4.6103385463085,-3.75913237727735,intermediate
GPX4,4,7,-0.683172776805503,final
MVD,1,0,0,initial
MVD,2,2.46540241044183,5.5835165006747,intermediate
MVD,3,4.59653920864625,-4.80619603956228,intermediate
MVD,4,7,-2.94955937739626,final
KMT2D,N/A,N/A,N/A,N/A
AQP2,N/A,N/A,N/A,N/A
GPD1,N/A,N/A,N/A,N/A
CYP2S1,1,0,0,initial
CYP2S1,2,3.4680045916673,-3.30493223942606,intermediate
CYP2S1,3,7,-1.06140054466414,final
AXL,1,0,0,initial
AXL,2,3.37180086243401,-3.65503745044768,intermediate
AXL,3,7,-1.49910176406732,final
PLIN4,1,0,0,initial
PLIN4,2,3.56945863406777,-4.42931612000748,intermediate
PLIN4,3,7,-3.29278174922785,final
GLOD4,1,0,0,initial
GLOD4,2,2.37682947514822,0.364533159478883,intermediate
GLOD4,3,4.81816758657095,-3.11987115280148,intermediate
GLOD4,4,7,-1.04047906935507,final
GPT,1,0,0,initial
GPT,2,2.24968638434059,2.24649892771529,intermediate
GPT,3,4.70613580488785,-3.98993283420094,intermediate
GPT,4,7,0.070389327891398,final
SLC43A2,1,0,0,initial
SLC43A2,2,3.55611531483169,-7.80234094801615,intermediate
SLC43A2,3,7,-0.391424942056893,final
SRR,1,0,0,initial
SRR,2,2.49810224282098,-0.352725885329506,intermediate
SRR,3,4.72127723905532,-3.52464859877062,intermediate
SRR,4,7,-0.584962500721156,final
HSD11B1L,1,0,0,initial
HSD11B1L,2,2.41309884434175,4.31622180390292,intermediate
HSD11B1L,3,4.94694355987866,-6.08980010375104,intermediate
HSD11B1L,4,7,-1.27753397552891,final
GGT6,1,0,0,initial
GGT6,2,2.19666821505124,5.06731130328863,intermediate
GGT6,3,4.80953836745419,0.590602956590404,intermediate
GGT6,4,7,-0.048363021561399,final
KLK1,N/A,N/A,N/A,N/A
KLK2,1,0,0,initial
KLK2,2,1.62511214378587,4.94895172527735,intermediate
KLK2,3,5.32113518937698,-3.70731833994243,intermediate
KLK2,4,7,1.58496250072116,final
ACER1,1,0,0,initial
ACER1,2,3.50519910898918,5.73710720246764,intermediate
ACER1,3,7,-2.08091999538357,final
ANGPTL4,1,0,0,initial
ANGPTL4,2,3.60420414396032,-1.17378746182501,intermediate
ANGPTL4,3,7,4.20734416197711,final
SPRYD3,N/A,N/A,N/A,N/A
SOAT2,N/A,N/A,N/A,N/A
NDUFV1,1,0,0,initial
NDUFV1,2,3.56379732180877,-2.39485767948407,intermediate
NDUFV1,3,7,-1.73343237685676,final
PRDX2,1,0,0,initial
PRDX2,2,2.43793672425216,0.86261320095046,intermediate
PRDX2,3,4.72214058046255,-2.49349671137466,intermediate
PRDX2,4,7,-2.02435527034909,final
MRPL58,1,0,0,initial
MRPL58,2,2.26797908463216,-0.610890641854246,intermediate
MRPL58,3,4.83899749892849,-2.83680669579038,intermediate
MRPL58,4,7,-1.21681138907315,final
ATP5PD,1,0,0,initial
ATP5PD,2,2.38719495536299,-6.47294403883071e-05,intermediate
ATP5PD,3,4.77580989963235,-2.61273692440642,intermediate
ATP5PD,4,7,-1.60803525560401,final
MGAT5B,1,0,0,initial
MGAT5B,2,2.23227352693693,1.78989257444047,intermediate
MGAT5B,3,4.84299733516638,-5.59213157662317,intermediate
MGAT5B,4,7,0.807354922057604,final
TK1,1,0,0,initial
TK1,2,3.39987764199833,-7.04670988907352,intermediate
TK1,3,7,-4.98842048110512,final
ECI1,N/A,N/A,N/A,N/A
ABCA3,N/A,N/A,N/A,N/A
FTH1,1,0,0,initial
FTH1,2,2.46394201882652,-1.10375705015772,intermediate
FTH1,3,4.73178942407183,-4.53176698170254,intermediate
FTH1,4,7,1.09192248944104,final
BSCL2,1,0,0,initial
BSCL2,2,2.50545998530001,-0.0305541840501221,intermediate
BSCL2,3,4.66233052427934,-3.04989260608066,intermediate
BSCL2,4,7,-0.874469117916141,final
POLR2G,N/A,N/A,N/A,N/A
SLC3A2,1,0,0,initial
SLC3A2,2,3.32736344810896,-3.4859048313522,intermediate
SLC3A2,3,7,0.529879395139918,final
ENTPD3,N/A,N/A,N/A,N/A
SLC22A11,1,0,0,initial
SLC22A11,2,3.17291015939332,-2.40390844976537,intermediate
SLC22A11,3,7,-1.58496250072116,final
MAP4K2,1,0,0,initial
MAP4K2,2,2.45965837751605,0.869743686871311,intermediate
MAP4K2,3,4.83273179043202,-3.11975367391,intermediate
MAP4K2,4,7,-1.41503749927884,final
PBK,1,0,0,initial
PBK,2,3.46187658573289,-7.48346791962598,intermediate
PBK,3,7,-5.74495838491974,final
PAFAH1B2,1,0,0,initial
PAFAH1B2,2,3.39398788324379,-2.45344213670308,intermediate
PAFAH1B2,3,7,-1.22239242133645,final
RNF187,1,0,0,initial
RNF187,2,3.65371950709854,1.24588250163503,intermediate
RNF187,3,7,-1.4731716752636,final
GLYCTK,N/A,N/A,N/A,N/A
MGAT2,N/A,N/A,N/A,N/A
PDHB,1,0,0,initial
PDHB,2,2.43907242060852,0.974122410999732,intermediate
PDHB,3,4.86216089239192,-3.62644840291492,intermediate
PDHB,4,7,-1.19555080911781,final
ACOX2,N/A,N/A,N/A,N/A
DEGS2,1,0,0,initial
DEGS2,2,2.37586441050695,7.51169514129634,intermediate
DEGS2,3,4.62747422822696,-2.13737136142411,intermediate
DEGS2,4,7,-0.761840262805236,final
DTYMK,1,0,0,initial
DTYMK,2,2.40572411075294,-1.84562998592273,intermediate
DTYMK,3,4.71834218299522,-5.89738836484491,intermediate
DTYMK,4,7,-2.23393161388953,final
MLKL,1,0,0,initial
MLKL,2,3.33120237660141,-5.84761452137772,intermediate
MLKL,3,7,-2.82149910437787,final
RFWD3,1,0,0,initial
RFWD3,2,3.59619969564835,-2.5866098949037,intermediate
RFWD3,3,7,-0.772362468718099,final
BMP1,1,0,0,initial
BMP1,2,3.44138360698001,-2.33336052435539,intermediate
BMP1,3,7,-1.37621825038832,final
POLR3D,1,0,0,initial
POLR3D,2,2.59176256451748,0.451631444372206,intermediate
POLR3D,3,4.90356999110094,-0.373509570678492,intermediate
POLR3D,4,7,1.09686153925259,final
SLC20A2,1,0,0,initial
SLC20A2,2,2.47972277314477,-2.28080027345881,intermediate
SLC20A2,3,4.47451536210421,1.59022091152895,intermediate
SLC20A2,4,7,1.07252679820626,final
NDUFS5,1,0,0,initial
NDUFS5,2,3.48891803266795,-1.87396004293939,intermediate
NDUFS5,3,7,-1.93642301236666,final
UGT3A2,N/A,N/A,N/A,N/A
SLC16A4,N/A,N/A,N/A,N/A
CA7,N/A,N/A,N/A,N/A
GSTM4,1,0,0,initial
GSTM4,2,2.33452236929834,0.0189124924022084,intermediate
GSTM4,3,4.98729138384188,-5.29925082942466,intermediate
GSTM4,4,7,-1.84021955596323,final
PPIP5K1,1,0,0,initial
PPIP5K1,2,2.52297149330511,1.020896754691,intermediate
PPIP5K1,3,5.10111017620649,-4.18246757596038,intermediate
PPIP5K1,4,7,-0.319936797068271,final
LCMT2,1,0,0,initial
LCMT2,2,2.4500228664935,-0.0826051700790287,intermediate
LCMT2,3,4.83939745272883,-4.20714242827139,intermediate
LCMT2,4,7,-0.642187369414106,final
GFM1,1,0,0,initial
GFM1,2,1.8428635471241,-1.16029073667437,intermediate
GFM1,3,5.12478381017612,-1.68044036145666,intermediate
GFM1,4,7,-0.403547092326508,final
MAT2A,N/A,N/A,N/A,N/A
PLA2G4F,1,0,0,initial
PLA2G4F,2,7,-2.93666813638493,final
INPP5D,1,0,0,initial
INPP5D,2,3.52834219514552,-1.91069011048092,intermediate
INPP5D,3,7,-1.52509104474376,final
PPIC,N/A,N/A,N/A,N/A
JMJD7-PLA2G4B,N/A,N/A,N/A,N/A
ATP5ME,N/A,N/A,N/A,N/A
UQCRFS1,1,0,0,initial
UQCRFS1,2,3.35605166573468,-1.25773768762846,intermediate
UQCRFS1,3,7,-0.815658225788814,final
MAP2K1,1,0,0,initial
MAP2K1,2,1.45260661869653,-2.80808142145726,intermediate
MAP2K1,3,4.73710837376055,-0.549094747909119,intermediate
MAP2K1,4,7,-0.650992371056353,final
ROR2,N/A,N/A,N/A,N/A
CHST14,1,0,0,initial
CHST14,2,3.49809224003842,-3.28312859114979,intermediate
CHST14,3,7,-1.28010791919274,final
CSNK1G1,1,0,0,initial
CSNK1G1,2,2.40689008627013,0.18205261059027,intermediate
CSNK1G1,3,4.73557543371635,-3.69680900469399,intermediate
CSNK1G1,4,7,-1.13139040002332,final
CPT1C,1,0,0,initial
CPT1C,2,2.3562046833936,4.23589258405567,intermediate
CPT1C,3,4.61236931059359,-0.909415220247705,intermediate
CPT1C,4,7,-0.499571009490512,final
XPO6,1,0,0,initial
XPO6,2,3.39002972771116,-1.95921426230633,intermediate
XPO6,3,7,-0.176380023579612,final
CA5B,N/A,N/A,N/A,N/A
B3GALNT1,1,0,0,initial
B3GALNT1,2,3.51600117690843,-3.23468202346605,intermediate
B3GALNT1,3,7,-2.32192809488736,final
PGM2,1,0,0,initial
PGM2,2,3.61657858016781,-0.0110932052023797,intermediate
PGM2,3,7,-1.10721404084632,final
STK32A,N/A,N/A,N/A,N/A
SLC33A1,N/A,N/A,N/A,N/A
SIN3A,1,0,0,initial
SIN3A,2,2.62584964834272,0.684792928679899,intermediate
SIN3A,3,4.96107772702344,-2.82511957452935,intermediate
SIN3A,4,7,-0.39231742277876,final
PTK2,N/A,N/A,N/A,N/A
PTPN9,1,0,0,initial
PTPN9,2,3.4895692643636,-3.0212744646669,intermediate
PTPN9,3,7,-1.04073025241875,final
NPR1,N/A,N/A,N/A,N/A
METTL15,1,0,0,initial
METTL15,2,2.2910669503048,-0.539581447502792,intermediate
METTL15,3,4.89761429206248,-2.46946550814956,intermediate
METTL15,4,7,-1.03808350173148,final
HEXD,1,0,0,initial
HEXD,2,2.53082581952436,1.51300828904845,intermediate
HEXD,3,4.81379965552391,-6.32646257389343,intermediate
HEXD,4,7,-1,final
BUB1,1,0,0,initial
BUB1,2,3.47637698760039,-8.20079952407396,intermediate
BUB1,3,7,-4.74642592341527,final
AGPAT2,1,0,0,initial
AGPAT2,2,3.4053021764516,-3.73868654236609,intermediate
AGPAT2,3,7,-1.13395445666886,final
FASN,1,0,0,initial
FASN,2,2.56220761108128,1.69965069872054,intermediate
FASN,3,4.66414884760685,-5.00398780869859,intermediate
FASN,4,7,-1.35453276031929,final
DCXR,1,0,0,initial
DCXR,2,7,-1.96848902725478,final
UGP2,1,0,0,initial
UGP2,2,3.45349010208808,-3.64644860246565,intermediate
UGP2,3,7,-1.92636268056013,final
BTD,1,0,0,initial
BTD,2,2.44480537612204,0.153460702351419,intermediate
BTD,3,4.92076867974203,-4.33507905241607,intermediate
BTD,4,7,0.00984778595634721,final
CSGALNACT2,1,0,0,initial
CSGALNACT2,2,3.55668163940883,-0.450144838118977,intermediate
CSGALNACT2,3,7,2.66014047761183,final
GUSB,1,0,0,initial
GUSB,2,2.2260517624738,-0.769178715281598,intermediate
GUSB,3,5.09677504172024,-3.52639665603418,intermediate
GUSB,4,7,-0.699133520640467,final
MAP3K2,1,0,0,initial
MAP3K2,2,2.75067688729725,1.74183275832112,intermediate
MAP3K2,3,4.50194978283345,-3.0456112154862,intermediate
MAP3K2,4,7,-0.26613364449268,final
UBE2E3,1,0,0,initial
UBE2E3,2,2.4021742705624,-0.0726205479189343,intermediate
UBE2E3,3,4.73388142213149,-4.45601629138266,intermediate
UBE2E3,4,7,-0.70466925808304,final
SIK2,1,0,0,initial
SIK2,2,2.40004898273445,-0.0805450298825921,intermediate
SIK2,3,4.91456266291682,-3.05679003629422,intermediate
SIK2,4,7,0.1965886659311,final
USP38,1,0,0,initial
USP38,2,7,2.88155945162615,final
SLC16A5,1,0,0,initial
SLC16A5,2,2.63009384289004,4.03673560280287,intermediate
SLC16A5,3,4.60188289119508,-7.15299118433174,intermediate
SLC16A5,4,7,-1.65025396097288,final
ADPRM,1,0,0,initial
ADPRM,2,2.31915949554693,1.18592786008118,intermediate
ADPRM,3,4.65988862517657,-2.78041738595857,intermediate
ADPRM,4,7,0.082462160191973,final
FABP6,1,0,0,initial
FABP6,2,1.4390731075663,-3.16975458506908,intermediate
FABP6,3,4.71863499605881,-0.903139523533864,intermediate
FABP6,4,7,-1.58496250072116,final
USP47,1,0,0,initial
USP47,2,2.47344916548047,-0.0411399257949064,intermediate
USP47,3,4.62852714752128,-1.91048348532901,intermediate
USP47,4,7,-0.311295796946002,final
GLB1,1,0,0,initial
GLB1,2,3.47144386407851,-2.97678119150718,intermediate
GLB1,3,7,-1.78199934778071,final
FAXDC2,N/A,N/A,N/A,N/A
CDK1,1,0,0,initial
CDK1,2,3.46722062919945,-6.08172134120005,intermediate
CDK1,3,7,-5.63574023687046,final
FABP4,N/A,N/A,N/A,N/A
FRMPD2,N/A,N/A,N/A,N/A
B3GNT2,1,0,0,initial
B3GNT2,2,2.78765557938205,-1.82052680892406,intermediate
B3GNT2,3,4.51099904128151,2.76834615318686,intermediate
B3GNT2,4,7,1.83014024197391,final
SETMAR,1,0,0,initial
SETMAR,2,2.4066754636097,1.75933300481195,intermediate
SETMAR,3,4.74878481773637,-6.17300099614065,intermediate
SETMAR,4,7,-1.08641475181747,final
SLC30A1,N/A,N/A,N/A,N/A
DCLK2,N/A,N/A,N/A,N/A
SDR9C7,1,0,0,initial
SDR9C7,2,3.48108618068484,6.72520858497104,intermediate
SDR9C7,3,7,3.18184816881813,final
MGMT,1,0,0,initial
MGMT,2,2.42127502271148,0.810961552972663,intermediate
MGMT,3,4.7134695017857,-3.49405505800765,intermediate
MGMT,4,7,-1.5575563433805,final
HARS1,N/A,N/A,N/A,N/A
SLC23A1,1,0,0,initial
SLC23A1,2,2.22106253313903,6.45551243132546,intermediate
SLC23A1,3,4.60436271371097,-2.48364484445643,intermediate
SLC23A1,4,7,1.70043971814109,final
NPAS2,1,0,0,initial
NPAS2,2,3.8208585067287,-2.05611219403526,intermediate
NPAS2,3,7,1.8951576341425,final
NUDT9,1,0,0,initial
NUDT9,2,2.41774871072893,0.435210663364777,intermediate
NUDT9,3,4.63160992963041,-2.37309620976655,intermediate
NUDT9,4,7,-0.958380910798261,final
ELOVL6,1,0,0,initial
ELOVL6,2,2.46485528183223,1.98991782856031,intermediate
ELOVL6,3,4.72692791155892,-5.03955098146068,intermediate
ELOVL6,4,7,-1.98120240454587,final
PFKFB3,1,0,0,initial
PFKFB3,2,3.59308743265033,0.329260739451301,intermediate
PFKFB3,3,7,2.89842901686032,final
POLH,1,0,0,initial
POLH,2,2.44315585227279,0.0472641477615513,intermediate
POLH,3,4.67676087158968,-4.28907313236431,intermediate
POLH,4,7,-1.79789459280854,final
SDR16C5,N/A,N/A,N/A,N/A
USP32,N/A,N/A,N/A,N/A
CEL,1,0,0,initial
CEL,2,2.09754253695812,-2.70081269194458,intermediate
CEL,3,4.62552170033679,-2.2569591452306,intermediate
CEL,4,7,-1.73696559416621,final
PPM1D,1,0,0,initial
PPM1D,2,3.65097413658579,0.00513141683675789,intermediate
PPM1D,3,7,1.74877489645584,final
PLA2G1B,1,0,0,initial
PLA2G1B,2,1.4390731075663,-1.99989247923963,intermediate
PLA2G1B,3,4.71863499605881,-0.569817597023863,intermediate
PLA2G1B,4,7,-1,final
GSTA4,1,0,0,initial
GSTA4,2,2.5071308419094,5.56031496969296,intermediate
GSTA4,3,4.64624093023114,-6.57318239743909,intermediate
GSTA4,4,7,-3.40431994659028,final
NDUFA3,N/A,N/A,N/A,N/A
HAS2,1,0,0,initial
HAS2,2,3.67082124055394,-5.63026767263314,intermediate
HAS2,3,7,0.192645077942396,final
HS6ST2,N/A,N/A,N/A,N/A
ALK,1,0,0,initial
ALK,2,2.47704715165193,5.99348161699419,intermediate
ALK,3,4.95422171742326,-5.71765260470411,intermediate
ALK,4,7,3.58496250072116,final
KYAT1,1,0,0,initial
KYAT1,2,3.33348791429706,-3.19724794919495,intermediate
KYAT1,3,7,-1.92785021424416,final
INSR,1,0,0,initial
INSR,2,2.38752363110705,3.01040193473492,intermediate
INSR,3,4.75104410905937,-5.04160515622722,intermediate
INSR,4,7,0.399055200736988,final
FUT3,1,0,0,initial
FUT3,2,3.41983764541546,4.56059639162624,intermediate
FUT3,3,7,3.98868468677217,final
PRKCE,1,0,0,initial
PRKCE,2,3.38689660430773,-2.88973498158869,intermediate
PRKCE,3,7,0.462971976342546,final
C1GALT1C1,1,0,0,initial
C1GALT1C1,2,2.50688958792701,0.683229213307731,intermediate
C1GALT1C1,3,4.77210074318561,-4.52134795419633,intermediate
C1GALT1C1,4,7,-0.80039097430784,final
RBKS,N/A,N/A,N/A,N/A
UGT2B7,1,0,0,initial
UGT2B7,2,2.45223806751385,3.29746815349974,intermediate
UGT2B7,3,4.84771541532285,-3.61290483818446,intermediate
UGT2B7,4,7,1.58496250072116,final
GAA,1,0,0,initial
GAA,2,2.52589722683201,2.25372383717882,intermediate
GAA,3,4.62142201347534,-2.66905411443747,intermediate
GAA,4,7,-0.482694449382106,final
ZDHHC16,1,0,0,initial
ZDHHC16,2,2.39176701953413,-0.147625062057811,intermediate
ZDHHC16,3,4.85611103274711,-5.17252486135019,intermediate
ZDHHC16,4,7,-1.14419472634889,final
CHST11,1,0,0,initial
CHST11,2,2.34219820186669,-3.71681844587682,intermediate
CHST11,3,4.65160009773396,1.85069215583474,intermediate
CHST11,4,7,1.68045849794952,final
PGAM1,1,0,0,initial
PGAM1,2,3.43032066758055,-2.40800521070295,intermediate
PGAM1,3,7,-1.84460631735418,final
ESCO2,1,0,0,initial
ESCO2,2,3.44140204067771,-7.2896196186558,intermediate
ESCO2,3,7,-4.63587445411325,final
PDE7B,1,0,0,initial
PDE7B,2,3.69754287189917,-1.77451725712271,intermediate
PDE7B,3,7,7.31288295528435,final
NAT1,1,0,0,initial
NAT1,2,2.5973707518912,2.12853374692973,intermediate
NAT1,3,4.8275715664478,-5.84076327484013,intermediate
NAT1,4,7,-0.902702798645085,final
POLR1C,N/A,N/A,N/A,N/A
PPID,N/A,N/A,N/A,N/A
ETFDH,1,0,0,initial
ETFDH,2,2.51842209476743,3.15959706523209,intermediate
ETFDH,3,4.7886555951951,-2.90638557985167,intermediate
ETFDH,4,7,0.375905715946187,final
FGA,1,0,0,initial
FGA,2,1.4390731075663,-1.99989247923963,intermediate
FGA,3,4.71863499605881,-0.569817597023863,intermediate
FGA,4,7,-1,final
PIK3CD,1,0,0,initial
PIK3CD,2,2.60190584984942,0.407552081578497,intermediate
PIK3CD,3,4.68569532918981,-3.9106750591593,intermediate
PIK3CD,4,7,0.279617290029398,final
HDAC3,1,0,0,initial
HDAC3,2,3.46708890635415,-1.09067547020531,intermediate
HDAC3,3,7,-0.851136614085517,final
GPHN,N/A,N/A,N/A,N/A
PAH,1,0,0,initial
PAH,2,3.66892585576651,-0.970842439929284,intermediate
PAH,3,7,3.32192809488736,final
GATM,1,0,0,initial
GATM,2,2.47346944678681,7.0903568508147,intermediate
GATM,3,4.39963288883768,-5.07482058525039,intermediate
GATM,4,7,-2.04231080485796,final
CTPS1,N/A,N/A,N/A,N/A
METTL18,1,0,0,initial
METTL18,2,2.62863223957463,1.81377745114516,intermediate
METTL18,3,4.80777741850758,-5.5867960060668,intermediate
METTL18,4,7,-0.768674453893544,final
RRM2,1,0,0,initial
RRM2,2,3.44918175017305,-7.40822248751296,intermediate
RRM2,3,7,-4.73696559416621,final
MRM3,1,0,0,initial
MRM3,2,3.36966678210816,-1.97172496014777,intermediate
MRM3,3,7,-0.153912683453681,final
AQP4,N/A,N/A,N/A,N/A
CYP4F11,N/A,N/A,N/A,N/A
CYP4F22,1,0,0,initial
CYP4F22,2,3.45913774152737,7.13117510879136,intermediate
CYP4F22,3,7,1.45251220469751,final
PPIH,1,0,0,initial
PPIH,2,3.3944914355527,-5.66390684698142,intermediate
PPIH,3,7,-3.03562390973072,final
LDHAL6B,N/A,N/A,N/A,N/A
THOP1,1,0,0,initial
THOP1,2,3.31320123657239,-4.52760253651862,intermediate
THOP1,3,7,0.327519943131716,final
USP19,1,0,0,initial
USP19,2,2.63809752847736,1.26738448418017,intermediate
USP19,3,4.76886386930293,-4.80785817262072,intermediate
USP19,4,7,-0.472881573851128,final
QARS1,1,0,0,initial
QARS1,2,2.41124362936123,1.46922667955201,intermediate
QARS1,3,4.86164106179918,-5.16359469179188,intermediate
QARS1,4,7,-1.68833734693242,final
NME6,1,0,0,initial
NME6,2,2.31863663526044,0.548809051413166,intermediate
NME6,3,5.21290174158916,-3.80078898109622,intermediate
NME6,4,7,-0.260062839302503,final
MBOAT1,1,0,0,initial
MBOAT1,2,2.2864539068224,0.293229050994944,intermediate
MBOAT1,3,4.92550723718485,-8.12355957907534,intermediate
MBOAT1,4,7,-2.0320612092323,final
MACROD2,1,0,0,initial
MACROD2,2,2.43542693747182,4.24938537291483,intermediate
MACROD2,3,4.76033809432019,-6.48420069540046,intermediate
MACROD2,4,7,0.362570079384708,final
DPAGT1,N/A,N/A,N/A,N/A
CERS6,1,0,0,initial
CERS6,2,7,-2.14361712720204,final
SPTLC3,N/A,N/A,N/A,N/A
TP53RK,1,0,0,initial
TP53RK,2,2.55922445955933,0.593201663468086,intermediate
TP53RK,3,4.63317788586791,-2.06013171268626,intermediate
TP53RK,4,7,-0.333423733725192,final
B3GALT1,1,0,0,initial
B3GALT1,2,3.99051682868234,-0.656389774246198,intermediate
B3GALT1,3,7,1.58496250072116,final
BPGM,1,0,0,initial
BPGM,2,2.28161074409928,4.62075442512151,intermediate
BPGM,3,4.54252135228874,-1.11683374203091,intermediate
BPGM,4,7,1.0697089718114,final
ALG14,1,0,0,initial
ALG14,2,3.3519203926954,-2.83719991237577,intermediate
ALG14,3,7,-1.41761144294267,final
SUCLG2,1,0,0,initial
SUCLG2,2,3.54494524138112,-3.59880392913197,intermediate
SUCLG2,3,7,-2.12188310506871,final
FGGY,1,0,0,initial
FGGY,2,2.62262694875228,1.34538614204286,intermediate
FGGY,3,4.53640403547626,-4.34720809106433,intermediate
FGGY,4,7,-1.12675714228594,final
FUT9,1,0,0,initial
FUT9,2,1.326051295176,-1.56946912592426,intermediate
FUT9,3,5.673948704824,-1.56946912592427,intermediate
FUT9,4,7,0,final
AGXT,1,0,0,initial
AGXT,2,3.63343556953285,-1.59027773981186,intermediate
AGXT,3,7,6.13613668798603,final
ACOT12,N/A,N/A,N/A,N/A
CARNS1,1,0,0,initial
CARNS1,2,2.59837376777372,2.22168718102247,intermediate
CARNS1,3,4.75368247034502,-6.21746388409792,intermediate
CARNS1,4,7,-1.16992500144231,final
PPP1CA,1,0,0,initial
PPP1CA,2,3.4452501610235,-2.20981067261773,intermediate
PPP1CA,3,7,-1.34996694197216,final
CTSW,N/A,N/A,N/A,N/A
PDE3A,N/A,N/A,N/A,N/A
RAD9A,1,0,0,initial
RAD9A,2,2.39981182580531,0.828562749842591,intermediate
RAD9A,3,4.98129053789243,-3.32301498668707,intermediate
RAD9A,4,7,1.62748711736771,final
FUT10,1,0,0,initial
FUT10,2,2.36891876622237,0.446251790017166,intermediate
FUT10,3,4.97246401952343,-4.76338831846834,intermediate
FUT10,4,7,-0.910362787515324,final
FADS6,1,0,0,initial
FADS6,2,2.50193119795331,6.23843817895242,intermediate
FADS6,3,4.64953694733238,-4.83946261929916,intermediate
FADS6,4,7,-3.58496250072116,final
CYP7B1,1,0,0,initial
CYP7B1,2,3.52976925358178,0.408192534859281,intermediate
CYP7B1,3,7,-2.4594316186373,final
CES3,1,0,0,initial
CES3,2,3.35639686388115,-1.91158120310605,intermediate
CES3,3,7,-0.900464326449086,final
SSH3,1,0,0,initial
SSH3,2,2.43108616189919,1.9025106766091,intermediate
SSH3,3,5.07194653490403,-3.63303892739272,intermediate
SSH3,4,7,-1.06640122572251,final
CES2,1,0,0,initial
CES2,2,3.48078242395826,-3.1244941627253,intermediate
CES2,3,7,-1.73792964033699,final
NADSYN1,1,0,0,initial
NADSYN1,2,2.51132489919329,2.22010035846838,intermediate
NADSYN1,3,4.80087642232184,-3.27629570060007,intermediate
NADSYN1,4,7,-0.817400808194687,final
OXSR1,1,0,0,initial
OXSR1,2,2.71544138440405,-1.92636910350414,intermediate
OXSR1,3,4.48848104804147,2.17294467321977,intermediate
OXSR1,4,7,1.62866638392502,final
SLC22A13,N/A,N/A,N/A,N/A
LCLAT1,1,0,0,initial
LCLAT1,2,3.66984281662742,-3.20243945797453,intermediate
LCLAT1,3,7,-0.61615712232475,final
ADH6,N/A,N/A,N/A,N/A
SH3RF3,N/A,N/A,N/A,N/A
HPSE2,N/A,N/A,N/A,N/A
GRK2,N/A,N/A,N/A,N/A
HPSE,1,0,0,initial
HPSE,2,3.44931430655086,1.90309485938126,intermediate
HPSE,3,7,1.65462337869004,final
COQ2,N/A,N/A,N/A,N/A
ADCY5,N/A,N/A,N/A,N/A
PARP14,1,0,0,initial
PARP14,2,2.33552821247574,1.10530158442645,intermediate
PARP14,3,4.61294196914062,-6.65174828040658,intermediate
PARP14,4,7,-1.94693095580987,final
PARP15,1,0,0,initial
PARP15,2,1.4390731075663,-1.99989247923963,intermediate
PARP15,3,4.71863499605881,-0.569817597023863,intermediate
PARP15,4,7,-1,final
ABCD2,N/A,N/A,N/A,N/A
GLRX,1,0,0,initial
GLRX,2,3.39108394074759,4.56896242918087,intermediate
GLRX,3,7,2.9330080405356,final
SLC2A14,1,0,0,initial
SLC2A14,2,2.73504818791289,5.17202228341528,intermediate
SLC2A14,3,4.23759382323162,-5.37279428780644,intermediate
SLC2A14,4,7,0,final
PPP1R3B,1,0,0,initial
PPP1R3B,2,3.64623278213137,3.91729960812573,intermediate
PPP1R3B,3,7,-0.348610137539868,final
MAP3K11,1,0,0,initial
MAP3K11,2,2.34199986311107,0.0902938726264794,intermediate
MAP3K11,3,4.88953731605611,-2.03794968353284,intermediate
MAP3K11,4,7,-0.788495894806288,final
NAA20,N/A,N/A,N/A,N/A
PTPRM,1,0,0,initial
PTPRM,2,2.48095119651121,1.07638905290276,intermediate
PTPRM,3,4.90051901425004,-2.47199729982165,intermediate
PTPRM,4,7,1.45361120395282,final
FKBP2,1,0,0,initial
FKBP2,2,2.55928280066661,1.24430779168715,intermediate
FKBP2,3,4.69683781155908,-2.94126329954629,intermediate
FKBP2,4,7,-0.732108030516904,final
PEAK1,N/A,N/A,N/A,N/A
GMPPB,N/A,N/A,N/A,N/A
SULT1B1,N/A,N/A,N/A,N/A
NUDT4,N/A,N/A,N/A,N/A
PC,N/A,N/A,N/A,N/A
NMNAT1,N/A,N/A,N/A,N/A
APOBEC4,1,0,0,initial
APOBEC4,2,1.36984932470217,-2.63960764520095,intermediate
APOBEC4,3,5.17338455464605,-2.03332012675029,intermediate
APOBEC4,4,7,-0.584962500721156,final
SLC19A1,N/A,N/A,N/A,N/A
UQCRH,1,0,0,initial
UQCRH,2,3.47054520774523,-1.94536862968733,intermediate
UQCRH,3,7,-1.65855033903555,final
CNP,1,0,0,initial
CNP,2,2.45890827363344,1.09802569537711,intermediate
CNP,3,4.81285139924124,-5.48479399015244,intermediate
CNP,4,7,-1.29657252061047,final
MARCHF10,1,0,0,initial
MARCHF10,2,3.31674825866463,-3.82986292235065,intermediate
MARCHF10,3,7,-0.321928094887362,final
PLK3,1,0,0,initial
PLK3,2,7,3.5917516663838,final
PHOSPHO1,N/A,N/A,N/A,N/A
ATP5MK,N/A,N/A,N/A,N/A
MARCHF3,1,0,0,initial
MARCHF3,2,3.42354739842221,6.21419142394306,intermediate
MARCHF3,3,7,2.32707139816332,final
CTSF,1,0,0,initial
CTSF,2,2.30695833156477,6.40442706182009,intermediate
CTSF,3,4.60635986690874,-6.91264263612799,intermediate
CTSF,4,7,0.691877704637668,final
GSTA3,1,0,0,initial
GSTA3,2,2.41453942172553,8.40403385323128,intermediate
GSTA3,3,4.26384730571035,-6.29579443223234,intermediate
GSTA3,4,7,-2,final
ZDHHC24,1,0,0,initial
ZDHHC24,2,2.61048076548877,1.35952334238336,intermediate
ZDHHC24,3,4.63836686993278,-3.88454254418727,intermediate
ZDHHC24,4,7,-1.00734197534117,final
TRMT10C,N/A,N/A,N/A,N/A
PIGG,1,0,0,initial
PIGG,2,2.47973694459071,0.678913447281406,intermediate
PIGG,3,4.86320774246127,-3.87260533536581,intermediate
PIGG,4,7,-0.530664677204179,final
ADCY6,1,0,0,initial
ADCY6,2,2.64867099016883,1.80175437963088,intermediate
ADCY6,3,4.77323648938765,-6.04323402340787,intermediate
ADCY6,4,7,-0.479005325288544,final
TNK1,1,0,0,initial
TNK1,2,2.59326862554725,0.9610253275316,intermediate
TNK1,3,4.88051553784557,-3.3922297537643,intermediate
TNK1,4,7,-0.0232697793228472,final
SLC16A13,1,0,0,initial
SLC16A13,2,2.45856446030059,3.11089711203745,intermediate
SLC16A13,3,4.75553144558319,-5.20955851711197,intermediate
SLC16A13,4,7,-0.725825036561006,final
SLC6A19,1,0,0,initial
SLC6A19,2,1.82661544535395,-1.44835762602913,intermediate
SLC6A19,3,5.63015067529783,-2.05464514447979,intermediate
SLC6A19,4,7,0.584962500721156,final
ATP2A2,1,0,0,initial
ATP2A2,2,3.63559335738877,-1.87168962021883,intermediate
ATP2A2,3,7,0.287424443186071,final
STARD6,N/A,N/A,N/A,N/A
GALNTL6,1,0,0,initial
GALNTL6,2,2.35866085535274,0.414814577687519,intermediate
GALNTL6,3,4.96465247598061,-4.57075980847408,intermediate
GALNTL6,4,7,1.67807190511264,final
SLC26A9,1,0,0,initial
SLC26A9,2,3.35532738981667,5.76272286799464,intermediate
SLC26A9,3,7,4.18442457113743,final
UGT8,N/A,N/A,N/A,N/A
SLCO2A1,N/A,N/A,N/A,N/A
SLC29A2,1,0,0,initial
SLC29A2,2,3.45571101179675,-3.21092306794,intermediate
SLC29A2,3,7,-1.86507041991389,final
BRSK2,1,0,0,initial
BRSK2,2,2.00010859074103,3.63958994795089,intermediate
BRSK2,3,5.07922096726592,-4.43641836363635,intermediate
BRSK2,4,7,1.58496250072116,final
B4GAT1,1,0,0,initial
B4GAT1,2,2.54989448207948,1.18366262316187,intermediate
B4GAT1,3,4.63778784062566,-6.80361345538329,intermediate
B4GAT1,4,7,-2.49304001128012,final
NDUFA11,N/A,N/A,N/A,N/A
PTDSS2,N/A,N/A,N/A,N/A
FUT1,N/A,N/A,N/A,N/A
SLC22A1,N/A,N/A,N/A,N/A
CHST2,1,0,0,initial
CHST2,2,2.64711170979165,-2.90076854689655,intermediate
CHST2,3,4.45923323711281,3.59645401557534,intermediate
CHST2,4,7,0.885828980080689,final
ZDHHC14,1,0,0,initial
ZDHHC14,2,2.32350088899476,-1.11875973618394,intermediate
ZDHHC14,3,4.62297819365074,-2.52424977745819,intermediate
ZDHHC14,4,7,-0.52674788677586,final
ATR,1,0,0,initial
ATR,2,3.50094333087915,-3.53352255271749,intermediate
ATR,3,7,-0.812679419109477,final
UBE2C,1,0,0,initial
UBE2C,2,3.45722549649283,-8.61780144552121,intermediate
UBE2C,3,7,-5.4240262825061,final
GK5,N/A,N/A,N/A,N/A
PPM1E,N/A,N/A,N/A,N/A
PCCA,1,0,0,initial
PCCA,2,2.51180570739301,1.67375402051247,intermediate
PCCA,3,4.85501833250157,-4.44130807863362,intermediate
PCCA,4,7,-1.08031916451174,final
CTDSP2,1,0,0,initial
CTDSP2,2,2.5308109650692,2.39828026581429,intermediate
CTDSP2,3,4.76344411530915,-3.35272426812368,intermediate
CTDSP2,4,7,0.0499518219753528,final
GAL3ST3,1,0,0,initial
GAL3ST3,2,3.58168768236669,-1.07314297029667,intermediate
GAL3ST3,3,7,3.8073549220576,final
CHST1,N/A,N/A,N/A,N/A
DOLK,1,0,0,initial
DOLK,2,2.52929115970715,1.53738865342198,intermediate
DOLK,3,4.85221127114002,-6.09709742409643,intermediate
DOLK,4,7,-0.734627352097005,final
PTPN2,N/A,N/A,N/A,N/A
LPL,N/A,N/A,N/A,N/A
POLD4,N/A,N/A,N/A,N/A
CLCF1,1,0,0,initial
CLCF1,2,3.52101511466159,-4.02866515650054,intermediate
CLCF1,3,7,2.26303440583379,final
LIPT2,N/A,N/A,N/A,N/A
ALG10B,1,0,0,initial
ALG10B,2,2.32026758620222,-0.602733937737194,intermediate
ALG10B,3,4.90053019227285,-4.41447675381784,intermediate
ALG10B,4,7,-0.605140382658786,final
UCP3,N/A,N/A,N/A,N/A
UCP2,N/A,N/A,N/A,N/A
FOSL1,1,0,0,initial
FOSL1,2,3.50539333436764,-1.19714854766065,intermediate
FOSL1,3,7,3.16146342269412,final
RPS6KB2,N/A,N/A,N/A,N/A
B3GNTL1,N/A,N/A,N/A,N/A
MSRA,1,0,0,initial
MSRA,2,3.42293280034538,-2.64988329862955,intermediate
MSRA,3,7,-0.456378294659743,final
CBLL2,1,0,0,initial
CBLL2,2,1.4390731075663,-1.99989247923963,intermediate
CBLL2,3,4.71863499605881,-0.569817597023863,intermediate
CBLL2,4,7,-1,final
ZDHHC21,1,0,0,initial
ZDHHC21,2,2.33218352255245,4.50684459592176,intermediate
ZDHHC21,3,4.7281651410198,-2.38030365477968,intermediate
ZDHHC21,4,7,1.67948009950545,final
UBE2O,N/A,N/A,N/A,N/A
AMIGO3,1,0,0,initial
AMIGO3,2,1.326051295176,-1.56946912592426,intermediate
AMIGO3,3,5.673948704824,-1.56946912592427,intermediate
AMIGO3,4,7,0,final
B3GALT6,1,0,0,initial
B3GALT6,2,2.229380469654,-0.200206785591241,intermediate
B3GALT6,3,4.71068559953328,-2.05427597330451,intermediate
B3GALT6,4,7,-0.510000443039934,final
IP6K1,1,0,0,initial
IP6K1,2,3.70578548719382,-1.18473457320911,intermediate
IP6K1,3,7,1.69461624154422,final
GPX2,N/A,N/A,N/A,N/A
SPHK1,N/A,N/A,N/A,N/A
CIDEA,1,0,0,initial
CIDEA,2,2.52778103378716,3.04595617166894,intermediate
CIDEA,3,4.75107425685325,-5.62138189073606,intermediate
CIDEA,4,7,-2.04439411935845,final
COX8A,1,0,0,initial
COX8A,2,3.43997916618207,-2.2646084261439,intermediate
COX8A,3,7,-1.7758669449826,final
B3GNT4,N/A,N/A,N/A,N/A
HSD11B2,N/A,N/A,N/A,N/A
RNPEP,1,0,0,initial
RNPEP,2,2.39339202657215,0.106351710203381,intermediate
RNPEP,3,4.71731027268088,-5.29398025658888,intermediate
RNPEP,4,7,-1.64867098867208,final
CLK2,1,0,0,initial
CLK2,2,2.38686998029894,0.889095046199433,intermediate
CLK2,3,5.03171501971208,-3.46182172732611,intermediate
CLK2,4,7,-0.960740569552773,final
LPCAT4,1,0,0,initial
LPCAT4,2,2.37598593244362,0.596750890194199,intermediate
LPCAT4,3,4.98099799402588,-2.58676364345493,intermediate
LPCAT4,4,7,-0.577545029158673,final
SLCO3A1,1,0,0,initial
SLCO3A1,2,2.45307870737851,0.81300979348639,intermediate
SLCO3A1,3,5.00951805075837,-2.70809425169606,intermediate
SLCO3A1,4,7,-0.501397784082025,final
PLAAT3,1,0,0,initial
PLAAT3,2,2.47925150717858,3.11202011268528,intermediate
PLAAT3,3,5.43503117890359,-8.22381627016426,intermediate
PLAAT3,4,7,1,final
B3GNT5,1,0,0,initial
B3GNT5,2,1.73256344302818,-3.52016414566894,intermediate
B3GNT5,3,4.68841030406982,-0.575928849884625,intermediate
B3GNT5,4,7,-0.587917027743702,final
RNF152,1,0,0,initial
RNF152,2,2.17019100432718,2.08339710916094,intermediate
RNF152,3,5.09121119409518,-1.17140468435531,intermediate
RNF152,4,7,1.44527384211522,final
ACSF3,1,0,0,initial
ACSF3,2,2.32320871053697,0.0994317186269623,intermediate
ACSF3,3,5.23993337743102,-3.48182853160774,intermediate
ACSF3,4,7,-0.0890050060587449,final
TYMS,1,0,0,initial
TYMS,2,3.53500795486558,-5.11438985292051,intermediate
TYMS,3,7,-1.96437609026928,final
GCNT4,1,0,0,initial
GCNT4,2,3.42780469918648,2.72346191598488,intermediate
GCNT4,3,7,0.636914580355878,final
SHMT1,1,0,0,initial
SHMT1,2,3.47423021144489,-3.26692582422026,intermediate
SHMT1,3,7,-3.11458196759854,final
MTHFR,1,0,0,initial
MTHFR,2,2.4934180133926,4.38947043191941,intermediate
MTHFR,3,4.64696300115994,-3.86608153708944,intermediate
MTHFR,4,7,-0.648096845667148,final
ZDHHC13,N/A,N/A,N/A,N/A
ACER2,1,0,0,initial
ACER2,2,2.48870887779259,4.37998721881422,intermediate
ACER2,3,4.49933955406668,-2.90157090918993,intermediate
ACER2,4,7,-0.351472370501378,final
POLE,1,0,0,initial
POLE,2,2.27151379893553,-0.514971922606772,intermediate
POLE,3,4.78478284386867,-4.26901464570506,intermediate
POLE,4,7,-1.32063361741973,final
TALDO1,N/A,N/A,N/A,N/A
ULK1,1,0,0,initial
ULK1,2,7,3.83257750576086,final
RPS6KA3,1,0,0,initial
RPS6KA3,2,3.54614043643032,-0.144530493564732,intermediate
RPS6KA3,3,7,1.07870160175186,final
B3GNT8,1,0,0,initial
B3GNT8,2,2.45354279137477,0.321412400394719,intermediate
B3GNT8,3,4.63583864093889,-5.09149827211559,intermediate
B3GNT8,4,7,-1.39231742277876,final
PUS1,1,0,0,initial
PUS1,2,1.61221564719137,-3.75211041325933,intermediate
PUS1,3,4.58098399278794,-0.194131098207059,intermediate
PUS1,4,7,-0.87023212502967,final
CHD9,N/A,N/A,N/A,N/A
MAN1B1,1,0,0,initial
MAN1B1,2,2.45434890504469,0.543531733906509,intermediate
MAN1B1,3,4.72226414293298,-5.15724741241046,intermediate
MAN1B1,4,7,-1.53429601545939,final
UBE2U,1,0,0,initial
UBE2U,2,2.03315444286227,2.84767950376601,intermediate
UBE2U,3,4.19781732036207,-1.0613920545272,intermediate
UBE2U,4,7,0,final
ACOT4,1,0,0,initial
ACOT4,2,2.60269710149085,-0.672232017993325,intermediate
ACOT4,3,4.49765820095554,-4.21969624489897,intermediate
ACOT4,4,7,-1.41503749927884,final
SLC25A22,1,0,0,initial
SLC25A22,2,3.54834490474915,-2.80621453516947,intermediate
SLC25A22,3,7,-2.40498383461492,final
TBL1XR1,1,0,0,initial
TBL1XR1,2,2.57400849737047,0.441610134135726,intermediate
TBL1XR1,3,4.75650850768698,-3.010688175328,intermediate
TBL1XR1,4,7,0.101247638376098,final
GBA1,1,0,0,initial
GBA1,2,7,3.13565509935757,final
ACAD9,N/A,N/A,N/A,N/A
PNPLA2,1,0,0,initial
PNPLA2,2,2.15132020908092,3.3724799022106,intermediate
PNPLA2,3,4.76059290916641,-1.08533323014809,intermediate
PNPLA2,4,7,2.03147823147317,final
MBOAT4,N/A,N/A,N/A,N/A
POLR2L,1,0,0,initial
POLR2L,2,3.46715409683431,-2.95574082167847,intermediate
POLR2L,3,7,-1.52297561382546,final
UBE2N,N/A,N/A,N/A,N/A
IMPDH2,1,0,0,initial
IMPDH2,2,3.46640911729123,-3.02749732494129,intermediate
IMPDH2,3,7,-1.98082455756135,final
TSSK6,N/A,N/A,N/A,N/A
NDUFV2,1,0,0,initial
NDUFV2,2,2.69062069598883,0.516683604082086,intermediate
NDUFV2,3,4.55114833491661,-4.26636514985492,intermediate
NDUFV2,4,7,-0.560300446486887,final
GALNT11,1,0,0,initial
GALNT11,2,2.56615050746443,1.90266516309819,intermediate
GALNT11,3,4.65660250406332,-3.73254674279833,intermediate
GALNT11,4,7,-1.32504406810922,final
GLDC,1,0,0,initial
GLDC,2,3.61898478614444,-5.1593363103704,intermediate
GLDC,3,7,-1.32192809488736,final
SLC25A20,1,0,0,initial
SLC25A20,2,2.47508870804401,2.67059992705413,intermediate
SLC25A20,3,4.96003139044582,-7.48471680398366,intermediate
SLC25A20,4,7,-0.441790226884529,final
CA8,1,0,0,initial
CA8,2,2.54762625386995,-0.894024242116437,intermediate
CA8,3,4.74246534311478,-3.5950415678363,intermediate
CA8,4,7,2.16992500144231,final
ERBB4,N/A,N/A,N/A,N/A
ERN1,1,0,0,initial
ERN1,2,2.60344353521104,-0.486110162016413,intermediate
ERN1,3,4.40383200442662,1.7454681893734,intermediate
ERN1,4,7,1.37977216945965,final
PARP10,1,0,0,initial
PARP10,2,2.28129412929249,1.78054640813415,intermediate
PARP10,3,4.77554101081508,-8.66247296790279,intermediate
PARP10,4,7,-1.9944404746581,final
NSUN3,1,0,0,initial
NSUN3,2,2.42216231996471,1.66230157023303,intermediate
NSUN3,3,5.21562499611417,-4.87207549263832,intermediate
NSUN3,4,7,-0.292354979504015,final
DHFR2,1,0,0,initial
DHFR2,2,2.55333503653022,1.16918138825241,intermediate
DHFR2,3,4.74616067048296,-7.90487959203757,intermediate
DHFR2,4,7,-1.23619822086148,final
COX5A,N/A,N/A,N/A,N/A
CPNE7,N/A,N/A,N/A,N/A
MPI,1,0,0,initial
MPI,2,2.47631771727804,2.15051235599287,intermediate
MPI,3,4.96856758859735,-5.07851562474305,intermediate
MPI,4,7,-1.23865747569923,final
OPLAH,1,0,0,initial
OPLAH,2,7,-1.91497941558569,final
PFAS,1,0,0,initial
PFAS,2,2.20834321320996,-3.7879270392865,intermediate
PFAS,3,4.828807107511,-5.24654349447427,intermediate
PFAS,4,7,-1.42206476617281,final
HYI,N/A,N/A,N/A,N/A
TUFM,1,0,0,initial
TUFM,2,3.46207672377638,-2.32440665136469,intermediate
TUFM,3,7,-1.25194226162617,final
AURKB,1,0,0,initial
AURKB,2,3.47848861726775,-7.72098779600639,intermediate
AURKB,3,7,-4.92283213947754,final
DPM3,1,0,0,initial
DPM3,2,2.40062199678225,1.77288878752732,intermediate
DPM3,3,4.95013350628902,-3.76977599327346,intermediate
DPM3,4,7,-1.13492958008611,final
CYC1,N/A,N/A,N/A,N/A
FARSA,N/A,N/A,N/A,N/A
ALOXE3,1,0,0,initial
ALOXE3,2,7,3.8236567343867,final
FUCA1,1,0,0,initial
FUCA1,2,2.569405851924,2.69152147370144,intermediate
FUCA1,3,4.61062046449232,-8.09514929056482,intermediate
FUCA1,4,7,-1.79240458059163,final
NSUN7,1,0,0,initial
NSUN7,2,2.51084431898994,1.38047006463763,intermediate
NSUN7,3,4.63852068559199,-6.2057797962899,intermediate
NSUN7,4,7,-1.27008916336774,final
MKRN3,N/A,N/A,N/A,N/A
ALOX12B,1,0,0,initial
ALOX12B,2,3.42443719105192,7.91738904552383,intermediate
ALOX12B,3,7,2.77184063544467,final
ALOX15B,1,0,0,initial
ALOX15B,2,2.04964496773588,-9.24260644913493,intermediate
ALOX15B,3,4.63251795024516,-0.62564273450298,intermediate
ALOX15B,4,7,-5.14720492494223,final
PLD6,1,0,0,initial
PLD6,2,3.60957690236302,-3.02182006711838,intermediate
PLD6,3,7,3.16227142889888,final
PIPOX,N/A,N/A,N/A,N/A
B3GNT3,N/A,N/A,N/A,N/A
SEPHS2,1,0,0,initial
SEPHS2,2,2.15601241215914,-0.618518360926115,intermediate
SEPHS2,3,4.80673250657215,-2.85723344309138,intermediate
SEPHS2,4,7,-0.438644112231178,final
DCTPP1,1,0,0,initial
DCTPP1,2,1.53008189267623,-5.03413117654178,intermediate
DCTPP1,3,4.70812164886403,-1.21864659005478,intermediate
DCTPP1,4,7,-1.36155516900807,final
PTGR3,1,0,0,initial
PTGR3,2,2.46718281442324,1.28238304452191,intermediate
PTGR3,3,5.02246458542568,-4.29289114074841,intermediate
PTGR3,4,7,-0.48297117544393,final
CSNK1A1L,N/A,N/A,N/A,N/A
TH,1,0,0,initial
TH,2,3.37481214313298,-3.03624566262807,intermediate
TH,3,7,-2.72246602447109,final
F2,N/A,N/A,N/A,N/A
ZNRF2,N/A,N/A,N/A,N/A
SLC9A4,N/A,N/A,N/A,N/A
PAK2,1,0,0,initial
PAK2,2,3.62568328026427,-2.03420615233297,intermediate
PAK2,3,7,0.921558645397354,final
CYP8B1,1,0,0,initial
CYP8B1,2,3.37392594952889,1.95665143964627,intermediate
CYP8B1,3,7,2.32192809488736,final
RNF182,N/A,N/A,N/A,N/A
FUT7,N/A,N/A,N/A,N/A
SLC47A2,1,0,0,initial
SLC47A2,2,2.30467687942776,2.37558235448378,intermediate
SLC47A2,3,4.9197450292808,-9.94860057132777,intermediate
SLC47A2,4,7,-1.55873095914798,final
CHST13,N/A,N/A,N/A,N/A
ZDHHC20,1,0,0,initial
ZDHHC20,2,2.58872925942685,2.19280601308797,intermediate
ZDHHC20,3,4.50452551443361,-4.55146036174205,intermediate
ZDHHC20,4,7,-1.40848591444007,final
MAP3K15,N/A,N/A,N/A,N/A
PPA1,1,0,0,initial
PPA1,2,3.45960269185259,-2.43515357068874,intermediate
PPA1,3,7,-2.17570396444046,final
SSR4,1,0,0,initial
SSR4,2,2.39492396199269,0.325116783729237,intermediate
SSR4,3,4.8873032667284,-2.33909484719252,intermediate
SSR4,4,7,-0.874815129439778,final
ST20,1,0,0,initial
ST20,2,2.67002582874778,1.81791680368651,intermediate
ST20,3,4.81819745063806,-4.98837377669915,intermediate
ST20,4,7,0.20163386116965,final
NQO1,1,0,0,initial
NQO1,2,2.17585774913015,-5.15435717427434,intermediate
NQO1,3,4.74763221044066,-0.083462342381313,intermediate
NQO1,4,7,0.172337132151176,final
SLC25A42,1,0,0,initial
SLC25A42,2,7,-3.28540221886225,final
METTL23,1,0,0,initial
METTL23,2,2.34769298710946,0.282863449938676,intermediate
METTL23,3,5.07967970165479,-2.27258864356145,intermediate
METTL23,4,7,-0.489965986785409,final
MAPK15,1,0,0,initial
MAPK15,2,2.67113150931707,2.82642122812835,intermediate
MAPK15,3,4.31842712448025,-4.92833149358567,intermediate
MAPK15,4,7,-2.50250034052918,final
EHMT1,1,0,0,initial
EHMT1,2,3.66165390652307,-1.86461447505825,intermediate
EHMT1,3,7,-0.443761788315475,final
DHTKD1,1,0,0,initial
DHTKD1,2,3.44635861537882,-3.4521106304078,intermediate
DHTKD1,3,7,-2.13070369164459,final
POLR2A,1,0,0,initial
POLR2A,2,2.44120427208559,0.360959389212938,intermediate
POLR2A,3,4.99736949279136,-2.45775387972473,intermediate
POLR2A,4,7,1.54983427731755,final
AATK,N/A,N/A,N/A,N/A
ATG9B,1,0,0,initial
ATG9B,2,7,5.91938153979172,final
COPG1,N/A,N/A,N/A,N/A
SLC9A9,1,0,0,initial
SLC9A9,2,2.5722366161723,3.14367847902857,intermediate
SLC9A9,3,4.52702344970936,-5.3317894159863,intermediate
SLC9A9,4,7,-3.05183893151962,final
RNF41,N/A,N/A,N/A,N/A
SLC2A4,N/A,N/A,N/A,N/A
ADO,1,0,0,initial
ADO,2,2.4038226322236,-0.144028106835164,intermediate
ADO,3,4.72460032512704,-2.17663691400419,intermediate
ADO,4,7,-1.11103131238874,final
MGAT4C,N/A,N/A,N/A,N/A
IDH2,1,0,0,initial
IDH2,2,7,-3.32651536438301,final
ENPP7,1,0,0,initial
ENPP7,2,1.36984932470217,-2.63960764520095,intermediate
ENPP7,3,5.17338455464605,-2.03332012675029,intermediate
ENPP7,4,7,-0.584962500721156,final
UBA7,1,0,0,initial
UBA7,2,2.39742630487828,3.17696124457904,intermediate
UBA7,3,4.66045060305692,-8.93329158643977,intermediate
UBA7,4,7,-2.01792190799726,final
EXT1,N/A,N/A,N/A,N/A
SHMT2,N/A,N/A,N/A,N/A
CYB5D1,1,0,0,initial
CYB5D1,2,2.31772285284236,-0.770206583993465,intermediate
CYB5D1,3,4.79218458012313,-5.09702684073478,intermediate
CYB5D1,4,7,-1.2205991395134,final
UBE2E2,1,0,0,initial
UBE2E2,2,2.49434448171443,0.883987546225414,intermediate
UBE2E2,3,5.03346335489727,-1.69124185468674,intermediate
UBE2E2,4,7,-0.369606070031838,final
B4GALNT4,1,0,0,initial
B4GALNT4,2,7,-1.20732497324751,final
LIPF,N/A,N/A,N/A,N/A
FES,N/A,N/A,N/A,N/A
LIMK2,1,0,0,initial
LIMK2,2,2.63707477970802,1.28284451157286,intermediate
LIMK2,3,4.61139072916435,-2.59593770565731,intermediate
LIMK2,4,7,-0.89063830568733,final
ADI1,1,0,0,initial
ADI1,2,3.51509411533682,-2.79280067019667,intermediate
ADI1,3,7,-1.3685827739864,final
CSF1R,1,0,0,initial
CSF1R,2,3.7813184467019,-5.46944002149191,intermediate
CSF1R,3,7,0.125530882083859,final
HS3ST4,N/A,N/A,N/A,N/A
PLCB1,1,0,0,initial
PLCB1,2,3.63345844242209,-2.16213036005368,intermediate
PLCB1,3,7,-0.807354922057604,final
TTC3,1,0,0,initial
TTC3,2,2.53599000029693,1.07444871873102,intermediate
TTC3,3,5.06789613188155,-3.1631926938731,intermediate
TTC3,4,7,-0.240365855076707,final
ALG12,N/A,N/A,N/A,N/A
GALNT9,N/A,N/A,N/A,N/A
GLUD2,1,0,0,initial
GLUD2,2,3.35346548659398,-3.81393127943759,intermediate
GLUD2,3,7,-2.86507041991389,final
SLC25A18,1,0,0,initial
SLC25A18,2,3.73742296044967,-1.07900343956289,intermediate
SLC25A18,3,7,1.41503749927884,final
PYCR1,N/A,N/A,N/A,N/A
SLC8A1,1,0,0,initial
SLC8A1,2,2.54363905334364,1.14323305735364,intermediate
SLC8A1,3,4.59042125617995,-5.84817156075577,intermediate
SLC8A1,4,7,-1.75077139369124,final
SLC25A21,N/A,N/A,N/A,N/A
ABAT,1,0,0,initial
ABAT,2,2.51261894023951,0.29446856599116,intermediate
ABAT,3,4.5962257134545,-3.5421424436654,intermediate
ABAT,4,7,-0.966316873743711,final
SLC25A10,1,0,0,initial
SLC25A10,2,3.5339689538183,-5.21234075372506,intermediate
SLC25A10,3,7,-3.4594316186373,final
CAMK1D,1,0,0,initial
CAMK1D,2,2.17831637108757,5.08270275223898,intermediate
CAMK1D,3,4.7409233369105,-0.0465336622748843,intermediate
CAMK1D,4,7,0.557995453120887,final
AFMID,1,0,0,initial
AFMID,2,3.43374176558522,-3.0296241242394,intermediate
AFMID,3,7,-1.60715824683535,final
CHST6,1,0,0,initial
CHST6,2,3.35892268830574,6.60289607508567,intermediate
CHST6,3,7,-1,final
EPHA10,N/A,N/A,N/A,N/A
RIPK4,1,0,0,initial
RIPK4,2,2.20840187022162,0.432451500014323,intermediate
RIPK4,3,4.4983413795098,-1.30288015852717,intermediate
RIPK4,4,7,-1.00583694002228,final
TREX2,1,0,0,initial
TREX2,2,3.42610335009301,8.28831082352932,intermediate
TREX2,3,7,2.86673346913654,final
ACSM5,N/A,N/A,N/A,N/A
NDUFB1,1,0,0,initial
NDUFB1,2,2.4885920256453,0.778745748924118,intermediate
NDUFB1,3,4.67853551387724,-3.40673959657402,intermediate
NDUFB1,4,7,-1.48220292629596,final
MARCHF11,1,0,0,initial
MARCHF11,2,3.00948317131766,-1.41413583851198,intermediate
MARCHF11,3,7,-1,final
TRMT12,N/A,N/A,N/A,N/A
UPP1,1,0,0,initial
UPP1,2,2.50886548053182,-9.72941934732254,intermediate
UPP1,3,4.45258593478633,8.46524888962178,intermediate
UPP1,4,7,2.63141344093623,final
ACP7,1,0,0,initial
ACP7,2,7,7.18937533108847,final
CHEK2,1,0,0,initial
CHEK2,2,3.56637149130074,-3.93780803970037,intermediate
CHEK2,3,7,-2.94946726598101,final
B3GALT5,N/A,N/A,N/A,N/A
NUDT14,1,0,0,initial
NUDT14,2,2.34646143138815,1.05755703365179,intermediate
NUDT14,3,4.78311341724602,-4.44875982210355,intermediate
NUDT14,4,7,-0.78135971352466,final
SDR42E2,N/A,N/A,N/A,N/A
PRKX,1,0,0,initial
PRKX,2,2.36796129839342,0.00128773155656891,intermediate
PRKX,3,4.79475892506917,-4.50080600120461,intermediate
PRKX,4,7,-1.82426364073467,final
KMT5A,1,0,0,initial
KMT5A,2,3.52067105079523,-0.0303514732365942,intermediate
KMT5A,3,7,-1.40599235967584,final
ST6GALNAC3,1,0,0,initial
ST6GALNAC3,2,2.26093671334336,-0.223920555514099,intermediate
ST6GALNAC3,3,4.91755598446406,-4.37817893936003,intermediate
ST6GALNAC3,4,7,-1.77258950389693,final
PTP4A2,1,0,0,initial
PTP4A2,2,3.63253553535043,-3.01146020385271,intermediate
PTP4A2,3,7,-0.358424557869715,final
UQCR10,1,0,0,initial
UQCR10,2,3.37450717350009,-1.54713261777366,intermediate
UQCR10,3,7,-1.617571450968,final
LRRC51,1,0,0,initial
LRRC51,2,2.36878707417283,-0.164345416023556,intermediate
LRRC51,3,4.95184529589424,-4.17865928709302,intermediate
LRRC51,4,7,-0.491853096329675,final
UBE2F,N/A,N/A,N/A,N/A
PGP,1,0,0,initial
PGP,2,3.52232966423115,-2.42448127848,intermediate
PGP,3,7,-2.34482849699744,final
DGAT2L6,N/A,N/A,N/A,N/A
IRAK1,N/A,N/A,N/A,N/A
ACOT1,1,0,0,initial
ACOT1,2,2.32710385298073,2.22929491243297,intermediate
ACOT1,3,4.42749886764296,-3.51262270940469,intermediate
ACOT1,4,7,-2.13750352374994,final
ALDH1A3,1,0,0,initial
ALDH1A3,2,3.65213786082868,-4.97342581187406,intermediate
ALDH1A3,3,7,4.84521625351125,final
PRKD1,1,0,0,initial
PRKD1,2,2.41541727819232,0.480524406679481,intermediate
PRKD1,3,4.86896815533355,-4.02131033918677,intermediate
PRKD1,4,7,2.42884329880387,final
ZDHHC23,1,0,0,initial
ZDHHC23,2,2.47150180164207,2.70996769906246,intermediate
ZDHHC23,3,4.90914302958135,-2.34890741957172,intermediate
ZDHHC23,4,7,2.20493145127023,final
SRPK3,1,0,0,initial
SRPK3,2,2.53172483769826,1.36788972484601,intermediate
SRPK3,3,4.72201342643457,-4.5907112453545,intermediate
SRPK3,4,7,0.447458976971221,final
COPB2,N/A,N/A,N/A,N/A
TXNRD2,1,0,0,initial
TXNRD2,2,2.14941093863213,-2.43227240179565,intermediate
TXNRD2,3,4.86241790227817,-0.958003131169429,intermediate
TXNRD2,4,7,-0.219168520462162,final
PTP4A3,1,0,0,initial
PTP4A3,2,3.27332456276348,-3.78976663688686,intermediate
PTP4A3,3,7,-1.84799690655495,final
DUSP8,1,0,0,initial
DUSP8,2,7,5.44294349584873,final
PDE4B,N/A,N/A,N/A,N/A
NDUFA12,N/A,N/A,N/A,N/A
UBE2G2,N/A,N/A,N/A,N/A
SATL1,1,0,0,initial
SATL1,2,3.69563666410646,-2.04300867643814,intermediate
SATL1,3,7,6.83733591919593,final
USP18,1,0,0,initial
USP18,2,3.46004638360653,-5.36506573936572,intermediate
USP18,3,7,-3.03562390973072,final
NDUFA6,N/A,N/A,N/A,N/A
SLC22A10,N/A,N/A,N/A,N/A
DGAT1,1,0,0,initial
DGAT1,2,3.54074914467604,-2.33873518992392,intermediate
DGAT1,3,7,-0.598637437618233,final
NT5C1B,N/A,N/A,N/A,N/A
CA13,1,0,0,initial
CA13,2,2.6105662201035,4.14979991648918,intermediate
CA13,3,4.55858811396398,-0.977752038447255,intermediate
CA13,4,7,-1.51846708893425,final
SLC24A3,1,0,0,initial
SLC24A3,2,2.09584358418848,2.92568232568666,intermediate
SLC24A3,3,4.81771916421264,0.557397158370427,intermediate
SLC24A3,4,7,-0.137503523749935,final
ADSS1,1,0,0,initial
ADSS1,2,7,-2.76938707185858,final
INPP5J,N/A,N/A,N/A,N/A
PRMT3,N/A,N/A,N/A,N/A
PPIL6,N/A,N/A,N/A,N/A
GALNT17,1,0,0,initial
GALNT17,2,3.95814145344001,-4.04431274858211,intermediate
GALNT17,3,7,0.736965594166206,final
CDK10,N/A,N/A,N/A,N/A
ATP6V0A2,N/A,N/A,N/A,N/A
PRKN,1,0,0,initial
PRKN,2,2.45831195905367,5.78140401317762,intermediate
PRKN,3,4.80426123918164,-6.01520302710292,intermediate
PRKN,4,7,0,final
HS6ST3,1,0,0,initial
HS6ST3,2,3.83052447023757,-1.09585787741278,intermediate
HS6ST3,3,7,2,final
MAPK11,1,0,0,initial
MAPK11,2,3.50524885893506,-4.11474651211119,intermediate
MAPK11,3,7,-2.43538614467065,final
SMYD3,1,0,0,initial
SMYD3,2,3.65842102233423,-3.45025653580092,intermediate
SMYD3,3,7,-1.46200097824943,final
TMT1A,1,0,0,initial
TMT1A,2,2.63690486600005,4.98015461248543,intermediate
TMT1A,3,4.4600879851068,-13.3652663803511,intermediate
TMT1A,4,7,-5.57202344501366,final
ROR1,N/A,N/A,N/A,N/A
PDE6G,1,0,0,initial
PDE6G,2,2.21424022171606,3.95253548135899,intermediate
PDE6G,3,4.63648730504427,-3.63976827488686,intermediate
PDE6G,4,7,0.584962500721156,final
PRKG1,1,0,0,initial
PRKG1,2,2.39250720648115,4.94411887677983,intermediate
PRKG1,3,4.76995100377252,-5.75833857193737,intermediate
PRKG1,4,7,2.18057224564182,final
PDIA2,N/A,N/A,N/A,N/A
UBE2L3,1,0,0,initial
UBE2L3,2,2.14230567509051,-1.75367710938028,intermediate
UBE2L3,3,4.57959975658189,-0.50219855495745,intermediate
UBE2L3,4,7,-0.735653456703415,final
PIGP,1,0,0,initial
PIGP,2,2.54916576494168,1.05329513511554,intermediate
PIGP,3,4.52881503389862,-3.97681368270409,intermediate
PIGP,4,7,-1.60266450245462,final
PCYT2,1,0,0,initial
PCYT2,2,3.56766155847182,-1.93412884212321,intermediate
PCYT2,3,7,-2.36470841373155,final
NAT8L,N/A,N/A,N/A,N/A
BCAP31,N/A,N/A,N/A,N/A
THNSL1,1,0,0,initial
THNSL1,2,2.25272172364143,-0.670394490879412,intermediate
THNSL1,3,5.02988144304234,-3.93625203875588,intermediate
THNSL1,4,7,-0.662130361243616,final
ATP6V0C,1,0,0,initial
ATP6V0C,2,7,3.58496250072116,final
TMLHE,1,0,0,initial
TMLHE,2,2.36524232308219,0.434369292172978,intermediate
TMLHE,3,5.01930651424377,-3.16436725847264,intermediate
TMLHE,4,7,-1.05889368905357,final
GRK1,1,0,0,initial
GRK1,2,3.29914870784177,-3.01257946527306,intermediate
GRK1,3,7,-0.584962500721156,final
ATP4B,N/A,N/A,N/A,N/A
NDUFA13,N/A,N/A,N/A,N/A
CYP2R1,1,0,0,initial
CYP2R1,2,2.61536448649887,2.64582444654581,intermediate
CYP2R1,3,4.54608122291896,-3.80647747182224,intermediate
CYP2R1,4,7,-1.49208372458384,final
PIP5K1C,1,0,0,initial
PIP5K1C,2,2.39558831835178,1.25232040244546,intermediate
PIP5K1C,3,5.36064797987007,-3.70391113904791,intermediate
PIP5K1C,4,7,0.736965594166206,final
CYP4F2,N/A,N/A,N/A,N/A
POLR3C,1,0,0,initial
POLR3C,2,2.24641791762624,-0.45313594581796,intermediate
POLR3C,3,5.10958558812168,-3.17383471256912,intermediate
POLR3C,4,7,-0.334254844562798,final
WWOX,1,0,0,initial
WWOX,2,2.48785711866545,2.12471448456697,intermediate
WWOX,3,4.62261465992531,-5.37196882971104,intermediate
WWOX,4,7,-1.37851162325373,final
CYP4Z1,N/A,N/A,N/A,N/A
POLR1D,N/A,N/A,N/A,N/A
ZNRF1,1,0,0,initial
ZNRF1,2,2.66142043900208,1.7840271973635,intermediate
ZNRF1,3,4.49733407251468,-3.93671031245645,intermediate
ZNRF1,4,7,-1.4671260104273,final
CYP4F12,1,0,0,initial
CYP4F12,2,2.68333475971707,4.95110620448889,intermediate
CYP4F12,3,4.69006202552687,-9.80144165895194,intermediate
CYP4F12,4,7,1.90259594421843,final
GPAT2,1,0,0,initial
GPAT2,2,2.50632848807323,0.0497146365403343,intermediate
GPAT2,3,4.44475680800704,-4.25889285888339,intermediate
GPAT2,4,7,-1.58496250072116,final
SLC36A3,N/A,N/A,N/A,N/A
SLC36A2,1,0,0,initial
SLC36A2,2,1.91041132677099,2.99101826617713,intermediate
SLC36A2,3,5.3721992252591,-2.99434009870574,intermediate
SLC36A2,4,7,1.58496250072116,final
RXRA,1,0,0,initial
RXRA,2,7,-2.10132470996188,final
CYP4X1,1,0,0,initial
CYP4X1,2,2.38194775480734,5.4560651893322,intermediate
CYP4X1,3,4.52796991129072,-4.83084631078754,intermediate
CYP4X1,4,7,0,final
CYP4F8,1,0,0,initial
CYP4F8,2,3.60654860600219,-1.05734447441389,intermediate
CYP4F8,3,7,4.95419631038687,final
CYP4F3,1,0,0,initial
CYP4F3,2,2.54809508447942,3.21270613832195,intermediate
CYP4F3,3,4.75931170296366,-4.19797736883656,intermediate
CYP4F3,4,7,-1.28798076296402,final
UBE2H,1,0,0,initial
UBE2H,2,2.67511084664281,-1.72726324050568,intermediate
UBE2H,3,4.56764143696088,1.18287816326682,intermediate
UBE2H,4,7,1.38892341506783,final
PDE2A,1,0,0,initial
PDE2A,2,3.607459922196,-3.4463602507798,intermediate
PDE2A,3,7,0.584962500721156,final
BCDIN3D,N/A,N/A,N/A,N/A
BCR,1,0,0,initial
BCR,2,3.4956476012648,-0.32801037453222,intermediate
BCR,3,7,1.22123409526789,final
HYAL3,N/A,N/A,N/A,N/A
ZDHHC17,N/A,N/A,N/A,N/A
PPARA,1,0,0,initial
PPARA,2,2.46735345496477,0.308812104586812,intermediate
PPARA,3,4.77247173034951,-4.14877864754158,intermediate
PPARA,4,7,-0.374181369754997,final
PNLIPRP1,N/A,N/A,N/A,N/A
PTRH1,N/A,N/A,N/A,N/A
CYP4A11,1,0,0,initial
CYP4A11,2,2.39844974039082,6.34445796974035,intermediate
CYP4A11,3,4.13283497858643,-2.24427488930907,intermediate
CYP4A11,4,7,0,final
PLCD1,N/A,N/A,N/A,N/A
ENTPD5,1,0,0,initial
ENTPD5,2,2.15584273621866,-1.21248086095822,intermediate
ENTPD5,3,4.95195565521682,-3.68946546620127,intermediate
ENTPD5,4,7,-0.929610672108602,final
AKR1C1,N/A,N/A,N/A,N/A
GCNT1,N/A,N/A,N/A,N/A
KCNJ11,N/A,N/A,N/A,N/A
NHLRC1,N/A,N/A,N/A,N/A
COX8C,N/A,N/A,N/A,N/A
DHRS4L2,1,0,0,initial
DHRS4L2,2,2.44871909983558,2.56825425985336,intermediate
DHRS4L2,3,4.68520324037621,-3.61486369360166,intermediate
DHRS4L2,4,7,-1.66025062802539,final
B3GLCT,1,0,0,initial
B3GLCT,2,2.53374786244633,0.0358681059081477,intermediate
B3GLCT,3,4.61461895735402,-2.7479726946534,intermediate
B3GLCT,4,7,-0.237840323674543,final
ADH1A,1,0,0,initial
ADH1A,2,1.79863637134274,-1.29823131878791,intermediate
ADH1A,3,5.34819697257702,-4.38515034483742,intermediate
ADH1A,4,7,0,final
RNF133,1,0,0,initial
RNF133,2,2.12345699770291,2.00715610825623,intermediate
RNF133,3,5.22613167148931,-2.32560654688667,intermediate
RNF133,4,7,1.58496250072116,final
PLA2G4E,N/A,N/A,N/A,N/A
MAPK12,1,0,0,initial
MAPK12,2,3.3301485805477,-3.52056242229183,intermediate
MAPK12,3,7,-2.01282404035758,final
TMPPE,N/A,N/A,N/A,N/A
PRKAR1B,1,0,0,initial
PRKAR1B,2,3.56857152536914,-3.97986007954689,intermediate
PRKAR1B,3,7,-1.59171986689647,final
HYKK,1,0,0,initial
HYKK,2,2.44941914362977,2.71920533965377,intermediate
HYKK,3,5.13453993160972,-6.57018931626271,intermediate
HYKK,4,7,-0.658963082164933,final
SBK1,N/A,N/A,N/A,N/A
SLC38A3,N/A,N/A,N/A,N/A
PPP3R2,1,0,0,initial
PPP3R2,2,1.4390731075663,-1.99989247923963,intermediate
PPP3R2,3,4.71863499605881,-0.569817597023863,intermediate
PPP3R2,4,7,-1,final
SLC24A5,1,0,0,initial
SLC24A5,2,2.32394910290807,3.03712910491323,intermediate
SLC24A5,3,5.15545022920661,-4.28393210121541,intermediate
SLC24A5,4,7,1.35018635492888,final
DUSP28,1,0,0,initial
DUSP28,2,2.48896305062644,-0.446201834550975,intermediate
DUSP28,3,4.73729387136831,-1.83903168203902,intermediate
DUSP28,4,7,1.93859945533586,final
FBLL1,N/A,N/A,N/A,N/A
ASAH2,1,0,0,initial
ASAH2,2,2.31706198868391,-0.672208744394006,intermediate
ASAH2,3,4.5168917198442,-1.94157219646936,intermediate
ASAH2,4,7,-0.222392421336448,final
DPYD,1,0,0,initial
DPYD,2,2.2982995960139,0.919597306353229,intermediate
DPYD,3,4.77039079989806,-5.22222612541089,intermediate
DPYD,4,7,-1.60842147354515,final
IDO2,N/A,N/A,N/A,N/A
SLC4A5,N/A,N/A,N/A,N/A
UROS,1,0,0,initial
UROS,2,2.37083735337329,0.119218018001427,intermediate
UROS,3,4.80353472307498,-5.96235388265462,intermediate
UROS,4,7,-1.83120166401197,final
ZDHHC9,N/A,N/A,N/A,N/A
ZDHHC11,N/A,N/A,N/A,N/A
ENTPD8,N/A,N/A,N/A,N/A
LRRK2,1,0,0,initial
LRRK2,2,2.55493599501693,2.67287592976753,intermediate
LRRK2,3,4.50606229062443,-8.73767135527352,intermediate
LRRK2,4,7,-0.497499659470817,final
HACD4,1,0,0,initial
HACD4,2,2.58257695605852,2.45475852371238,intermediate
HACD4,3,4.62100100735171,-6.87026561643789,intermediate
HACD4,4,7,-2.55781635870803,final
NDUFA4,1,0,0,initial
NDUFA4,2,2.45730265216725,0.215548385078364,intermediate
NDUFA4,3,4.70317738350667,-1.62428339435076,intermediate
NDUFA4,4,7,-1.38472187485137,final
MAOA,N/A,N/A,N/A,N/A
FHIT,N/A,N/A,N/A,N/A
ALG1L1P,1,0,0,initial
ALG1L1P,2,2.510495476666,0.164623894062239,intermediate
ALG1L1P,3,4.66258106698443,-4.10507142109232,intermediate
ALG1L1P,4,7,-1.58496250072116,final
PTPRT,N/A,N/A,N/A,N/A
SERPINA3,N/A,N/A,N/A,N/A
AKR1C3,N/A,N/A,N/A,N/A
ACADSB,1,0,0,initial
ACADSB,2,2.52307417158334,1.70923068629599,intermediate
ACADSB,3,4.60775560311653,-7.28193082132534,intermediate
ACADSB,4,7,-1.77163817182099,final
CTSE,N/A,N/A,N/A,N/A
PPIA,1,0,0,initial
PPIA,2,3.39199323732899,-1.39852014864761,intermediate
PPIA,3,7,-1.47195639398664,final
ATP2A1,N/A,N/A,N/A,N/A
IARS1,N/A,N/A,N/A,N/A
STK31,1,0,0,initial
STK31,2,2.48080459876972,2.32810730364417,intermediate
STK31,3,5.15210893241203,-6.22362519546643,intermediate
STK31,4,7,0.263034405833794,final
ADH7,1,0,0,initial
ADH7,2,2.28351645682258,10.323478815751,intermediate
ADH7,3,4.60470953608477,-6.1293825640284,intermediate
ADH7,4,7,-1.40209844357135,final
NUDT11,1,0,0,initial
NUDT11,2,2.1680782119095,-2.74438829453105,intermediate
NUDT11,3,5.06687443403937,1.12216746864822,intermediate
NUDT11,4,7,-2.23907116248308,final
FUT4,N/A,N/A,N/A,N/A
PTPN1,1,0,0,initial
PTPN1,2,3.3554529098176,-2.83670312392215,intermediate
PTPN1,3,7,-1.49440318199616,final
EPHB4,1,0,0,initial
EPHB4,2,3.45214875785047,-2.50672553237469,intermediate
EPHB4,3,7,-2.19151186365046,final
SIAH1,N/A,N/A,N/A,N/A
NCOR2,1,0,0,initial
NCOR2,2,2.4566224943053,0.399365513679086,intermediate
NCOR2,3,4.80137887357835,-2.56841362950231,intermediate
NCOR2,4,7,1.29846912206337,final
SULT1A1,1,0,0,initial
SULT1A1,2,3.36164247577923,-4.27004277663139,intermediate
SULT1A1,3,7,-2.61470984411521,final
TPK1,N/A,N/A,N/A,N/A
SLC6A9,1,0,0,initial
SLC6A9,2,2.56872695773943,1.71693913375972,intermediate
SLC6A9,3,4.52439909279452,-2.57439065400155,intermediate
SLC6A9,4,7,-1.66837850890879,final
MAN2A2,1,0,0,initial
MAN2A2,2,2.08636592294568,-1.71187882444943,intermediate
MAN2A2,3,4.9534963979189,-2.21878890742924,intermediate
MAN2A2,4,7,0.294061301454418,final
ADH1B,1,0,0,initial
ADH1B,2,2.14494682707806,1.2442910064656,intermediate
ADH1B,3,4.823683747025,-3.29625876007317,intermediate
ADH1B,4,7,0,final
DAPK1,1,0,0,initial
DAPK1,2,2.26210242310566,2.44037548406215,intermediate
DAPK1,3,4.93153141710626,-4.40926740654044,intermediate
DAPK1,4,7,1.49937694671149,final
GM2A,1,0,0,initial
GM2A,2,2.35882895156235,0.493748516909116,intermediate
GM2A,3,4.76680784906571,-2.25021255765394,intermediate
GM2A,4,7,-0.452296280871482,final
ADA,N/A,N/A,N/A,N/A
FUT11,N/A,N/A,N/A,N/A
GAL3ST4,1,0,0,initial
GAL3ST4,2,2.53545463763393,1.21078740293511,intermediate
GAL3ST4,3,4.52828451506248,-5.50943160151797,intermediate
GAL3ST4,4,7,-2.14295795384204,final
SLC25A29,1,0,0,initial
SLC25A29,2,3.48207040970651,-3.0789416810715,intermediate
SLC25A29,3,7,-3.08934748559528,final
PGAP1,1,0,0,initial
PGAP1,2,2.45069254723898,0.605762037574871,intermediate
PGAP1,3,4.76191607251193,-4.99956958691531,intermediate
PGAP1,4,7,-0.798830849751066,final
SRC,1,0,0,initial
SRC,2,3.21001856016425,-2.41345655371269,intermediate
SRC,3,7,-0.834134253173204,final
ACSL5,N/A,N/A,N/A,N/A
SULT1A2,N/A,N/A,N/A,N/A
NEK5,1,0,0,initial
NEK5,2,3.42984118118751,-1.89716533050484,intermediate
NEK5,3,7,-1.92599941855622,final
SLC22A4,1,0,0,initial
SLC22A4,2,2.36168942070907,-0.120871296461835,intermediate
SLC22A4,3,5.05927408290768,-5.88203202414194,intermediate
SLC22A4,4,7,0.440572591385981,final
ENTPD4,1,0,0,initial
ENTPD4,2,2.48353255343231,0.118421504466607,intermediate
ENTPD4,3,4.69301784714853,-2.98976812676257,intermediate
ENTPD4,4,7,-0.792719575689207,final
SERPINA1,1,0,0,initial
SERPINA1,2,7,4.08746284125034,final
FITM2,1,0,0,initial
FITM2,2,2.57370307619706,2.15373430844125,intermediate
FITM2,3,4.58881757469932,-2.36676823695091,intermediate
FITM2,4,7,-0.794681092022494,final
TRIM33,1,0,0,initial
TRIM33,2,3.73347015817111,-0.00921899273063934,intermediate
TRIM33,3,7,2.18173430373195,final
UAP1L1,N/A,N/A,N/A,N/A
SLC22A5,1,0,0,initial
SLC22A5,2,2.4901590583308,-0.298896027003124,intermediate
SLC22A5,3,4.59816296714221,-3.95054837483577,intermediate
SLC22A5,4,7,-0.6035183197494,final
FABP12,N/A,N/A,N/A,N/A
SHPK,N/A,N/A,N/A,N/A
MAP3K5,1,0,0,initial
MAP3K5,2,2.4334817891072,1.12106271870497,intermediate
MAP3K5,3,4.89090291696919,-3.07762275941532,intermediate
MAP3K5,4,7,-1.47999294111961,final
OGDHL,1,0,0,initial
OGDHL,2,3.36981584477729,-4.0419059350257,intermediate
OGDHL,3,7,-1.73696559416621,final
CYP2F1,N/A,N/A,N/A,N/A
GSTK1,1,0,0,initial
GSTK1,2,2.46673799917385,1.40184719489546,intermediate
GSTK1,3,4.73334882413247,-5.15000766145239,intermediate
GSTK1,4,7,-1.85085656069419,final
SLC2A10,N/A,N/A,N/A,N/A
SLC28A3,1,0,0,initial
SLC28A3,2,3.39091376731738,4.52300290935972,intermediate
SLC28A3,3,7,2.98765160757236,final
MIB2,1,0,0,initial
MIB2,2,3.40476008815164,-1.56297396195316,intermediate
MIB2,3,7,-1.14475239552826,final
BCO2,1,0,0,initial
BCO2,2,3.31500241349339,6.5148804487263,intermediate
BCO2,3,7,3.07972719247073,final
ENTPD6,N/A,N/A,N/A,N/A
ENPP1,1,0,0,initial
ENPP1,2,3.51716264873405,-5.39724516902917,intermediate
ENPP1,3,7,0.833990048561071,final
FAR1,1,0,0,initial
FAR1,2,3.32996418281883,-3.13270626095853,intermediate
FAR1,3,7,-1.5658341883471,final
RPE,N/A,N/A,N/A,N/A
PSAP,1,0,0,initial
PSAP,2,2.50838404171664,1.30699079334919,intermediate
PSAP,3,4.47990733543383,-3.33654668583358,intermediate
PSAP,4,7,-0.765497519205897,final
TXNRD3,1,0,0,initial
TXNRD3,2,2.34354544277273,-0.226135170400227,intermediate
TXNRD3,3,4.69101256988452,-4.34666966698179,intermediate
TXNRD3,4,7,-1.66821800437051,final
SLC9A8,1,0,0,initial
SLC9A8,2,3.70193908652721,-3.33124020489157,intermediate
SLC9A8,3,7,-0.16868183459168,final
GPAA1,1,0,0,initial
GPAA1,2,2.45940932067034,0.158247389908209,intermediate
GPAA1,3,4.74461542877857,-2.88672898353771,intermediate
GPAA1,4,7,-0.723790205418473,final
SLC22A12,N/A,N/A,N/A,N/A
ADH5,1,0,0,initial
ADH5,2,3.53029835522538,-3.90582377555427,intermediate
ADH5,3,7,-2.11050712377784,final
SLC22A6,N/A,N/A,N/A,N/A
PLCG2,N/A,N/A,N/A,N/A
DNM3,N/A,N/A,N/A,N/A
ELOVL2,1,0,0,initial
ELOVL2,2,2.11450698700723,0.742837567219197,intermediate
ELOVL2,3,4.91139465809816,-4.54648723583901,intermediate
ELOVL2,4,7,0.736965594166206,final
IRAK4,1,0,0,initial
IRAK4,2,2.63569289445719,2.3795773203139,intermediate
IRAK4,3,4.63367211234812,-5.3044952205757,intermediate
IRAK4,4,7,-1.21494623685359,final
MARCHF5,1,0,0,initial
MARCHF5,2,2.46902148479678,0.767741133820604,intermediate
MARCHF5,3,4.64894139260756,-0.121927848565606,intermediate
MARCHF5,4,7,1.22026612022806,final
AKR1B10,N/A,N/A,N/A,N/A
SULT1C4,1,0,0,initial
SULT1C4,2,3.53811445809104,-2.56059061173005,intermediate
SULT1C4,3,7,0.584962500721156,final
CYP2A7,1,0,0,initial
CYP2A7,2,3.00948317131766,-1.41413583851198,intermediate
CYP2A7,3,7,-1,final
NUP62CL,1,0,0,initial
NUP62CL,2,7,-3.58496250072116,final
ADH4,1,0,0,initial
ADH4,2,3.70055815468007,-5.01671762563191,intermediate
ADH4,3,7,0.584962500721156,final
CHSY3,N/A,N/A,N/A,N/A
HIBCH,1,0,0,initial
HIBCH,2,3.58336102401032,-4.75074411835256,intermediate
HIBCH,3,7,-1.53373717736598,final
MAN1A2,1,0,0,initial
MAN1A2,2,2.61767662289575,1.05027973929595,intermediate
MAN1A2,3,4.79796811902428,-2.97973493290932,intermediate
MAN1A2,4,7,-0.445495845122302,final
HSD17B11,1,0,0,initial
HSD17B11,2,2.37658712779195,1.08213709224221,intermediate
HSD17B11,3,4.71941215326785,-7.88606087769405,intermediate
HSD17B11,4,7,0,final
SULT1C2,N/A,N/A,N/A,N/A
SLC29A3,1,0,0,initial
SLC29A3,2,2.56706235400281,0.673911961622346,intermediate
SLC29A3,3,4.70112954906964,-5.42358782505664,intermediate
SLC29A3,4,7,0.584962500721156,final
UCKL1,N/A,N/A,N/A,N/A
PIM3,1,0,0,initial
PIM3,2,2.62335373899952,-1.8917680915992,intermediate
PIM3,3,4.60773350663766,1.44301674744955,intermediate
PIM3,4,7,1.0476629722657,final
ASPH,1,0,0,initial
ASPH,2,3.52304203896975,-2.84054445955783,intermediate
ASPH,3,7,-1.18709505811717,final
WWP2,1,0,0,initial
WWP2,2,3.44593601765303,-1.29965195499097,intermediate
WWP2,3,7,1.30915645170323,final
NTRK1,N/A,N/A,N/A,N/A
TXNRD1,N/A,N/A,N/A,N/A
SLC34A3,N/A,N/A,N/A,N/A
AKR1C4,N/A,N/A,N/A,N/A
NCOA6,1,0,0,initial
NCOA6,2,2.39992419804503,0.57234998414487,intermediate
NCOA6,3,4.94665877199013,-1.73800829464782,intermediate
NCOA6,4,7,1.16587816837961,final
STK39,N/A,N/A,N/A,N/A
TAT,N/A,N/A,N/A,N/A
CALM1,N/A,N/A,N/A,N/A
PAPSS2,N/A,N/A,N/A,N/A
ABCA4,N/A,N/A,N/A,N/A
GPX6,N/A,N/A,N/A,N/A
ECI2,1,0,0,initial
ECI2,2,3.45065035242213,-4.48651491145158,intermediate
ECI2,3,7,-3.03160960651682,final
SMURF1,1,0,0,initial
SMURF1,2,3.56020617448698,0.108224023081976,intermediate
SMURF1,3,7,1.48844958589868,final
PLXNB3,N/A,N/A,N/A,N/A
OXCT2,N/A,N/A,N/A,N/A
COLGALT2,N/A,N/A,N/A,N/A
PNP,1,0,0,initial
PNP,2,3.54456923914541,0.378465938732306,intermediate
PNP,3,7,2.89140235269644,final
GK,N/A,N/A,N/A,N/A
INPP5F,1,0,0,initial
INPP5F,2,2.41211481185061,-0.16324098598302,intermediate
INPP5F,3,4.79440588941282,-2.45807208085026,intermediate
INPP5F,4,7,-0.648351206992638,final
STYXL2,N/A,N/A,N/A,N/A
CES1,1,0,0,initial
CES1,2,3.40138991567541,7.66387663695477,intermediate
CES1,3,7,4.96962635095648,final
PRMT6,1,0,0,initial
PRMT6,2,2.60449132239445,1.86109899719994,intermediate
PRMT6,3,4.71552562385045,-5.74192506807332,intermediate
PRMT6,4,7,-1.41953889151378,final
MAP3K3,1,0,0,initial
MAP3K3,2,2.56402588070534,0.444588448849767,intermediate
MAP3K3,3,4.58367172351233,-3.94786076071,intermediate
MAP3K3,4,7,-0.836501267717121,final
L1CAM,N/A,N/A,N/A,N/A
DZIP3,1,0,0,initial
DZIP3,2,2.56315626157809,-0.338355406500234,intermediate
DZIP3,3,4.56197567160007,-7.24171390975421,intermediate
DZIP3,4,7,-1.07928890980464,final
APRT,1,0,0,initial
APRT,2,3.53019051476461,-2.41762608140726,intermediate
APRT,3,7,-1.92791384617894,final
NAGA,1,0,0,initial
NAGA,2,3.51983657045418,-3.06011705928906,intermediate
NAGA,3,7,-1.79158760619929,final
TGM2,N/A,N/A,N/A,N/A
PJA2,N/A,N/A,N/A,N/A
SGMS1,1,0,0,initial
SGMS1,2,2.58830305760526,3.02983587849801,intermediate
SGMS1,3,4.43877979994541,-2.98619478061909,intermediate
SGMS1,4,7,-1.90114661307371,final
EEF1AKMT2,1,0,0,initial
EEF1AKMT2,2,2.39805218561254,0.779367418380165,intermediate
EEF1AKMT2,3,5.01134548760101,-5.09900344662592,intermediate
EEF1AKMT2,4,7,-1.08431628593348,final
DDO,N/A,N/A,N/A,N/A
PLPP4,N/A,N/A,N/A,N/A
HSD3B1,N/A,N/A,N/A,N/A
GLT6D1,N/A,N/A,N/A,N/A
INPP5B,N/A,N/A,N/A,N/A
NEU4,N/A,N/A,N/A,N/A
AWAT1,N/A,N/A,N/A,N/A
BMPR2,1,0,0,initial
BMPR2,2,2.62538199018363,2.47360891243007,intermediate
BMPR2,3,4.86944886033378,-4.50316425262487,intermediate
BMPR2,4,7,0.0425246166465569,final
RING1,N/A,N/A,N/A,N/A
HSD17B8,1,0,0,initial
HSD17B8,2,3.6454856761909,-0.431914136825907,intermediate
HSD17B8,3,7,-1.74495838491974,final
RNF5,1,0,0,initial
RNF5,2,3.47572581619116,-2.48472662011867,intermediate
RNF5,3,7,-1.95507412911848,final
AGPAT1,1,0,0,initial
AGPAT1,2,3.5280876821599,-2.90693594168436,intermediate
AGPAT1,3,7,-1.52724700286487,final
STK19,N/A,N/A,N/A,N/A
SDHD,1,0,0,initial
SDHD,2,3.47032598223286,-2.36364274398295,intermediate
SDHD,3,7,-1.01112623798038,final
EHMT2,1,0,0,initial
EHMT2,2,2.31349463724528,-0.155089437143436,intermediate
EHMT2,3,4.87678925395091,-5.86027450116342,intermediate
EHMT2,4,7,-1.90626994813029,final
SLC44A4,1,0,0,initial
SLC44A4,2,2.41178080798206,-1.56968438965598,intermediate
SLC44A4,3,4.70983168599651,-5.9758094404904,intermediate
SLC44A4,4,7,1.64385618977472,final
NEU1,1,0,0,initial
NEU1,2,3.62140664229477,0.400540744009575,intermediate
NEU1,3,7,2.47999294111961,final
VARS1,N/A,N/A,N/A,N/A
DDR1,1,0,0,initial
DDR1,2,2.33319172404956,0.289862300177594,intermediate
DDR1,3,5.01395308170386,-4.59383479763822,intermediate
DDR1,4,7,-0.434666306027776,final
SLC35B4,1,0,0,initial
SLC35B4,2,3.59655463870314,-4.49759021724272,intermediate
SLC35B4,3,7,-1.30141549756165,final
CDKL4,N/A,N/A,N/A,N/A
PDE7A,N/A,N/A,N/A,N/A
NT5M,1,0,0,initial
NT5M,2,3.36047143092991,-3.41140070978424,intermediate
NT5M,3,7,-1.96347412397489,final
CPT1B,N/A,N/A,N/A,N/A
PLPP6,1,0,0,initial
PLPP6,2,2.59213460287803,2.80213839095073,intermediate
PLPP6,3,4.83579097247884,-3.96664463287198,intermediate
PLPP6,4,7,-0.271545905689311,final
ZDHHC11B,N/A,N/A,N/A,N/A
ATP10A,1,0,0,initial
ATP10A,2,2.31501105195465,0.654453296116144,intermediate
ATP10A,3,5.19400346967015,-4.58475855880157,intermediate
ATP10A,4,7,0.931287249915986,final
HACD2,1,0,0,initial
HACD2,2,3.35681075584822,-2.24849261544576,intermediate
HACD2,3,7,-0.625271372729752,final
GPX3,N/A,N/A,N/A,N/A
DIO2,1,0,0,initial
DIO2,2,2.28087547661206,9.84774390059988,intermediate
DIO2,3,4.49591614841409,2.48918162393045,intermediate
DIO2,4,7,5.32621545329046,final
DIO1,N/A,N/A,N/A,N/A
SACM1L,1,0,0,initial
SACM1L,2,2.47912770284369,1.00610379821263,intermediate
SACM1L,3,4.86226779341373,-3.83071962119362,intermediate
SACM1L,4,7,-0.587909784771493,final
TSSK1B,N/A,N/A,N/A,N/A
NUP62,1,0,0,initial
NUP62,2,3.38069764259631,-2.96307100027995,intermediate
NUP62,3,7,-1.58496250072116,final
KLHL23,1,0,0,initial
KLHL23,2,3.47388848783383,-4.28800085943071,intermediate
KLHL23,3,7,-1.15579467260742,final
LTC4S,N/A,N/A,N/A,N/A
QTRT1,N/A,N/A,N/A,N/A
GSTM2,1,0,0,initial
GSTM2,2,2.4153092459772,5.75871554651317,intermediate
GSTM2,3,4.61931096424611,-7.56432478573108,intermediate
GSTM2,4,7,-0.736965594166206,final
HEXA,1,0,0,initial
HEXA,2,2.32555633105296,-0.661546672537481,intermediate
HEXA,3,4.78725089056879,-4.51826224487063,intermediate
HEXA,4,7,-1.02974734339405,final
NDUFS3,1,0,0,initial
NDUFS3,2,3.52131969855436,-2.45918212006402,intermediate
NDUFS3,3,7,-1.50803362228823,final
TREX1,1,0,0,initial
TREX1,2,2.46118910755504,1.7109932045087,intermediate
TREX1,3,4.64096528774282,-4.92883417615156,intermediate
TREX1,4,7,-1.33652547110032,final
DDAH2,1,0,0,initial
DDAH2,2,2.28078117541167,3.56276858808675,intermediate
DDAH2,3,4.68784048829105,-1.24939102214282,intermediate
DDAH2,4,7,-0.190430656876954,final
ATP6V1G2,N/A,N/A,N/A,N/A
MDP1,N/A,N/A,N/A,N/A
CSNK1E,1,0,0,initial
CSNK1E,2,7,1.88526778390872,final
GALT,1,0,0,initial
GALT,2,2.52152489953272,1.18017731871857,intermediate
GALT,3,4.47768356167089,-5.55161029151442,intermediate
GALT,4,7,-1.91253715874966,final
GANC,1,0,0,initial
GANC,2,2.46094129446655,1.0995431423523e-05,intermediate
GANC,3,4.84279057990086,-6.04446377088375,intermediate
GANC,4,7,-0.327311291584266,final
WEE2,1,0,0,initial
WEE2,2,2.30803172493072,-0.0245633466806357,intermediate
WEE2,3,5.28148340068381,-5.24297190101888,intermediate
WEE2,4,7,0.321928094887362,final
ALG3,N/A,N/A,N/A,N/A
NEURL1B,1,0,0,initial
NEURL1B,2,7,-5.18817670599853,final
ACSM4,N/A,N/A,N/A,N/A
UBE2QL1,1,0,0,initial
UBE2QL1,2,1.4848225241967,6.48427400043887,intermediate
UBE2QL1,3,4.78818053591158,-2.10552178354726,intermediate
UBE2QL1,4,7,2,final
CYB5RL,N/A,N/A,N/A,N/A
PPP2R2A,1,0,0,initial
PPP2R2A,2,3.62312973183302,-0.22683590568201,intermediate
PPP2R2A,3,7,1.95147142799579,final
FADS3,1,0,0,initial
FADS3,2,3.38500436072854,-4.77150085654057,intermediate
FADS3,3,7,-1.7921951148866,final
PPT2,1,0,0,initial
PPT2,2,2.49222257731606,5.05002603045514,intermediate
PPT2,3,4.75320333305564,-4.04806456028902,intermediate
PPT2,4,7,-0.650057528943041,final
USP17L2,N/A,N/A,N/A,N/A
CKMT1A,1,0,0,initial
CKMT1A,2,7,-3.22542011403402,final
CERS1,N/A,N/A,N/A,N/A
SLC26A6,1,0,0,initial
SLC26A6,2,3.52318572362403,-3.07896512150154,intermediate
SLC26A6,3,7,-2.33738174729388,final
PGAM4,N/A,N/A,N/A,N/A
AKR1B15,1,0,0,initial
AKR1B15,2,2.62164529389154,1.51369624348559,intermediate
AKR1B15,3,4.62798817853137,-7.39163908102142,intermediate
AKR1B15,4,7,-1,final
DHFR,1,0,0,initial
DHFR,2,1.9242185546949,-4.85181155722824,intermediate
DHFR,3,4.92723950658612,-7.17643933438504,intermediate
DHFR,4,7,-3.15603947518736,final
SAPCD1,N/A,N/A,N/A,N/A
GK3,N/A,N/A,N/A,N/A
GPX1,1,0,0,initial
GPX1,2,1.97007748138773,-3.23785343572977,intermediate
GPX1,3,4.67606395182446,-1.57742339113577,intermediate
GPX1,4,7,-1.41932878159428,final
APOC2,N/A,N/A,N/A,N/A
RPEL1,1,0,0,initial
RPEL1,2,2.33741190371126,2.98188864511395,intermediate
RPEL1,3,4.82517586010798,-4.08920457218204,intermediate
RPEL1,4,7,-0.84799690655495,final
B3GALT4,1,0,0,initial
B3GALT4,2,2.24190394146979,5.65261624762332,intermediate
B3GALT4,3,4.82077922793214,-4.46758802240677,intermediate
B3GALT4,4,7,-0.334419039070559,final
PPIAL4G,N/A,N/A,N/A,N/A
B3GNT9,1,0,0,initial
B3GNT9,2,2.53026463905176,2.37469072297424,intermediate
B3GNT9,3,4.54657941424212,-4.3612275437808,intermediate
B3GNT9,4,7,-1.62148837674627,final
CKMT1B,1,0,0,initial
CKMT1B,2,7,-2.4594316186373,final
RNF103,1,0,0,initial
RNF103,2,3.61557312041211,0.0780064914931118,intermediate
RNF103,3,7,3.1881295968199,final
NME1,N/A,N/A,N/A,N/A
ADSL,1,0,0,initial
ADSL,2,3.47338842506521,-4.06105150446879,intermediate
ADSL,3,7,-1.81523995739475,final
AMY2B,1,0,0,initial
AMY2B,2,2.61553786205453,3.36633387742928,intermediate
AMY2B,3,4.49684005981445,-4.5549765451736,intermediate
AMY2B,4,7,0,final
ACAD11,N/A,N/A,N/A,N/A
PPIL3,1,0,0,initial
PPIL3,2,2.42160042949054,1.1116597574808,intermediate
PPIL3,3,4.86175535055411,-5.25880046868946,intermediate
PPIL3,4,7,-1.53449045477362,final
AQP1,N/A,N/A,N/A,N/A
RDH14,1,0,0,initial
RDH14,2,2.54362476533848,1.03641766883208,intermediate
RDH14,3,4.52302056676418,-2.46226842256719,intermediate
RDH14,4,7,-1.13666254731056,final
PLCXD2,1,0,0,initial
PLCXD2,2,7,4.49825086752783,final
MIF,N/A,N/A,N/A,N/A
NSUN6,1,0,0,initial
NSUN6,2,2.37627470244201,0.86448839630134,intermediate
NSUN6,3,5.09247983178288,-4.10124861680802,intermediate
NSUN6,4,7,-0.754422791242752,final
CRCP,N/A,N/A,N/A,N/A
RPL36A,N/A,N/A,N/A,N/A
PDXP,N/A,N/A,N/A,N/A
EGFL8,N/A,N/A,N/A,N/A
ATP5MF,1,0,0,initial
ATP5MF,2,3.49177898696372,-3.44134426567253,intermediate
ATP5MF,3,7,-1.04425443837457,final
UGT1A1,N/A,N/A,N/A,N/A
INMT,N/A,N/A,N/A,N/A
ATP5PO,N/A,N/A,N/A,N/A
PISD,1,0,0,initial
PISD,2,2.55659894706497,-0.179465789662107,intermediate
PISD,3,4.92588516380618,-1.61777542581731,intermediate
PISD,4,7,1.76674906318886,final
HOGA1,1,0,0,initial
HOGA1,2,3.53760570594023,-5.89352614556512,intermediate
HOGA1,3,7,-3.03562390973072,final
AMACR,1,0,0,initial
AMACR,2,2.5886879194727,2.66059881214281,intermediate
AMACR,3,4.37123186291269,-5.53091640606162,intermediate
AMACR,4,7,-1.8073549220576,final
UGT1A8,1,0,0,initial
UGT1A8,2,2.12345699770291,2.00715610825623,intermediate
UGT1A8,3,5.22613167148931,-2.32560654688667,intermediate
UGT1A8,4,7,1.58496250072116,final
UGT1A10,N/A,N/A,N/A,N/A
DECR2,1,0,0,initial
DECR2,2,7,-2.12101540096137,final
EIF4EBP3,N/A,N/A,N/A,N/A
NAA80,N/A,N/A,N/A,N/A
NME2,1,0,0,initial
NME2,2,3.62064011933169,-4.40592212340713,intermediate
NME2,3,7,-0.893084796083488,final
PLA2G4B,1,0,0,initial
PLA2G4B,2,2.52790602196036,-0.0477182369122165,intermediate
PLA2G4B,3,4.59060304977918,5.00938576690932,intermediate
PLA2G4B,4,7,1.91616840919653,final
LEFTY1,N/A,N/A,N/A,N/A
ACY1,N/A,N/A,N/A,N/A
DDOST,1,0,0,initial
DDOST,2,3.60117485351223,-3.0990373156813,intermediate
DDOST,3,7,-2.04618310198866,final
UGT1A7,1,0,0,initial
UGT1A7,2,2.74869259684545,2.21586193417615,intermediate
UGT1A7,3,4.26380280297597,-3.50266720978016,intermediate
UGT1A7,4,7,-1.69031550086738,final
UGT1A4,N/A,N/A,N/A,N/A
SCARF2,N/A,N/A,N/A,N/A
PGAM5,N/A,N/A,N/A,N/A
MARS2,N/A,N/A,N/A,N/A
USP51,1,0,0,initial
USP51,2,2.34677289053456,0.833360519440556,intermediate
USP51,3,5.06864523241734,-7.71153328523102,intermediate
USP51,4,7,-1,final
BCKDHA,N/A,N/A,N/A,N/A
INSL3,N/A,N/A,N/A,N/A
GBA3,N/A,N/A,N/A,N/A
TRMT9B,1,0,0,initial
TRMT9B,2,2.26542693239174,3.02643335564185,intermediate
TRMT9B,3,5.08830141388775,-4.26962913984801,intermediate
TRMT9B,4,7,2.70043971814109,final
CDK3,N/A,N/A,N/A,N/A
ATP6V1E2,1,0,0,initial
ATP6V1E2,2,3.50391969873163,-4.23198371514001,intermediate
ATP6V1E2,3,7,-1.05062607306997,final
PRODH2,N/A,N/A,N/A,N/A
ALG1L2,1,0,0,initial
ALG1L2,2,3.52257577184584,-5.08439963974053,intermediate
ALG1L2,3,7,-1.22239242133645,final
PRKDC,1,0,0,initial
PRKDC,2,3.45575225585,-4.43330241012795,intermediate
PRKDC,3,7,-0.964418605213783,final
LYN,N/A,N/A,N/A,N/A
CHMP4A,N/A,N/A,N/A,N/A
FPGT,1,0,0,initial
FPGT,2,2.49507520752079,2.00325687895618,intermediate
FPGT,3,4.88032277858681,-6.85071470061153,intermediate
FPGT,4,7,-1.36257007938471,final
CYP2A6,N/A,N/A,N/A,N/A
CTSO,1,0,0,initial
CTSO,2,2.8391497245238,1.43908539619445,intermediate
CTSO,3,4.58572419359889,-3.90734364692769,intermediate
CTSO,4,7,0.0747677684019721,final
HMBS,N/A,N/A,N/A,N/A
POLG2,1,0,0,initial
POLG2,2,3.38455261658386,-3.46807591980476,intermediate
POLG2,3,7,-0.452512204697507,final
SLC5A8,1,0,0,initial
SLC5A8,2,2.35367185518101,-0.342550694310178,intermediate
SLC5A8,3,5.19728963158565,-2.63793475243198,intermediate
SLC5A8,4,7,2.76716583194191,final
MGAM,1,0,0,initial
MGAM,2,2.47702430401652,-0.427465580697528,intermediate
MGAM,3,4.87849551600728,-4.00379637135586,intermediate
MGAM,4,7,1.15200309344505,final
FNTB,1,0,0,initial
FNTB,2,2.64899770727322,3.02269815066682,intermediate
FNTB,3,4.58644376228873,-6.39538374825285,intermediate
FNTB,4,7,-0.94656074103854,final
GALNT4,N/A,N/A,N/A,N/A
PDF,N/A,N/A,N/A,N/A
FPGT-TNNI3K,1,0,0,initial
FPGT-TNNI3K,2,2.37553041175226,1.79686647106525,intermediate
FPGT-TNNI3K,3,5.35766308296917,-8.34760306108141,intermediate
FPGT-TNNI3K,4,7,-0.387023123109247,final
THTPA,N/A,N/A,N/A,N/A
NUDT3,1,0,0,initial
NUDT3,2,3.37380573254832,-3.04629805041885,intermediate
NUDT3,3,7,-1.75528919923996,final
