gene,k1,k2,k3
FGR,3,3,-1.16381341918402
FUCA2,-0.975887543883193,-0.975887543883193,-3.95123409279198
GCLC,0.416859084168432,-0.446669558996652,-0.446669558996652
CYP51A1,-1.83007499855769,2.61416071966169,2.61416071966169
LAP3,-2.29415053020423,0.968428964041994,0.968428964041994
HS3ST1,1.10780328953452,1.10780328953452,-3.28048087072911
HECW1,1,1,-4.09526107888151
MTMR7,2.02974734339405,2.88408148328902,2.88408148328902
SLC7A2,-0.101879614019214,-0.101879614019214,-3.14803127249679
CAMKK1,-2.27633122844725,-2.27633122844725,-2.27633122844725
PDK4,6.98228060455828,6.98228060455828,-3.46571878561227
SLC25A5,-1.42882445100892,-1.42882445100892,-1.67036777497845
ACSM3,-1.50250034052918,3.06772386650412,3.06772386650412
CREBBP,2.34093203651185,2.34093203651185,-1.12292849269576
PON1,-2.63960764520095,-2.63960764520095,-2.63960764520095
CROT,-1.47140899356258,2.82161951254956,2.82161951254956
ABCB4,0.612976876890753,2.24451345657623,2.24451345657623
MYCBP2,-0.304123547795582,3.49253611922309,3.49253611922309
PDK2,-0.930291028188596,4.01439247135941,4.01439247135941
MAP3K14,-1.26918663281539,-0.0562917386089129,-0.0562917386089129
MAP3K9,4.13656937102346,4.13656937102346,4.13656937102346
AGK,-1.12359937844138,-0.411350177156995,-0.411350177156995
ALDH3B1,1.85798099512757,5.66392286558839,5.66392286558839
COX10,-0.521808771929622,-2.12771302712683,-2.12771302712683
ARSD,-0.57407418457842,-0.57407418457842,-6.14776377852768
PNPLA4,-2.15630323087868,1.16167703415877,1.16167703415877
PIGQ,-1.13484254228687,-0.295649699502038,-0.295649699502038
FMO3,-0.415037499278844,-0.415037499278844,-3.75191699864297
CDKL5,1.37196877738696,0.851372307668469,0.851372307668469
NADK,-1.12688761830076,0.286664064991222,0.286664064991222
AASS,-1.54543413653452,-1.54543413653452,-3.6921986977111
ST3GAL1,0.547487795302493,0.547487795302493,-3.86210236086893
UBE3C,-0.604071323668861,-0.284811525303627,-0.284811525303627
REV3L,0.11491377470983,0.940942490085656,0.940942490085656
POMT2,-0.335286477742381,2.44713196309891,2.44713196309891
METTL13,0.0178725690652663,0.300624076180588,0.300624076180588
DYRK4,-2.04264433740849,-2.04264433740849,-3.01090556647957
UQCRC1,-1.91384335625029,-1.91384335625029,-3.04824510037881
SLC6A13,3.4594316186373,1.36551126401523,1.36551126401523
IDS,2.18679882000671,1.87918009724129,1.87918009724129
BTK,-1,2.84825959006506,2.84825959006506
FMO1,-2.22239242133645,6.65035677097282,6.65035677097282
ABHD5,2.38527691134103,2.38527691134103,2.59944221293604
RNF216,-0.21350059016332,-0.374029347922688,-0.374029347922688
PIK3C2A,1.12365576066503,1.12365576066503,-0.749941911891199
PPP5C,-1.54403223666627,-0.999814450671124,-0.999814450671124
EXTL3,-1.27178044829861,-0.715480050567848,-0.715480050567848
ELOVL5,-1.67539596716482,-1.67539596716482,-2.60123210370632
ALOX5,4.53859216832913,4.53859216832913,4.53859216832913
UBR7,-1.87285896703373,-1.87285896703373,-2.75675224869486
MAP4K5,-0.727417610667043,1.86457976782989,1.86457976782989
MAN2B2,-1.18077821252644,1.0656183054644,1.0656183054644
RNF14,-0.820822052682677,-0.638163310697895,-0.638163310697895
ACP3,0.563900885193326,6.16849175173808,6.16849175173808
MDH1,-2.09394472823927,-2.09394472823927,-2.92243975135769
XYLT2,-2.41119543298445,-2.41119543298445,-3.97748344034733
CHDH,-3,-3,-3
GLT8D1,-1.75069970520004,-1.75069970520004,-3.9256761696814
ATP2C1,-0.413184802169357,1.91631568251491,1.91631568251491
RALBP1,-1.43909062408475,0.955912435891676,0.955912435891676
SLC11A1,-0.125530882083859,1.18075002542236,1.18075002542236
AGPS,-1.49601016602807,-1.49601016602807,-4.38382567186023
CYP24A1,-0.192645077942396,7.06577374326719,7.06577374326719
CPS1,-2.21313445347535,0.0354939173023945,0.0354939173023945
ZDHHC6,-0.525977936102008,-0.525977936102008,-1.64910417605495
DERA,-1.0738636102228,0.241207001332939,0.241207001332939
ABCC2,0.697730430883106,1.38686899627342,1.38686899627342
GCLM,-0.0347654181606766,-0.0347654181606766,-4.86033605061393
UBR2,-0.612592491345046,1.35103913477129,1.35103913477129
HSD17B6,-2.08746284125034,0.503954254226304,0.503954254226304
KPNA6,-0.127269069090372,-0.118971408624821,-0.118971408624821
FAS,-1.81628804682761,-1.81628804682761,-3.36937240014748
PRKCH,1.46857795383821,1.46857795383821,1.46857795383821
TFB1M,-1,0.249278778909078,0.249278778909078
PNPLA6,-0.972727069849896,1.10978818133065,1.10978818133065
CHPF2,-0.542452205405195,1.15029053118304,1.15029053118304
FUT8,-1.73230421679634,-1.73230421679634,-5.43427514319734
UBA6,-0.316516736104564,-1.1723991307139,-1.1723991307139
MAP2K3,3.80266322673288,3.80266322673288,-0.0989286759002958
RNF19A,-0.391566783240043,2.99120741621505,2.99120741621505
DAPK2,-0.625604485218502,-3.03627422307107,-3.03627422307107
ADSS2,-1.40179017539904,-1.40179017539904,-2.39478241441363
OTC,-3.16975458506908,-3.16975458506908,-3.16975458506908
CYP46A1,0.678071905112638,0.678071905112638,-3.97203502651867
USP2,6.81209284106427,6.81209284106427,6.81209284106427
MRI1,-1.37851162325373,-0.172047084108543,-0.172047084108543
PI4K2B,-2.67359977051135,-2.67359977051135,-2.67359977051135
MAT2B,-0.81713594285019,-0.81713594285019,-2.37816642107842
TRIO,0.683056937106937,0.683056937106937,-1.83382336419349
INPP4A,-0.638349713468181,-0.638349713468181,-2.55613105176027
PARP3,-1.86059694333458,0.764641897921099,0.764641897921099
TRIT1,-1.16537493446451,1.36699997303904,1.36699997303904
PHKA2,-1.29406130145442,-1.29406130145442,-4.02851906102712
CTPS2,-1.50542373573595,-1.50542373573595,-4.3147105991371
POLR2B,-0.545021147369334,0.00782681824797211,0.00782681824797211
TPR,-0.564731084655462,-0.121834816320494,-0.121834816320494
CP,-1.13750352374993,-1.44721072339966,-1.44721072339966
USP28,-1.81705918537945,-1.81705918537945,-4.01441693897594
H6PD,-1.63770396279313,0.81836064005681,0.81836064005681
NEDD4L,4.17755465645989,4.17755465645989,-0.773907976674992
SLC4A8,1.09953567355091,1.09953567355091,-1.06294251611168
MAPK9,-1.03360839264282,0.381881396794434,0.381881396794434
POLQ,-3.9031866268451,-3.9031866268451,-6.63794206537111
MSMO1,-1.88208811493817,-1.88208811493817,2.4005893730737
AKR7A2,-2.73324250812349,-2.73324250812349,-2.44704709240582
PHPT1,-1.6578630477686,-1.6578630477686,-2.68649019081574
PTPRN,0,3.03612492439492,3.03612492439492
HHAT,-1.21021770739035,1.43878389214721,1.43878389214721
GALC,-1.62515159083686,0.85143976512969,0.85143976512969
EIF2AK2,-1.46574093902216,0.328769609989598,0.328769609989598
USP36,3.2929591043256,3.2929591043256,-1.09852556064712
KMT2C,1.22352129075311,0.802150694069855,0.802150694069855
GYG2,0.652076696579693,0.109277214540139,0.109277214540139
SOAT1,0.0643090325386519,0.0643090325386519,-4.39138349865046
USP13,-1,-1,-5.04578230060766
CDK14,1.13543662505702,2.52971672232562,2.52971672232562
CAMK2B,0.415037499278844,-0.663109476106786,-0.663109476106786
POLR3E,-0.420721137782427,-0.516767555211577,-0.516767555211577
ATP2B4,0.448391582153629,0.897249962108824,0.897249962108824
RIOK2,-0.897430266359452,0.0686056394667795,0.0686056394667795
NDC1,-2.53750756331315,-2.53750756331315,-4.81686599276462
DGKG,-2,-2,-4.87045471377226
PARP12,-1.41723505498309,0.443620909132722,0.443620909132722
ALDH18A1,-1.9465046534212,-1.9465046534212,-2.77766680117162
TARBP1,-1.09034650209625,0.74410761202428,0.74410761202428
STYK1,1.03476541816068,1.03476541816068,-2.01562051156999
WNK1,0.357667117857308,-0.569448613935094,-0.569448613935094
PIGV,-0.88952346363843,1.45108990577589,1.45108990577589
MPC1,-2.10433665981474,2.78162384713978,2.78162384713978
BCAT1,2.68862120232751,-6.51629831129697,-6.51629831129697
DGAT2,-1.15141170379099,-1.15141170379099,6.69811777485276
SPHK2,-0.943416471633632,-0.32502821722338,-0.32502821722338
HAGH,-1.14799003093843,1.96457970380866,1.96457970380866
ST3GAL6,1.70194540104787,1.70194540104787,2.51244673591274
ATP2C2,1.27612440527424,1.27612440527424,3.8093850888728
HIPK2,1.40488954390276,1.40488954390276,-4.32701145663861
CTSA,2.25618405554316,2.25618405554316,2.25618405554316
SLC12A2,-0.455301369492571,1.31838733256159,1.31838733256159
OAT,-0.387438503550309,-1.10440630210274,-1.10440630210274
DGKA,-1.21520588074318,1.30395785931811,1.30395785931811
ERBB3,1.64257322389125,4.55786582233457,4.55786582233457
PDIA5,-2.59610305832636,-4.21893440918733,-4.21893440918733
CYB5R4,-0.360839191305592,-0.375667440953477,-0.375667440953477
GSTO2,-1.54692313970198,-0.15644786044364,-0.15644786044364
PRKCQ,-0.874469117916141,-6.24525507579172,-6.24525507579172
SLC9A7,0.0664954117869069,0.0664954117869069,-3.12703344173633
ELOVL1,-1.06113365075146,-1.06113365075146,3.76695897381515
POLR1H,0.0365258760251139,-2.09016864838732,-2.09016864838732
FGFR2,-2.30424892765254,-2.30424892765254,-2.69530619671311
FECH,-0.990761793144662,-0.339292815825657,-0.339292815825657
PFKP,-1.16124787792236,-3.93480142252513,-3.93480142252513
PHKA1,-0.643119306278213,-0.643119306278213,-4.91812084764002
PKM,-2.43139073037962,-2.43139073037962,-3.79613370230056
METTL22,-0.430634354329862,-0.422489796751909,-0.422489796751909
PRKCZ,-0.538668848447221,0.396998239662715,0.396998239662715
IDH3G,-0.96203214980098,-0.04953808777941,-0.04953808777941
ATP2B3,0.584962500721156,0.584962500721156,-2.33112896192966
ROCK1,-0.57917836482165,-0.57917836482165,-2.57824459383622
PDK3,-1.86249647625007,3.11085780068729,3.11085780068729
HYAL2,-1.67624300771045,1.77179753154799,1.77179753154799
FGFR3,-6.32114380835492,-6.32114380835492,-6.32114380835492
ACSL4,-1.71769973464048,-1.71769973464048,-1.71769973464048
MAST4,1.36257007938471,1.36257007938471,-1.00343263184306
NUP133,-1.09512454295841,-0.317484462377392,-0.317484462377392
MAOB,-3.32192809488736,-3.32192809488736,-4.52434889234716
RORA,1.96590254776262,4.69176368037385,4.69176368037385
ATP1B3,-1.31815634099815,2.35367999461426,2.35367999461426
PIGB,-1.12976787497033,1.1298086166208,1.1298086166208
GUCY2C,0.341036917835067,3.77393366612427,3.77393366612427
SLC44A1,-1.46669026458866,1.86208699913141,1.86208699913141
ST6GALNAC1,-4.64385618977472,-6.70622295720532,-6.70622295720532
GBA2,3.05431111987782,3.05431111987782,3.05431111987782
NDST1,-0.464230323601466,1.14610815124724,1.14610815124724
ASNS,-1.3584776992542,-6.13120667320447,-6.13120667320447
ST6GALNAC2,-0.37883991886122,1.57304381247879,1.57304381247879
CHAT,1.58496250072116,1.58496250072116,-0.818945949044212
TESK2,-1.26810539538122,2.98859314790407,2.98859314790407
PTPN21,0.245112497836531,10.1885718782524,10.1885718782524
EPHA8,1.58496250072116,1.58496250072116,-0.266817846239491
RAD18,-0.644010069039005,-0.644010069039005,-4.20628193037258
MAP4K4,-0.475820319659994,-0.475820319659994,-2.36321367125117
HLTF,-2.69129679259403,-2.69129679259403,-5.50538294116815
MYO3B,-3.85085656069419,-3.85085656069419,-3.85085656069419
CYBRD1,-1.4097182947043,3.56869695481089,3.56869695481089
RDH11,-1.52419117539136,1.59742747283043,1.59742747283043
RPS6KA6,-0.984893107609792,2.79878656371191,2.79878656371191
PTPN18,-1.07400058144378,-0.474955553164619,-0.474955553164619
SPEG,-0.841010476238843,-0.841010476238843,-2.79225956412749
ALDH3A2,-0.560171257581716,2.01333151100096,2.01333151100096
TFRC,1.15028784530472,1.14575640938289,1.14575640938289
SREBF1,-2.11988744642833,-2.11988744642833,-2.82279270838227
HSD17B10,-1.99785791342846,0.748929597677377,0.748929597677377
P4HA2,-1.87967114894018,-1.87967114894018,-4.01312212957811
STK10,2.40175536678937,2.40175536678937,0.0206215904222848
PDE8A,-0.507260143727912,0.110635884039629,0.110635884039629
SDHA,-0.667880503136546,-0.667880503136546,-3.12904655033322
PPP2R3A,-1.34032930969161,3.05575731432551,3.05575731432551
ABCB11,5.27301849440642,5.27301849440642,-1.10158817317514
DHRS9,4.73860408956196,-5.86138606024542,-5.86138606024542
ST6GAL1,-1.21105487740217,-1.21105487740217,-3.32005682379561
MGLL,1.62121302699052,-1.72328546063484,-1.72328546063484
NUAK1,-0.933970129664803,4.65345282305956,4.65345282305956
SLC24A1,-0.271302021817394,-0.748778231954508,-0.748778231954508
HACD3,-1.42379723330188,-1.42379723330188,-3.34675466479668
ENO1,-2.20715790764129,-4.79706055162586,-4.79706055162586
NUP37,-2.31435487518256,-2.31435487518256,-3.76837674263944
ACAT1,-2.50129180011012,-2.50129180011012,-2.93963787000719
SLC25A3,-1.24212119945092,-1.24212119945092,-2.76119861125979
PLD1,-0.0922243400626841,4.40733205937443,4.40733205937443
ATP12A,3.92124588858559,3.92124588858559,3.92124588858559
PTPN23,1.06140054466414,1.06140054466414,-0.5342186450519
FMO4,-1.37614848588525,4.60985587593017,4.60985587593017
ACACB,-0.443129806308197,1.45228940303005,1.45228940303005
NT5C2,1.36191698066786,1.36191698066786,0.418550860660511
DGKD,0.255654875468196,-3.23421432282192,-3.23421432282192
UBE2T,-3.28434491207921,-3.28434491207921,-5.39782976064184
USP33,-0.818967857943418,0.46360438435813,0.46360438435813
POLD3,-2.21723071622067,-1.90833973155797,-1.90833973155797
UBE2A,-0.252823446547362,-0.0307030487826787,-0.0307030487826787
FGFR1,1.61297687689075,-5.42131859898792,-5.42131859898792
MCCC1,0.812215213148139,-0.244681660976346,-0.244681660976346
ACER3,-0.713005695222025,-0.713005695222025,-2.97850175823445
SYNJ2,1.76090435940499,-5.50291995112292,-5.50291995112292
UBE2D4,0.181838322985813,1.35694835105313,1.35694835105313
FKBP7,0.0443941193584534,0.0443941193584534,-5.51636602358977
MKNK1,-0.381429106636024,-0.381429106636024,-3.94497121377066
DUSP13B,-3.41503749927884,-3.41503749927884,-3.41503749927884
FDFT1,-1.79431562698645,-1.79431562698645,0.22045376130247
PAFAH1B3,-2.53605290024021,-2.53605290024021,-4.06261758247039
PGM1,-2.52282381583068,-2.52282381583068,-2.85288172829718
DCT,-1.51102731944697,-1.51102731944697,-2.9133720485817
CNOT4,1.58496250072116,1.58496250072116,-0.116881157596654
CPOX,-1.42305567417477,-1.42305567417477,-3.79954211107346
MOK,-0.319936797068271,-0.319936797068271,-3.22819366637004
ARG2,-0.207804885113402,-4.69244112710891,-4.69244112710891
LRP2,0,0.409700940527092,0.409700940527092
AACS,-1.69116190455308,2.3582895322638,2.3582895322638
SMARCD3,-1.68038206579984,2.0402327648248,2.0402327648248
ME2,-1.16488438474178,-2.71999678122295,-2.71999678122295
BCKDHB,-1.79585928321977,0.331551398757912,0.331551398757912
ULK2,-1.02924481977586,0.287742945027822,0.287742945027822
PLOD1,-2.32347854645076,-2.32347854645076,-5.29153712782761
OXCT1,-2.57714299626186,-2.57714299626186,-2.73367608543909
CYLD,2.60240899625407,2.60240899625407,2.60240899625407
SLC27A5,-2.01707351335894,-2.01707351335894,-2.01707351335894
PPIE,-1.00287676075556,-1.00287676075556,-2.75818483022016
STARD7,-1.25126976487719,1.45483497760793,1.45483497760793
HAL,2.49492816685401,8.34011122600852,8.34011122600852
GSTP1,-1.79727975371656,-1.79727975371656,-3.157804796461
HADHA,-1.50094477909381,-1.50094477909381,-2.17643802705033
AKR1B1,-1.10619940383193,-0.761546605205212,-0.761546605205212
MGST2,-1.85010456951694,2.08213725837502,2.08213725837502
USP40,-1.11614159460915,-0.360136088814232,-0.360136088814232
B4GALT1,-0.525204071710523,-0.332058329245673,-0.332058329245673
AQP6,0.485426827170242,-3.93724018007572,-3.93724018007572
EIF2AK1,-1.13507269749517,0.526958891105467,0.526958891105467
SEPHS1,-1.18442457113743,-1.18442457113743,-3.49709418705659
ITPKC,3.16031889224681,3.16031889224681,3.16031889224681
HSD17B2,4.06608919045777,4.06608919045777,4.95144509470936
HUWE1,1.16881086512863,0.412150744664173,0.412150744664173
ALG9,-1.0598714559774,-1.0598714559774,-4.03648989758379
ACOX3,-1.05496645921793,2.20125133606622,2.20125133606622
HSD17B14,2.54748779530249,2.54748779530249,2.54748779530249
NLK,-0.0880561766651961,1.28940281353897,1.28940281353897
PIGS,-1.45637829465974,2.50096028958591,2.50096028958591
LPCAT2,0.340955618630127,3.4419768984138,3.4419768984138
L2HGDH,-1.65711228647699,1.53090903151658,1.53090903151658
DNM1L,-1.21293306129105,-1.21293306129105,-2.59708776865071
AURKA,-4.22356296504439,-4.22356296504439,-7.91354135203716
SULT2B1,2.13717228851925,2.13717228851925,2.28999457445148
ALG6,-0.897845456005511,1.37998103123026,1.37998103123026
PTPN4,-0.730782945662772,1.56536945131719,1.56536945131719
DNMT3B,-2.4391116342577,-2.4391116342577,-2.23861379888569
SLC15A1,1.82353484911304,1.82353484911304,5.07378303913561
TGDS,-0.332237194226331,-0.332237194226331,-2.47206816469419
CRLS1,-1.23761180895389,-1.23761180895389,-2.21084878394817
SMOX,0.513527362678207,-4.42339154703365,-4.42339154703365
FKBP1A,-0.475702317278421,-0.491129812999366,-0.491129812999366
MAPKAPK5,-0.499687520295411,-0.562357608264752,-0.562357608264752
NOS1,-0.0710830980614826,-0.0710830980614826,-2.88250659085989
HEPH,-2.49185309632967,3.13703050606144,3.13703050606144
GANAB,-1.80215414122397,-1.80215414122397,-3.74785565595954
SLC9A1,1.34155690163629,1.34155690163629,-0.279535262902785
SPTLC1,-0.749381290766064,0.420396928761693,0.420396928761693
IRAK3,1.13124453327825,0.35966056696836,0.35966056696836
MUL1,1.10524932474531,1.10524932474531,-0.750104700173656
CERS4,-2.78735189740998,-2.78735189740998,0.943071871033109
USP48,-0.367826570811148,0.25206608347276,0.25206608347276
PDPR,-0.0641303374197156,-0.0641303374197156,-4.33091252634544
NAT14,-1.41093310094611,0.602942997765417,0.602942997765417
SLC26A4,-0.823122237915921,1.01915798800827,1.01915798800827
DLD,-1.36294282064525,-0.457719709578008,-0.457719709578008
MAP3K20,0.347525921503213,-3.35857458777054,-3.35857458777054
FH,-1.67845392419097,-1.67845392419097,-2.53367870631217
SLC7A8,-1.15603947518736,0.745708282975506,0.745708282975506
RNF31,-1.12553088208386,2.07485073579138,2.07485073579138
HECTD1,2.65793156758524,2.65793156758524,2.65793156758524
TRPM7,0.415790275210814,-0.434608466170976,-0.434608466170976
TYRO3,0.440041505408738,3.31943718096852,3.31943718096852
CAPN3,2.54189377882927,1.71944746686415,1.71944746686415
PHGDH,-2.71351473478025,-2.71351473478025,-2.71351473478025
DPYSL2,-0.222972865939284,-0.222972865939284,-4.85564479349134
COMT,-1.46649246926382,-1.46649246926382,-2.36929965017957
XYLB,-0.807354922057604,-0.807354922057604,-5.07486436246512
UPRT,-1.22844146600925,0.251204798915567,0.251204798915567
AAAS,-1.68717910866152,0.714917500373169,0.714917500373169
FMO2,1.9808911770523,6.12815483902159,6.12815483902159
MAP3K1,-0.803278986265749,1.82160769381418,1.82160769381418
DHPS,-0.388213711203134,1.99342374569789,1.99342374569789
PTGS1,-4.42253203582577,3.25252300725532,3.25252300725532
CRAT,-2.34792330342031,-2.34792330342031,-2.53876606278031
NANS,-0.162374430722423,-3.52147199813878,-3.52147199813878
CYP26A1,-1,-1.41413583851198,-1.41413583851198
MYO3A,-1.58496250072116,0.695294545148766,0.695294545148766
TPSD1,1,1,-0.414135838511977
CRISP3,-1.58496250072116,-1.58496250072116,1.24988705162796
FKBP5,-5.51348248866488,-5.51348248866488,-7.493855537732
SIRT1,4.24116222535629,4.24116222535629,-0.0849050601017607
JAK2,-1.39231742277876,3.55060084882913,3.55060084882913
ABL1,0.283599976228263,0.283599976228263,-2.7638977829073
ACOT7,-0.397569321701632,-3.42364468813759,-3.42364468813759
SH3GLB1,-0.72394614084154,-0.72394614084154,-1.8330602334768
CDC7,-3.50194191395326,-3.50194191395326,-6.17293798805911
SCD,-2.53357841511258,3.34647208625719,3.34647208625719
HSD3B7,0.152951922838599,3.69624338312202,3.69624338312202
MARCHF2,-1.10056396656728,3.34313773343434,3.34313773343434
NDUFB7,-1.44919172510308,-0.307010692784267,-0.307010692784267
CDC34,1.05516859095263,1.05516859095263,0.661243578390901
MTAP,-0.724811393881577,-1.03325902981937,-1.03325902981937
POLR2E,-1.44022740774015,-1.44022740774015,-2.45780788241275
MKNK2,-0.886789389552009,-0.886789389552009,-1.76468002971741
ZDHHC8,-1.48308288670194,-1.48308288670194,-2.25610098193597
UPB1,-0.874469117916141,1.88618293109098,1.88618293109098
MAPK1,-0.58269351722716,-0.48818041400337,-0.48818041400337
GGT1,-1.666262602823,3.50781399147306,3.50781399147306
PRODH,-1.71808758396052,5.18088056066053,5.18088056066053
SLC25A1,-2.29716018973842,-2.29716018973842,-2.29716018973842
GRK3,-1.05633798414981,-1.05633798414981,-3.16739970475243
PLA2G3,-0.324272035355662,-0.324272035355662,5.28360518235749
ENSG00000100101,-1.29783628837645,-0.709758136415042,-0.709758136415042
GCAT,-1.68202991868132,-1.68202991868132,-3.97197847190051
SLC5A1,2.55885660938169,2.55885660938169,2.67854209729145
CYP2D6,-0.53051471669878,-0.786250188874108,-0.786250188874108
CYB5R3,-1.27130202181739,-1.27130202181739,-3.21995571016242
MIOX,-1.56946912592426,-1.56946912592426,-1.56946912592426
HMOX1,4.77387315469866,4.77387315469866,5.38878191316862
MCAT,-1.2089468902715,0.498054329132909,0.498054329132909
ARSA,-0.289506617194985,1.3001529032761,1.3001529032761
MTMR3,2.0505480958767,2.0505480958767,0.38230207391962
PNPLA3,-0.0458036896131248,2.70711489907595,2.70711489907595
TXN2,-1.86344033957512,-1.86344033957512,-1.83557292371582
TNRC6B,0.0135183241746941,0.359948090767071,0.359948090767071
SLC25A17,-0.502688497691614,-0.502688497691614,-1.79278674367982
EP300,2.27877714237954,2.27877714237954,-1.2332843903983
ACO2,-1.02466205423427,0.144900070791341,0.144900070791341
POLR3H,-1.10433665981474,-0.136279320947666,-0.136279320947666
PMM1,-1.13663469202185,-0.134807843136961,-0.134807843136961
POLE2,-3.01495034146597,-3.01495034146597,-5.87511958754482
CDKL1,-0.871675903024461,-0.871675903024461,-2.03644271062173
PYGL,-2.93996241721417,-2.93996241721417,-2.93996241721417
CDKN3,-4.64797229824696,-4.64797229824696,-7.96609486446529
PIGH,-0.885440235737144,2.09058465091101,2.09058465091101
GSTZ1,-1.36257007938471,0.892390302506796,0.892390302506796
LGMN,-0.840463233869543,0.291366720220966,0.291366720220966
PPM1A,1.60005080539318,1.60005080539318,1.60005080539318
SLC10A1,2.16992500144231,4.07232564500128,4.07232564500128
MTHFD1,-2.67959937485923,-4.52043630934163,-4.52043630934163
VRK1,-2.13160917249184,-2.13160917249184,-4.12966977983315
RPS6KA5,1.50788627770252,1.50788627770252,1.50788627770252
CINP,-1.53276628959573,-1.53276628959573,-2.05667123967182
DHRS2,-3.32192809488736,-3.32192809488736,0.00209221585126659
PCK2,-1.81783205627305,-1.81783205627305,0.564086247262555
GMPR2,-0.64190825741287,1.05711461747603,1.05711461747603
PLTP,-2.84766567132427,-2.84766567132427,-2.84766567132427
GSS,-2.58766165032211,-2.58766165032211,-3.30584531880897
ABHD12,-0.756545963135722,1.83073704937824,1.83073704937824
CTSZ,-1.72560573200166,-1.72560573200166,-3.977145209285
SLCO4A1,3.1606471878543,-3.1168958308448,-3.1168958308448
CDC25B,-1.49410907027004,-1.49410907027004,-5.26582491772412
CDS2,-0.986893011358523,-0.986893011358523,-3.37478213089743
PLCB4,1.73696559416621,1.73696559416621,-0.533782083248722
PAK5,-1.58496250072116,-1.58496250072116,-1.99310972962438
AHCY,-2.11311408005146,-2.11311408005146,-3.92592731611037
ACOT8,-0.922521247322282,3.38439390919899,3.38439390919899
USP14,-0.233845938306246,-0.0923574050598857,-0.0923574050598857
LPIN2,1.96038814410114,1.96038814410114,-1.9772003528643
RNF125,-1.20163386116965,-4.30769273988204,-4.30769273988204
POLI,-0.618068474748106,-0.177667775425549,-0.177667775425549
MIB1,-1.15840432646463,-1.15840432646463,-2.48408207120211
STS,4.44774981358966,4.44774981358966,4.44774981358966
TBL1X,-0.958179824305373,1.20414461099021,1.20414461099021
POLA1,-2.21752338181471,-2.21752338181471,-4.37632243662743
PRPS2,-1.95832715083508,-3.55493863119574,-3.55493863119574
SUV39H1,-2.40209844357135,-2.40209844357135,-5.66405416192152
ATP11C,-1.06808898984217,-1.06808898984217,-1.18854925055236
ABCD1,1.71620703399941,1.05355486500032,1.05355486500032
SLC25A14,-1.35755200461808,0.776611839439574,0.776611839439574
PIM2,-1.15472259479864,-1.15472259479864,-1.35203507096177
TAFAZZIN,-1.06054154193505,1.56706573668299,1.56706573668299
PGK1,-1.64968821405175,-1.64968821405175,-3.02283752119352
SMS,0.278571725692981,-4.29504245063288,-4.29504245063288
CDK16,-0.916842062104216,-0.916842062104216,-2.04849666356926
USP11,0.639039173476949,-0.594746766560255,-0.594746766560255
PCYT1B,-2.76081233612057,-2.76081233612057,-4.19965185675544
GLA,3.83904658237577,3.83904658237577,-1.97832345763218
ACP5,-2.5077946401987,0.748309509529057,0.748309509529057
UGGT2,-0.664328403947749,-0.157775703922939,-0.157775703922939
PARP4,-0.991386869695292,-0.991386869695292,-5.40497759232915
DGKH,0.2883713391547,0.2883713391547,-2.20333855853959
MGRN1,2.19005170129423,2.19005170129423,-0.357943760974238
PHKB,-0.941897045436432,0.277079088172143,0.277079088172143
NUP93,-1.63831800623329,-1.63831800623329,-3.49933831075696
DHODH,-1.41503749927884,-1.41503749927884,-4.13994797920779
POLR2C,-0.80100695597512,-0.259841682258643,-0.259841682258643
NME3,-2.09570041642059,1.04007899253537,1.04007899253537
SETD6,-0.671002331787848,0.761790888147951,0.761790888147951
HAS3,1.08623239764408,-2.73398217628824,-2.73398217628824
SMPD3,4.3662602015208,4.3662602015208,4.3662602015208
PLA2G15,-1.31170825256948,-1.31170825256948,-1.31170825256948
MLYCD,-0.0603726179794818,1.07010470197058,1.07010470197058
NAGPA,-0.235103473086002,2.55470651044385,2.55470651044385
USP10,-0.803308088994902,-0.803308088994902,-2.28670423761755
NME4,-3.19993757050875,-3.19993757050875,-4.19429884146868
ABCC1,1.16160215893459,1.16160215893459,-0.220384074560994
SLC7A5,-1.76293952887472,-7.54780068002096,-7.54780068002096
STUB1,-1.35412501112845,0.390914485533022,0.390914485533022
UBE2I,0.224231421000229,0.224231421000229,-2.10525674693854
QPRT,-0.908576972236406,3.97469994578093,3.97469994578093
CDIPT,-1.12623999737997,2.11260519914074,2.11260519914074
SLC6A2,0.251538766995964,6.30201070627718,6.30201070627718
AQP9,1.00416362494154,1.00416362494154,3.9615977661594
HERC1,0.141963171940635,1.22203855037908,1.22203855037908
MTFMT,-1.28950661719498,-0.747685565983757,-0.747685565983757
FAH,-1.58496250072116,-1.58496250072116,-4.74105620323874
OCA2,0.787949522885011,0.918877336139794,0.918877336139794
TGM5,1.84245872301352,1.84245872301352,8.13453598630694
SGK3,-1.02236781302845,-1.02236781302845,-2.82725855581801
CA2,-1.34548638436833,2.07460837186531,2.07460837186531
RIPK2,2.15754127698648,2.15754127698648,2.11372272404581
IKBKB,-0.68345236412052,1.07610393997243,1.07610393997243
PYCR3,-1.40439025507934,-1.7499268827889,-1.7499268827889
SQLE,-2.40788784550548,-2.40788784550548,2.0067528539275
SLC39A14,0.0955443333085353,0.0955443333085353,-2.58412217343572
GSR,-2.45121111183233,-2.45121111183233,-7.14601639916072
TUSC3,-0.121149486656977,-0.121149486656977,-3.48063166616344
ASAH1,-1.02402658426835,2.74497415646268,2.74497415646268
MAN2B1,-0.920146692310785,1.46669744930966,1.46669744930966
DHDH,3.44608867921974,3.44608867921974,-5.92390975019113
GYS1,-0.657112286476991,-0.657112286476991,-2.19005670581328
ECH1,-0.593679717822265,2.79472295879534,2.79472295879534
DOT1L,1.22404027421793,1.22404027421793,-0.272859971947402
SLC1A6,-3.05889368905357,-3.05889368905357,-3.05889368905357
FBL,-2.78544901924742,-2.78544901924742,-4.04833847876621
DYRK1B,-0.472068444315223,2.16064963829915,2.16064963829915
CLC,6.5077946401987,6.5077946401987,-0.437115440702081
GPI,-1.65324504503461,-1.65324504503461,-3.99192798422356
AKT2,-0.841029455447296,-0.1120302437456,-0.1120302437456
PLD3,-1.06121442648793,1.66849451814884,1.66849451814884
TBCB,-1.60124758430865,0.0700653143505564,0.0700653143505564
PRKD2,0.070389327891398,0.129443686573032,0.129443686573032
ETFB,-0.916583991812363,1.19180751199465,1.19180751199465
TYK2,-0.518049167381689,0.64467655621287,0.64467655621287
SULT2A1,1,1,-0.414135838511977
PTPRS,-1,0.117075163454436,0.117075163454436
PLA2G4C,5.59370235028532,5.59370235028532,1.33931906047466
HAS1,7.53138146051631,7.53138146051631,7.53138146051631
DBP,-1.43195088221519,2.10533445522305,2.10533445522305
BCAT2,-2.18903382439002,-2.18903382439002,-4.88042248177607
JAK3,0.280107919192735,1.85768764222701,1.85768764222701
PIK3R2,-0.584962500721156,0.495020615883257,0.495020615883257
PDE4C,3.52356195605701,3.52356195605701,-2.45189458003243
FKBP8,-0.813669897587312,1.36142158352493,1.36142158352493
CDK6,-0.150350403305538,0.425895458963095,0.425895458963095
PON3,-3.4594316186373,-3.4594316186373,1.12456218321612
PON2,-2.14729096609573,1.1476423723655,1.1476423723655
ATP6V0A4,-2.58496250072116,-2.58496250072116,-4.06817649850553
ZC3HAV1,-1.06255831299599,1.18822052445458,1.18822052445458
HIBADH,-1.30278620118719,0.240125501388185,0.240125501388185
FKBP14,-3.28765673651383,-3.28765673651383,-3.28765673651383
GARS1,0.946891509763642,-2.14560265079884,-2.14560265079884
EPHB6,-2.57742882803575,6.45033480291112,6.45033480291112
CYP3A5,-2,8.23733684094059,8.23733684094059
PTPRZ1,-2.38106732815749,3.31795741346553,3.31795741346553
HYAL4,3.90689059560852,13.8701881534864,13.8701881534864
IMPDH1,-2.47643804394299,-2.47643804394299,-5.20382667949026
PLOD3,-0.666262602823005,-0.666262602823005,-3.63786724009317
EZH2,-0.258259900513447,-0.258259900513447,-2.154009503438
BLVRA,-2.42057568282027,-2.42057568282027,-2.89621843111928
POLD2,-2.33567159605225,-2.33567159605225,-2.0103879404071
NMRK1,-1.30061186365027,2.63326401582432,2.63326401582432
CA9,-5.8073549220576,-5.8073549220576,-8.71322437247992
TYRP1,1.31961020170023,1.77224541938655,1.77224541938655
UBE2R2,2.59721239712833,2.59721239712833,2.59721239712833
PHYH,-1.31577586790577,-0.0152965711633883,-0.0152965711633883
CUBN,2,3.76023811916142,3.76023811916142
MAPK8,1.54820395071104,1.54820395071104,-1.26664598967835
PPP3CB,0.170318803830697,0.170318803830697,-2.36784471655372
BMPR1A,-0.454195875249956,0.89607940859572,0.89607940859572
LIPA,-2.59367140906604,2.23389023647319,2.23389023647319
SFXN3,-0.535448545679579,2.48978004635259,2.48978004635259
TNKS2,1.40995885924108,1.40995885924108,-0.539118524542112
LHPP,-1.93288580414146,-1.93288580414146,-1.93288580414146
MTPAP,-0.664004792977088,-0.664004792977088,-2.63656773927126
NEURL1,1.08746284125034,0.975026152197746,0.975026152197746
MAP3K8,3.69037670332962,3.69037670332962,3.69037670332962
UBE2S,-1.74250377770764,-6.12022257954583,-6.12022257954583
PPIF,4.79212749873112,4.79212749873112,4.79212749873112
ASPA,2.4964258261195,0.793255072837881,0.793255072837881
PNPO,-2.91475271338149,-2.91475271338149,-4.16326348868707
CBX1,-1.38178068335054,-1.38178068335054,-1.88442114047592
GALK1,-1.51306958223937,1.26905756109603,1.26905756109603
NUP88,-0.786201805607508,-0.059666297044026,-0.059666297044026
ALDH3A1,-2.25873426840017,5.50256933864287,5.50256933864287
KAT2A,-1.38529015588479,0.736680907513648,0.736680907513648
NAGLU,-1.19744606420622,-1.19744606420622,-1.93571336659467
DLX4,-2,2.6603716309366,2.6603716309366
ALOX12,3.12101540096137,2.89405815607571,2.89405815607571
SLC16A6,0.297836288376453,-0.365905451245084,-0.365905451245084
PRKAR1A,-1.12626071391472,-1.12626071391472,-1.56595679823723
MAP2K6,-3.75488750216347,-3.75488750216347,-9.1483444362749
ALDOC,-1.41734765996604,4.63834946910662,4.63834946910662
USP46,-0.129524991905569,2.80713097538393,2.80713097538393
SULT1E1,-3.48784003382305,-3.48784003382305,1.91674654543279
MANBA,-1.39854937649027,3.57080567128567,3.57080567128567
UBE2D3,1.65007103801927,1.65007103801927,-0.00581298820633477
MAPK10,-1.28010791919274,2.22931716563045,2.22931716563045
NDUFC1,-1.10932499043834,-0.372058326554578,-0.372058326554578
AADAT,-1.44057259138598,-1.44057259138598,-5.52178532163282
GALNT7,-0.950611973037837,-0.950611973037837,-3.91259647538027
SOD3,2.58496250072116,7.38802161629232,7.38802161629232
SLC2A9,-1.78947743132735,-1.78947743132735,-4.51784112479523
NSD2,-2.2947351319968,-2.2947351319968,-4.88470725305841
UGDH,-1.23364156246941,-1.23364156246941,-3.36086200471312
HTATIP2,-0.380648773733924,2.94530613320443,2.94530613320443
CTSC,-3.04606178228936,-3.04606178228936,-4.71206276543201
SC5D,-0.965689345084382,4.55251236898605,4.55251236898605
B3GAT1,2.58496250072116,0.114605193336269,0.114605193336269
SIAE,-3.55254102302878,-3.55254102302878,-3.56128460200696
ST3GAL4,-0.0298156544355615,-0.0298156544355615,-3.86551149937367
CPT1A,1.22383295569566,-0.366081980484121,-0.366081980484121
FOLR1,0.584962500721156,-0.484042949876111,-0.484042949876111
FOLR3,1.53743413063857,-2.09600411682842,-2.09600411682842
CBL,1.02895137369613,1.02895137369613,-0.760556044156282
PDHX,-0.0622553737706775,-0.556759613894713,-0.556759613894713
SLC1A2,10.3178397674902,10.3178397674902,10.3178397674902
SLC15A3,-0.807354922057604,1.61260527129473,1.61260527129473
NAA40,-0.879923548008249,-0.879923548008249,-5.96297678361029
SLC22A18,-1.68326457433296,1.2308044738864,1.2308044738864
NUP98,-0.0737752835529639,-0.0737752835529639,-1.86637264524126
TCIRG1,-1.20053298737271,-1.20053298737271,-3.54097218211868
CHKA,0.624490864907794,0.624490864907794,-1.95274699305933
PTPN5,4.97727992349992,4.97727992349992,-1.9157733615235
COQ5,-1.47433049501664,0.831774064082188,0.831774064082188
MVK,-2.97061619321891,-2.97061619321891,0.633818434446516
CAMKK2,-1.12949223963272,-0.364765140570251,-0.364765140570251
ATP5F1B,-1.17663756463212,-1.17663756463212,-1.94289118394769
TNS2,-0.108934371553164,1.17438872859621,1.17438872859621
LTA4H,-1.45037206707656,-1.45037206707656,-2.13208496644324
PARP11,-0.84799690655495,-0.84799690655495,-3.08152579079482
ACAD10,-0.923501862525956,0.21177262245115,0.21177262245115
ALDH2,-4.97452931248388,-4.97452931248388,0.932718314896751
ART4,0.415037499278844,-0.0625753119300525,-0.0625753119300525
RFC5,-2.49068255262174,-2.49068255262174,-5.19683948644677
NUP107,-1.79296491720332,-1.79296491720332,-4.71293343310724
GAPDH,-2.80116429603842,-2.80116429603842,-4.28329744465766
NOP2,-0.153805336079035,-3.38223474742674,-3.38223474742674
CHPT1,-1.16474476233663,-1.16474476233663,-3.13758254502291
TPI1,-1.17597096620477,-2.33237325886035,-2.33237325886035
GNPTAB,-1.08326782821392,-1.08326782821392,-3.2575669423733
PTPN6,-1.76339371944385,-1.76339371944385,-3.90230733233347
LPCAT3,-1.64244799538192,-1.64244799538192,-3.31915807977939
LDHB,-3.19885286452982,-3.19885286452982,-4.50217363990727
ST8SIA1,1.92599941855622,1.92599941855622,-3.41693352178304
AICDA,-3.99978495847925,-3.99978495847925,-3.99978495847925
FRK,-1.02553509210714,0.665179955133506,0.665179955133506
DSE,-0.956019215028692,-0.956019215028692,-2.37661538002836
GCNT2,0.467126010427298,0.320694694470047,0.320694694470047
MAN1A1,-1.80185893430275,-1.80185893430275,-3.42325864406163
UST,-1.01224359575475,-0.286581311005977,-0.286581311005977
ENSG00000112096,-0.111386931650549,-0.357917976591591,-0.357917976591591
RNF8,-1.31162717419732,0.0510130530657394,0.0510130530657394
CILK1,-0.593374740537356,1.86372080524016,1.86372080524016
PTP4A1,3.71779361492327,3.71779361492327,-0.841175126268994
GPLD1,-0.954196310386875,9.15180279576494,9.15180279576494
ALDH5A1,-1.63471553591826,5.29866297412821,5.29866297412821
VNN1,4.32192809488736,-0.212315658040312,-0.212315658040312
EYA4,-2,-2,-2.55889394698895
FIG4,-0.883712962159761,0.742947699914829,0.742947699914829
SLC16A10,0.932885804141463,14.2236567250081,14.2236567250081
PDE10A,3.32192809488736,3.59059314098575,3.59059314098575
PTK7,-2.31791503238074,-2.31791503238074,-3.34551384251238
GMDS,-4.06981723226726,-4.06981723226726,-4.06981723226726
TTK,-5.0423749517218,-5.0423749517218,-6.94034453719327
NUDT12,-1.57701374760567,2.24639833617794,2.24639833617794
TENT4A,-0.211504105193712,-0.211504105193712,-1.59478348531934
HMGCS1,-0.874780121770517,2.46345429037852,2.46345429037852
NNT,-2.35845397091248,-2.35845397091248,-4.30425655998742
SLC4A9,1.48542682717024,1.48542682717024,-5.63759711291782
LOX,1.85626452253855,1.85626452253855,-3.30273642257026
HMGCR,-0.859795804748743,2.71133053724455,2.71133053724455
PDE8B,-1.35954238668714,1.68434713602857,1.68434713602857
RNF130,-0.834835658479711,-0.140055517709745,-0.140055517709745
ARSB,-1.32716474325351,-1.32716474325351,-4.63611922312377
POLR3G,-1.2905151422559,-1.2905151422559,-2.31388202900916
SLC27A6,-2.66985139830767,-5.51749413243157,-5.51749413243157
PDE4D,-0.201633861169651,-0.357830468861508,-0.357830468861508
SLC12A7,2.80109593158592,2.80109593158592,-1.94294375147348
GNPDA1,0.724463825805848,-2.21557545391371,-2.21557545391371
PPP2CA,1.42840661058642,1.42840661058642,1.42840661058642
PPWD1,-0.507504011894959,0.740829413848049,0.740829413848049
DPYSL3,-1.71881824745595,-3.17015349129525,-3.17015349129525
ATP6V0E1,1.85642885263992,1.85642885263992,-0.992612080848523
EHHADH,-2.79234235120258,-2.79234235120258,-5.15102300747626
HGD,1.32192809488736,1.32192809488736,-2.21416641648163
RBP1,-2.41046476948902,-2.41046476948902,-2.33313782277976
KAT2B,2.64327706551156,2.64327706551156,2.64327706551156
BCHE,1.12480645573628,0.86539814964256,0.86539814964256
PFKFB4,-1.6249012460913,-1.6249012460913,-1.82332677719936
USP9Y,-3.99978495847925,-3.99978495847925,-3.99978495847925
CBLB,0.752072486556414,1.22516779959239,1.22516779959239
NEK11,-1.0911478880582,-1.0911478880582,-1.9386324258862
HEMK1,-0.791758067006586,0.775683765545751,0.775683765545751
ABCC5,-1.22132415394896,1.53326295693801,1.53326295693801
AADAC,-2,13.5450140826412,13.5450140826412
PLCH1,-1.22239242133645,-1.22239242133645,-5.14648990107808
NKTR,-0.14659855806962,1.17107076944304,1.17107076944304
SPCS1,-1.43029312226486,-1.43029312226486,-2.88332575905292
NEK4,-0.912393571285906,-0.912393571285906,-2.92053108429376
SLC4A3,-0.765534746362977,-2.1810384095442,-2.1810384095442
DGUOK,-1.41977541828551,-1.41977541828551,-2.81713619735039
KANSL3,-0.873185238645783,-0.873185238645783,-2.57525692346668
TTL,-1.05089671201891,-1.05089671201891,-3.32139426084582
PIKFYVE,0.0967686903816595,1.86487467865183,1.86487467865183
ZAP70,0,0.788652222858233,0.788652222858233
GPD2,-0.411567693350569,-0.411567693350569,-2.66040029671891
PPM1G,-1.55352330991974,-1.55352330991974,-2.97603198697392
NDUFS7,-1.9205655325056,-1.9205655325056,-2.87632207006152
POLE4,-1.00458726949565,-2.50414667053234,-2.50414667053234
FANCL,-0.796031535030724,-0.796031535030724,-3.54191898565871
GLS,1.46794238548106,1.46794238548106,-1.53992014151765
PECR,-1.98185265328974,-1.98185265328974,-6.76344547665518
USP34,1.12768799738959,1.12768799738959,-0.764844625099262
NEU2,4.10433665981474,4.10433665981474,4.13572646105679
CHST10,-1.48542682717024,-1.48542682717024,-5.38469194475599
PLCD4,-1.28239973070073,-1.28239973070073,-6.85433438998478
SLC9A2,3.96962635095648,4.11868663587111,4.11868663587111
UXS1,-0.470693932200375,-0.578364175128303,-0.578364175128303
ABCB6,-0.222392421336448,2.76368827603962,2.76368827603962
STK16,-0.594076207850656,0.627970098092373,0.627970098092373
SLC5A7,-1.58496250072116,-1.58496250072116,-2.40390844976537
HDLBP,-0.749600000876894,-0.749600000876894,-1.77568963425622
PASK,-0.988060386688475,-0.988060386688475,-5.11509466407405
STK25,-1.43879931687241,-0.459936181540061,-0.459936181540061
ODC1,-0.168401161806698,-0.168401161806698,-2.3833893513807
PRKD3,-0.663029965338918,-0.663029965338918,-2.11051057411878
QPCT,1.51836475199213,-0.774916621170928,-0.774916621170928
SLC25A12,-2.25951992165756,-2.25951992165756,-2.83615180073889
LCT,0.736965594166206,4.59744138384836,4.59744138384836
DARS1,-1.28122805308339,-1.32057356524145,-1.32057356524145
SDC1,-2.13860732654323,-2.13860732654323,-2.32453776648288
PLCL1,4.12328944598116,4.12328944598116,4.12328944598116
SLC1A4,0.00164409709062507,0.549092799146119,0.549092799146119
KYNU,1,4.46939996556518,4.46939996556518
AAK1,0.6463630453853,0.172321745726567,0.172321745726567
PCYOX1,-1.75168709987297,1.69299099621519,1.69299099621519
ATP6V1B1,-1,-4.25890545731231,-4.25890545731231
SPR,-1.25504161508026,-1.25504161508026,-4.82556756449327
EPHA4,-2.26303440583379,5.47196891499902,5.47196891499902
DHCR24,-3.06793564708822,-3.06793564708822,1.74703132471423
GPX7,-1.44745897697122,1.72842484767697,1.72842484767697
SCP2,-1.48164615346042,2.13071209565513,2.13071209565513
ATP5PB,-1.47768493807443,-1.47768493807443,-1.89489076784076
RNF19B,1.36215038627894,1.36215038627894,-0.151728135512149
ASH1L,1.50972673509158,1.50972673509158,-0.977836983292887
SLC35D1,-2.75488750216347,-2.75488750216347,-5.15069978780067
PLA2G4A,-3.01802729497572,-3.01802729497572,-3.01802729497572
CTH,0.841935153767749,-3.3256118127758,-3.3256118127758
TNNI3K,1,3.34703598976252,3.34703598976252
CRYZ,-2.79566365028966,1.66085276018804,1.66085276018804
GNPAT,-1.32663765850669,0.482798258359695,0.482798258359695
MTR,-0.102014957613373,-0.467129066315911,-0.467129066315911
AKT3,2.15919859484925,0.799670883377697,0.799670883377697
ACADM,-1.78534961397434,0.114088037254011,0.114088037254011
ST6GALNAC5,1.09881773621792,-0.689179087563856,-0.689179087563856
PADI2,3.52356195605701,0.139773166578293,0.139773166578293
UAP1,-0.651301447710813,-2.80339605775179,-2.80339605775179
PLA2G2D,1.58496250072116,1.58496250072116,-0.656389774246198
CDK18,-2.17932369944456,-2.17932369944456,-2.06708818022136
HMGCL,-0.427556968469523,1.76571810532045,1.76571810532045
SLC2A1,-3.07957794720801,-3.07957794720801,-3.80482852054178
B4GALT2,-1.62688395015426,-1.62688395015426,-2.35328370941707
AKR1A1,-1.93957011744668,1.35402435371135,1.35402435371135
PIK3R3,-1.09397614820901,0.39993583020433,0.39993583020433
FAAH,-2,-2,-2.83153354708429
NSUN4,-0.960554776285415,-0.960554776285415,-1.50507220292786
ABCD3,-1.42951360269592,2.3914044859844,2.3914044859844
DPH5,-1.58009674554934,0.0768783494425075,0.0768783494425075
PRDX6,-1.80550649766524,-1.80550649766524,-2.19272767537312
PLPPR5,1.93859945533586,1.93859945533586,-3.80453458961703
SLC35A3,-0.341759266808931,0.528793576967314,0.528793576967314
MAN1C1,-3.52356195605701,-3.52356195605701,-3.52356195605701
NEK2,-5.35755200461808,-5.35755200461808,-7.83974110043261
RPS6KA1,-1.99359591778612,-1.99359591778612,-3.27160645184814
SLC5A9,-3,3.08731480260323,3.08731480260323
CTSD,-0.904865760131028,0.66655035425493,0.66655035425493
STK11,-1.09223794858674,0.185491031526345,0.185491031526345
KMT2A,1.17553860790584,1.17553860790584,-2.34333566218283
CA14,0.29373120305671,-0.112377636738229,-0.112377636738229
USP35,-0.257496222292364,1.44501533196633,1.44501533196633
ELOVL4,2.88009451062583,2.88009451062583,4.78682250038577
SGK1,1.28229630799443,-5.28190776586919,-5.28190776586919
RNF146,-0.163498732282879,1.21853032959772,1.21853032959772
ARG1,4.34253837456265,4.34253837456265,6.56224264738494
CCN2,3.98765160757236,3.98765160757236,0.0367042995807217
SLC16A7,-0.856635824828823,4.49130245245291,4.49130245245291
RPN2,-1.43664705250682,-1.43664705250682,-1.73038349431117
UBE2B,3.36803386362558,3.36803386362558,-0.723204299825343
GLE1,-1.10461391455584,-1.10461391455584,-2.92458112229856
TRIM32,-0.562214866892561,0.256969247562134,0.256969247562134
NEK6,-0.443988872974973,-0.443988872974973,-3.77909722043464
GALNT12,-4.22881869049588,-4.22881869049588,-6.97170267181284
NEK9,-0.444547381551318,-0.604529682075631,-0.604529682075631
ACYP1,-1.63584366972334,-1.63584366972334,-1.29529116028557
ACOT2,-0.615659297944073,3.01960354225954,3.01960354225954
DLST,-0.500651916136815,-0.500651916136815,-2.57401376552864
ALDH6A1,-1.35147237050138,1.01917225379304,1.01917225379304
COQ6,-0.471305718925589,1.10867472444873,1.10867472444873
FKBP1B,-1.29278174922785,-0.0408807362442103,-0.0408807362442103
ELOVL3,-3.4594316186373,8.96647119110063,8.96647119110063
GPAM,-0.624490864907793,-0.38302408226116,-0.38302408226116
PPP1R3C,-1.37529132048609,-4.75063081182712,-4.75063081182712
DUSP1,0.917858047342554,-0.763468729645847,-0.763468729645847
PANK3,0.0368965867810375,0.0368965867810375,2.28169094561803
TEK,3.4594316186373,3.4594316186373,-5.43600841065785
RCL1,0.19015208433624,0.19015208433624,-2.15488655258577
NUP43,-1.69012734370495,-1.69012734370495,-4.14366217474508
PCMT1,-1.45648794277235,-1.45648794277235,-1.50314851083396
ACAT2,-2.81165221312764,-2.81165221312764,0.0094930362118047
MASTL,-1.26378796816009,-1.26378796816009,-3.15088066244433
LYZL1,-1.99989247923963,-1.99989247923963,-1.99989247923963
DUSP4,1.82934054095343,1.82934054095343,1.82934054095343
PTK2B,0.0714351380429489,-0.518442489176549,-0.518442489176549
EPHX2,-2.97679260883867,1.90663427587989,1.90663427587989
RDH10,1.10790572578233,1.10790572578233,-1.46756475539922
EPX,-2,-2,-4.19019740577771
LRAT,2.1933839742663,-2.61942478399555,-2.61942478399555
ECHDC2,-0.691004138131481,1.30759202653422,1.30759202653422
TRMT1L,-1.11464256594112,0.622497910487154,0.622497910487154
NAA50,-0.851809574667758,-0.851430226959899,-0.851430226959899
CAT,-1.20567502639151,4.35785405030465,4.35785405030465
POLR3GL,-2.02590186344276,-2.02590186344276,-3.68106796310921
LIAS,-0.906177977643479,0.690620502371271,0.690620502371271
TMEM54,-0.555038864171036,3.28923344103935,3.28923344103935
ACVR2A,-0.0387323944887145,3.03410824419276,3.03410824419276
POLK,-1.22449394398174,-1.22449394398174,-2.56354585924757
OCRL,-0.843724060069539,-0.0652916435873737,-0.0652916435873737
COPA,-0.642256606418471,0.0589649910237646,0.0589649910237646
HS3ST2,4.56478461878353,4.56478461878353,0.545320428955306
RBBP6,1.35875564365597,1.35875564365597,1.35875564365597
RPAP2,-0.519896259901192,0.00716529136648021,0.00716529136648021
FKBP9,-1.79532006286725,-1.79532006286725,-1.79532006286725
ACO1,-2.60746990013073,-2.60746990013073,-4.27593540530597
AKR1D1,-1.56946912592426,-1.56946912592426,-1.56946912592426
CHST3,-1.38078793732593,-1.38078793732593,-4.87264072175462
P4HA1,-1.14432107025412,-1.14432107025412,-4.4105200310233
CIT,-2.75488750216347,-2.75488750216347,-7.01949066476558
ACADS,-0.714597781137752,2.42614130151344,2.42614130151344
WWP1,0.304664528170105,0.386983117784834,0.386983117784834
ACOT9,-0.681202322644197,-0.681202322644197,-2.59072421754895
PKN1,0.883675882032768,0.883675882032768,-2.64991251978613
NLN,0.117909490093544,0.117909490093544,-2.41898892118727
EEF1AKMT3,0.425305834732671,0.425305834732671,-1.59033473474074
SARDH,-1,-1,-3.70917350248435
USP45,-0.0429831705507462,0.149891549362171,0.149891549362171
METTL8,-1.37011162839733,-0.769192084935113,-0.769192084935113
SLC36A1,1.85295888923103,1.85295888923103,-0.224108283008839
LPGAT1,-1.4114971415736,-1.4114971415736,-3.35620394329612
PFKFB2,1.94341647163363,1.94341647163363,1.94341647163363
ACSL3,-0.415255676223061,-0.557291553838721,-0.557291553838721
OBSL1,-0.397070952749395,1.73425375163149,1.73425375163149
SLC12A5,1,2.78002594835137,2.78002594835137
NCOA3,-0.1410923192346,1.10453124223686,1.10453124223686
PIGT,-1.12667180348843,-0.0455689326276749,-0.0455689326276749
ATP5F1E,-0.543717684165107,-0.543717684165107,-1.64012261406941
PLCG1,-0.990152214043653,1.18062197542555,1.18062197542555
MTRR,-0.678071905112638,1.85265007461739,1.85265007461739
STAMBP,-0.764496275891009,0.593100435586373,0.593100435586373
NAGK,-0.559427408614019,1.40249463683727,1.40249463683727
MCEE,-1.41953889151378,3.40163482113391,3.40163482113391
ATP8A1,1,9.56821353058162,9.56821353058162
SIRT5,-1.68901237094328,-1.68901237094328,-2.75818166444352
OARD1,-1.29470662615234,0.644220731357102,0.644220731357102
MOCS1,-1.67807190511264,-1.67807190511264,-2.76979805198161
GOT2,-1.08380717372922,-1.08380717372922,-3.33387409849877
CLYBL,-1.77444029958487,-0.682914611548269,-0.682914611548269
SLC10A2,0.584962500721156,1.34924776795262,1.34924776795262
ABCC4,-0.992305608209999,-0.992305608209999,-3.0082903739113
NDUFA1,-1.65819680219476,-1.65819680219476,-2.60071385358752
HS3ST3B1,0.713695814843359,-2.96848143561262,-2.96848143561262
SLC25A19,0,0,-3.75565394624258
NT5C,-1.48057446196303,-1.48057446196303,-2.02990475429459
GTF3C4,-0.18322182405577,0.561131901567498,0.561131901567498
MBOAT7,-1.06711419585854,0.500380409484504,0.500380409484504
SRMS,2.27301849440642,2.27301849440642,-2.29083639452845
PANK2,-0.783662264802826,-0.286238259821146,-0.286238259821146
TGM3,1.44745897697122,1.44745897697122,10.4523450897383
UROD,-1.90689059560852,-1.90689059560852,-4.47241946087827
ST3GAL3,-0.723482364802584,-5.53918318435988,-5.53918318435988
HCST,-1.16992500144231,-1.16766681912291,-1.16766681912291
COX6B1,-1.13165987660655,0.655520598561094,0.655520598561094
NR1D1,5.78135971352466,5.78135971352466,5.78135971352466
PRDX5,-1.03024430530884,1.49900257122002,1.49900257122002
PRMT1,-1.86416016473836,-2.06773246180947,-2.06773246180947
NUP214,0.717692663871076,0.717692663871076,-2.56989646281517
PPCS,-1.51355683249827,1.15187328091602,1.15187328091602
COX7C,-1.54780715697102,-1.54780715697102,-1.31434728856383
PTPRB,2.96347412397489,2.96347412397489,-0.683984459519557
IDUA,0.395928676331139,2.48267746642864,2.48267746642864
PIN1,-1.84002111097793,0.0495695452140789,0.0495695452140789
PLA2G5,-1.58496250072116,-3.91056904760783,-3.91056904760783
UBR4,1.97842866649248,1.97842866649248,1.97842866649248
METTL16,0.133050757743304,0.133050757743304,-2.12129105096765
ECHS1,-1.49138838540896,-0.680851593217142,-0.680851593217142
PTPN12,2.23311882792951,2.23311882792951,0.00135107296993262
SRD5A3,-3.22542011403402,0.425395905598951,0.425395905598951
PAICS,-2.016557841537,-2.016557841537,-4.14673763088192
KDR,-3.99978495847925,-3.99978495847925,-3.99978495847925
PPAT,-1.25591499393362,-3.09967364070987,-3.09967364070987
A4GALT,0.493814612662961,0.916633489747621,0.916633489747621
MPST,-1.78233089837513,-1.78233089837513,-1.78233089837513
TST,-0.862496476250065,2.62996575148099,2.62996575148099
NDUFA5,-1.66969223949666,-0.114162830755472,-0.114162830755472
GAD1,2.07800251200127,1.12252461539342,1.12252461539342
HERC2,-0.205094004533276,0.830524951425982,0.830524951425982
EIF2AK4,-0.943097608765523,-0.943097608765523,-3.10232115276025
ALDH1A2,2.70043971814109,8.04697449916572,8.04697449916572
IVD,-1.24020369745291,1.09101436044621,1.09101436044621
DUT,-3.10043990112103,-3.10043990112103,-4.57415671918143
BBOX1,-2.70454411647383,-2.70454411647383,4.105370921332
TPH1,0.514573172829758,-0.43960330468137,-0.43960330468137
DCTD,-0.935631180880281,-1.09248444981297,-1.09248444981297
PLD2,-0.708676549734783,2.15196136155353,2.15196136155353
SLC44A2,0.811001427348898,1.33261585488942,1.33261585488942
RIPK3,-1.89812038598079,0.263384612088598,0.263384612088598
CDO1,2.58496250072116,2.2111224730646,2.2111224730646
GAMT,-2.31034012061215,3.67609846084659,3.67609846084659
GDPD2,-4.58496250072116,6.25678876417482,6.25678876417482
PRKCSH,-1.63663701318072,-1.63663701318072,-2.69733464368389
APOE,-0.976189038728932,3.89984116977511,3.89984116977511
APOC1,-1.89308479608349,2.84064734847709,2.84064734847709
XPO7,-0.851136614085517,-1.10068360277376,-1.10068360277376
ACE2,-2.85798099512757,3.64251145180634,3.64251145180634
SLC27A1,-0.258311995591391,1.75574957406927,1.75574957406927
NSUN5,-0.84799690655495,-1.69443177205366,-1.69443177205366
PGLS,-0.875148512814917,0.700688385550034,0.700688385550034
NDUFA10,-1.19668543476848,-1.19668543476848,-2.13807958604934
PXDN,0.595769255677739,0.595769255677739,-5.64313204105092
HELZ2,-0.0360692547075218,-0.0360692547075218,-2.65546881661862
CYP2E1,-0.54432051622381,2.37457323802564,2.37457323802564
PNPLA7,9.37296118794726,9.37296118794726,9.37296118794726
ASS1,-3.72351563895238,-3.72351563895238,-3.72351563895238
POMT1,-0.453807069443419,1.01747978805877,1.01747978805877
UCK1,-0.33746894578314,0.684685615206527,0.684685615206527
DNMT1,-1.96823041950661,-3.56727240485365,-3.56727240485365
SLC6A8,1.05782065438834,-5.50289630861858,-5.50289630861858
DUSP9,-2.28010791919274,-2.28010791919274,-5.58094798424986
SLC7A10,-0.485426827170242,-2.23595616257981,-2.23595616257981
HSD17B3,0.84799690655495,0.84799690655495,-3.71080890656974
SLC35D2,-0.0288961456344557,-0.180136730088093,-0.180136730088093
POLN,-0.563900885193326,0.650140812167256,0.650140812167256
PPIL4,-0.569657636005059,-0.420198466682903,-0.420198466682903
LATS1,0.800185426638762,0.800185426638762,-2.42182797589534
GGT7,-1.33342373372519,2.80621735867531,2.80621735867531
ACSS2,-2.98148918536796,5.72880003632023,5.72880003632023
COX4I1,-1.11434786773953,0.481893739841963,0.481893739841963
PPT1,-0.519405427205305,-0.519405427205305,-3.68862743447681
HACL1,0.274261661257048,0.274261661257048,-2.42542893077923
GALNT15,3.16992500144231,3.16992500144231,-1.15927840732507
MGAT1,-0.902107799238421,-0.902107799238421,-2.11235523624133
GFPT2,1.63226821549951,-0.0877462383987125,-0.0877462383987125
AOC3,5.39231742277876,5.41612042435053,5.41612042435053
ACLY,-2.49411817816453,3.20315936519155,3.20315936519155
TRAF7,-1.44523773705454,-1.44523773705454,-1.84647655810498
CA6,0,4.34807054009438,4.34807054009438
CKMT2,3.74024072619907,3.74024072619907,0.520891764307849
FMO5,-0.115477217419936,4.71734998666432,4.71734998666432
PDHA1,-1.37556233083126,-1.37556233083126,-2.61160546588352
MCCC2,-1.13750352374993,-0.212302125791328,-0.212302125791328
USP29,1.89390091545123,1.89390091545123,1.89390091545123
CHSY1,-1.44196771289581,-1.44196771289581,-1.64833650737637
GCH1,1.64556926542531,1.64556926542531,1.64556926542531
SLC6A11,-0.641663088200809,1.29877038187828,1.29877038187828
NUP210,-1,4.25310986944709,4.25310986944709
HSD17B7,-1.64067193330744,4.37589005684263,4.37589005684263
TRIM5,-2.64631556253964,-2.64631556253964,-2.64631556253964
RRP8,-0.607505069372244,-0.607505069372244,-1.99292501617277
SCLY,-0.371968777386958,0.497173395113903,0.497173395113903
PTPRE,1.11297181295661,-1.52977898453453,-1.52977898453453
PRKAA1,-0.775232771475649,-0.775232771475649,-1.44838914991393
SLC52A1,-2.1963972128035,2.18660246097883,2.18660246097883
GUCY2D,-2.22239242133645,-6.61440630314251,-6.61440630314251
PCBD2,-0.65950945408621,1.03096437201196,1.03096437201196
PRMT7,-0.823344652938467,-1.04867670034854,-1.04867670034854
PTPRA,-0.720399125778178,1.31232394951572,1.31232394951572
RHBG,-1,6.27193262030842,6.27193262030842
ATP1A4,-1.99989247923963,-1.99989247923963,-1.99989247923963
ACY3,-1,-1.41413583851198,-1.41413583851198
ALDH3B2,-0.980100442562295,5.8096280548533,5.8096280548533
LPIN3,0.0397705286926007,4.21128348389569,4.21128348389569
BHMT2,-2.63960764520095,-2.63960764520095,-2.63960764520095
SLC14A2,2.58496250072116,2.58496250072116,2.58496250072116
PDE6A,-2.16992500144231,-2.16992500144231,-5.56014561134007
PEMT,-1.78526115120699,-1.78526115120699,-2.06104471685494
PIK3C2B,1.48776696562476,0.714896991840326,0.714896991840326
DSTYK,0.400149703932117,1.62589765705795,1.62589765705795
DCLK1,2.58496250072116,3.2421884640796,3.2421884640796
RNF128,-2.02461255448161,-2.02461255448161,-1.87940230840067
EPHB2,-2.83289001416474,-3.38707979236966,-3.38707979236966
PDE6B,-1.44057259138598,-1.44057259138598,-4.49423467733661
CSNK1G2,-1.34129341975429,0.138256388762929,0.138256388762929
CNDP2,-1.65871895067423,-1.65871895067423,-2.38249760908341
MACROD1,-1.28643901016874,2.14828558178788,2.14828558178788
PLAAT2,-2.8073549220576,-2.8073549220576,-3.47174517921584
SLC2A11,-0.662965012722429,3.91820734039223,3.91820734039223
IMPA1,-1.30019216523607,-4.37218966138166,-4.37218966138166
CA1,1,8.16628292649714,8.16628292649714
AMPD3,3.05771549785629,3.05771549785629,0.676405192734011
HSD17B4,-2.01384764649001,1.83068230792339,1.83068230792339
LOXL2,-3.11547721741994,-3.11547721741994,-6.65968602999948
IRAK2,4.12515513132229,4.12515513132229,4.12515513132229
CAMK1,-1.58496250072116,-1.58496250072116,-6.15475708777667
GSTM1,-2.97982211806237,3.49383153786607,3.49383153786607
GSTM3,-1.06499725484644,1.07434705904521,1.07434705904521
CHIA,-1,0.0925203261161751,-1.72336637946841
HMGCS2,-1.58496250072116,8.09111733709588,8.09111733709588
PTPN22,1.8073549220576,0.225114241344,0.225114241344
GRHL1,1.09240947955631,1.09240947955631,3.16877739557007
ROCK2,-0.402132319592266,-0.402132319592266,-2.84365073310317
CMPK2,-1.63649280136124,0.250330585444525,0.250330585444525
LDHA,-0.825479469993522,-2.24949023541872,-2.24949023541872
ERN2,-0.736965594166206,-0.779058115394639,-0.779058115394639
ACP2,-0.72762772958687,0.15028499804738,0.15028499804738
USP26,-3.16975458506908,-3.16975458506908,-3.16975458506908
CYP2J2,-1.46394709975979,6.56052427447166,6.56052427447166
TUT4,-0.00166689220263798,0.353341469416915,0.353341469416915
RNF138,-0.968542568478403,-0.968542568478403,-1.58673808692005
CBLIF,1,-1.25403786692754,-1.25403786692754
FADS2,-2.86746045077998,-2.86746045077998,-3.51194305571173
CLOCK,-0.267717748997593,-0.267717748997593,-3.63489232592402
PDGFRA,3.83289001416474,3.83289001416474,3.83289001416474
GGACT,-1.41503749927884,0.370626404645337,0.370626404645337
UBAC2,-1.18257237772551,2.43362533750458,2.43362533750458
STT3A,-1.25460988530578,-1.25460988530578,-3.58779633459071
USP30,-0.327431070564749,1.62373241039545,1.62373241039545
CD36,2.24285652389616,11.9158698195014,11.9158698195014
NT5E,0.0969250507333453,-3.339184357924,-3.339184357924
MAP3K7,-0.365820507946864,0.4822814004971,0.4822814004971
ATP5MC2,-1.74264923266979,-1.74264923266979,-1.55590680872844
GLS2,-1.3536369546147,-1.3536369546147,-3.74583155551811
CDK4,-1.92210024039654,-1.92210024039654,-3.23226972592352
PAN2,-0.870399453607094,2.04863010441602,2.04863010441602
TEC,2.85289570596779,2.85289570596779,3.95819100810402
MDM2,-0.590096652192593,-0.590096652192593,-2.39675309157993
CHST5,-1.56946912592426,-1.56946912592426,-1.56946912592426
NTPCR,-1.80827062823934,1.07597023804437,1.07597023804437
GLUL,-3.28085803029837,-3.28085803029837,-5.37943126562879
NPL,-1.92224484248555,-1.92224484248555,-4.14546934959218
PIGC,-0.930837975492604,3.51017547680112,3.51017547680112
USP37,-0.705256734438868,0.0313063862925152,0.0313063862925152
SLC19A3,0,9.38418337178226,9.38418337178226
CYP27A1,1.42084312096005,1.78584378737869,1.78584378737869
ALDH1L2,-0.32334876958699,-4.96669097237684,-4.96669097237684
SLC41A2,4.88535743405888,4.88535743405888,-3.25168790719355
NEK3,-0.620807699667878,-0.620807699667878,-3.4259438867355
SETDB2,0.0838037564741354,-0.266614221510432,-0.266614221510432
CHST12,-2.33441903907056,2.75505965455636,2.75505965455636
NUP42,-0.748461233004036,0.406710532582468,0.406710532582468
ZDHHC4,-0.643856189774725,1.36509089057245,1.36509089057245
AOAH,-2.8073549220576,-5.4413247076243,-5.4413247076243
IREB2,0.223708749019819,-0.00109729381199735,-0.00109729381199735
NMT1,-1,-1,-1.93359432672243
KAT7,-0.511370094422524,-0.60125345296454,-0.60125345296454
NDUFB5,-1.40801511889809,0.277706398602672,0.277706398602672
MARCHF7,2.20156412533046,2.20156412533046,0.191045851875275
GALNT5,-0.742202242532353,-0.0405605575880368,-0.0405605575880368
SMPD4,-0.608092375559711,-0.608092375559711,-2.50054465403995
SAP130,0.219009781941796,0.219009781941796,-1.90483560627984
HS6ST1,-1.17364808748503,-0.0928360884119907,-0.0928360884119907
GAD2,1,1,-0.414135838511977
ST6GALNAC4,-2.49825086752783,-2.49825086752783,0.434101776386793
SLC2A8,-1.10383581098454,0.269750914939058,0.269750914939058
FPGS,-1.78463484555752,-1.78463484555752,-2.53036365041606
CTSV,2.63373969882321,0.866660272356243,0.866660272356243
POLR1E,-1.42078148181365,-1.42078148181365,-3.41804188942197
GRHPR,-1.71620703399941,-1.71620703399941,-2.33993411709631
ALDH1B1,-2.64045761331286,-2.64045761331286,-7.18209725585862
PIM1,1.59164475000376,1.40391743340847,1.40391743340847
GMPR,0.349584437790228,0.590231262328228,0.590231262328228
CMTR1,-1.77578484305673,0.840976349060162,0.840976349060162
KIAA0319,4.14295795384204,4.14295795384204,7.07577492740032
RNF144B,-0.224806352722915,4.15268082955111,4.15268082955111
GGH,-2.70096557746563,3.35220626640348,3.35220626640348
TGS1,-0.859289562147797,-0.859289562147797,-2.67354505111243
NEK1,-0.838335331862428,-0.838335331862428,-4.11947556893731
SLC37A4,-1.86090439033434,-1.86090439033434,-3.76254399563678
PPP2R1B,-0.823566508615661,-0.706905730571976,-0.706905730571976
ALKBH8,-0.36204441166496,-1.23104732349974,-1.23104732349974
CTDSPL2,-0.601450623509725,-0.601450623509725,-2.45689639905387
PAK6,-2.7987417917529,-2.7987417917529,-1.90577027235545
STRA6,1.22239242133645,1.22239242133645,-3.44616362927011
KYAT3,-1.64601322238321,1.23466213848645,1.23466213848645
SLC44A5,-1.83871909296694,5.13685405689068,5.13685405689068
DBT,-1.35066462280691,0.459728033131285,0.459728033131285
RTCA,-0.446835311105726,-0.446835311105726,-2.87442196927604
HADHB,-1.38575439766561,-1.38575439766561,-1.94664930120249
KHK,-1.84799690655495,-1.84799690655495,-5.34640290435683
ADCY3,-1.77949963800476,-1.77949963800476,-3.54014153281868
CYP1B1,3.18881931319478,3.18881931319478,-2.53133952683103
CYP2C9,-2,0.18504065223235,-3.44673275893682
DUSP5,1.04169294829996,-0.836745171588554,-0.836745171588554
PLCE1,-2.56348376057905,-2.56348376057905,-2.56348376057905
RBP4,-3.99978495847925,-3.99978495847925,-3.99978495847925
AOX1,-2.82149910437787,-2.82149910437787,-4.21564415245738
BARD1,-1.37165795221267,-1.37165795221267,-2.7880544183233
METTL5,-1.19939191038298,-0.684167320542232,-0.684167320542232
MDH1B,-4.50250034052918,-4.50250034052918,-4.2802707950322
IDH1,-2.79941637465612,1.28831837532606,1.28831837532606
SLC40A1,-0.923378718397088,5.15495156611723,5.15495156611723
PARP9,-3.44794818012878,2.96265870414436,2.96265870414436
GLCE,-1.37822483366112,0.131230195482977,0.131230195482977
PARP16,-1,-0.0421373271365166,-0.0421373271365166
HERC3,-0.282135404016056,-0.842464071880052,-0.842464071880052
GPAT3,5.05731051000981,5.05731051000981,-2.52373938599879
PDE5A,0.422161933712225,0.700892753950776,0.700892753950776
NAAA,-0.845156954769989,1.00782297558869,1.00782297558869
CDKL2,-0.485426827170242,-0.485426827170242,-5.2521228744892
ANXA3,1.30971733456617,-4.62979074985873,-4.62979074985873
PPA2,-2.00040794430949,-0.290883063602087,-0.290883063602087
HADH,-2.19657324782793,-0.816595246182701,-0.816595246182701
PAPSS1,-1.42840472301667,0.727394600110831,0.727394600110831
SLC39A8,-0.591194454432671,0.21151432646372,0.21151432646372
B4GALNT3,1.85471513059566,1.85471513059566,2.72377379819142
ALG10,-1.25206328801279,-1.23362055217664,-1.23362055217664
PIK3C2G,-3.0163018123291,0.954694931276986,0.954694931276986
ETFBKMT,-0.38060400221497,3.37578884148261,3.37578884148261
ETNK1,1.9684994654933,1.9684994654933,-0.00272980869326051
SLC38A4,-1.34395440121736,2.19689437013613,2.19689437013613
MARCHF9,-1.35693454471528,-1.35693454471528,-1.12200007535273
GLIPR1,-0.0198995574377049,-0.882455467376072,-0.882455467376072
AMDHD1,-1.42884329880387,8.7846727053517,8.7846727053517
SDSL,-0.917537839808027,-0.917537839808027,-6.39341727729653
MMAB,-2.30655969346416,2.35038659055492,2.35038659055492
GLTP,0.420949876090644,0.420949876090644,3.954578289301
NUP58,2.22975004472327,2.22975004472327,2.22975004472327
SLC7A1,-0.757279856029342,-0.757279856029342,-3.40718835305845
SUOX,-1.28798076296402,-1.28798076296402,-4.92575032720453
RDH16,-1.58496250072116,6.94552548873745,6.94552548873745
CERS5,-0.790361851144299,-0.790361851144299,-1.72048942588537
MAP3K12,-0.956931278108114,2.93693440164088,2.93693440164088
ESD,-2.64331338107419,-2.64331338107419,-3.02842401972
RDH12,-2.08746284125034,-2.08746284125034,6.46738570336681
AK7,-3.98489310760979,-3.98489310760979,0.908757799979154
SLC24A4,-0.584962500721156,1.86460677143308,1.86460677143308
SLC12A6,2.16803789189805,0.687006455453979,0.687006455453979
SLC27A2,-2.41503749927884,3.58748632688327,3.58748632688327
UBE2Q2,-1.41503749927884,-1.41503749927884,-2.98012808974194
ETFA,-0.776582573262787,0.644232828625996,0.644232828625996
NCOA2,0.832932268035639,3.11502930977887,3.11502930977887
MAN2C1,-0.218062167837715,0.297905953567305,0.297905953567305
IGF1R,1.02191477642844,2.37187171605162,2.37187171605162
CYP1A1,0.766154061693754,0.766154061693754,-7.03869416825197
ULK3,-0.460904508036173,3.62977031180674,3.62977031180674
RHCG,3.89322491117522,3.89322491117522,-3.3442528300771
RLBP1,-1.99989247923963,-1.99989247923963,-1.99989247923963
TICRR,-3.59756253750079,-3.59756253750079,-5.80780001790058
SEC11A,-1.44758259592857,0.149088537467321,0.149088537467321
SLC5A2,0,0,-4.46388694068991
UQCRC2,-1.11963796721789,-0.307188721498907,-0.307188721498907
CHST4,0,0.409700940527092,0.409700940527092
NDUFB10,-1.69503689212099,1.19992882579065,1.19992882579065
GALNS,-0.380744321724966,-0.380744321724966,-1.92372426875325
PCTP,-1.35400806588128,-1.35400806588128,-5.18648575780448
NPEPPS,1.38608162098258,2.02355947690542,2.02355947690542
SSH2,0.426897654488905,1.5578902325399,1.5578902325399
G6PC3,-2,-2,-4.66928861197727
IMPA2,-1.68770060631041,0.708838044548519,0.708838044548519
SLC39A6,-1.0989089597961,-1.0989089597961,1.61225978160546
NPC1,1.14017765804826,1.71333436136806,1.71333436136806
PIK3R5,-1.56946912592426,-1.56946912592426,-1.56946912592426
SLC16A3,-1.27417496343899,-1.27417496343899,-3.88794848345767
ANAPC11,-1.24564777363675,-1.24564777363675,-2.45725389633408
FN3KRP,-1.31891934501502,-0.397667669441823,-0.397667669441823
NT5C3B,-1.58715671413407,-1.58715671413407,-2.73033446849089
ERBB2,-1.0442931503945,3.18450680461994,3.18450680461994
PNMT,-1.58496250072116,-1.58496250072116,-1.7187153430804
FKBP10,0.178970141045319,0.178970141045319,-3.43696701562558
SLC39A3,-1.03355255971103,0.405663204088274,0.405663204088274
PLPP2,-1.12976787497033,4.84318660676831,4.84318660676831
PFKL,-2.18698374285197,-2.18698374285197,-2.88346942523479
TMEM91,-2.85798099512757,2.27395028964761,2.27395028964761
SIRT3,-1.04730571477836,1.6003861564758,1.6003861564758
PGGHG,-0.295455883526171,2.56606719044957,2.56606719044957
SOD1,-1.56239624917213,-1.56239624917213,-3.73313890428224
AKT1,-1.38060400221497,-1.38060400221497,-3.37772478813723
SAE1,-1.9520930370192,-1.9520930370192,-2.62686518650125
LMTK3,-0.792195114886598,1.85191767291973,1.85191767291973
SLC47A1,-1.76938707185858,-1.76938707185858,-4.82488770948203
SLC2A5,-2.88752527074159,-6.08828774444006,-6.08828774444006
PADI3,-3.32192809488736,-3.32192809488736,-6.67359484779913
EPHA2,0.985182734789628,-1.67600994368119,-1.67600994368119
PGD,-1.96278122014288,0.339762114014096,0.339762114014096
PLK4,-4.33588655247728,-4.33588655247728,-5.3862803393757
MAP3K6,-1.95007477466832,0.516797604277751,0.516797604277751
HSPG2,0.470975670872701,-0.873393716797826,-0.873393716797826
PRKACB,-0.0451520363923751,-0.0451520363923751,-3.75961345175943
PIGK,-1.39940684756508,0.745899626741667,0.745899626741667
PTPRF,-1.39519474787285,0.124711169169578,0.124711169169578
CYP4B1,-2.84902410135868,-2.84902410135868,5.13574699831265
SLC44A3,-1.2829339632715,3.44418425707784,3.44418425707784
ALDH9A1,-2.35696737315533,-2.35696737315533,-3.18039276466293
NME7,-1.04274964745934,-2.94118394181582,-2.94118394181582
MPC2,-2.29956028185891,-2.29956028185891,-3.59672893043697
UCK2,-1.0643847809902,-1.0643847809902,-2.2990889111915
MGST3,-1.44966913016805,-1.44966913016805,-3.98828673140983
PPOX,-2,2.03741213185484,2.03741213185484
USP21,-1.2511323167775,-1.2511323167775,-1.2511323167775
PIGM,-0.108059745857453,0.449181905674379,0.449181905674379
ABL2,4.10340073511091,4.10340073511091,-0.947265265934165
RGL1,-2.65821148275179,3.23074495128769,3.23074495128769
PRUNE1,-0.296717532090083,0.684018790192225,0.684018790192225
SETDB1,-0.534657418873091,-0.480222456105531,-0.480222456105531
CTSK,-0.346090145561352,0.915481776749443,0.915481776749443
PI4KB,-0.159588756880662,1.01385936718312,1.01385936718312
PIP5K1A,0.835014799985667,-1.48874079964244,-1.48874079964244
CERS2,-0.939208315881247,-3.75500200538805,-3.75500200538805
DYRK3,-1.22449394398174,-5.74318764593457,-5.74318764593457
SMYD2,-1.29390106177721,-0.457967894204545,-0.457967894204545
DUSP10,3.90588837601914,-2.39470665613822,-2.39470665613822
ATP8B2,-1.30485458152842,-1.30485458152842,-3.40250691697174
SLC27A3,-2.02615228785597,0.535616075932135,0.535616075932135
SLC39A1,-0.280378593685253,-0.0677357662015672,-0.0677357662015672
HCN3,-1.45066140900957,3.94197610689214,3.94197610689214
GALNT2,-2.54553235589262,-2.54553235589262,-3.57516318819143
SCCPDH,-1.63429021308472,3.55664827285369,3.55664827285369
MAP3K21,-0.890027157974868,0.31371952860478,0.31371952860478
DEGS1,-2.90027271684401,-2.90027271684401,0.636745132403696
ITPKB,-0.181446871337532,1.33502039894706,1.33502039894706
PARP1,-2.695223994493,-2.695223994493,-5.99361952359114
PYCR2,-1.07333661194173,-1.07333661194173,-3.70297572815961
LBR,-0.904530035974888,-0.904530035974888,-1.90238259995564
EPHX1,-0.336049203132015,1.21591308872469,1.21591308872469
ETNK2,-1.63226821549951,-1.63226821549951,-3.34209037763844
PDIA6,-2.38608546906725,-2.38608546906725,-2.75158347521755
ATP6V1C2,3.91093459276487,3.91093459276487,4.75816176480279
GALM,-0.0166787411466303,-0.0166787411466303,-5.79745975045094
ABCG8,0.584962500721156,-1.44835762602913,-1.44835762602913
DUSP11,-0.592091964779261,0.121953999467536,0.121953999467536
SLC20A1,1.24415294007526,-6.39175235475673,-6.39175235475673
POLR2D,-0.532145802277708,-1.75586271386602,-1.75586271386602
GALNT13,-1.32192809488736,2.72048738607767,2.72048738607767
UBR3,-0.267457592867979,1.27250082247932,1.27250082247932
METTL21A,0.145850866463455,0.145850866463455,-3.91162364188164
CTDSP1,-1.28630418515664,0.818361325418706,0.818361325418706
SLC25A38,-1.23339142028571,-1.23339142028571,-2.45173882532533
CTDSPL,-1.35438430660343,2.34621906557487,2.34621906557487
PTPRG,-0.108357178090418,-3.09049035632763,-3.09049035632763
SLC25A26,0.953582214672121,0.953582214672121,-3.45005484405594
UBA3,-1.03916514375398,0.2694008972023,0.2694008972023
ALDH1L1,-2.41503749927884,-5.73555392925274,-5.73555392925274
AMT,-0.697437229979569,2.89342054953589,2.89342054953589
DGKQ,-1.13350851935318,0.800308700478175,0.800308700478175
SLC26A1,-0.628031222613042,0.959883466736896,0.959883466736896
EPHA5,2.2129937233342,2.52592648023819,2.52592648023819
SLC10A6,1.79085501336331,1.79085501336331,3.78648288264367
SCD5,-0.00754492962526718,1.98447789399913,1.98447789399913
CAMK2D,1.00244939794132,1.6374353794776,1.6374353794776
FABP2,-1,-5.82475993484178,-5.82475993484178
SETD7,-0.227393890401602,1.63933060996467,1.63933060996467
MARCHF1,-0.354842717360098,1.19332934439401,1.19332934439401
CBR4,-1.60367102775943,0.500876448168904,0.500876448168904
MARCHF6,0.588893237297332,-0.0997821007089028,-0.0997821007089028
SRD5A1,-2.47183413026412,1.69832006222492,1.69832006222492
PIK3R1,-1.82449015367032,-5.04258610818672,-5.04258610818672
PPIP5K2,-0.658515367964269,1.36767537669051,1.36767537669051
PAM,-0.258923324164794,1.9957766182084,1.9957766182084
HIGD2A,-0.662304589254321,-0.0479415552569794,-0.0479415552569794
TNFRSF21,-0.829506000308983,-0.829506000308983,-6.04407165842649
CYP39A1,-2.21603692629662,4.60459703650626,4.60459703650626
SLC2A12,0.0293439615821445,1.82475167320113,1.82475167320113
SHPRH,-0.157840033467334,1.26824911316207,1.26824911316207
TIAM2,0.085729874025884,-0.765282579482184,-0.765282579482184
SLC22A3,1.27760974533754,1.27760974533754,1.27760974533754
RBAK,-0.308549065086163,0.819596279732366,0.819596279732366
MDH2,-1.61801246678805,-1.61801246678805,-1.70181096420546
TLK2,-0.145587031227103,-0.145587031227103,-1.96363237777913
EPHA1,-1.88452278258006,2.81812489265688,2.81812489265688
CLTRN,2.52724700286487,3.1693129889809,3.1693129889809
SLC16A2,-0.959358015502654,-0.959358015502654,-0.98051402267624
NDUFB11,-1.19893344851246,0.331284292279729,0.331284292279729
TAF1,-0.587495767466678,-0.0345770372345249,-0.0345770372345249
EBP,-1.74091277868287,1.69378374417025,1.69378374417025
PRPS1,-2.05311133645956,-3.33656785027929,-3.33656785027929
NSDHL,-1.43226530332195,2.7723410850498,2.7723410850498
ATP6V1B2,2.20732301059872,2.20732301059872,0.228657114712381
STAR,-3.16992500144231,-3.16992500144231,-5.43824653834551
PLPBP,-1.06576777015102,-1.06576777015102,-4.29755952991249
PXDNL,4.4594316186373,3.44852003229039,3.44852003229039
ADHFE1,-0.362570079384708,4.27991676181182,4.27991676181182
SLC26A7,1.13750352374993,4.59483932157745,4.59483932157745
NDUFB9,-1.36570569253144,-1.36570569253144,-2.10555767654505
AK3,-1.47973416638109,0.994706626698537,0.994706626698537
UHRF2,-0.43530214577449,-1.39235800045685,-1.39235800045685
PLIN2,2.70925159173096,2.70925159173096,-0.896582220087449
UGCG,2.67332680729523,2.67332680729523,4.74324360800208
ALAD,-1.200912693926,5.54995149637262,5.54995149637262
POLE3,-1.58870490240697,-1.58870490240697,-3.34142148733867
PTGES2,-0.692945181594168,0.0463449282883807,0.0463449282883807
PTGES,-2.4262647547021,2.77567484791573,2.77567484791573
IDI2,1,1,-2.70917350248435
PDSS1,-1.45296695491117,-1.45296695491117,-4.93521190736771
HERC4,1.68655338186773,1.68655338186773,-0.993348298555447
CAMK2G,-0.945874786139032,0.782070039841285,0.782070039841285
GLUD1,-2.55558453170271,-2.55558453170271,-3.99623362626567
ANKRD1,3.24792751344359,3.24792751344359,0.588341907693204
CYP17A1,-2.32192809488736,-2.32192809488736,-1.96723406607091
GSTO1,0.092504120119591,-4.47856966279492,-4.47856966279492
HSD17B12,-1.1784312187227,0.555900768456217,0.555900768456217
APIP,-1.34191957007483,-1.34191957007483,-2.70143566352764
DGKZ,-1.24828395446847,-1.24828395446847,-2.8617022316548
SLC43A1,-0.144389909335175,-4.73036057278698,-4.73036057278698
PTPRJ,2.71271804791953,2.71271804791953,-1.65729994976261
PAK1,-1.48999176599938,-1.48999176599938,-2.05807687088997
ATM,-0.656838070673418,-0.656838070673418,-4.02567173802128
AASDHPPT,-1.3893726158855,0.19775150655372,0.19775150655372
TKFC,-1.62058641045188,0.399728052723783,0.399728052723783
FADS1,-1,2.02654799681578,2.02654799681578
PLCH2,-1.41176978544493,-1.41176978544493,-0.197486040063195
B3GAT3,-1.06542307499805,-0.229979190753458,-0.229979190753458
CHEK1,-3.51179608815918,-3.51179608815918,-6.37267952785007
SLC22A9,2.32192809488736,2.32192809488736,-0.399663792455167
PLCB3,-1.01290048870781,-0.0787436296052031,-0.0787436296052031
TM7SF2,-0.381651330784297,6.60777853165574,6.60777853165574
PPP4C,-0.845571334880856,-0.845571334880856,-1.93230744805614
ALDOA,-1.30904263510233,-1.30904263510233,-2.76611944999992
HIRIP3,-2.55019708256048,-2.55019708256048,-3.76867373925179
TAOK2,-0.81418336255607,1.0548969114714,1.0548969114714
EEF1AKMT1,-2.34482849699744,-2.34482849699744,-3.52278013606115
LATS2,2.3230957963197,2.3230957963197,2.3230957963197
HNMT,-0.0509839287188049,0.76704940171467,0.76704940171467
MTMR12,-0.597628912557317,-0.176401252624635,-0.176401252624635
DLAT,-1.3930001614413,-0.471326372861935,-0.471326372861935
PIP4K2A,1.00998408857262,1.00998408857262,-3.29631344666357
NGLY1,-0.561655127229087,-0.561655127229087,-3.14603627074332
OXSM,-1.37291202360617,0.0349688424435227,0.0349688424435227
UBE3B,-0.120669886640258,0.259942500990789,0.259942500990789
IPMK,-0.787875914117379,0.811016093912557,0.811016093912557
MAT1A,-3.4594316186373,-3.4594316186373,-2.48367905443081
SLC2A13,1.40514146313634,2.01046607313304,2.01046607313304
EXT2,-1.62689925312312,-1.62689925312312,-1.62689925312312
ALLC,-1.99989247923963,-1.99989247923963,-1.99989247923963
NEK7,1.67578305625555,1.67578305625555,-0.48486551392874
FER,-0.335886552477282,-0.335886552477282,-2.07624589631562
PTPRO,3.70043971814109,3.70043971814109,-1.22762638460962
QDPR,-0.175849835399418,-0.175849835399418,-4.82910103445334
QTRT2,-0.713329229898968,-1.54047329784251,-1.54047329784251
MMAA,-0.828047317210705,1.1425213155106,1.1425213155106
RNF144A,0.658308650291208,0.658308650291208,-2.67138299290874
ACSL1,-0.142861213180801,5.66543526054932,5.66543526054932
SLC25A4,0.264763219750545,-0.56776985056139,-0.56776985056139
PARP8,-0.909924655698152,0.315982629773058,0.315982629773058
PTPN14,0.478839167135482,2.21313226185829,2.21313226185829
ATP5F1A,-1.9138974829971,-0.504259798985442,-0.504259798985442
G6PC2,-1.56946912592426,-1.56946912592426,-1.56946912592426
PDK1,-1.78849589480629,2.33263771643944,2.33263771643944
PDE3B,0.68805599368526,0.900285272989252,0.900285272989252
UHMK1,-0.798980560009304,-0.798980560009304,-2.99360753091179
OLAH,1,-7.08877607097767,-7.08877607097767
CAMK4,-1.0703893278914,2.35682847851115,2.35682847851115
PFKM,-1.84928130017719,-1.84928130017719,-2.66742550702938
NADK2,-1.24544034581906,0.0650879954187542,0.0650879954187542
GPD1L,-1.25853301359885,-1.25853301359885,-4.21911023422799
SLC30A6,-0.464460058001955,0.892570954682971,0.892570954682971
PANK1,-2.64267799857744,5.37922749703722,5.37922749703722
PLOD2,-0.873019173029383,-0.873019173029383,-2.32466633806557
PTPRR,3.02384674195437,2.63310768910668,2.63310768910668
SLC25A27,0.123735368422245,5.09817988449543,5.09817988449543
PTPRD,-1.28010791919274,3.20760452838182,3.20760452838182
ZDHHC7,-0.67335761666687,-0.00779583390468596,-0.00779583390468596
TRIP12,1.02740043725191,1.02740043725191,-1.28858403319069
DDAH1,0.533123569201538,-2.87607050639048,-2.87607050639048
HS2ST1,-1.35715658319834,0.957480020526894,0.957480020526894
SLC5A10,1.50250034052918,1.50250034052918,7.93318524336135
AK5,0.610053481683987,1.33262105689671,1.33262105689671
CERS3,0.327478114712586,0.327478114712586,2.63204816877325
PRKCA,-0.405256478486259,1.41214701220288,1.41214701220288
LRRK1,0.308122295362332,-0.227832007656612,-0.227832007656612
TNIK,-1.22050036199524,-1.22050036199524,-6.2644867587647
ATP5MC3,-1.9797777513355,-1.9797777513355,-2.62609503965345
PDE1C,1.36815111164801,1.36815111164801,-5.15678367997605
ACSS1,-2.3879256536616,1.37566816167347,1.37566816167347
CYP2U1,0.79480966873849,0.610396011536444,0.610396011536444
AK9,1.29834127456975,1.29834127456975,2.28891045979666
ATP6V1C1,2.33288705911385,2.33288705911385,-1.22061177472538
PIP4P2,-1.06608919045777,-1.06608919045777,-3.22741210417703
CDK19,-0.0364106401896848,1.12289020080168,1.12289020080168
AGPAT5,1.53430380631189,1.53430380631189,-3.14096116013799
PI4K2A,1.03769229007195,1.03769229007195,0.140022321518813
SLC25A28,-1.32832586608551,0.656833155024533,0.656833155024533
DBI,-2.40539047700406,4.59566277995914,4.59566277995914
NUP205,-2.67351002138213,-2.67351002138213,-2.67351002138213
TTN,0.855778070526561,2.8442796863443,2.8442796863443
PDIA4,-2.03366239339744,-2.03366239339744,-4.85738689056901
ADK,-1.24372365202413,-1.24372365202413,-2.18190887339897
DCK,-1.47393118833241,-1.47393118833241,-1.76963184159659
N6AMT1,-1.08817581138637,0.203588526861142,0.203588526861142
CDK20,-1.46948528330122,-1.46948528330122,-1.53652136948619
ATP5MJ,-1.23467276101471,-0.561857265696145,-0.561857265696145
SH3RF2,-1.40536885104081,3.98149657938226,3.98149657938226
UQCRB,-1.10329024962158,1.04722622012257,1.04722622012257
PTDSS1,-1.90737545363388,0.428124114231839,0.428124114231839
PPP2R2B,5.03977098270222,5.03977098270222,5.03977098270222
EEF1A1,-1.30738153689605,-1.30738153689605,-1.30738153689605
HK1,-2.08412765149578,-2.08412765149578,-2.08412765149578
UBE2L6,-2.55198517827488,-2.55198517827488,-2.55198517827488
NTAQ1,-1.63742992061529,-1.63742992061529,-1.46721062858615
COX6A2,0.584962500721156,-1.44835762602913,-1.44835762602913
B3GNT7,1.8073549220576,0.0590672040646284,0.0590672040646284
BUB1B,-5.19935572132124,-5.19935572132124,-7.63173451334889
PDE6D,-1.59263642860658,-1.59263642860658,-2.67943962342235
NTAN1,-0.96995923705152,0.488536324092027,0.488536324092027
NMNAT2,1.08746284125034,2.77051472577329,2.77051472577329
ATP2B2,0.362570079384708,0.362570079384708,-6.55363415041798
SMG1,1.27660053511309,0.394184619440021,0.394184619440021
CPT2,-0.84799690655495,2.19261208808246,2.19261208808246
DHRS4,-1.4594316186373,0.871340710445049,0.871340710445049
ST3GAL2,-1.94485844580754,-1.94485844580754,-2.61205266647477
FCSK,-1.42245497084133,0.502359503629658,0.502359503629658
KIT,3.34749146653779,1.8079861871502,1.8079861871502
AASDH,-0.856805364172209,0.318465255126843,0.318465255126843
DYRK1A,1.15913233867615,1.15913233867615,-0.468254143307595
SLC35B2,-0.545968369105293,0.0628055510540927,0.0628055510540927
BRAF,2.52356195605701,2.52356195605701,0.270547663228754
EXTL1,3,2.8826415697239,2.8826415697239
TRIM63,0.630477159973525,-0.714583473378894,-0.714583473378894
DUSP2,-1.06413033741972,-1.06413033741972,7.09967421435413
GALNT14,-2.12412131182919,-3.89565893724566,-3.89565893724566
XDH,0.672234965090354,-5.59901722280181,-5.59901722280181
CDC25C,-3.78135971352466,-3.78135971352466,-7.15741996241752
AHCYL2,-1.1045889012772,0.972821203175344,0.972821203175344
B4GALT5,0.389946518316013,0.389946518316013,-2.79600445361578
COPG2,-1.93680617351281,-0.0937935824037688,-0.0937935824037688
GPAT4,-0.0109544568896079,0.251578272714806,0.251578272714806
DUSP23,-1.6964229312097,1.70564357304561,1.70564357304561
PLA2G2F,1.97098392613983,1.97098392613983,5.62914842371797
CDA,-0.0246620542342691,-0.0246620542342691,1.9662529517046
PINK1,0.382423135024124,3.46166408051399,3.46166408051399
NDUFS2,-1.10305551681172,0.359066668014296,0.359066668014296
SYNJ1,1.23776764722336,0.557188702952849,0.557188702952849
UBE2Z,-0.472406025419665,-0.156175259527145,-0.156175259527145
CBR1,-3.12413224402871,-3.12413224402871,-3.82086234657729
CBR3,-2.33184356375245,1.89016778804459,1.89016778804459
HLCS,-1.53492181822156,-1.53492181822156,-4.85542118023346
ADPGK,-0.73316402400635,-0.819741971114295,-0.819741971114295
PLA2G4D,2.4486852371733,2.4486852371733,5.48823114213863
CYB5R1,-0.271565566479765,2.16001403747872,2.16001403747872
HK2,3.16123404117827,-4.14876654757733,-4.14876654757733
ALDH4A1,-2.78659636189081,-2.78659636189081,-3.5004649063654
STARD9,0.377367081312789,-0.73980626042268,-0.73980626042268
UBR1,-0.456064767538899,-0.456064767538899,-2.48415436830606
AMFR,-0.789091571170663,1.60283907515048,1.60283907515048
TGM7,1,1,-0.414135838511977
PGLYRP3,2.01792190799726,4.75893366722561,4.75893366722561
NAE1,-1.37823780646091,-1.37823780646091,-3.00056425471469
CTBP1,-1.35603262414061,-1.35603262414061,-2.93137742195537
ZDHHC1,-1.20353339408513,1.08458310446981,1.08458310446981
ATP6V0D1,1.98568852397456,1.98568852397456,-1.43902123601763
PSKH1,0.345995854849192,1.48776460914664,1.48776460914664
NPR2,6.37563868163213,6.37563868163213,6.37563868163213
GNE,-0.464886048729405,1.76507637521235,1.76507637521235
CALM3,-1.79956994096472,-0.0185170365264468,-0.0185170365264468
UBE2J2,1.10988970059481,-3.03701109931514,-3.03701109931514
KALRN,3.08203576886601,3.08203576886601,3.08203576886601
ABCG1,4.64311615639564,4.64311615639564,4.64311615639564
SLC37A1,-0.18844508941311,0.352342542848526,0.352342542848526
PDE9A,-0.584962500721156,-3.6016744902091,-3.6016744902091
NDUFV3,-0.905140813658559,-0.0526749794506384,-0.0526749794506384
PDXK,-0.406064180213046,0.761803641195835,0.761803641195835
AGPAT3,-1.30774528774504,0.0554710912102519,0.0554710912102519
CFAP410,-0.146841388329271,2.67878485443908,2.67878485443908
FTCD,3.9870609442925,3.9870609442925,-2.21958745764292
LSS,-2.98580259703358,3.4319860629555,3.4319860629555
PRMT2,-1.55458885167764,0.595156945084251,0.595156945084251
SLC2A6,-1.42380770890658,4.83859482871214,4.83859482871214
ST6GALNAC6,-1.13283568270709,1.52481959324143,1.52481959324143
RDH13,2.38973241036723,2.38973241036723,2.78513789840968
ZDHHC12,-2.00790519808535,1.68436371930673,1.68436371930673
PKN3,-1,-1,-3.68242578176384
COX6B2,0.169925001442312,5.03598326203315,5.03598326203315
TAOK1,1.22093542459971,1.22093542459971,-0.689346661667715
SIK3,1.87446911791614,1.87446911791614,-1.20216823307358
NEK8,-1.58496250072116,-1.58496250072116,-2.72070088628246
FLAD1,-1.343461256437,1.23416124007686,1.23416124007686
UBE2Q1,-1.08363097965931,-1.08363097965931,-1.03764522438088
FDPS,-2.08469182631189,3.12981583194042,3.12981583194042
FGFR4,-3.70043971814109,-3.70043971814109,-3.70043971814109
CYP3A4,-1,9.30516434286665,9.30516434286665
CYP3A7,-1.41503749927884,4.06188120826977,4.06188120826977
CYP11B1,-1.99989247923963,-1.99989247923963,-1.99989247923963
HK3,0.584962500721156,0.616942940728821,0.616942940728821
MGAT4B,-0.421061286906614,0.918871130488984,0.918871130488984
COX7A1,-0.552541023028779,-0.552541023028779,-4.98973055209509
FDXR,-1.89354905836936,2.00502814164617,2.00502814164617
ACOX1,0.379604988248001,2.5749861018159,2.5749861018159
PLCD3,1.53675340767854,0.367742456161885,0.367742456161885
IP6K3,1.58496250072116,1.23098371621676,1.23098371621676
HS3ST6,-0.387023123109247,6.38296445863043,6.38296445863043
AMDHD2,0.643856189774725,0.657778093813202,0.657778093813202
CMPK1,-1.40168024078825,1.04763073754721,1.04763073754721
SLC1A7,-4.81292859108605,-4.81292859108605,-4.81292859108605
ACOT11,-0.425305834732671,1.28576624017555,1.28576624017555
USP24,-0.126099745716831,-0.126099745716831,-2.04195509461708
NOL9,-0.232240207292795,-0.232240207292795,-3.38440629422435
AK4,-1.8972970473704,-1.8972970473704,-3.3975440120675
AKR7A3,-4.04074506909006,-4.04074506909006,-4.04074506909006
DHRS3,-0.500693583823552,3.42574460780391,3.42574460780391
TTLL10,2.22239242133645,2.22239242133645,-1.48276154242723
TYW3,-1.21290097235915,-1.21290097235915,-3.38245099774911
AGL,-1.2667865406949,-1.2667865406949,-3.17292888604989
EXTL2,-1.93529431061218,-1.93529431061218,-4.89388972166296
DDR2,2.06413033741972,2.06413033741972,-1.10096739936323
BPNT1,-1.15200309344505,2.45455942792406,2.45455942792406
ACP6,-0.909234536076818,2.72882953065624,2.72882953065624
B3GALNT2,-0.156275939930461,-0.156275939930461,-2.75492965481398
DUSP19,-2.30256277002043,0.311629998645746,0.311629998645746
PGLYRP4,0.346922474354232,0.346922474354232,4.92388511046126
GNPDA2,-0.858857899186717,1.05003483083215,1.05003483083215
ALPI,-1.99989247923963,-1.99989247923963,-1.99989247923963
POGLUT1,-1.75077139369124,2.21166535577381,2.21166535577381
ATP1A1,-2.36303766357577,-2.36303766357577,-4.29246283647323
SLC15A2,-1.81496810616748,2.9165332019938,2.9165332019938
STK36,-0.879705766282288,2.1655561349413,2.1655561349413
TGFBR2,-1.22944143393097,-1.22944143393097,-2.48492530058595
STT3B,-0.827066248685349,-0.376912339986538,-0.376912339986538
PPM1L,-1.35049724708413,3.86144097129174,3.86144097129174
PTPN13,-0.517185794844231,2.48861228489029,2.48861228489029
PPM1K,-0.347923303420307,-0.520562045545305,-0.520562045545305
TIPARP,2.09339502059479,2.09339502059479,-1.08311111436512
RPP14,-0.719548541088797,-0.509330039662108,-0.509330039662108
ABHD6,-1.50502600461959,2.06722948499499,2.06722948499499
MTMR14,0.556393348524385,1.17482178365963,1.17482178365963
MTHFD2L,-0.833990048561071,-0.441707902456199,-0.441707902456199
RCHY1,1.13145085362768,0.00664096338783043,0.00664096338783043
GYG1,0.546681505089315,0.546681505089315,-2.19959804021198
HPS3,-1.05380644369579,0.424187006265591,0.424187006265591
RYK,-0.998872453994275,-0.998872453994275,-2.3826096440798
SNRK,-0.15485145575408,-0.15485145575408,-2.97947833148774
PLB1,2.29384555291932,2.29384555291932,-0.885881512866376
TGM4,-1.48542682717024,1.06644012991704,1.06644012991704
ZDHHC3,-1.02403746110871,1.8321288083881,1.8321288083881
SLC6A20,2.30959729297664,1.00633481191062,1.00633481191062
NMNAT3,-0.442004546879113,3.14375245114929,3.14375245114929
POLR2H,-0.878211519601958,-0.878211519601958,-2.58160459680886
TKT,-1.60299078956446,-0.186284127291662,-0.186284127291662
PIGX,-1.69100413813148,-1.69100413813148,-1.55462600728841
SGMS2,1.41964991028053,1.41964991028053,-0.267186423302848
BDH2,-1.24651194992113,3.2302758886615,3.2302758886615
CDC25A,-2.97045572438598,-2.97045572438598,-5.67821923417857
ATRIP,-1.47230469995169,-1.46388336121066,-1.46388336121066
PPM1M,-1.21572869105544,2.74078222124669,2.74078222124669
NDST3,-1,-0.739874213622247,-0.739874213622247
GUCY1A1,-2.58496250072116,-2.58496250072116,-5.58456820595524
HPGD,2.66437418959945,7.12474175787554,7.12474175787554
NAA15,-2.23498058925554,-2.23498058925554,-2.23498058925554
PRMT9,-1.02709366088228,1.57971689081132,1.57971689081132
MOCS2,-1.39520108362467,-0.743540807893894,-0.743540807893894
ELOVL7,3.26435858678118,3.26435858678118,4.0031467621374
RNF180,-0.89235927681203,0.419769806378517,0.419769806378517
STARD4,-1.92114457928876,-1.92114457928876,0.297102001710171
NDUFS4,-0.9902586055218,-0.9902586055218,-1.04968346032961
GPX8,-2.46621622320441,-2.46621622320441,-4.63323683210097
TENT2,-0.488079450378383,-0.453567945958036,-0.453567945958036
SLC6A18,-3.16975458506908,-3.16975458506908,-3.16975458506908
ACSL6,-2,4.3753312990877,4.3753312990877
FABP7,0.241008099503795,13.1447177923156,13.1447177923156
SFXN1,-1.15404887230019,-1.15404887230019,-3.01052754118217
PDSS2,-1.24533240410033,-1.11194130828164,-1.11194130828164
DAGLB,1.80858852199671,1.80858852199671,-0.448681557883145
GALNT10,-1.74703840274559,-1.74703840274559,-3.2143358623192
FABP5,-2.89501649532023,-2.89501649532023,4.00999539941763
SLC13A4,1,5.26622045198417,5.26622045198417
LMTK2,2.50874863061896,2.50874863061896,2.50874863061896
PHKG1,2.51096191927738,2.51096191927738,0.648742396490129
NOS3,3.55019708256048,3.55019708256048,-3.2465231019733
CA3,-0.807354922057604,5.77088956330678,5.77088956330678
CDK5,-2.24792751344359,1.24603009635104,1.24603009635104
SLC4A2,-0.646453301260764,0.177452057136734,0.177452057136734
ALDH7A1,-3.38605843230708,-3.38605843230708,-5.5781516226372
COX6C,-1.64040276876238,0.282113504780897,0.282113504780897
PDP1,1.07740450368561,-2.55161673856927,-2.55161673856927
NUDT2,-1.37503943134692,0.388004901212468,0.388004901212468
SYK,-2.26822707505412,1.4963047357214,1.4963047357214
ABCA1,1.49510188820802,0.181491499936072,0.181491499936072
FXN,-0.813586875769119,-3.08790687930991,-3.08790687930991
ALDH1A1,-2.73696559416621,4.15881742263849,4.15881742263849
HGSNAT,-0.185612572061688,-0.185612572061688,-2.86698821965651
PIGA,0.6626648577144,-2.41028809254374,-2.41028809254374
AQP7,2.91855141251232,2.91855141251232,2.91855141251232
AQP3,-2.66398631231619,-2.66398631231619,-5.08674488847271
TRMT10B,-0.596103058326357,0.414481845476654,0.414481845476654
PIGO,-1.28615696386554,-0.230327179034943,-0.230327179034943
MELK,-3.49098635251214,-3.49098635251214,-4.95665314802537
HECTD2,0.432524926007685,-0.173736553218735,-0.173736553218735
MARCHF8,0.313499472816782,0.630748199223006,0.630748199223006
SLC16A9,-2.56634682255381,-9.20163948493445,-9.20163948493445
INPPL1,-0.330916878114617,-0.136054054129507,-0.136054054129507
CRYL1,-1.42340097221347,0.00382106390682948,0.00382106390682948
RPUSD4,0.177538185552188,-0.0716971521667285,-0.0716971521667285
FAAH2,-0.0565835283663674,6.73506336972755,6.73506336972755
NUDT5,-1.49021718588543,-0.446147408334097,-0.446147408334097
ATP5F1C,-1.38477838165609,-0.1454141824235,-0.1454141824235
COMTD1,-2.81192765184743,-2.81192765184743,-2.81192765184743
NSD1,-0.233229893172595,0.358560879569234,0.358560879569234
PRDX3,-1.989028882179,-1.989028882179,-3.48640135270587
AK8,0.584962500721156,4.47072303555293,4.47072303555293
HPRT1,-1.89106562844684,-4.33860125416277,-4.33860125416277
STK32C,-1.36257007938471,-1.36257007938471,-1.61721994706434
PIP4P1,2.33786963875638,2.33786963875638,2.33786963875638
METTL17,-1.53051471669878,-1.53051471669878,-3.01754659441232
SLC39A2,-1.45704502580042,7.00000377488798,7.00000377488798
METTL3,-1.3351603514984,-0.411001735347564,-0.411001735347564
CYP2C19,2.58496250072116,6.6369951145142,6.6369951145142
HACD1,-1.39459045781788,-1.39459045781788,-4.08397179721269
ABTB2,2.46948528330122,2.46948528330122,2.46948528330122
CKB,-1.7634378055274,3.08246611131446,3.08246611131446
POLL,-0.46273424131014,1.05426602586283,1.05426602586283
ASPG,-1.63742992061529,4.03299039253215,4.03299039253215
PCBD1,-2.53542303991984,-2.53542303991984,-4.26174679115481
FAM227B,-0.432959407276106,2.22243565878683,2.22243565878683
SMPD1,1.86484041671836,1.86484041671836,1.77339694503896
TPP1,2.76209018832182,2.76209018832182,-1.16940734903256
RAG1,-0.633217669328377,0.488318892104923,0.488318892104923
TMX3,-1.2599756041446,-0.338863953400408,-0.338863953400408
WEE1,-0.642925908370144,-3.81732195774051,-3.81732195774051
PRKCB,-1.8073549220576,3.1393385499109,3.1393385499109
TK2,-1.60039254129076,-0.0461988201022791,-0.0461988201022791
ACSM1,-3,-3,-3.31112649015334
LDHD,-0.788495894806288,4.90152680146693,4.90152680146693
PEX11A,-1.25032335408424,0.776104756505094,0.776104756505094
ANPEP,0.584962500721156,-0.231563982838481,-0.231563982838481
GLYATL1,-2.58496250072116,3.39668420783065,3.39668420783065
PLK1,-4.32192809488736,-4.32192809488736,-8.22690419559925
TGM6,2.86353283832524,2.86353283832524,2.86353283832524
PDIA3,-1.85480700127754,-1.54970398265725,-1.54970398265725
B4GALNT2,8.06842025190486,8.06842025190486,8.06842025190486
PIP5KL1,-1.0198995574377,4.8462069573919,4.8462069573919
ACSF2,-2.12904194500174,2.57711475461313,2.57711475461313
CERCAM,-0.579293750634464,1.01450368879178,1.01450368879178
DOLPP1,-1.82102985895468,-1.82102985895468,-2.04550623591314
COQ7,-1.1618296974071,-1.1618296974071,-3.325936955868
DPEP2,-0.584962500721156,1.08576198083423,1.08576198083423
MYO5B,3.36299334329882,3.36299334329882,3.36299334329882
ACAA2,0.785261151206987,6.55558028976408,6.55558028976408
RRM1,-2.10704907809105,-2.10704907809105,-2.7750487413967
FN3K,0.347923303420307,0.780257524388601,0.780257524388601
PRRT2,0.807354922057604,-0.0561877531476163,-0.0561877531476163
PPP2R3B,-0.103622631074157,0.372419188772083,0.372419188772083
CA4,-1.56946912592426,-1.56946912592426,-1.56946912592426
GPX4,-0.683172776805503,2.41748875389598,2.41748875389598
MVD,-2.94955937739626,5.5835165006747,5.5835165006747
CYP2S1,-1.06140054466414,-1.06140054466414,-3.30493223942606
AXL,-1.49910176406732,-1.49910176406732,-3.65503745044768
PLIN4,-3.29278174922785,-3.29278174922785,-4.42931612000748
GLOD4,-1.04047906935507,0.364533159478883,0.364533159478883
GPT,0.070389327891398,2.24649892771529,2.24649892771529
SLC43A2,-0.391424942056893,-0.391424942056893,-7.80234094801615
SRR,-0.584962500721156,-0.352725885329506,-0.352725885329506
HSD11B1L,-1.27753397552891,4.31622180390292,4.31622180390292
GGT6,-0.048363021561399,5.06731130328863,5.06731130328863
KLK2,4.94895172527735,4.94895172527735,4.94895172527735
ACER1,-2.08091999538357,-2.08091999538357,5.73710720246764
ANGPTL4,4.20734416197711,4.20734416197711,-1.17378746182501
NDUFV1,-1.73343237685676,-1.73343237685676,-2.39485767948407
PRDX2,-2.02435527034909,0.86261320095046,0.86261320095046
MRPL58,-1.21681138907315,-0.610890641854246,-0.610890641854246
ATP5PD,-1.60803525560401,-6.47294403883071e-05,-6.47294403883071e-05
MGAT5B,0.807354922057604,1.78989257444047,1.78989257444047
TK1,-4.98842048110512,-4.98842048110512,-7.04670988907352
FTH1,1.09192248944104,-1.10375705015772,-1.10375705015772
BSCL2,-0.874469117916141,-0.0305541840501221,-0.0305541840501221
SLC3A2,0.529879395139918,0.529879395139918,-3.4859048313522
SLC22A11,-1.58496250072116,-1.58496250072116,-2.40390844976537
MAP4K2,-1.41503749927884,0.869743686871311,0.869743686871311
PBK,-5.74495838491974,-5.74495838491974,-7.48346791962598
PAFAH1B2,-1.22239242133645,-1.22239242133645,-2.45344213670308
RNF187,-1.4731716752636,-1.4731716752636,1.24588250163503
PDHB,-1.19555080911781,0.974122410999732,0.974122410999732
DEGS2,-0.761840262805236,7.51169514129634,7.51169514129634
DTYMK,-2.23393161388953,-1.84562998592273,-1.84562998592273
MLKL,-2.82149910437787,-2.82149910437787,-5.84761452137772
RFWD3,-0.772362468718099,-0.772362468718099,-2.5866098949037
BMP1,-1.37621825038832,-1.37621825038832,-2.33336052435539
POLR3D,1.09686153925259,0.451631444372206,0.451631444372206
SLC20A2,1.07252679820626,-2.28080027345881,-2.28080027345881
NDUFS5,-1.93642301236666,-1.93642301236666,-1.87396004293939
GSTM4,-1.84021955596323,0.0189124924022084,0.0189124924022084
PPIP5K1,-0.319936797068271,1.020896754691,1.020896754691
LCMT2,-0.642187369414106,-0.0826051700790287,-0.0826051700790287
GFM1,-0.403547092326508,-1.16029073667437,-1.16029073667437
PLA2G4F,-2.93666813638493,-2.93666813638493,-2.93666813638493
INPP5D,-1.52509104474376,-1.52509104474376,-1.91069011048092
UQCRFS1,-0.815658225788814,-0.815658225788814,-1.25773768762846
MAP2K1,-2.80808142145726,-2.80808142145726,-2.80808142145726
CHST14,-1.28010791919274,-1.28010791919274,-3.28312859114979
CSNK1G1,-1.13139040002332,0.18205261059027,0.18205261059027
CPT1C,-0.499571009490512,4.23589258405567,4.23589258405567
XPO6,-0.176380023579612,-0.176380023579612,-1.95921426230633
B3GALNT1,-2.32192809488736,-2.32192809488736,-3.23468202346605
PGM2,-1.10721404084632,-1.10721404084632,-0.0110932052023797
SIN3A,-0.39231742277876,0.684792928679899,0.684792928679899
PTPN9,-1.04073025241875,-1.04073025241875,-3.0212744646669
METTL15,-1.03808350173148,-0.539581447502792,-0.539581447502792
HEXD,-1,1.51300828904845,1.51300828904845
BUB1,-4.74642592341527,-4.74642592341527,-8.20079952407396
AGPAT2,-1.13395445666886,-1.13395445666886,-3.73868654236609
FASN,-1.35453276031929,1.69965069872054,1.69965069872054
DCXR,-1.96848902725478,-1.96848902725478,-1.96848902725478
UGP2,-1.92636268056013,-1.92636268056013,-3.64644860246565
BTD,0.00984778595634721,0.153460702351419,0.153460702351419
CSGALNACT2,2.66014047761183,2.66014047761183,-0.450144838118977
GUSB,-0.699133520640467,-0.769178715281598,-0.769178715281598
MAP3K2,-0.26613364449268,1.74183275832112,1.74183275832112
UBE2E3,-0.70466925808304,-0.0726205479189343,-0.0726205479189343
SIK2,0.1965886659311,-0.0805450298825921,-0.0805450298825921
USP38,2.88155945162615,2.88155945162615,2.88155945162615
SLC16A5,-1.65025396097288,4.03673560280287,4.03673560280287
ADPRM,0.082462160191973,1.18592786008118,1.18592786008118
FABP6,-3.16975458506908,-3.16975458506908,-3.16975458506908
USP47,-0.311295796946002,-0.0411399257949064,-0.0411399257949064
GLB1,-1.78199934778071,-1.78199934778071,-2.97678119150718
CDK1,-5.63574023687046,-5.63574023687046,-6.08172134120005
B3GNT2,1.83014024197391,-1.82052680892406,-1.82052680892406
SETMAR,-1.08641475181747,1.75933300481195,1.75933300481195
SDR9C7,3.18184816881813,3.18184816881813,6.72520858497104
MGMT,-1.5575563433805,0.810961552972663,0.810961552972663
SLC23A1,1.70043971814109,6.45551243132546,6.45551243132546
NPAS2,1.8951576341425,1.8951576341425,-2.05611219403526
NUDT9,-0.958380910798261,0.435210663364777,0.435210663364777
ELOVL6,-1.98120240454587,1.98991782856031,1.98991782856031
PFKFB3,2.89842901686032,2.89842901686032,0.329260739451301
POLH,-1.79789459280854,0.0472641477615513,0.0472641477615513
CEL,-1.73696559416621,-2.70081269194458,-2.70081269194458
PPM1D,1.74877489645584,1.74877489645584,0.00513141683675789
PLA2G1B,-1.99989247923963,-1.99989247923963,-1.99989247923963
GSTA4,-3.40431994659028,5.56031496969296,5.56031496969296
HAS2,0.192645077942396,0.192645077942396,-5.63026767263314
ALK,3.58496250072116,5.99348161699419,5.99348161699419
KYAT1,-1.92785021424416,-1.92785021424416,-3.19724794919495
INSR,0.399055200736988,3.01040193473492,3.01040193473492
FUT3,3.98868468677217,3.98868468677217,4.56059639162624
PRKCE,0.462971976342546,0.462971976342546,-2.88973498158869
C1GALT1C1,-0.80039097430784,0.683229213307731,0.683229213307731
UGT2B7,1.58496250072116,3.29746815349974,3.29746815349974
GAA,-0.482694449382106,2.25372383717882,2.25372383717882
ZDHHC16,-1.14419472634889,-0.147625062057811,-0.147625062057811
CHST11,1.68045849794952,-3.71681844587682,-3.71681844587682
PGAM1,-1.84460631735418,-1.84460631735418,-2.40800521070295
ESCO2,-4.63587445411325,-4.63587445411325,-7.2896196186558
PDE7B,7.31288295528435,7.31288295528435,-1.77451725712271
NAT1,-0.902702798645085,2.12853374692973,2.12853374692973
ETFDH,0.375905715946187,3.15959706523209,3.15959706523209
FGA,-1.99989247923963,-1.99989247923963,-1.99989247923963
PIK3CD,0.279617290029398,0.407552081578497,0.407552081578497
HDAC3,-0.851136614085517,-0.851136614085517,-1.09067547020531
PAH,3.32192809488736,3.32192809488736,-0.970842439929284
GATM,-2.04231080485796,7.0903568508147,7.0903568508147
METTL18,-0.768674453893544,1.81377745114516,1.81377745114516
RRM2,-4.73696559416621,-4.73696559416621,-7.40822248751296
MRM3,-0.153912683453681,-0.153912683453681,-1.97172496014777
CYP4F22,1.45251220469751,1.45251220469751,7.13117510879136
PPIH,-3.03562390973072,-3.03562390973072,-5.66390684698142
THOP1,0.327519943131716,0.327519943131716,-4.52760253651862
USP19,-0.472881573851128,1.26738448418017,1.26738448418017
QARS1,-1.68833734693242,1.46922667955201,1.46922667955201
NME6,-0.260062839302503,0.548809051413166,0.548809051413166
MBOAT1,-2.0320612092323,0.293229050994944,0.293229050994944
MACROD2,0.362570079384708,4.24938537291483,4.24938537291483
CERS6,-2.14361712720204,-2.14361712720204,-2.14361712720204
TP53RK,-0.333423733725192,0.593201663468086,0.593201663468086
B3GALT1,1.58496250072116,1.58496250072116,-0.656389774246198
BPGM,1.0697089718114,4.62075442512151,4.62075442512151
ALG14,-1.41761144294267,-1.41761144294267,-2.83719991237577
SUCLG2,-2.12188310506871,-2.12188310506871,-3.59880392913197
FGGY,-1.12675714228594,1.34538614204286,1.34538614204286
FUT9,-1.56946912592426,-1.56946912592426,-1.56946912592426
AGXT,6.13613668798603,6.13613668798603,-1.59027773981186
CARNS1,-1.16992500144231,2.22168718102247,2.22168718102247
PPP1CA,-1.34996694197216,-1.34996694197216,-2.20981067261773
RAD9A,1.62748711736771,0.828562749842591,0.828562749842591
FUT10,-0.910362787515324,0.446251790017166,0.446251790017166
FADS6,-3.58496250072116,6.23843817895242,6.23843817895242
CYP7B1,-2.4594316186373,-2.4594316186373,0.408192534859281
CES3,-0.900464326449086,-0.900464326449086,-1.91158120310605
SSH3,-1.06640122572251,1.9025106766091,1.9025106766091
CES2,-1.73792964033699,-1.73792964033699,-3.1244941627253
NADSYN1,-0.817400808194687,2.22010035846838,2.22010035846838
OXSR1,1.62866638392502,-1.92636910350414,-1.92636910350414
LCLAT1,-0.61615712232475,-0.61615712232475,-3.20243945797453
HPSE,1.65462337869004,1.65462337869004,1.90309485938126
PARP14,-1.94693095580987,1.10530158442645,1.10530158442645
PARP15,-1.99989247923963,-1.99989247923963,-1.99989247923963
GLRX,2.9330080405356,2.9330080405356,4.56896242918087
SLC2A14,0,5.17202228341528,5.17202228341528
PPP1R3B,-0.348610137539868,-0.348610137539868,3.91729960812573
MAP3K11,-0.788495894806288,0.0902938726264794,0.0902938726264794
PTPRM,1.45361120395282,1.07638905290276,1.07638905290276
FKBP2,-0.732108030516904,1.24430779168715,1.24430779168715
APOBEC4,-2.63960764520095,-2.63960764520095,-2.63960764520095
UQCRH,-1.65855033903555,-1.65855033903555,-1.94536862968733
CNP,-1.29657252061047,1.09802569537711,1.09802569537711
MARCHF10,-0.321928094887362,-0.321928094887362,-3.82986292235065
PLK3,3.5917516663838,3.5917516663838,3.5917516663838
MARCHF3,2.32707139816332,2.32707139816332,6.21419142394306
CTSF,0.691877704637668,6.40442706182009,6.40442706182009
GSTA3,-2,8.40403385323128,8.40403385323128
ZDHHC24,-1.00734197534117,1.35952334238336,1.35952334238336
PIGG,-0.530664677204179,0.678913447281406,0.678913447281406
ADCY6,-0.479005325288544,1.80175437963088,1.80175437963088
TNK1,-0.0232697793228472,0.9610253275316,0.9610253275316
SLC16A13,-0.725825036561006,3.11089711203745,3.11089711203745
SLC6A19,0.584962500721156,-1.44835762602913,-1.44835762602913
ATP2A2,0.287424443186071,0.287424443186071,-1.87168962021883
GALNTL6,1.67807190511264,0.414814577687519,0.414814577687519
SLC26A9,4.18442457113743,4.18442457113743,5.76272286799464
SLC29A2,-1.86507041991389,-1.86507041991389,-3.21092306794
BRSK2,1.58496250072116,3.63958994795089,3.63958994795089
B4GAT1,-2.49304001128012,1.18366262316187,1.18366262316187
CHST2,0.885828980080689,-2.90076854689655,-2.90076854689655
ZDHHC14,-0.52674788677586,-1.11875973618394,-1.11875973618394
ATR,-0.812679419109477,-0.812679419109477,-3.53352255271749
UBE2C,-5.4240262825061,-5.4240262825061,-8.61780144552121
PCCA,-1.08031916451174,1.67375402051247,1.67375402051247
CTDSP2,0.0499518219753528,2.39828026581429,2.39828026581429
GAL3ST3,3.8073549220576,3.8073549220576,-1.07314297029667
DOLK,-0.734627352097005,1.53738865342198,1.53738865342198
CLCF1,2.26303440583379,2.26303440583379,-4.02866515650054
ALG10B,-0.605140382658786,-0.602733937737194,-0.602733937737194
FOSL1,3.16146342269412,3.16146342269412,-1.19714854766065
MSRA,-0.456378294659743,-0.456378294659743,-2.64988329862955
CBLL2,-1.99989247923963,-1.99989247923963,-1.99989247923963
ZDHHC21,1.67948009950545,4.50684459592176,4.50684459592176
AMIGO3,-1.56946912592426,-1.56946912592426,-1.56946912592426
B3GALT6,-0.510000443039934,-0.200206785591241,-0.200206785591241
IP6K1,1.69461624154422,1.69461624154422,-1.18473457320911
CIDEA,-2.04439411935845,3.04595617166894,3.04595617166894
COX8A,-1.7758669449826,-1.7758669449826,-2.2646084261439
RNPEP,-1.64867098867208,0.106351710203381,0.106351710203381
CLK2,-0.960740569552773,0.889095046199433,0.889095046199433
LPCAT4,-0.577545029158673,0.596750890194199,0.596750890194199
SLCO3A1,-0.501397784082025,0.81300979348639,0.81300979348639
PLAAT3,1,3.11202011268528,3.11202011268528
B3GNT5,-0.587917027743702,-3.52016414566894,-3.52016414566894
RNF152,1.44527384211522,2.08339710916094,2.08339710916094
ACSF3,-0.0890050060587449,0.0994317186269623,0.0994317186269623
TYMS,-1.96437609026928,-1.96437609026928,-5.11438985292051
GCNT4,0.636914580355878,0.636914580355878,2.72346191598488
SHMT1,-3.11458196759854,-3.11458196759854,-3.26692582422026
MTHFR,-0.648096845667148,4.38947043191941,4.38947043191941
ACER2,-0.351472370501378,4.37998721881422,4.37998721881422
POLE,-1.32063361741973,-0.514971922606772,-0.514971922606772
ULK1,3.83257750576086,3.83257750576086,3.83257750576086
RPS6KA3,1.07870160175186,1.07870160175186,-0.144530493564732
B3GNT8,-1.39231742277876,0.321412400394719,0.321412400394719
PUS1,-3.75211041325933,-3.75211041325933,-3.75211041325933
MAN1B1,-1.53429601545939,0.543531733906509,0.543531733906509
UBE2U,0,2.84767950376601,2.84767950376601
ACOT4,-1.41503749927884,-0.672232017993325,-0.672232017993325
SLC25A22,-2.40498383461492,-2.40498383461492,-2.80621453516947
TBL1XR1,0.101247638376098,0.441610134135726,0.441610134135726
GBA1,3.13565509935757,3.13565509935757,3.13565509935757
PNPLA2,2.03147823147317,3.3724799022106,3.3724799022106
POLR2L,-1.52297561382546,-1.52297561382546,-2.95574082167847
IMPDH2,-1.98082455756135,-1.98082455756135,-3.02749732494129
NDUFV2,-0.560300446486887,0.516683604082086,0.516683604082086
GALNT11,-1.32504406810922,1.90266516309819,1.90266516309819
GLDC,-1.32192809488736,-1.32192809488736,-5.1593363103704
SLC25A20,-0.441790226884529,2.67059992705413,2.67059992705413
CA8,2.16992500144231,-0.894024242116437,-0.894024242116437
ERN1,1.37977216945965,-0.486110162016413,-0.486110162016413
PARP10,-1.9944404746581,1.78054640813415,1.78054640813415
NSUN3,-0.292354979504015,1.66230157023303,1.66230157023303
DHFR2,-1.23619822086148,1.16918138825241,1.16918138825241
MPI,-1.23865747569923,2.15051235599287,2.15051235599287
OPLAH,-1.91497941558569,-1.91497941558569,-1.91497941558569
PFAS,-1.42206476617281,-3.7879270392865,-3.7879270392865
TUFM,-1.25194226162617,-1.25194226162617,-2.32440665136469
AURKB,-4.92283213947754,-4.92283213947754,-7.72098779600639
DPM3,-1.13492958008611,1.77288878752732,1.77288878752732
ALOXE3,3.8236567343867,3.8236567343867,3.8236567343867
FUCA1,-1.79240458059163,2.69152147370144,2.69152147370144
NSUN7,-1.27008916336774,1.38047006463763,1.38047006463763
ALOX12B,2.77184063544467,2.77184063544467,7.91738904552383
ALOX15B,-5.14720492494223,-9.24260644913493,-9.24260644913493
PLD6,3.16227142889888,3.16227142889888,-3.02182006711838
SEPHS2,-0.438644112231178,-0.618518360926115,-0.618518360926115
DCTPP1,-5.03413117654178,-5.03413117654178,-5.03413117654178
PTGR3,-0.48297117544393,1.28238304452191,1.28238304452191
TH,-2.72246602447109,-2.72246602447109,-3.03624566262807
PAK2,0.921558645397354,0.921558645397354,-2.03420615233297
CYP8B1,2.32192809488736,2.32192809488736,1.95665143964627
SLC47A2,-1.55873095914798,2.37558235448378,2.37558235448378
ZDHHC20,-1.40848591444007,2.19280601308797,2.19280601308797
PPA1,-2.17570396444046,-2.17570396444046,-2.43515357068874
SSR4,-0.874815129439778,0.325116783729237,0.325116783729237
ST20,0.20163386116965,1.81791680368651,1.81791680368651
NQO1,0.172337132151176,-5.15435717427434,-5.15435717427434
SLC25A42,-3.28540221886225,-3.28540221886225,-3.28540221886225
METTL23,-0.489965986785409,0.282863449938676,0.282863449938676
MAPK15,-2.50250034052918,2.82642122812835,2.82642122812835
EHMT1,-0.443761788315475,-0.443761788315475,-1.86461447505825
DHTKD1,-2.13070369164459,-2.13070369164459,-3.4521106304078
POLR2A,1.54983427731755,0.360959389212938,0.360959389212938
ATG9B,5.91938153979172,5.91938153979172,5.91938153979172
SLC9A9,-3.05183893151962,3.14367847902857,3.14367847902857
ADO,-1.11103131238874,-0.144028106835164,-0.144028106835164
IDH2,-3.32651536438301,-3.32651536438301,-3.32651536438301
ENPP7,-2.63960764520095,-2.63960764520095,-2.63960764520095
UBA7,-2.01792190799726,3.17696124457904,3.17696124457904
CYB5D1,-1.2205991395134,-0.770206583993465,-0.770206583993465
UBE2E2,-0.369606070031838,0.883987546225414,0.883987546225414
B4GALNT4,-1.20732497324751,-1.20732497324751,-1.20732497324751
LIMK2,-0.89063830568733,1.28284451157286,1.28284451157286
ADI1,-1.3685827739864,-1.3685827739864,-2.79280067019667
CSF1R,0.125530882083859,0.125530882083859,-5.46944002149191
PLCB1,-0.807354922057604,-0.807354922057604,-2.16213036005368
TTC3,-0.240365855076707,1.07444871873102,1.07444871873102
GLUD2,-2.86507041991389,-2.86507041991389,-3.81393127943759
SLC25A18,1.41503749927884,1.41503749927884,-1.07900343956289
SLC8A1,-1.75077139369124,1.14323305735364,1.14323305735364
ABAT,-0.966316873743711,0.29446856599116,0.29446856599116
SLC25A10,-3.4594316186373,-3.4594316186373,-5.21234075372506
CAMK1D,0.557995453120887,5.08270275223898,5.08270275223898
AFMID,-1.60715824683535,-1.60715824683535,-3.0296241242394
CHST6,-1,-1,6.60289607508567
RIPK4,-1.00583694002228,0.432451500014323,0.432451500014323
TREX2,2.86673346913654,2.86673346913654,8.28831082352932
NDUFB1,-1.48220292629596,0.778745748924118,0.778745748924118
MARCHF11,-1,-1.41413583851198,-1.41413583851198
UPP1,2.63141344093623,-9.72941934732254,-9.72941934732254
ACP7,7.18937533108847,7.18937533108847,7.18937533108847
CHEK2,-2.94946726598101,-2.94946726598101,-3.93780803970037
NUDT14,-0.78135971352466,1.05755703365179,1.05755703365179
PRKX,-1.82426364073467,0.00128773155656891,0.00128773155656891
KMT5A,-1.40599235967584,-1.40599235967584,-0.0303514732365942
ST6GALNAC3,-1.77258950389693,-0.223920555514099,-0.223920555514099
PTP4A2,-0.358424557869715,-0.358424557869715,-3.01146020385271
UQCR10,-1.617571450968,-1.617571450968,-1.54713261777366
LRRC51,-0.491853096329675,-0.164345416023556,-0.164345416023556
PGP,-2.34482849699744,-2.34482849699744,-2.42448127848
ACOT1,-2.13750352374994,2.22929491243297,2.22929491243297
ALDH1A3,4.84521625351125,4.84521625351125,-4.97342581187406
PRKD1,2.42884329880387,0.480524406679481,0.480524406679481
ZDHHC23,2.20493145127023,2.70996769906246,2.70996769906246
SRPK3,0.447458976971221,1.36788972484601,1.36788972484601
TXNRD2,-0.219168520462162,-2.43227240179565,-2.43227240179565
PTP4A3,-1.84799690655495,-1.84799690655495,-3.78976663688686
DUSP8,5.44294349584873,5.44294349584873,5.44294349584873
SATL1,6.83733591919593,6.83733591919593,-2.04300867643814
USP18,-3.03562390973072,-3.03562390973072,-5.36506573936572
DGAT1,-0.598637437618233,-0.598637437618233,-2.33873518992392
CA13,-1.51846708893425,4.14979991648918,4.14979991648918
SLC24A3,-0.137503523749935,2.92568232568666,2.92568232568666
ADSS1,-2.76938707185858,-2.76938707185858,-2.76938707185858
GALNT17,0.736965594166206,0.736965594166206,-4.04431274858211
PRKN,0,5.78140401317762,5.78140401317762
HS6ST3,2,2,-1.09585787741278
MAPK11,-2.43538614467065,-2.43538614467065,-4.11474651211119
SMYD3,-1.46200097824943,-1.46200097824943,-3.45025653580092
TMT1A,-5.57202344501366,4.98015461248543,4.98015461248543
PDE6G,0.584962500721156,3.95253548135899,3.95253548135899
PRKG1,2.18057224564182,4.94411887677983,4.94411887677983
UBE2L3,-0.735653456703415,-1.75367710938028,-1.75367710938028
PIGP,-1.60266450245462,1.05329513511554,1.05329513511554
PCYT2,-2.36470841373155,-2.36470841373155,-1.93412884212321
THNSL1,-0.662130361243616,-0.670394490879412,-0.670394490879412
ATP6V0C,3.58496250072116,3.58496250072116,3.58496250072116
TMLHE,-1.05889368905357,0.434369292172978,0.434369292172978
GRK1,-0.584962500721156,-0.584962500721156,-3.01257946527306
CYP2R1,-1.49208372458384,2.64582444654581,2.64582444654581
PIP5K1C,0.736965594166206,1.25232040244546,1.25232040244546
POLR3C,-0.334254844562798,-0.45313594581796,-0.45313594581796
WWOX,-1.37851162325373,2.12471448456697,2.12471448456697
ZNRF1,-1.4671260104273,1.7840271973635,1.7840271973635
CYP4F12,1.90259594421843,4.95110620448889,4.95110620448889
GPAT2,-1.58496250072116,0.0497146365403343,0.0497146365403343
SLC36A2,1.58496250072116,2.99101826617713,2.99101826617713
RXRA,-2.10132470996188,-2.10132470996188,-2.10132470996188
CYP4X1,0,5.4560651893322,5.4560651893322
CYP4F8,4.95419631038687,4.95419631038687,-1.05734447441389
CYP4F3,-1.28798076296402,3.21270613832195,3.21270613832195
UBE2H,1.38892341506783,-1.72726324050568,-1.72726324050568
PDE2A,0.584962500721156,0.584962500721156,-3.4463602507798
BCR,1.22123409526789,1.22123409526789,-0.32801037453222
PPARA,-0.374181369754997,0.308812104586812,0.308812104586812
CYP4A11,0,6.34445796974035,6.34445796974035
ENTPD5,-0.929610672108602,-1.21248086095822,-1.21248086095822
DHRS4L2,-1.66025062802539,2.56825425985336,2.56825425985336
B3GLCT,-0.237840323674543,0.0358681059081477,0.0358681059081477
ADH1A,0,-1.29823131878791,-1.29823131878791
RNF133,1.58496250072116,2.00715610825623,2.00715610825623
MAPK12,-2.01282404035758,-2.01282404035758,-3.52056242229183
PRKAR1B,-1.59171986689647,-1.59171986689647,-3.97986007954689
HYKK,-0.658963082164933,2.71920533965377,2.71920533965377
PPP3R2,-1.99989247923963,-1.99989247923963,-1.99989247923963
SLC24A5,1.35018635492888,3.03712910491323,3.03712910491323
DUSP28,1.93859945533586,-0.446201834550975,-0.446201834550975
ASAH2,-0.222392421336448,-0.672208744394006,-0.672208744394006
DPYD,-1.60842147354515,0.919597306353229,0.919597306353229
UROS,-1.83120166401197,0.119218018001427,0.119218018001427
LRRK2,-0.497499659470817,2.67287592976753,2.67287592976753
HACD4,-2.55781635870803,2.45475852371238,2.45475852371238
NDUFA4,-1.38472187485137,0.215548385078364,0.215548385078364
ALG1L1P,-1.58496250072116,0.164623894062239,0.164623894062239
ACADSB,-1.77163817182099,1.70923068629599,1.70923068629599
PPIA,-1.47195639398664,-1.47195639398664,-1.39852014864761
STK31,0.263034405833794,2.32810730364417,2.32810730364417
ADH7,-1.40209844357135,10.323478815751,10.323478815751
NUDT11,-2.23907116248308,-2.74438829453105,-2.74438829453105
PTPN1,-1.49440318199616,-1.49440318199616,-2.83670312392215
EPHB4,-2.19151186365046,-2.19151186365046,-2.50672553237469
NCOR2,1.29846912206337,0.399365513679086,0.399365513679086
SULT1A1,-2.61470984411521,-2.61470984411521,-4.27004277663139
SLC6A9,-1.66837850890879,1.71693913375972,1.71693913375972
MAN2A2,0.294061301454418,-1.71187882444943,-1.71187882444943
ADH1B,0,1.2442910064656,1.2442910064656
DAPK1,1.49937694671149,2.44037548406215,2.44037548406215
GM2A,-0.452296280871482,0.493748516909116,0.493748516909116
GAL3ST4,-2.14295795384204,1.21078740293511,1.21078740293511
SLC25A29,-3.08934748559528,-3.08934748559528,-3.0789416810715
PGAP1,-0.798830849751066,0.605762037574871,0.605762037574871
SRC,-0.834134253173204,-0.834134253173204,-2.41345655371269
NEK5,-1.92599941855622,-1.92599941855622,-1.89716533050484
SLC22A4,0.440572591385981,-0.120871296461835,-0.120871296461835
ENTPD4,-0.792719575689207,0.118421504466607,0.118421504466607
SERPINA1,4.08746284125034,4.08746284125034,4.08746284125034
FITM2,-0.794681092022494,2.15373430844125,2.15373430844125
TRIM33,2.18173430373195,2.18173430373195,-0.00921899273063934
SLC22A5,-0.6035183197494,-0.298896027003124,-0.298896027003124
MAP3K5,-1.47999294111961,1.12106271870497,1.12106271870497
OGDHL,-1.73696559416621,-1.73696559416621,-4.0419059350257
GSTK1,-1.85085656069419,1.40184719489546,1.40184719489546
SLC28A3,2.98765160757236,2.98765160757236,4.52300290935972
MIB2,-1.14475239552826,-1.14475239552826,-1.56297396195316
BCO2,3.07972719247073,3.07972719247073,6.5148804487263
ENPP1,0.833990048561071,0.833990048561071,-5.39724516902917
FAR1,-1.5658341883471,-1.5658341883471,-3.13270626095853
PSAP,-0.765497519205897,1.30699079334919,1.30699079334919
TXNRD3,-1.66821800437051,-0.226135170400227,-0.226135170400227
SLC9A8,-0.16868183459168,-0.16868183459168,-3.33124020489157
GPAA1,-0.723790205418473,0.158247389908209,0.158247389908209
ADH5,-2.11050712377784,-2.11050712377784,-3.90582377555427
ELOVL2,0.736965594166206,0.742837567219197,0.742837567219197
IRAK4,-1.21494623685359,2.3795773203139,2.3795773203139
MARCHF5,1.22026612022806,0.767741133820604,0.767741133820604
SULT1C4,0.584962500721156,0.584962500721156,-2.56059061173005
CYP2A7,-1,-1.41413583851198,-1.41413583851198
NUP62CL,-3.58496250072116,-3.58496250072116,-3.58496250072116
ADH4,0.584962500721156,0.584962500721156,-5.01671762563191
HIBCH,-1.53373717736598,-1.53373717736598,-4.75074411835256
MAN1A2,-0.445495845122302,1.05027973929595,1.05027973929595
HSD17B11,0,1.08213709224221,1.08213709224221
SLC29A3,0.584962500721156,0.673911961622346,0.673911961622346
PIM3,1.0476629722657,-1.8917680915992,-1.8917680915992
ASPH,-1.18709505811717,-1.18709505811717,-2.84054445955783
WWP2,1.30915645170323,1.30915645170323,-1.29965195499097
NCOA6,1.16587816837961,0.57234998414487,0.57234998414487
ECI2,-3.03160960651682,-3.03160960651682,-4.48651491145158
SMURF1,1.48844958589868,1.48844958589868,0.108224023081976
PNP,2.89140235269644,2.89140235269644,0.378465938732306
INPP5F,-0.648351206992638,-0.16324098598302,-0.16324098598302
CES1,4.96962635095648,4.96962635095648,7.66387663695477
PRMT6,-1.41953889151378,1.86109899719994,1.86109899719994
MAP3K3,-0.836501267717121,0.444588448849767,0.444588448849767
DZIP3,-1.07928890980464,-0.338355406500234,-0.338355406500234
APRT,-1.92791384617894,-1.92791384617894,-2.41762608140726
NAGA,-1.79158760619929,-1.79158760619929,-3.06011705928906
SGMS1,-1.90114661307371,3.02983587849801,3.02983587849801
EEF1AKMT2,-1.08431628593348,0.779367418380165,0.779367418380165
BMPR2,0.0425246166465569,2.47360891243007,2.47360891243007
HSD17B8,-1.74495838491974,-1.74495838491974,-0.431914136825907
RNF5,-1.95507412911848,-1.95507412911848,-2.48472662011867
AGPAT1,-1.52724700286487,-1.52724700286487,-2.90693594168436
SDHD,-1.01112623798038,-1.01112623798038,-2.36364274398295
EHMT2,-1.90626994813029,-0.155089437143436,-0.155089437143436
SLC44A4,1.64385618977472,-1.56968438965598,-1.56968438965598
NEU1,2.47999294111961,2.47999294111961,0.400540744009575
DDR1,-0.434666306027776,0.289862300177594,0.289862300177594
SLC35B4,-1.30141549756165,-1.30141549756165,-4.49759021724272
NT5M,-1.96347412397489,-1.96347412397489,-3.41140070978424
PLPP6,-0.271545905689311,2.80213839095073,2.80213839095073
ATP10A,0.931287249915986,0.654453296116144,0.654453296116144
HACD2,-0.625271372729752,-0.625271372729752,-2.24849261544576
DIO2,5.32621545329046,9.84774390059988,9.84774390059988
SACM1L,-0.587909784771493,1.00610379821263,1.00610379821263
NUP62,-1.58496250072116,-1.58496250072116,-2.96307100027995
KLHL23,-1.15579467260742,-1.15579467260742,-4.28800085943071
GSTM2,-0.736965594166206,5.75871554651317,5.75871554651317
HEXA,-1.02974734339405,-0.661546672537481,-0.661546672537481
NDUFS3,-1.50803362228823,-1.50803362228823,-2.45918212006402
TREX1,-1.33652547110032,1.7109932045087,1.7109932045087
DDAH2,-0.190430656876954,3.56276858808675,3.56276858808675
CSNK1E,1.88526778390872,1.88526778390872,1.88526778390872
GALT,-1.91253715874966,1.18017731871857,1.18017731871857
GANC,-0.327311291584266,1.0995431423523e-05,1.0995431423523e-05
WEE2,0.321928094887362,-0.0245633466806357,-0.0245633466806357
NEURL1B,-5.18817670599853,-5.18817670599853,-5.18817670599853
UBE2QL1,6.48427400043887,6.48427400043887,6.48427400043887
PPP2R2A,1.95147142799579,1.95147142799579,-0.22683590568201
FADS3,-1.7921951148866,-1.7921951148866,-4.77150085654057
PPT2,-0.650057528943041,5.05002603045514,5.05002603045514
CKMT1A,-3.22542011403402,-3.22542011403402,-3.22542011403402
SLC26A6,-2.33738174729388,-2.33738174729388,-3.07896512150154
AKR1B15,-1,1.51369624348559,1.51369624348559
DHFR,-3.15603947518736,-4.85181155722824,-4.85181155722824
GPX1,-1.41932878159428,-3.23785343572977,-3.23785343572977
RPEL1,-0.84799690655495,2.98188864511395,2.98188864511395
B3GALT4,-0.334419039070559,5.65261624762332,5.65261624762332
B3GNT9,-1.62148837674627,2.37469072297424,2.37469072297424
CKMT1B,-2.4594316186373,-2.4594316186373,-2.4594316186373
RNF103,3.1881295968199,3.1881295968199,0.0780064914931118
ADSL,-1.81523995739475,-1.81523995739475,-4.06105150446879
AMY2B,0,3.36633387742928,3.36633387742928
PPIL3,-1.53449045477362,1.1116597574808,1.1116597574808
RDH14,-1.13666254731056,1.03641766883208,1.03641766883208
PLCXD2,4.49825086752783,4.49825086752783,4.49825086752783
NSUN6,-0.754422791242752,0.86448839630134,0.86448839630134
ATP5MF,-1.04425443837457,-1.04425443837457,-3.44134426567253
PISD,1.76674906318886,-0.179465789662107,-0.179465789662107
HOGA1,-3.03562390973072,-3.03562390973072,-5.89352614556512
AMACR,-1.8073549220576,2.66059881214281,2.66059881214281
UGT1A8,1.58496250072116,2.00715610825623,2.00715610825623
DECR2,-2.12101540096137,-2.12101540096137,-2.12101540096137
NME2,-0.893084796083488,-0.893084796083488,-4.40592212340713
PLA2G4B,1.91616840919653,-0.0477182369122165,-0.0477182369122165
DDOST,-2.04618310198866,-2.04618310198866,-3.0990373156813
UGT1A7,-1.69031550086738,2.21586193417615,2.21586193417615
USP51,-1,0.833360519440556,0.833360519440556
TRMT9B,2.70043971814109,3.02643335564185,3.02643335564185
ATP6V1E2,-1.05062607306997,-1.05062607306997,-4.23198371514001
ALG1L2,-1.22239242133645,-1.22239242133645,-5.08439963974053
PRKDC,-0.964418605213783,-0.964418605213783,-4.43330241012795
FPGT,-1.36257007938471,2.00325687895618,2.00325687895618
CTSO,0.0747677684019721,1.43908539619445,1.43908539619445
POLG2,-0.452512204697507,-0.452512204697507,-3.46807591980476
SLC5A8,2.76716583194191,-0.342550694310178,-0.342550694310178
MGAM,1.15200309344505,-0.427465580697528,-0.427465580697528
FNTB,-0.94656074103854,3.02269815066682,3.02269815066682
FPGT-TNNI3K,-0.387023123109247,1.79686647106525,1.79686647106525
NUDT3,-1.75528919923996,-1.75528919923996,-3.04629805041885
