Gene name,number of CPs,RSS,nCP-penalized RSS,R squared
FGR,3,2.32311287050124,9.29245148200496,0.825197478642687
FUCA2,3,0.319104021947121,1.27641608778848,0.928022062782006
GCLC,4,0.962833221756425,8.66549899580783,0.898093817736437
CYP51A1,4,0.553900721957151,4.98510649761436,0.938292353393614
LAP3,4,0.879260643938477,7.91334579544629,0.9337453449346
HS3ST1,3,1.8409042880425,7.36361715217001,0.771105541425572
AOC1,,,,
HECW1,3,1.3924140061858,5.56965602474319,0.864362692102792
CYP26B1,,,,
MTMR7,4,0.504100322307609,4.53690290076848,0.857450183942075
SLC7A2,3,0.207632179582205,0.830528718328822,0.927855357259605
AK2,,,,
CD38,,,,
CAMKK1,2,0.738940470887502,0.738940470887502,0.885474435864673
NDUFAB1,,,,
PDK4,3,11.1223083738708,44.489233495483,0.822162385818517
SLC22A16,,,,
SLC25A13,,,,
SLC25A5,3,0.428808754476534,1.71523501790614,0.80211195840844
POLR2J,,,,
ACSM3,4,0.926264163955091,8.33637747559582,0.901527317319688
PRKAR2B,,,,
CREBBP,3,0.886427795409497,3.54571118163799,0.851291768300248
MPO,,,,
PON1,4,0.424625440290802,3.82162896261722,0.841371356119679
CROT,4,1.19873627421644,10.788626467948,0.933295815904032
ABCB4,4,1.41497777303327,12.7347999572994,0.865881858653541
MYCBP2,4,1.03317155996593,9.29854403969334,0.80667965636525
PDK2,4,0.252205347702296,2.26984812932067,0.982484632185553
MAP3K14,4,1.78050842553732,16.0245758298359,0.757205432049863
ABCC8,,,,
MAP3K9,2,0.284290847681301,0.284290847681301,0.982798745127764
AGK,4,0.80909574742386,7.28186172681474,0.822974629509686
ALDH3B1,4,2.97049477646054,26.7344529881448,0.782404360689518
GGCT,,,,
COX10,4,0.196252732701591,1.76627459431432,0.834666754726084
ARSD,3,0.340992961223965,1.36397184489586,0.968398098524544
PNPLA4,4,0.81457479597289,7.33117316375601,0.923566875603326
CDKL3,,,,
UPP2,,,,
PAFAH1B1,,,,
NOS2,,,,
SLC13A2,,,,
MATK,,,,
TKTL1,,,,
PIGQ,4,0.587458342482068,5.28712508233861,0.79867667274941
FMO3,3,1.07844376769541,4.31377507078165,0.79519520574498
MYLIP,,,,
CDKL5,4,0.525510514006053,4.72959462605447,0.782286470320292
CAMK1G,,,,
CDK11A,,,,
NADK,4,0.318920066947757,2.87028060252981,0.861957967333998
CELSR3,,,,
AASS,3,0.667368312185132,2.66947324874053,0.864004030739084
MGST1,,,,
PGLYRP1,,,,
ST3GAL1,3,0.939502337147672,3.75800934859069,0.859112307821291
UBE3C,4,0.408241951890597,3.67417756701537,0.781817869893856
REV3L,4,0.220316808101654,1.98285127291489,0.937580684669935
POMT2,4,0.285998805436249,2.57398924892624,0.920296402525727
METTL13,4,0.531938040884678,4.7874423679621,0.802161341247272
DYRK4,3,1.35045235270777,5.40180941083106,0.822733623212596
UQCRC1,3,0.274390245713564,1.09756098285426,0.938805800169949
SLC6A13,4,1.97505809509147,17.7755228558232,0.815690632066052
IDS,4,0.315210104052998,2.83689093647698,0.893520922220755
BTK,4,1.43219041931753,12.8897137738578,0.790417111952628
FYN,,,,
FMO1,4,2.09121589344885,18.8209430410396,0.934486073681784
LYPLA2,,,,
SLC6A7,,,,
ABHD5,3,1.24589441696833,4.98357766787332,0.787503232424348
RNF216,4,0.234680170553609,2.11212153498248,0.757821481990026
PIK3C2A,3,0.206716140771496,0.826864563085985,0.889081486443804
PPP5C,4,1.11847763791716,10.0662987412544,0.759279934263502
EXTL3,4,0.784390995525397,7.05951895972857,0.84337000489111
ELOVL5,3,0.258031978267351,1.0321279130694,0.922080432582859
ALOX5,4,0.764993740211918,6.88494366190726,0.837587808577679
UBR7,3,0.537063700349861,2.14825480139944,0.891283414903075
MAP4K5,4,0.381703805652218,3.43533425086996,0.860760000357911
MAN2B2,4,0.74154077906022,6.67386701154198,0.905590274132912
CLK1,,,,
POLR3B,,,,
RNF14,4,0.392700145176482,3.53430130658833,0.911105887148028
POLA2,,,,
ACP3,4,3.13516070680287,28.2164463612258,0.775025621961327
MDH1,3,1.34414092411852,5.3765636964741,0.805136551215365
DPEP1,,,,
NPC1L1,,,,
XYLT2,3,1.46411319513032,5.85645278052126,0.86324872646142
CHDH,2,2.26324593303824,2.26324593303824,0.781212890662406
GLT8D1,3,1.27847040874484,5.11388163497937,0.82791651669326
ATP2C1,4,0.280526539004511,2.5247388510406,0.902767431234752
SLC38A5,,,,
RALBP1,4,1.10046680641088,9.9042012576979,0.804515649282676
SLC11A1,4,0.234133269046582,2.10719942141924,0.952236491564371
AGPS,3,0.715728395359965,2.86291358143986,0.853935611331139
ATP1A2,,,,
CYP24A1,4,3.28446432943316,29.5601789648985,0.775679255985996
CYP3A43,,,,
SLC7A9,,,,
CPS1,4,0.997629022416544,8.97866120174889,0.924751095014081
ZDHHC6,3,0.150434327870138,0.601737311480553,0.838298530592357
NDUFS1,,,,
GLRX2,,,,
DERA,4,0.427585633155588,3.84827069840029,0.939110183174037
ABCC2,4,0.734416130218522,6.6097451719667,0.858554102972679
GCLM,3,1.05472197919667,4.21888791678666,0.846313480881373
UBR2,4,0.144219461721302,1.29797515549172,0.963797253351652
HSD17B6,4,2.59714049843702,23.3742644859332,0.824790947058485
KPNA6,4,0.240098890034293,2.16089001030864,0.757037923764433
FAS,3,0.126970126440575,0.507880505762299,0.973736228437028
AGPAT4,,,,
PRKCH,2,0.326027017003231,0.326027017003231,0.891016095730371
INSRR,,,,
B4GALT7,,,,
VRK2,,,,
TFB1M,4,0.714337344067537,6.42903609660783,0.903372999342265
NUP160,,,,
MUSK,,,,
PNPLA6,4,0.634429438119183,5.70986494307264,0.852320257394699
ALG1,,,,
CHPF2,4,0.238276184253537,2.14448565828183,0.925595720757348
FUT8,3,0.444326371829649,1.7773054873186,0.955050274442175
UBA6,4,0.268627487673701,2.41764738906331,0.760142832770317
SLC4A7,,,,
MAP2K3,3,4.43801615158929,17.7520646063572,0.835841178867504
RNF19A,4,0.442957135727597,3.98661422154837,0.862244840253804
DAPK2,4,0.755990149861814,6.80391134875633,0.801142787021413
ADSS2,3,0.587556965112041,2.35022786044816,0.854170327437013
OTC,4,0.154219581813813,1.38797623632432,0.929839369192531
CYP46A1,3,0.819567545478541,3.27827018191416,0.871300948020651
SLC18A1,,,,
USP2,2,6.56179874352467,6.56179874352467,0.871053948923219
FLT4,,,,
MRI1,4,0.70976528580713,6.38788757226417,0.805640525512219
METTL1,,,,
AGA,,,,
PI4K2B,2,0.963700945985473,0.963700945985473,0.844535933144878
MAT2B,3,0.279760212197982,1.11904084879193,0.882251135547383
TRIO,3,0.545883380823676,2.1835335232947,0.763942437511626
MTREX,,,,
PNKP,,,,
INPP4A,3,0.546147410445976,2.1845896417839,0.787111611404581
PARP3,4,0.391539545186476,3.52385590667828,0.966550912474773
TRIT1,4,0.662638690729614,5.96374821656653,0.898298558969828
PHKA2,3,0.0980356123115761,0.392142449246304,0.981243636828471
EPHA3,,,,
CTPS2,3,1.3005839768769,5.20233590750761,0.83916500361372
POLR2B,4,0.300228769566323,2.70205892609691,0.817428133858879
TPR,4,0.235868968933828,2.12282072040445,0.863454146348664
CP,4,0.877372782797056,7.89635504517351,0.756253820510819
ROS1,,,,
USP28,3,1.84348302827254,7.37393211309018,0.801188546267807
RRM2B,,,,
H6PD,4,0.749009117241682,6.74108205517514,0.890030050765266
NEDD4L,3,3.44459767507283,13.7783907002913,0.882239794279953
SLC4A8,3,0.516532126993911,2.06612850797564,0.753847441629233
MAPK9,4,0.147284868475955,1.3255638162836,0.962962209531262
POLQ,3,1.31604897892641,5.26419591570564,0.936771483293419
MSMO1,3,2.11204439542801,8.44817758171204,0.805539510361461
AKR7A2,3,2.11869720619074,8.47478882476295,0.813347685839823
PHPT1,3,0.750864050118211,3.00345620047284,0.840397539070337
ENTPD2,,,,
PTPRN,4,0.189034465218968,1.70131018697071,0.953802649293473
HHAT,4,0.877006878649858,7.89306190784872,0.923979878908562
GALC,4,0.520316671265203,4.68285004138683,0.947341247231682
EIF2AK2,4,0.353637324852054,3.18273592366849,0.97049922293793
USP36,3,1.26259200244535,5.05036800978139,0.922132647879383
KMT2C,4,0.254193429267313,2.28774086340582,0.828942864060115
GYG2,4,1.61869716023961,14.5682744421565,0.799535411423988
SOAT1,3,1.18145987307695,4.72583949230779,0.842722799945031
USP13,3,1.36514287465527,5.46057149862107,0.833164919680434
CDK14,4,0.604915525003534,5.4442397250318,0.76061084827368
CAMK2B,4,2.83097219558317,25.4787497602485,0.776681770635034
POLR3E,4,0.147712588368822,1.3294132953194,0.820523612924987
ATP2B4,4,0.28358817597267,2.55229358375403,0.831857560666962
RIOK2,4,0.456998151872265,4.11298336685038,0.807832474930635
NDC1,3,0.92355998927766,3.69423995711064,0.889387840025693
DGKG,3,1.39068714416698,5.56274857666794,0.828138149503086
TBXAS1,,,,
PARP12,4,1.30514984709714,11.7463486238743,0.777768236031417
ALDH18A1,3,0.741954284468993,2.96781713787597,0.872774690521923
TARBP1,4,1.08192472572018,9.73732253148163,0.885339849894612
SLC2A3,,,,
STYK1,3,1.10286381647637,4.41145526590549,0.775158761000344
WNK1,4,0.305188078292543,2.74669270463289,0.814260614396443
PIGV,4,0.226472106229549,2.03824895606594,0.962948646554084
PTPRU,,,,
MPC1,4,1.50934045087899,13.5840640579109,0.913933901053863
BCAT1,4,1.99691003606178,17.9721903245561,0.924590235778449
GUCY1B1,,,,
DGAT2,3,2.29817705096024,9.19270820384096,0.897984937016941
CS,,,,
LTK,,,,
POLD1,,,,
SPHK2,4,0.324019404689225,2.91617464220302,0.887225551442665
HAGH,4,0.403654966154506,3.63289469539055,0.944389702273672
ST3GAL6,3,0.177194461222625,0.7087778448905,0.950591434550525
ATP2C2,3,1.72309696803087,6.89238787212349,0.777846128697979
HIPK2,3,2.12745569062115,8.5098227624846,0.771439236808447
CTSA,2,0.213456714532345,0.213456714532345,0.951068316963694
SLC12A2,4,0.137870789116931,1.24083710205238,0.939872373959772
EYA2,,,,
FAR2,,,,
OAT,4,0.870083399047869,7.83075059143082,0.767361317049315
DGKA,4,0.526458842244964,4.73812958020468,0.927106837199729
ERBB3,4,0.642160056889974,5.77944051200977,0.837149227176313
KARS1,,,,
PDIA5,4,0.151601428926902,1.36441286034212,0.968298559815293
NDUFB4,,,,
MYLK,,,,
CYB5R4,4,0.181623391224468,1.63461052102021,0.857987187727859
GSTO2,4,0.735719633763431,6.62147670387088,0.829324512292968
PRKCQ,4,0.558945296009706,5.03050766408735,0.929873270183597
MTHFD2,,,,
SLC9A7,3,0.688163923194576,2.75265569277831,0.755687610092263
PDE4A,,,,
TIE1,,,,
SLC9A3,,,,
ELOVL1,3,1.47638977993086,5.90555911972343,0.824220531805557
POLR1H,4,0.127285593574854,1.14557034217368,0.875804065815018
FGFR2,3,1.3558721788588,5.42348871543521,0.85317240003088
TRMT11,,,,
FECH,4,1.06001090311245,9.54009812801205,0.847827245994448
PFKP,4,0.34568824168112,3.11119417513008,0.874454780935687
IDI1,,,,
PHKA1,3,1.85765814489191,7.43063257956765,0.78685060213993
PKM,3,1.19908901152307,4.79635604609227,0.851773596321991
METTL22,4,0.201007483494579,1.80906735145121,0.826004251461281
PRKCZ,4,0.0610685328187003,0.549616795368303,0.967978633323061
IDH3G,4,0.423601384080275,3.81241245672247,0.867330494316584
PDZD4,,,,
ATP2B3,3,0.447993594033164,1.79197437613266,0.844682394864524
ROCK1,3,0.228626134264783,0.914504537059132,0.88227855796423
PDK3,4,1.17411585772105,10.5670427194894,0.932336939642291
HYAL2,4,2.04699513311226,18.4229561980103,0.776868037853978
FGFR3,2,11.9232895713752,11.9232895713752,0.766723063325741
COASY,,,,
ACSL4,2,0.517664638309436,0.517664638309436,0.780948467074866
INPP5A,,,,
FTSJ1,,,,
POLR1A,,,,
PYGM,,,,
MAST4,3,0.101899756205172,0.407599024820688,0.953865542123907
NUP133,4,0.745924550936021,6.71332095842419,0.797169283486381
ABCC9,,,,
MAOB,3,0.554592077816408,2.21836831126563,0.956516548625357
RORA,4,1.48528087058211,13.3675278352389,0.821595410141817
PLA2G10,,,,
ATP1B3,4,0.416930556691176,3.75237501022058,0.949428560315275
PIGB,4,0.431980046063566,3.88782041457209,0.934572703713834
GUCY2C,4,1.125843872717,10.132594854453,0.80283154585268
PTPN3,,,,
SLC44A1,4,0.579906334527546,5.21915701074791,0.935166962421787
RNF126,,,,
ST6GALNAC1,4,1.02226224033813,9.20036016304315,0.927939880249536
GBA2,2,2.82401203747654,2.82401203747654,0.824570488887426
NDST1,4,0.770933754476052,6.93840379028447,0.866149133987262
ASNS,4,2.1123154631068,19.0108391679612,0.826927138859488
ST6GALNAC2,4,0.271770858945737,2.44593773051163,0.962932097843476
CHAT,3,0.272290105643742,1.08916042257497,0.898279739973385
TESK2,4,0.606894947095159,5.46205452385643,0.934209336430626
CSNK2A2,,,,
PTPN21,4,2.00501902579127,18.0451712321214,0.913953252366075
CAMK2A,,,,
EPHA8,3,0.519539297551795,2.07815719020718,0.86507848610406
SLC12A3,,,,
RAD18,3,0.59169775133768,2.36679100535072,0.862173270360443
ATP2B1,,,,
MAP4K4,3,0.167640941241536,0.670563764966146,0.910735398793005
MGAT4A,,,,
RPS6KA2,,,,
BUD23,,,,
HLTF,3,1.42456823814522,5.69827295258087,0.876434066085191
MYO3B,2,6.34842081467571,6.34842081467571,0.766041511837807
CYBRD1,4,1.29685549821511,11.671699483936,0.864227114426371
RDH11,4,0.710184843900008,6.39166359510007,0.865110596394917
RPS6KA6,4,0.12312822258046,1.10815400322414,0.981021545083133
PTPN18,4,1.81674642493833,16.350717824445,0.793382030862991
SPEG,3,0.552808651653916,2.21123460661566,0.8357427017738
ALDH3A2,4,0.876995524160209,7.89295971744188,0.795944602558203
TFRC,4,1.77112941183542,15.9401647065188,0.868351735337098
SREBF1,3,0.791196400546398,3.16478560218559,0.890469310287815
HSD17B10,4,1.42014768730273,12.7813291857246,0.795665718467286
TRHDE,,,,
P4HA2,3,2.17455343515735,8.69821374062942,0.782934672344339
TRNT1,,,,
ACADVL,,,,
STK10,3,1.66732679275508,6.66930717102033,0.798784580958888
SCARB1,,,,
PDE8A,4,0.129598395843876,1.16638556259488,0.922308412692026
SDHA,3,0.0263199763889342,0.105279905555737,0.989722743248696
PPP2R3A,4,1.16081896963974,10.4473707267576,0.900937409238922
ABCB11,3,7.99122939017085,31.9649175606834,0.837181832428905
DHRS9,4,2.19603420839218,19.7643078755296,0.961089062891251
PTGS2,,,,
ST6GAL1,3,0.261504601713451,1.04601840685381,0.934894580892543
PPP2R2C,,,,
ATP2A3,,,,
CA12,,,,
MGLL,4,0.787163883610688,7.08447495249619,0.886627951232466
NUAK1,4,2.69962277159361,24.2966049443425,0.782978394101296
SLC24A1,4,0.485275139052159,4.36747625146943,0.92660950416934
HACD3,3,0.9849298091659,3.9397192366636,0.839179988712208
ENO1,4,0.63196690382209,5.68770213439881,0.894189673763531
SLC12A1,,,,
TXK,,,,
NUP37,3,1.57074076062059,6.28296304248237,0.829872988914195
ACAT1,3,0.920501045774242,3.68200418309697,0.901074444316229
SLC25A3,3,0.275736580610862,1.10294632244345,0.921287517560275
PLD1,4,0.326806731652728,2.94126058487455,0.958553902251296
ATP12A,2,1.24709365214769,1.24709365214769,0.885197312584878
MKRN2,,,,
PTPN23,3,0.159909349778713,0.63963739911485,0.840742140380659
FMO4,4,1.17861933040603,10.6075739736543,0.922068368017566
SLC46A1,,,,
ACACB,4,0.227082710150018,2.04374439135017,0.971744870814357
NT5C2,3,0.440966934698631,1.76386773879452,0.776421996877561
NMRK2,,,,
DGKD,4,0.300293324962399,2.70263992466159,0.91520004510475
UBE2T,3,3.73981584624756,14.9592633849902,0.789668957606807
USP33,4,0.312652805958869,2.81387525362982,0.924865193637076
PAK3,,,,
POLD3,4,2.39991098697482,21.5991988827734,0.763830593319439
UBE2A,4,0.222562843129147,2.00306558816232,0.797193746419792
FGFR1,4,2.12998823629676,19.1698941266708,0.875485898290732
FKBP6,,,,
MCCC1,4,1.11842885528999,10.0658596976099,0.760938234639037
ACER3,3,0.254286096666826,1.0171443866673,0.879073182188082
SYNJ2,4,1.29212909494521,11.6291618545069,0.925201484042475
ADCY2,,,,
UBE2D4,4,1.70984845620779,15.3886361058701,0.763319675450508
FKBP7,3,2.7652923254503,11.0611693018012,0.759043941444628
SLC1A3,,,,
MKNK1,3,0.182587307881393,0.73034923152557,0.955064092641378
CDC14A,,,,
DUSP13B,2,1.48063391999432,1.48063391999432,0.87620787777958
LIPE,,,,
FDFT1,3,1.59909025921133,6.3963610368453,0.772441964931579
PAFAH1B3,3,0.333247660661237,1.33299064264495,0.962067672489023
PGM1,3,0.221846159553807,0.887384638215227,0.95718481135216
PTPRH,,,,
DCT,3,0.403785857084058,1.61514342833623,0.907898749006281
EPHA6,,,,
SLC4A4,,,,
CNOT4,3,0.236875062127745,0.947500248510982,0.901949140168914
CPOX,3,1.13030540541831,4.52122162167325,0.830441479137424
MOK,3,0.446146172047292,1.78458468818917,0.845701828935463
ARG2,4,0.317796898660213,2.86017208794192,0.941502041369481
PTPRC,,,,
STK17B,,,,
LRP2,4,0.230037791197286,2.07034012077558,0.884981104401357
DUSP12,,,,
AACS,4,0.556929761514125,5.01236785362713,0.938330564659753
SMARCD3,4,0.440657700518183,3.96591930466364,0.947796094640939
ME2,4,0.290971918934882,2.61874727041394,0.869670742072485
BCKDHB,4,0.383902038009638,3.45511834208674,0.970349517161685
TUT7,,,,
ULK2,4,0.250397425183049,2.25357682664744,0.944440327484121
PLOD1,3,0.730408183562246,2.92163273424899,0.931250392244756
OXCT1,3,1.65720587427097,6.62882349708387,0.830856518255113
CYLD,2,1.19282424421169,1.19282424421169,0.818928715916561
SLC27A5,2,1.52086255133047,1.52086255133047,0.750111320500086
PPIE,3,0.701736566316681,2.80694626526673,0.763763231388789
STARD7,4,1.88717024136623,16.9845321722961,0.80775775025827
HAL,4,3.41461232414717,30.7315109173245,0.827733370350051
GSTP1,3,0.542389387256736,2.16955754902694,0.908942706525835
SLCO1A2,,,,
APOB,,,,
NCOA1,,,,
HADHA,3,0.710200063837543,2.84080025535017,0.826077101469523
CAD,,,,
PREP,,,,
HACE1,,,,
MAP3K4,,,,
ABCB1,,,,
AKR1B1,4,0.679701692863484,6.11731523577136,0.89806650982842
MGST2,4,0.749475935450014,6.74528341905013,0.957816509052043
USP40,4,0.988172634552526,8.89355371097273,0.864228138938759
POMGNT1,,,,
MAST2,,,,
B4GALT1,4,0.135986757143784,1.22388081429405,0.947799284646956
AQP6,4,0.625462258146062,5.62916032331456,0.879946889228206
EIF2AK1,4,0.495880495075112,4.462924455676,0.872709005526691
SEPHS1,3,0.556435127429897,2.22574050971959,0.872526294518017
ITPKC,2,0.977413145069771,0.977413145069771,0.912004199938376
HSD17B2,3,2.37612574067479,9.50450296269918,0.903112017404809
PPEF1,,,,
HUWE1,4,0.310048880402382,2.79043992362144,0.847421805798197
ALG9,3,1.8063774826901,7.22550993076041,0.759111125586177
ACOX3,4,0.57892220973396,5.21029988760564,0.896097831118956
MTMR2,,,,
HSD17B14,2,0.987919518580128,0.987919518580128,0.76202091933986
NLK,4,0.288425330276955,2.59582797249259,0.875498681560891
PIGS,4,0.767463533536792,6.90717180183113,0.93723498372695
PGS1,,,,
LPCAT2,4,0.348472216996729,3.13624995297056,0.853110704765121
L2HGDH,4,1.18943506148131,10.7049155533318,0.841104525000429
DNM1L,3,0.534353960766632,2.13741584306653,0.76306393657616
AURKA,3,0.866870447461014,3.46748178984406,0.967706244953348
SULT2B1,3,0.578625496132173,2.31450198452869,0.896598247939367
ALG6,4,1.02289936307854,9.20609426770683,0.877930832321247
PTPN4,4,0.670965946944883,6.03869352250395,0.862955480617609
DNMT3B,3,1.83004165542063,7.32016662168253,0.802705685299755
SLC15A1,3,2.60793836926271,10.4317534770508,0.792773075380551
TGDS,3,0.455651233440229,1.82260493376091,0.7964547512684
CRLS1,3,0.597696645961283,2.39078658384513,0.822006579313151
SMOX,4,0.44190834903498,3.97717514131482,0.942676385982505
FKBP1A,4,0.381256403718872,3.43130763346985,0.837073745953605
MAPKAPK5,4,0.343407472195205,3.09066724975684,0.802160638084054
SLC8B1,,,,
NOS1,3,0.611274909495349,2.4450996379814,0.762554654588826
HEPH,4,0.986716614893665,8.88044953404298,0.951201173887314
GANAB,3,0.908742083979388,3.63496833591755,0.841371703506
SLC9A1,3,0.403908456992505,1.61563382797002,0.870865759518225
SPTLC1,4,0.286480100474883,2.57832090427395,0.819350144664809
NDUFB2,,,,
IRAK3,4,0.722077644129977,6.49869879716979,0.905934877185956
SI,,,,
MUL1,3,0.494036198871801,1.9761447954872,0.830051491971166
CERS4,3,2.07069430709245,8.28277722836982,0.847979669316726
USP48,4,0.431065049402023,3.87958544461821,0.868798194876826
PDPR,3,1.44148039275625,5.765921571025,0.818929526170072
AARS1,,,,
NAT14,4,1.37996653406281,12.4196988065653,0.835445742155088
SLC26A4,4,0.682236334677961,6.14012701210165,0.836834314493074
SLC26A3,,,,
DLD,4,0.914610632937847,8.23149569644062,0.829564824924197
MAP3K20,4,0.217425750286264,1.95683175257638,0.94177866418483
FH,3,1.05938414154946,4.23753656619782,0.758604823067465
CMA1,,,,
SLC7A8,4,1.06998187814428,9.6298369032985,0.761534635311732
RNF31,4,1.21966013608734,10.976941224786,0.864178199277332
HECTD1,2,0.692290032726326,0.692290032726326,0.904594931339146
TGM1,,,,
TRPM7,4,0.570583031855141,5.13524728669627,0.827885264472789
TYRO3,4,0.534568137801535,4.81111324021381,0.842230052808968
CAPN3,4,1.4653501591413,13.1881514322717,0.83042797012743
PHGDH,2,0.460912997402277,0.460912997402277,0.916626608036644
DPYSL2,3,1.95869618432356,7.83478473729424,0.795243879243626
COMT,3,0.142230681599835,0.568922726399339,0.945024956004192
ADA2,,,,
VNN3P,,,,
XYLB,3,1.2511695386276,5.00467815451039,0.855057488514243
UPRT,4,0.280740826186079,2.52666743567471,0.958538068082953
AAAS,4,1.21844991312118,10.9660492180906,0.867582001332932
FMO2,4,1.43830728256738,12.9447655431064,0.774542180675076
MAP3K1,4,0.166238471179484,1.49614624061536,0.95060626849395
DHPS,4,0.354879438214558,3.19391494393102,0.851743870440557
PTGS1,4,6.87242568281532,61.8518311453379,0.847051740459984
NUP188,,,,
CRAT,3,1.82816531804548,7.31266127218193,0.821334803521344
NANS,4,0.160399745009667,1.443597705087,0.935663972468295
PDE6C,,,,
CYP26A1,3,0.274104447001393,1.09641778800557,0.817263701999072
MYO3A,4,0.999011021706245,8.9910991953562,0.783441840282588
TPSD1,3,0.274104447001392,1.09641778800557,0.817263701999072
CRISP3,3,1.23120292456902,4.92481169827609,0.802937937299675
FKBP5,3,0.308292991302962,1.23317196521185,0.990105054601798
SRPK1,,,,
SIRT1,3,2.45642989300533,9.82571957202132,0.898888812922742
JAK2,4,1.2328809289274,11.0959283603466,0.87223304639116
ABL1,3,0.177569416856101,0.710277667424402,0.932973622812117
ACOT7,4,0.523161230208942,4.70845107188048,0.780373226524705
SH3GLB1,3,0.412278912194059,1.64911564877624,0.782102739913998
CDC7,3,1.76813978316645,7.07255913266581,0.882674914510479
SCD,4,0.461214444645208,4.15093000180687,0.972478791396365
MAST3,,,,
HSD3B7,4,0.780669395144479,7.02602455630031,0.805385330290461
ATP5F1D,,,,
MARCHF2,4,1.40989826176637,12.6890843558974,0.865808241438783
NDUFB7,4,1.28574458552333,11.57170126971,0.791933659359507
TECR,,,,
CDC34,3,0.48749536526189,1.94998146104756,0.753575295313676
MTAP,4,0.382782004004268,3.44503803603841,0.807690638416813
POLR2E,3,0.236017021776273,0.944068087105092,0.907400511462046
POLRMT,,,,
MKNK2,3,0.20450663761627,0.818026550465082,0.780079212271386
ZDHHC8,3,0.609545072341727,2.43818028936691,0.825371580681025
GSTT2,,,,
GGT5,,,,
PPIL2,,,,
UPB1,4,0.39171417934694,3.52542761412246,0.952701112850325
MAPK1,4,0.157995436625162,1.42195892962646,0.814449845447573
GGT1,4,0.976182676256465,8.78564408630819,0.92739489725916
PRODH,4,2.36273099471065,21.2645789523958,0.949688300302414
PPM1F,,,,
SLC25A1,2,0.876938933220494,0.876938933220494,0.880698607548605
GRK3,3,0.676393632697711,2.70557453079084,0.750324803998516
PLA2G3,3,2.47353175409354,9.89412701637416,0.806606527705909
SH3BP1,,,,
ENSG00000100101,4,0.727739573214418,6.54965615892977,0.796516157096546
GCAT,3,1.14863357377474,4.59453429509898,0.755643860833978
POLR2F,,,,
SLC16A8,,,,
SLC5A1,3,1.82920216092885,7.31680864371541,0.761373523836001
CYP2D6,4,1.26610614625004,11.3949553162503,0.805856296237896
CYB5R3,3,0.184275183214747,0.737100732858988,0.94311001198207
MIOX,4,0.225255208876141,2.02729687988527,0.849829860749239
CHKB,,,,
HMOX1,3,2.00992529465034,8.03970117860134,0.932256280134806
MCAT,4,0.430530727443874,3.87477654699486,0.857008994581102
ARSA,4,0.294539886832002,2.65085898148802,0.853169719442481
MTMR3,3,0.593731945324975,2.3749277812999,0.824124712623667
PNPLA3,4,0.420204703736981,3.78184233363283,0.876524891042224
TXN2,3,1.05186975049545,4.2074790019818,0.807920562801497
TNRC6B,4,0.535897700208126,4.82307930187314,0.886883216957439
SLC25A17,3,0.167615105766745,0.67046042306698,0.807122561106008
EP300,3,0.263933364619083,1.05573345847633,0.957688088996009
ACO2,4,0.42275103323915,3.80475929915235,0.86854743038566
POLR3H,4,2.14202668592481,19.2782401733233,0.823470847036009
TRMU,,,,
PMM1,4,0.665729827330941,5.99156844597847,0.791263816854402
CERK,,,,
FKBP3,,,,
POLE2,3,1.35926008047175,5.43704032188701,0.891290237734677
CDKL1,3,0.245206643546683,0.980826574186734,0.833575180771258
PYGL,2,2.22169476431291,2.22169476431291,0.811004926846462
GNPNAT1,,,,
CDKN3,3,1.76050419137842,7.04201676551367,0.946303901521498
PIGH,4,1.03659343222943,9.32934089006489,0.773369913861595
GSTZ1,4,0.532796758570902,4.79517082713812,0.914189346175187
SPTLC2,,,,
LGMN,4,0.267575449534329,2.40817904580896,0.830951634965823
ITPK1,,,,
PPM1A,2,0.426157918477521,0.426157918477521,0.808005847015625
GALNT16,,,,
HIF1A,,,,
SLC10A1,4,0.989367155733672,8.90430440160305,0.860649055259419
SLC8A3,,,,
MTHFD1,4,2.04819818799596,18.4337836919636,0.781741005348541
VRK1,3,1.00735474706691,4.02941898826764,0.85519788914983
RPS6KA5,2,0.486654936854885,0.486654936854885,0.765400530109638
CCNB1IP1,,,,
CINP,3,1.12688952183965,4.50755808735859,0.75444907278461
DHRS2,3,0.650309011599027,2.60123604639611,0.928414596242147
PCK2,3,0.746931518188819,2.98772607275528,0.867844647765278
GMPR2,4,0.356276804034957,3.20649123631462,0.909945717287107
PLTP,2,2.46504195805869,2.46504195805869,0.785957602085553
GSS,3,1.23185264491297,4.9274105796519,0.826060361935243
PYGB,,,,
ABHD12,4,0.769368216947031,6.92431395252327,0.751923152922752
SGK2,,,,
CTSZ,3,0.539659283636748,2.15863713454699,0.888899930070103
SLCO4A1,4,0.840549252626351,7.56494327363716,0.964261232913883
EEF1A2,,,,
PTK6,,,,
CDC25B,3,0.58472337381751,2.33889349527004,0.930303438492382
NDUFAF5,,,,
TRIB3,,,,
SLC52A3,,,,
CDS2,3,1.45048801760497,5.80195207041986,0.759876264149057
MYLK2,,,,
HAO1,,,,
PLCB4,3,0.0890322437326927,0.356128974930771,0.967979798585215
HCK,,,,
PAK5,3,0.250016606018256,1.00006642407303,0.91395387980809
IDH3B,,,,
AHCY,3,0.945947762406508,3.78379104962603,0.85402551289919
PIGU,,,,
ACOT8,4,1.23830940433875,11.1447846390487,0.825497387341261
USP14,4,0.398689803949945,3.58820823554951,0.755526513794666
METTL4,,,,
LPIN2,3,2.28177700727154,9.12710802908614,0.772168650067228
ST8SIA5,,,,
RNF125,4,1.07213669223806,9.64923023014256,0.753508477067015
POLI,4,0.125835082567908,1.13251574311117,0.973193849277214
MIB1,3,0.473801287193975,1.8952051487759,0.859232161206997
STS,2,3.89121273050744,3.89121273050744,0.772146362238016
TBL1X,4,0.143022690954889,1.287204218594,0.971378223779168
POLA1,3,0.932242405269356,3.72896962107742,0.85782510532757
MID1,,,,
ALG13,,,,
PRPS2,4,0.287334260300196,2.58600834270176,0.889222298267189
SUV39H1,3,2.37193860696845,9.48775442787382,0.767614944114674
ATP11C,3,0.305323845658719,1.22129538263488,0.827682425839418
ABCD1,4,0.690487674884496,6.21438907396046,0.934641268735539
BMX,,,,
NAA10,,,,
RENBP,,,,
MTMR8,,,,
SLC25A14,4,0.468583036011394,4.21724732410255,0.915400956656374
PIM2,3,0.305009716230694,1.22003886492278,0.852530050843782
SLC35A2,,,,
TAFAZZIN,4,0.434898288328641,3.91408459495777,0.926139039047402
PGK1,3,1.18291033342398,4.73164133369592,0.751590480359
SMS,4,0.143294414750664,1.28964973275597,0.974259721634581
CDK16,3,0.0583163993699275,0.23326559747971,0.960281716786369
USP11,4,0.654493116478133,5.8904380483032,0.847742895441598
PCYT1B,3,4.03605646417305,16.1442258566922,0.776926629118413
PIN4,,,,
ZDHHC15,,,,
GLA,3,3.05317972195812,12.2127188878325,0.875358755860842
ACP5,4,1.07972705960385,9.71754353643461,0.92735233492694
UGGT2,4,0.318411913176737,2.86570721859063,0.855598240717931
PARP4,3,1.07833888357724,4.31335553430896,0.894045878834331
SLC25A15,,,,
FLT1,,,,
DGKH,3,0.303585080899121,1.21434032359649,0.864454299369822
MGRN1,3,0.5010359732381,2.0041438929524,0.924794293067979
MAPK3,,,,
PHKB,4,0.442998855832342,3.98698970249108,0.940405937963915
NUP93,3,0.54977904196,2.19911616784,0.842460227698555
DHODH,3,0.871113256662978,3.48445302665191,0.81694460520892
POLR2C,4,0.3718733355552,3.3468600199968,0.782694114682314
NME3,4,2.10332146346382,18.9298931711744,0.823095923935668
SETD6,4,0.355946162661615,3.20351546395454,0.916748793277774
HAS3,4,1.15629196364294,10.4066276727864,0.789848535425373
SMPD3,2,0.789921468321114,0.789921468321114,0.955620401181093
PLA2G15,2,0.137661742272814,0.137661742272814,0.905506146383577
MLYCD,4,0.423602057781119,3.81241852003007,0.861835751420003
NAGPA,4,1.51320112602697,13.6188101342427,0.769889182330514
USP10,3,0.144332582994606,0.577330331978424,0.891881363919317
NME4,3,1.0024683996639,4.00987359865559,0.885128257563033
ABCC1,3,0.352586382082788,1.41034552833115,0.763802376473863
HAGHL,,,,
SLC7A5,4,0.548417760586264,4.93575984527638,0.944976645710073
STUB1,4,0.778452961966391,7.00607665769752,0.810600943313518
UBE2I,3,0.319606252484593,1.27842500993837,0.817599775354564
AQP8,,,,
QPRT,4,0.992051585023936,8.92846426521543,0.902920535145951
XYLT1,,,,
CDIPT,4,0.301606974513946,2.71446277062552,0.948399433741741
BCKDK,,,,
SLC6A2,4,2.42782493615283,21.8504244253755,0.778990324816019
AQP9,3,1.13661614155963,4.54646456623851,0.827451065750406
CSK,,,,
HERC1,4,0.576853549263757,5.19168194337382,0.751065065544427
MTFMT,4,1.16392738094881,10.4753464285393,0.823801781237993
ACSBG1,,,,
CTSH,,,,
FAH,3,1.09800166413118,4.39200665652471,0.874214638851904
OCA2,4,0.849199715443272,7.64279743898945,0.867526553390928
TGM5,3,2.89026257933245,11.5610503173298,0.849976059861155
SGK3,3,0.394847460986051,1.57938984394421,0.88480954941642
ZDHHC2,,,,
CA2,4,0.376885038684708,3.39196534816237,0.966276657257376
RIPK2,3,1.16121849045359,4.64487396181436,0.845742638570146
EYA1,,,,
DECR1,,,,
IKBKB,4,0.485933552427718,4.37340197184946,0.843869894331233
GFUS,,,,
PYCR3,4,1.84203053103609,16.5782747793248,0.818124825462603
SQLE,3,3.38884047482397,13.5553618992959,0.793124371047002
SLC39A14,3,0.79620585141665,3.1848234056666,0.767972771624303
GSR,3,2.12467215441598,8.49868861766391,0.90117235362147
TUSC3,3,0.203200131208603,0.812800524834412,0.945195858838839
ASAH1,4,0.764485057822903,6.88036552040612,0.931982538533952
MAN2B1,4,0.228345514899892,2.05510963409903,0.941364432556372
DHDH,3,10.7680915952135,43.0723663808539,0.780980778254325
GYS1,3,0.453642029587783,1.81456811835113,0.768789732605811
MAP4K1,,,,
ECH1,4,0.43972247461711,3.95750227155399,0.881667506025544
CKM,,,,
DOT1L,3,0.814480046111878,3.25792018444751,0.753970823319379
SLC17A7,,,,
TRMT1,,,,
IL4I1,,,,
SLC1A6,2,2.1775274262988,2.1775274262988,0.856870091749479
FBL,3,1.3824199336128,5.52967973445121,0.83666703999758
DYRK1B,4,0.779312287790997,7.01381059011897,0.848209436563245
CLC,3,8.63951407554531,34.5580563021813,0.858569784834582
GPI,3,0.812566101906333,3.25026440762533,0.84132970444197
AKT2,4,0.235452932404648,2.11907639164183,0.858612338056269
PLD3,4,0.479788211836835,4.31809390653151,0.877433123790172
TBCB,4,0.701669097459422,6.3150218771348,0.866739964543174
POLR2I,,,,
SLC1A5,,,,
PRKD2,4,0.212020276450795,1.90818248805715,0.90693829137481
PLIN3,,,,
ETFB,4,1.04298398376857,9.38685585391715,0.850958266885395
TYK2,4,0.410076396613972,3.69068756952575,0.865936695808375
SULT2A1,3,0.274104447001392,1.09641778800557,0.817263701999072
ATP1A3,,,,
PTPRS,4,0.546325101334872,4.91692591201385,0.945218436476052
PLA2G4C,3,4.46695450392544,17.8678180157018,0.813927022089114
HAS1,2,9.20923757722431,9.20923757722431,0.836997145449672
DBP,4,1.06495382490806,9.58458442417255,0.806526180572915
BCAT2,3,0.31855789661565,1.2742315864626,0.963862780422936
GCDH,,,,
MAST1,,,,
JAK3,4,3.87803323917495,34.9022991525745,0.757846206152246
SLC5A5,,,,
PIK3R2,4,0.195166789218422,1.7565011029658,0.940237662255874
PDE4C,3,2.44262038443958,9.77048153775832,0.802928987687195
ISYNA1,,,,
COPE,,,,
ATP4A,,,,
FKBP8,4,0.340167863433324,3.06151077089992,0.874125251037409
CDK6,4,0.209390250217746,1.88451225195971,0.852583005264759
NAMPT,,,,
PIK3CG,,,,
PON3,3,3.92764070051972,15.7105628020789,0.819860383205713
PON2,4,1.16090758717973,10.4481682846175,0.894687219226751
ATP6V0A4,3,0.900141177632224,3.6005647105289,0.851841699776064
ZC3HAV1,4,0.866848691652311,7.8016382248708,0.908979463227537
OGDH,,,,
HIBADH,4,0.263732368316375,2.37359131484737,0.963770603547922
FKBP14,4,0.277487325848021,2.49738593263219,0.837543024053314
GARS1,4,0.0841093230636158,0.756983907572542,0.977696552577491
EPHB6,4,2.72510184069068,24.5259165662161,0.916410170574652
CYP3A5,4,1.38507746902444,12.46569722122,0.958759692308228
PTPRZ1,4,2.53944128102889,22.85497152926,0.85339420411878
HYAL4,4,2.34833036646136,21.1349732981523,0.915052717107894
SPAM1,,,,
IMPDH1,3,0.480995582177776,1.9239823287111,0.955265316422201
C1GALT1,,,,
PLOD3,3,0.579449882899822,2.31779953159929,0.834720897916488
EZH2,3,0.165903172897045,0.663612691588182,0.876092871775019
BLVRA,3,0.830187173299799,3.3207486931992,0.889739663709882
POLD2,3,0.964917682118373,3.85967072847349,0.843606898247046
GCK,,,,
YKT6,,,,
LIMK1,,,,
SLC1A1,,,,
NMRK1,4,0.47819908703186,4.30379178328674,0.950417337544287
TGFBR1,,,,
PTGR1,,,,
DNM1,,,,
CA9,3,2.63160624182411,10.5264249672965,0.911389985587107
TYRP1,4,0.65845463108863,5.92609167979767,0.8049945698531
PIP5K1B,,,,
PTGDS,,,,
UBE2R2,2,1.59495804448539,1.59495804448539,0.772273094682892
PHYH,4,0.285428321261269,2.56885489135142,0.952669765027471
CUBN,4,0.879908349371445,7.91917514434301,0.880549918132177
MAPK8,3,0.980592533608383,3.92237013443353,0.837179601684033
PPP3CB,3,0.356414525157671,1.42565810063068,0.817005971600767
BMPR1A,4,0.44595647288658,4.01360825597922,0.805751055004367
MINPP1,,,,
LIPA,4,0.377527983763087,3.39775185386778,0.981337909252623
SFXN3,4,0.468898798198464,4.22008918378617,0.90087118175355
TNKS2,3,0.230633164090953,0.922532656363814,0.913491307964806
LHPP,2,0.587940999767575,0.587940999767575,0.866595726956162
MTPAP,3,0.115712448458398,0.462849793833593,0.934859792919587
NEURL1,4,0.0552462308995627,0.497216078096064,0.979797151357547
MAP3K8,2,2.06849789845885,2.06849789845885,0.802558369923981
UBE2S,4,1.04128722491871,9.3715850242684,0.885190922137095
PPIF,2,3.12789479645339,3.12789479645339,0.90216729597954
CYP2C18,,,,
ASPA,4,0.843683302713312,7.59314972441981,0.893792807143124
PNPO,3,3.55372186419754,14.2148874567902,0.771568297153868
CBX1,3,0.256839009345133,1.02735603738053,0.849300180151393
GALK1,4,0.453007368560951,4.07706631704855,0.935740222851143
ENO3,,,,
RNF167,,,,
SLC25A11,,,,
NUP88,4,0.23433119250526,2.10898073254734,0.886647702726808
SLC6A4,,,,
FTSJ3,,,,
ALDH3A1,4,1.31521665202431,11.8369498682188,0.959952754976933
KAT2A,4,1.26409093444859,11.3768184100373,0.830884357077274
NAGLU,3,0.644604392517014,2.57841757006806,0.799020907144414
HSD17B1,,,,
EZH1,,,,
DLX4,4,1.38728363748903,12.4855527374012,0.846389347897191
ALOX12,4,0.656534886756752,5.90881398081077,0.901506117577244
ABCC3,,,,
SLC16A6,4,0.570417160141964,5.13375444127767,0.937605969481524
PRKAR1A,3,0.246492724163907,0.985970896655627,0.86704646973513
MAP2K6,3,1.30176948244322,5.20707792977288,0.959260575332094
NAT9,,,,
ALDOC,4,1.45640211062151,13.1076189955936,0.883130554579506
USP46,4,0.74321348835985,6.68892139523865,0.752398985375437
SULT1E1,3,2.70690799781076,10.8276319912431,0.85566176680828
MANBA,4,1.2630639346332,11.3675754116988,0.919777685034784
UBE2D3,3,0.644175985675991,2.57670394270396,0.856918908573449
MAPK10,4,1.4704518461422,13.2340666152798,0.897103624696214
NDUFC1,4,0.473736969672637,4.26363272705373,0.832188932774433
UCP1,,,,
INPP4B,,,,
AADAT,3,1.62480790400253,6.49923161601012,0.8455703120787
GALNT7,3,0.428650047978433,1.71460019191373,0.915200344120675
SOD3,4,1.35434980927215,12.1891482834494,0.88035627315523
SLC2A9,3,0.942865242088247,3.77146096835299,0.855213300877675
NSD2,3,0.600425374851459,2.40170149940584,0.912317978806929
BST1,,,,
UGDH,3,0.680705645565168,2.72282258226067,0.798791905756839
HTATIP2,4,0.720028640602679,6.48025776542411,0.834486906670753
CTSC,3,0.400895727140446,1.60358290856178,0.966460061995538
SC5D,4,0.592492517726038,5.33243265953434,0.933752717052084
B3GAT1,4,2.93577339991684,26.4219605992516,0.791502144413284
SIAE,3,2.47505705886523,9.90022823546094,0.872151385710412
ST3GAL4,3,0.870703668236511,3.48281467294604,0.804817052230859
CPT1A,4,0.961696274737304,8.65526647263574,0.909567942100027
FOLR1,4,0.336690487001443,3.03021438301298,0.884124056504137
FOLR3,4,1.0412753812396,9.37147843115641,0.860268131993068
APOA5,,,,
GALNT18,,,,
CBL,3,0.312068195053049,1.2482727802122,0.840327620604741
PDHX,4,0.237107349749106,2.13396614774196,0.784695262752718
SLC1A2,4,1.92493732402764,17.3244359162488,0.870627790344723
SLC15A3,4,2.61028687795531,23.4925819015977,0.785673293875327
PTPMT1,,,,
NAA40,3,2.90938022475094,11.6375208990037,0.753568607427885
SLC22A18,4,0.245220425085241,2.20698382576717,0.965432317613113
NUP98,3,0.190223207410366,0.760892829641465,0.832903217138274
NDUFS8,,,,
TCIRG1,3,1.21324210724109,4.85296842896438,0.80745528658931
CHKA,3,0.459001952054182,1.83600780821673,0.772401178565908
PTPN5,3,5.48830159620125,21.953206384805,0.853846116951523
COQ5,4,0.917174365991206,8.25456929392086,0.860125243770911
DAO,,,,
MVK,3,4.40270090737379,17.6108036294952,0.779866604546192
CAMKK2,4,0.557536608564831,5.01782947708348,0.891217920635152
ATP5F1B,3,0.193942118905225,0.775768475620899,0.882427276900188
PTGES3,,,,
CYP27B1,,,,
ACSS3,,,,
TNS2,4,0.93841978697486,8.44577808277374,0.752459125602837
LTA4H,3,0.502766136303496,2.01106454521398,0.869342038293727
SLC6A12,,,,
PRMT8,,,,
PARP11,3,0.758676165863355,3.03470466345342,0.787810009145743
VPS29,,,,
MANSC1,,,,
DUSP16,,,,
ACAD10,4,1.27350955633029,11.4615860069726,0.839794375257141
ALDH2,3,9.6087087780681,38.4348351122724,0.810518550947978
ART4,4,0.972346287878616,8.75111659090754,0.75416694979657
RFC5,3,1.46513424340415,5.86053697361661,0.85889212630428
NUP107,3,0.874276279087085,3.49710511634834,0.865425936146297
GAPDH,3,0.620272152891718,2.48108861156687,0.931241917379947
NOP2,4,0.613991940185867,5.52592746167281,0.772653628171089
CHPT1,3,1.36941623390672,5.4776649356269,0.762139049817337
USP5,,,,
TPI1,4,0.631528356355109,5.68375520719598,0.774124731683016
GNPTAB,3,0.700646704082122,2.80258681632849,0.833498549588735
ENO2,,,,
PTPN6,3,2.05585047691572,8.22340190766288,0.770206866002031
LPCAT3,3,0.83240353224954,3.32961412899816,0.866599978330622
NT5DC3,,,,
GYS2,,,,
LDHB,3,0.816210823670903,3.26484329468361,0.922399379172377
ST8SIA1,3,1.22469916362724,4.89879665450897,0.853809332275182
AICDA,4,0.24556220782614,2.21005987043526,0.929839369192532
COX6A1,,,,
FRK,4,2.27276600373196,20.4548940335877,0.9251916153798
DSE,3,0.385294320308577,1.54117728123431,0.85625024377193
MAK,,,,
GCNT2,4,1.39493839885396,12.5544455896856,0.841683757851303
RNGTT,,,,
MAN1A1,3,0.377845977434163,1.51138390973665,0.916014924241117
UST,4,0.825879732742113,7.43291759467902,0.752355556430767
SLC26A8,,,,
MAPK14,,,,
ENSG00000112096,4,0.117541641988889,1.0578747779,0.97013828547441
RNF8,4,0.73006633020447,6.57059697184023,0.849675817092864
CILK1,4,0.527214234039785,4.74492810635806,0.952963501258196
PTP4A1,3,1.76128809600802,7.04515238403209,0.910301851192162
GPLD1,4,6.78997703650806,61.1097933285726,0.795703670552736
ALDH5A1,4,1.35902278796588,12.2312050916929,0.917919736329349
VNN1,4,5.5518593350772,49.9667340156948,0.851895525436591
ACOT13,,,,
B3GAT2,,,,
EYA4,3,0.278096593916234,1.11238637566493,0.943063990296251
FIG4,4,0.321920020628285,2.89728018565457,0.84666981623786
SLC16A10,4,3.02838727296177,27.255485456656,0.925364786114563
EPM2A,,,,
SLC39A7,,,,
SLC22A2,,,,
PDE10A,4,1.40476924290202,12.6429231861182,0.852848560425393
PTK7,3,1.17871368977051,4.71485475908205,0.862335832223019
DUSP22,,,,
COX7A2,,,,
GMDS,4,0.382558277277291,3.44302449549561,0.87715258506706
TTK,3,3.08525766849431,12.3410306739772,0.912832723169685
SLC29A1,,,,
NUDT12,4,1.25521181790482,11.2969063611434,0.879641525581632
TENT4A,3,0.249502817844474,0.998011271377896,0.76684020404087
HMGCS1,4,0.801843555357189,7.2165919982147,0.798011377419622
NME5,,,,
NNT,3,1.90349570651025,7.613982826041,0.852966297148
SLC4A9,3,1.0736189167,4.29447566679999,0.928960464551091
LOX,3,2.30782689720685,9.23130758882739,0.750265475093325
HMGCR,4,0.288333229245028,2.59499906320525,0.929015349953942
PDE8B,4,0.962352426795902,8.66117184116312,0.869493684388781
RNF130,4,0.225718729159751,2.03146856243776,0.965273325103689
ARSB,3,0.911271739037262,3.64508695614905,0.846240871388559
POLR3G,3,0.512395666858468,2.04958266743387,0.772630293938246
SLC27A6,4,1.25332494846709,11.2799245362039,0.834056854653705
PDE4D,4,1.04874717647704,9.43872458829336,0.868857900412537
RAD1,,,,
SLC12A7,3,0.580530340774782,2.32212136309913,0.952270748951895
GNPDA1,4,1.04989692595781,9.44907233362027,0.769151974015309
NUP155,,,,
PPP2CA,2,0.912644999417774,0.912644999417774,0.780602818881152
PPWD1,4,0.62131663367423,5.59184970306807,0.781003107977668
RARS1,,,,
DPYSL3,4,0.812798146199224,7.31518331579301,0.798106126203003
PDGFRB,,,,
ATP6V0E1,3,0.987664533440984,3.95065813376394,0.757949306332918
EHHADH,3,1.18429305994748,4.73717223978993,0.919258125451686
HGD,3,1.43259870944895,5.73039483779582,0.793583012140974
NIT2,,,,
PCCB,,,,
RBP2,,,,
RBP1,3,1.20734427130454,4.82937708521818,0.854842301623895
GRK7,,,,
KAT2B,2,0.902877529368155,0.902877529368155,0.841767471576609
BCHE,4,0.60874127355844,5.47867146202596,0.91715588954165
PFKFB4,3,1.3499435330067,5.39977413202678,0.763330456071805
PRKAR2A,,,,
USP4,,,,
USP9Y,4,0.24556220782614,2.21005987043526,0.929839369192532
HYAL1,,,,
CBLB,4,0.0273421248742013,0.246079123867812,0.993681968317328
UMPS,,,,
NEK11,3,0.433162554094065,1.73265021637626,0.829399735530061
HEMK1,4,1.19070333106619,10.7163299795957,0.818807023583538
MAPKAPK3,,,,
ABCC5,4,0.412509449218619,3.71258504296757,0.970250142725538
AADAC,4,5.24703450192242,47.2233105173018,0.910886691040074
ABHD14A-ACY1,,,,
PLCH1,3,0.706912706534162,2.82765082613665,0.917441364520081
NKTR,4,0.215757591707673,1.94181832536906,0.936778424264613
SPCS1,3,0.821105691602537,3.28442276641015,0.784465996549544
NEK4,3,0.61210761670491,2.44843046681964,0.782314707128836
SLC4A3,4,0.108645165240281,0.977806487162526,0.908169528193042
DGUOK,3,0.582964856979632,2.33185942791853,0.850549017646124
KANSL3,3,0.532854956415281,2.13141982566112,0.800079749438432
TTL,3,0.215186727540482,0.860746910161927,0.934686719765515
PIKFYVE,4,0.156211707283331,1.40590536554998,0.935843991601282
ZAP70,4,0.670752191670553,6.03676972503498,0.824994775394866
GPD2,3,0.148371689426796,0.593486757707183,0.923886964304469
PPM1G,3,0.194347671247236,0.777390684988946,0.940948711937937
PDE1A,,,,
MOGS,,,,
NDUFS7,3,0.370188934931687,1.48075573972675,0.92078859911323
POLE4,4,0.287985467461311,2.5918692071518,0.80159733944627
ACADL,,,,
FANCL,3,0.649268042187872,2.59707216875149,0.827768219249111
GLS,3,0.52674378523644,2.10697514094576,0.860382766343495
PECR,3,2.51491087134714,10.0596434853886,0.859740337384226
USP34,3,0.186276120240078,0.745104480960313,0.875285075944568
NEU2,3,6.4730914540477,25.8923658161908,0.797280302016193
CHST10,3,1.12200139208516,4.48800556834062,0.848898347208443
PLCD4,3,4.81171891916565,19.2468756766626,0.779537906658657
SLC9A2,4,2.76922083186165,24.9229874867548,0.761317995755187
UXS1,4,0.190804141125299,1.71723727012769,0.858599258365932
ABCB6,4,2.78702271928509,25.0832044735658,0.785935189767659
STK16,4,0.467133125464334,4.204198129179,0.854113063570192
SLC5A7,3,0.272290105643743,1.08916042257497,0.898279739973385
HDLBP,3,0.167394105757925,0.669576423031699,0.825938492356314
PASK,3,1.08009370626093,4.32037482504373,0.859682323810415
STK25,4,0.676113775160423,6.08502397644381,0.779607210433431
TPO,,,,
ODC1,3,0.344137928187765,1.37655171275106,0.796584282431011
PRKD3,3,0.469760543058995,1.87904217223598,0.779071671092665
QPCT,4,0.241675877002656,2.17508289302391,0.952191758743191
SLC25A12,3,2.23355305872641,8.93421223490564,0.791781560730903
LCT,4,1.25473106975751,11.2925796278175,0.847509569833194
DARS1,4,0.847441234743546,7.62697111269191,0.756336763854711
SDC1,3,0.452816347318143,1.81126538927257,0.9262623486516
PLCL1,4,1.60977498334855,14.487974850137,0.755823666630222
SLC1A4,4,0.371789324343929,3.34610391909536,0.864861228873301
KYNU,4,1.57433291300388,14.1689962170349,0.885888593832608
AAK1,4,0.321448777026238,2.89303899323614,0.884280903538392
PCYOX1,4,0.641579401020064,5.77421460918057,0.946653437667627
ATP6V1B1,4,1.1943210248478,10.7488892236302,0.796711314919524
SPR,3,1.38704721004365,5.54818884017461,0.848079259782969
EPHA4,4,0.824284391920495,7.41855952728445,0.960308253882629
FARSB,,,,
DHCR24,3,6.01035992189462,24.0414396875785,0.762199603578488
GPX7,4,0.490126636978625,4.41113973280763,0.968613673158817
SCP2,4,1.16097784570385,10.4488006113346,0.872349429028299
FAM20B,,,,
ICMT,,,,
AMPD2,,,,
MECR,,,,
ATP5PB,3,0.763977745800228,3.05591098320091,0.756185784524256
RNF19B,3,0.395566133959602,1.58226453583841,0.752200244915362
ASH1L,3,0.569747098441789,2.27898839376715,0.793614498733588
SRM,,,,
DNAJC6,,,,
SLC35D1,3,2.95187545692537,11.8075018277015,0.832032091256042
PLA2G4A,2,1.89600631131253,1.89600631131253,0.801133278056068
RPE65,,,,
AMPD1,,,,
CTH,4,0.476105056824037,4.28494551141633,0.914377262729338
AGMAT,,,,
TNNI3K,4,0.157911320101718,1.42120188091547,0.921044339949141
CRYZ,4,1.01166441779924,9.10497976019314,0.940732494903252
HAO2,,,,
GNPAT,4,0.803652717086477,7.23287445377829,0.828751412944057
MTR,4,0.594863131702387,5.35376818532148,0.874871964450272
KMO,,,,
AKT3,4,1.00345912469121,9.0311321222209,0.86159429611754
ACADM,4,0.627438752506204,5.64694877255583,0.936303642220741
ST6GALNAC5,4,1.01073614061423,9.09662526552806,0.879595777099463
PADI2,4,2.49470478174654,22.4523430357189,0.824340508320169
SDHB,,,,
UAP1,4,0.332748316616559,2.99473484954903,0.778553135370058
PLA2G2D,3,0.688579461214004,2.75431784485602,0.817263701999072
CDK18,3,2.14355022605595,8.57420090422378,0.781069852281087
HMGCL,4,0.764091776391791,6.87682598752612,0.779216273801119
GALE,,,,
SLC2A1,3,1.65140690080182,6.60562760320726,0.866476970769284
B4GALT2,3,0.157290608971246,0.629162435884983,0.943835069548909
AKR1A1,4,0.92882325694789,8.35940931253101,0.90472178997738
PRDX1,,,,
PIK3R3,4,1.72642106779682,15.5377896101714,0.831330486231014
SLC19A2,,,,
FAAH,3,1.43299972798147,5.73199891192587,0.825165060387322
NSUN4,3,0.268066569570522,1.07226627828209,0.82487101068896
ABCD3,4,0.985332449834783,8.86799204851304,0.881316323193359
DPH5,4,0.479917532871055,4.3192577958395,0.944852560225213
PRDX6,3,0.67929835081579,2.71719340326316,0.85724747999571
HSD11B1,,,,
PLPPR5,3,3.89290622822431,15.5716249128972,0.764063320027178
SLC35A3,4,0.40152578118959,3.61373203070631,0.819067360544367
MAN1C1,2,2.79370870688609,2.79370870688609,0.795303220110568
NEK2,3,3.66859357896896,14.6743743158758,0.918478716802052
RPS6KA1,3,0.433917359506687,1.73566943802675,0.92878122217889
SLC5A9,4,2.06750833068362,18.6075749761526,0.890911263428732
CTSD,4,0.446436406456349,4.01792765810714,0.860111123235524
STK11,4,0.293185261866937,2.63866735680243,0.885392144209568
KMT2A,3,0.776220855591708,3.10488342236683,0.830495034717929
TREH,,,,
APOA1,,,,
SLC8A2,,,,
B4GALT6,,,,
CA14,4,0.642432472275285,5.78189225047756,0.80890605690206
USP35,4,0.427449200597553,3.84704280537797,0.775208750580635
ELOVL4,3,0.262482276985838,1.04992910794335,0.972088955553935
ALDH8A1,,,,
SGK1,4,3.78217386702932,34.0395648032639,0.772624747676888
RNF146,4,0.38689004784853,3.48201043063677,0.856316819519807
ARG1,3,2.72223482801383,10.8889393120553,0.897978506294194
CCN2,3,1.87755233265162,7.51020933060649,0.911435633104418
SLC16A7,4,0.600480664477649,5.40432598029884,0.920985419475456
RPN2,3,0.56387081893046,2.25548327572184,0.765308620141607
ABCG2,,,,
NDUFB3,,,,
UBE2B,3,0.622508419728149,2.49003367891259,0.953661118331297
TRPM6,,,,
GDA,,,,
PIGZ,,,,
GLE1,3,1.09991874205426,4.39967496821706,0.756453087694687
TRIM32,4,0.244109136434803,2.19698222791322,0.805322397449756
NEK6,3,0.340541719558085,1.36216687823234,0.904976177445393
NDUFA8,,,,
GALNT12,3,5.2302241919816,20.9208967679264,0.763775766676253
NEK9,4,0.37753160006188,3.39778440055692,0.901115677202904
ACYP1,3,0.562042908958911,2.24817163583564,0.779992189014824
ACOT2,4,0.338662125816717,3.04795913235045,0.954586290145643
DLST,3,0.0966282577887988,0.386513031155195,0.944421817520572
ALDH6A1,4,0.103853939621026,0.934685456589232,0.988120596729352
COQ6,4,1.27521254774953,11.4769129297458,0.868835768099576
DNMT3A,,,,
FKBP1B,4,0.552240666592756,4.9701659993348,0.871458029262638
SLC17A5,,,,
ELOVL3,4,9.11385517254465,82.0246965529019,0.844280229366815
GPAM,4,1.59150234885619,14.3235211397057,0.792972677000684
PPP1R3C,4,0.286218747015487,2.57596872313938,0.93921848436162
DUSP1,4,0.194844539142837,1.75360085228553,0.964248671699583
PANK3,3,0.506353584636457,2.02541433854583,0.784085450594858
TEK,3,4.43755270218957,17.7502108087583,0.794572984512592
RCL1,3,0.319629859985902,1.27851943994361,0.824156531195083
NUP43,3,1.14609326955709,4.58437307822836,0.812445267920181
MTHFD1L,,,,
PCMT1,3,0.367477650175523,1.46991060070209,0.825010406224205
ACAT2,3,4.40217628256489,17.6087051302596,0.753254877548897
MASTL,3,0.812328980427551,3.2493159217102,0.819180374920916
LYZL1,4,0.061390551956535,0.552514967608815,0.929839369192532
ALG5,,,,
GLT8D2,,,,
DUSP4,2,0.489090359408886,0.489090359408886,0.896409654591534
PTK2B,4,0.759388697189599,6.83449827470639,0.807850779858683
PPP3CC,,,,
EPHX2,4,1.06495589764398,9.58460307879585,0.953208311109505
UBIAD1,,,,
LYPLA1,,,,
RDH10,3,0.291586334386246,1.16634533754498,0.868443979278792
EPX,3,1.50992125096729,6.03968500386918,0.844129800032768
LRAT,4,2.64264148315198,23.7837733483678,0.761229639728694
ABCC11,,,,
ADCY7,,,,
ECHDC2,4,0.390760719715565,3.51684647744009,0.946053668043567
KCNJ8,,,,
TRMT1L,4,0.468027844038663,4.21225059634797,0.932764155067678
NAA50,4,0.343804519592498,3.09424067633248,0.781938538112224
CAT,4,2.79322892560953,25.1390603304858,0.805778299577837
FABP3,,,,
POLR3GL,3,1.37744926768208,5.50979707072832,0.834743231165709
LIAS,4,0.360341166648011,3.2430704998321,0.94351060834961
TMEM54,4,0.604850372930766,5.44365335637689,0.869236764182932
ACVR2A,4,0.396302781634571,3.56672503471114,0.893499668010715
POLK,3,0.53847223643434,2.15388894573736,0.834624103173505
FLT3,,,,
OCRL,4,0.198777646084578,1.7889988147612,0.938657378174294
COPA,4,0.131512147471099,1.18360932723989,0.901839447737136
HS3ST2,3,5.71850135563943,22.8740054225577,0.771861047148096
RBBP6,2,0.320333240925926,0.320333240925926,0.873381598769935
NAA60,,,,
TRMT13,,,,
RPAP2,4,0.320870082507585,2.88783074256827,0.839309737140223
FKBP9,2,0.410605930679289,0.410605930679289,0.878383182658777
NT5C3A,,,,
MRM2,,,,
ACO1,3,1.70419631673878,6.81678526695513,0.870583858475894
AKR1D1,4,0.225255208876141,2.02729687988527,0.849829860749239
NUDT10,,,,
CHST3,3,1.01890538399211,4.07562153596842,0.883970313350503
P4HA1,3,0.311327406061311,1.24530962424525,0.939266223210515
CIT,3,0.679126042728575,2.7165041709143,0.962675602027972
ACADS,4,0.315838029136879,2.84254226223192,0.954677616323383
WWP1,4,0.239793719548142,2.15814347593328,0.882331717853844
ACOT9,3,0.283748997758287,1.13499599103315,0.85848144606491
PKN1,3,1.26670841393609,5.06683365574436,0.757228885459662
NLN,3,0.449876980538881,1.79950792215552,0.824835780954128
PDE1B,,,,
CDK2,,,,
EEF1AKMT3,3,0.261538726944362,1.04615490777745,0.821492009045937
SARDH,3,0.599935334941882,2.39974133976753,0.877172447275059
AMD1,,,,
USP45,4,0.326238366263993,2.93614529637594,0.797469033165432
METTL8,4,0.973988622673248,8.76589760405924,0.781392383011246
ACVR1C,,,,
SLC36A1,3,0.817953693793551,3.2718147751742,0.756850558086861
LPGAT1,3,0.353945529407275,1.4157821176291,0.926601011530528
G0S2,,,,
PLA2G12A,,,,
PFKFB2,2,0.391100016701108,0.391100016701108,0.888522647510387
ACSL3,4,0.352071877895247,3.16864690105722,0.883914959874781
OBSL1,4,0.44876732576373,4.03890593187357,0.858917094034722
SLC12A4,,,,
GCNT7,,,,
SLC12A5,4,1.9359198103421,17.4232782930789,0.7650474400172
NCOA3,4,0.15885275667539,1.42967481007851,0.92051861367702
PIGT,4,0.354086900641953,3.18678210577758,0.898427118378811
VAPB,,,,
ATP5F1E,3,0.258751039996205,1.03500415998482,0.773985965844193
PLCG1,4,0.809870690443369,7.28883621399032,0.792079172497262
MTRR,4,0.233009806316413,2.09708825684772,0.935784376627719
CHST8,,,,
STAMBP,4,0.561418176901835,5.05276359211651,0.793507586146659
NAGK,4,0.420299543599615,3.78269589239654,0.861830075310697
MCEE,4,1.40607171984881,12.6546454786393,0.907664994304102
ATP8A1,4,2.86723710277394,25.8051339249655,0.854730042408111
USP22,,,,
F13A1,,,,
SIRT5,3,1.2749697719131,5.0998790876524,0.804977155304796
NQO2,,,,
OARD1,4,0.507236897581567,4.5651320782341,0.917214395856706
MOCS1,3,1.52489448696465,6.09957794785861,0.7597427985675
GNMT,,,,
GLO1,,,,
RIOK1,,,,
GOT2,3,0.544115213991098,2.17646085596439,0.823400026685372
CLYBL,4,1.54297520157248,13.8867768141524,0.79531356046201
SLC10A2,4,0.408087320479199,3.67278588431279,0.889202952063237
ABCC4,3,0.277776530420161,1.11110612168064,0.886913919247461
NDUFA1,3,0.981240183336748,3.92496073334699,0.7929503114594
HS3ST3B1,4,0.110231819232107,0.992086373088963,0.969758161797877
NUP85,,,,
SLC25A19,3,0.36091187735463,1.44364750941852,0.913329277589582
NT5C,3,0.529222686176101,2.1168907447044,0.829681724541138
GTF3C4,4,0.197670682327459,1.77903614094713,0.875900263561311
MBOAT7,4,0.626960819185075,5.64264737266567,0.772839188379831
SRMS,3,1.51244620227232,6.04978480908929,0.823622392201421
POLR1B,,,,
GTF2F1,,,,
GPCPD1,,,,
PANK2,4,0.216404535066448,1.94764081559803,0.928377073685761
TGM3,3,2.5211065041964,10.0844260167856,0.922250043779842
ITPA,,,,
UROD,3,2.19433323458073,8.77733293832291,0.788429412646881
ST3GAL3,4,0.779017527226275,7.01115774503647,0.887842203003041
HECTD3,,,,
HCST,4,1.72997327275965,15.5697594548368,0.799188241003867
COX6B1,4,0.378643571136293,3.40779214022664,0.880332800505506
NR1D1,2,8.19357402595941,8.19357402595941,0.795230121018682
PRDX5,4,0.37085156950541,3.33766412554869,0.916479582844997
PRMT1,4,0.917003472642325,8.25303125378092,0.768932270495385
ASL,,,,
WNK4,,,,
PRKCG,,,,
EMG1,,,,
SGPP1,,,,
NUP214,3,0.393946283015483,1.57578513206193,0.85763644338731
IPPK,,,,
PPCS,4,1.27063050750282,11.4356745675254,0.816468846287458
COX7C,3,0.970667430447288,3.88266972178915,0.781151147898639
PTPRB,3,0.963296963355625,3.8531878534225,0.886013041788519
IDUA,4,0.376239202044951,3.38615281840456,0.912276118010792
PIN1,4,1.16353500778815,10.4718150700933,0.843801168542881
PLA2G5,4,0.651965825799626,5.86769243219664,0.756443102579814
UBR4,2,0.123562278540496,0.123562278540496,0.967357362358105
UQCR11,,,,
PKMYT1,,,,
METTL16,3,0.159691673438868,0.638766693755473,0.877008532381419
ECHS1,4,0.780551020372513,7.02495918335262,0.831893917427231
PTPN12,3,0.396725908315108,1.58690363326043,0.919319554265981
SRD5A3,4,5.43098975157446,48.8789077641702,0.81287678555135
PAICS,3,1.31377219573845,5.25508878295382,0.781050204404177
KDR,4,0.24556220782614,2.21005987043526,0.929839369192532
PPAT,4,0.0501210510270219,0.451089459243197,0.973635293073429
GAL3ST1,,,,
MGAT3,,,,
A4GALT,4,0.735851234328581,6.62266110895723,0.91924182869367
MPST,2,1.0482795034794,1.0482795034794,0.775437705698959
TST,4,0.305185523527921,2.74666971175129,0.940389052476237
NDUFA5,4,0.891764829909073,8.02588346918166,0.853316554509747
PDE11A,,,,
GAD1,4,0.937175923763856,8.43458331387471,0.794838859846323
HAT1,,,,
HERC2,4,0.756572315428627,6.80915083885764,0.882702623875969
EIF2AK4,3,0.742331201360734,2.96932480544294,0.806790091404198
ALDH1A2,4,0.992063361553562,8.92857025398206,0.892798230077222
IVD,4,2.43071625573786,21.8764463016407,0.780795938561784
DUT,3,1.5236045190931,6.0944180763724,0.876880950833082
COPB1,,,,
BBOX1,3,4.02846123069158,16.1138449227663,0.840468541384609
TPH1,4,1.34459762786155,12.1013786507539,0.813845967918004
DCTD,4,0.513102436361263,4.61792192725136,0.752170445725862
USP6,,,,
PLD2,4,0.664139716256258,5.97725744630632,0.80152744239292
ATP1B2,,,,
SLC44A2,4,0.38924211950886,3.50317907557974,0.855212513619662
RIPK3,4,1.02963296210909,9.26669665898181,0.895595342000209
ADCY4,,,,
PARP2,,,,
CDO1,4,0.629716396931736,5.66744757238562,0.896352135297307
AANAT,,,,
PLPPR3,,,,
GAMT,4,0.702714558888695,6.32443102999826,0.972911588954967
GALNT8,,,,
STARD8,,,,
GDPD2,4,1.96443174375548,17.6798856937993,0.96855798444854
SAT1,,,,
PRKCSH,3,1.35416085552096,5.41664342208382,0.779013024583886
APOE,4,0.295459625659555,2.659136630936,0.95564388270852
APOC1,4,0.901090831344971,8.10981748210473,0.928377148233879
XPO7,4,0.482828512671419,4.34545661404277,0.81892973247307
ACE2,4,2.27054114732391,20.4348703259152,0.920962347226704
SLC27A1,4,0.165306110062098,1.48775499055888,0.968861942268141
NSUN5,4,0.259397169011577,2.33457452110419,0.794541380979674
COLGALT1,,,,
PGLS,4,0.306889976416616,2.76200978774954,0.891013857505276
ACSBG2,,,,
STK33,,,,
NDUFA10,3,0.545161000709083,2.18064400283633,0.81313186589881
PXDN,3,1.30844395884619,5.23377583538477,0.872131531668869
SULT4A1,,,,
HELZ2,3,0.379859348235728,1.51943739294291,0.849656691714598
CYP2E1,4,0.855385904447094,7.69847314002384,0.830806864930559
PNPLA7,4,1.21127061767793,10.9014355591013,0.90418405288135
PAK4,,,,
ASS1,2,2.0740006427831,2.0740006427831,0.847442438499506
POMT1,4,0.478276534008163,4.30448880607346,0.906232202466121
UCK1,4,0.159077124299893,1.43169411869904,0.931959545376225
UBE2M,,,,
DNMT1,4,1.64445428961224,14.8000886065101,0.759103263282708
SLC6A8,4,0.776253044238025,6.98627739814222,0.937331338742756
PNCK,,,,
DUSP9,3,1.53880279982989,6.15521119931955,0.86528424941501
SLC7A10,4,1.67395583596405,15.0656025236764,0.79813466973082
HSD17B3,3,1.38328797049118,5.53315188196471,0.821428682495381
SLC35D2,4,0.384759859802215,3.46283873821993,0.872032935359227
UBA1,,,,
RGN,,,,
POLN,4,0.575758484972646,5.18182636475381,0.869078688864841
PPIL4,4,0.323003837945612,2.90703454151051,0.787079750275055
LATS1,3,0.149764515032001,0.599058060128002,0.948973625385387
GGT7,4,0.348992435347456,3.1409319181271,0.940695430004509
ACSS2,4,0.427690827416485,3.84921744674836,0.983955296840944
COX4I1,4,0.287835556859849,2.59052001173865,0.923847958972252
SLC34A1,,,,
PPT1,3,0.218766196517716,0.875064786070865,0.939441037004632
HACL1,3,0.575043706932293,2.30017482772917,0.79005667052623
GALNT15,3,3.11047460910924,12.441898436437,0.764886134286987
NAPSA,,,,
MGAT1,3,0.569447507752418,2.27779003100967,0.76152990688298
GFPT2,4,2.69834012879956,24.285061159196,0.788371835451149
AOC3,4,3.06657959432345,27.5992163489111,0.843355749075897
ACLY,4,0.315942001804885,2.84347801624397,0.981798825104881
AOC2,,,,
NDUFA2,,,,
TRAF7,3,0.681710366281832,2.72684146512733,0.824429403443567
CA6,4,1.00303165782217,9.02728492039953,0.829490656282725
CKMT2,3,2.78678128955241,11.1471251582096,0.752846203499168
PPP1R1B,,,,
FMO5,4,0.81544956548721,7.33904608938489,0.932828149937023
PDHA1,3,0.78088312305969,3.12353249223876,0.759140089332154
MCCC2,4,0.840872414225017,7.56785172802515,0.84624451490374
USP29,4,0.507921347359468,4.57129212623521,0.810254245543274
CHSY1,3,0.0364598147408845,0.145839258963538,0.980633232936796
GCH1,2,0.348361883903986,0.348361883903986,0.891857539663377
SLC6A11,4,0.582126188629475,5.23913569766528,0.848719731511131
NUP210,4,0.962376613454741,8.66138952109267,0.885396383542884
HSD17B7,4,0.983296700859483,8.84967030773535,0.930355689347734
TRIM5,2,0.961640480981822,0.961640480981822,0.891839934445702
RRP8,3,0.296922793468286,1.18769117387314,0.772049325306269
ILKAP,,,,
SCLY,4,0.0822559703991659,0.740303733592493,0.97234633398824
PTPRE,4,0.288262505465483,2.59436254918935,0.909142472835156
PRKAA1,3,0.166180153917209,0.664720615668835,0.85026901756915
MYBBP1A,,,,
COQ3,,,,
DDC,,,,
SLC52A1,4,2.80692625294467,25.262336276502,0.879428541626963
GUCY2D,4,1.79421773580046,16.1479596222041,0.840796689909921
PCBD2,4,0.95709998937293,8.61389990435637,0.914785532909023
PRMT7,4,0.673680720943248,6.06312648848924,0.879846235921678
POLR3F,,,,
PTPRA,4,0.701424556886609,6.31282101197948,0.755696273912327
RHBG,4,2.72105188619748,24.4894669757773,0.861583124734638
ATP1A4,4,0.061390551956535,0.552514967608815,0.929839369192532
ACY3,3,0.274104447001393,1.09641778800557,0.817263701999072
ALDH3B2,4,2.3190548880357,20.8714939923213,0.842640679844191
LPIN3,4,1.20933998642279,10.8840598778051,0.799986983850035
DMGDH,,,,
BHMT2,4,0.424625440290802,3.82162896261722,0.841371356119679
SLC14A2,2,0.775210503032879,0.775210503032879,0.899103129325318
PDE6A,3,0.673428922633516,2.69371569053406,0.934554552538145
CDK8,,,,
PEMT,3,0.513375950216874,2.05350380086749,0.844365606293095
CHI3L1,,,,
PIK3C2B,4,0.225082678044022,2.0257441023962,0.883661453446933
DSTYK,4,0.607759046176953,5.46983141559258,0.833061541710254
CHIT1,,,,
DCLK1,4,0.50045068642136,4.50405617779224,0.927744296157005
KL,,,,
RNF128,3,0.729628301837658,2.91851320735063,0.857896147277348
EPHB2,4,0.767619439366193,6.90857495429574,0.872925165786314
PDE6B,3,1.50638933061956,6.02555732247824,0.825171196643804
CSNK1G2,4,0.853665585917042,7.68299027325338,0.793074182390683
CNDP2,3,0.887724333646549,3.5508973345862,0.801451410029837
MACROD1,4,0.31428983807914,2.82860854271226,0.944631985890095
PLAAT2,3,2.09337618758312,8.37350475033246,0.837019836162851
GSTT2B,,,,
SLC2A11,4,0.529232523667806,4.76309271301026,0.945097713333446
LARS1,,,,
IMPA1,4,0.100978964755853,0.908810682802677,0.960276120850437
CA1,4,3.07125298745325,27.6412768870793,0.817017332264992
AMPD3,3,1.83337203164936,7.33348812659745,0.773967361964137
HSD17B4,4,1.54848094946064,13.9363285451457,0.855355419213992
DUSP26,,,,
LOXL2,3,3.53147627193943,14.1259050877577,0.797644057400718
ELP3,,,,
IRAK2,2,3.70177447620095,3.70177447620095,0.772710668738936
CAMK1,3,1.12945167333887,4.51780669335547,0.882962467601071
GSTM1,4,0.739148408565913,6.65233567709322,0.973114319767387
GSTM5,,,,
GSTM3,4,0.531085884317233,4.77977295885509,0.928269903063136
CHIA,4,0.283170052717447,2.54853047445703,0.848975971884028
HMGCS2,4,2.04271384824932,18.3844246342439,0.915599376340228
PTPN22,4,0.982015070292438,8.83813563263194,0.838715984502155
CEPT1,,,,
FKBP11,,,,
GRHL1,3,0.653458947023013,2.61383578809205,0.820023906566165
ROCK2,3,0.265698252252806,1.06279300901122,0.900995913177949
LPIN1,,,,
CMPK2,4,4.71590089208332,42.4431080287499,0.823900417719566
LDHA,4,0.871341536315073,7.84207382683566,0.759221050798182
ERN2,4,1.55185711906562,13.9667140715906,0.772808884806227
NARS1,,,,
ACP2,4,0.472721662342421,4.25449496108179,0.896546206365173
USP26,4,0.154219581813813,1.38797623632432,0.929839369192531
CYP2J2,4,2.58069015422874,23.2262113880587,0.879949380327427
TUT4,4,0.336382768130144,3.02744491317129,0.787630294863752
RNF138,3,0.204825853664125,0.819303414656499,0.829799564955807
DAGLA,,,,
CBLIF,4,1.31529829680529,11.8376846712476,0.812853317850669
FADS2,3,3.38258605511486,13.5303442204595,0.798558556437759
CLOCK,3,0.273022126220767,1.09208850488307,0.926708069854991
PDGFRA,2,4.26160324141063,4.26160324141063,0.793678702949964
GGACT,4,1.51396687388563,13.6257018649707,0.905229061685737
UBAC2,4,1.13677322045595,10.2309589841035,0.815792195284295
STT3A,3,0.676148832207135,2.70459532882854,0.836276192851682
CTSL,,,,
PSAT1,,,,
TAOK3,,,,
USP30,4,0.243150254192921,2.18835228773629,0.902543821454944
SDS,,,,
CD36,4,4.01338090061593,36.1204281055434,0.851946024586801
UGT2B28,,,,
SRPK2,,,,
NT5E,4,0.166495808278446,1.49846227450601,0.945433320816993
EPHA7,,,,
MAP3K7,4,0.172288222001318,1.55059399801186,0.827158108935358
NAT10,,,,
ATP5MC2,3,1.26394982255013,5.05579929020053,0.788860288752325
GLS2,3,1.09531284387727,4.38125137550906,0.788423161975506
RDH5,,,,
CDK4,3,0.36891209821166,1.47564839284664,0.910158917403933
B4GALNT1,,,,
PAN2,4,0.564757793550714,5.08282014195643,0.908420714007545
SMPD2,,,,
TEC,3,1.33900637269973,5.35602549079894,0.884071598441226
USP15,,,,
MDM2,3,0.444897749648985,1.77959099859594,0.784418191216976
BCO1,,,,
CHST5,4,0.225255208876141,2.02729687988527,0.849829860749239
SLC9A5,,,,
NTPCR,4,1.23236532760924,11.0912879484831,0.858665976907143
GLUL,3,0.446812207966528,1.78724883186611,0.966459821216521
NPL,3,2.44161196147986,9.76644784591944,0.77191737958768
PIGC,4,0.878083517102881,7.90275165392593,0.894463251951857
USP37,4,0.636831430297585,5.73148287267827,0.768959551044899
SLC19A3,4,4.289208769364,38.602878924276,0.866976374843571
CYP27A1,4,0.836646499147637,7.52981849232873,0.781068073163229
COX5B,,,,
ALDH1L2,4,0.513149750910205,4.61834775819185,0.891482674153882
USP44,,,,
SLC41A2,3,4.44389149618838,17.7755659847535,0.881508778193476
NEK3,3,0.788954422122151,3.1558176884886,0.813467745686683
SETDB2,4,0.311973809689057,2.80776428720152,0.8358062979789
CHST12,4,0.170171974817769,1.53154777335992,0.987304773522212
NUP42,4,0.298814385640185,2.68932947076167,0.914582192236008
ZDHHC4,4,0.408310894311791,3.67479804880612,0.929811568825906
AOAH,4,0.605698919575577,5.45129027618019,0.913377647040447
DGKB,,,,
MTHFS,,,,
IREB2,4,0.178940648493125,1.61046583643812,0.93089648791137
NMT1,3,0.356282129727349,1.42512851890939,0.837588583511727
KAT7,4,0.276876816061522,2.4918913445537,0.78300103759049
NDUFB5,4,0.52860872257312,4.75747850315808,0.910028555392515
MARCHF7,3,0.290152094381647,1.16060837752659,0.923255266860449
GALNT5,4,3.06518296485274,27.5866466836747,0.909673487864043
BLK,,,,
EPRS1,,,,
SMPD4,3,0.311368003107439,1.24547201242976,0.795162912386679
SAP130,3,0.311545388806403,1.24618155522561,0.792496602991442
HS6ST1,4,0.748736360851737,6.73862724766563,0.770528341335169
UGGT1,,,,
GAD2,3,0.274104447001392,1.09641778800557,0.817263701999072
CDK9,,,,
TXN,,,,
ST6GALNAC4,3,3.79972458943251,15.1988983577301,0.752596634513975
SLC2A8,4,0.605793130745421,5.45213817670879,0.881975806767201
SLC31A1,,,,
ALDOB,,,,
FPGS,3,0.339596810450981,1.35838724180392,0.91953016593203
USP20,,,,
BAAT,,,,
CTSV,4,0.998244368647157,8.98419931782441,0.892982750502933
ENPP2,,,,
POLR1E,3,0.68120042945911,2.72480171783644,0.833110245548254
GRHPR,3,1.02312983740514,4.09251934962058,0.804309683358674
ALDH1B1,3,0.79745215621853,3.18980862487412,0.953582794834849
PPIL1,,,,
PIM1,4,2.0943719426665,18.8493474839985,0.785831233628113
GMPR,4,0.507416094819353,4.56674485337417,0.906416451759827
CMTR1,4,0.743290233961491,6.68961210565342,0.916263731710781
SLC22A7,,,,
KIAA0319,3,4.0365419206237,16.1461676824948,0.807346703054278
RNF144B,4,0.861727403706299,7.75554663335669,0.861589808160273
IL18BP,,,,
GGH,4,2.35749665999882,21.2174699399894,0.871760836751849
TGS1,3,0.265194252516555,1.06077701006622,0.886874352402623
NEK1,3,1.46927379643428,5.87709518573713,0.780146135822885
SLC37A4,3,1.55312652054052,6.21250608216209,0.805535475128379
PPP2R1B,4,0.601305604122169,5.41175043709952,0.82242726477686
FXYD2,,,,
ALKBH8,4,1.04951706826356,9.44565361437207,0.750125927493331
MAP2K5,,,,
CTDSPL2,3,0.315389948720179,1.26155979488072,0.856664973285063
ITPKA,,,,
PLCB2,,,,
PAK6,3,1.71035995455811,6.84143981823242,0.775425018182429
DUOX1,,,,
SLC28A2,,,,
STRA6,3,1.70666983791984,6.82667935167937,0.77512672445314
CYP19A1,,,,
KYAT3,4,0.906052171114797,8.15446954003317,0.870434392251811
SLC44A5,4,1.5908810708879,14.3179296379911,0.906686749451568
DBT,4,0.482109148532496,4.33898233679246,0.894054616750076
RTCA,3,0.593337495917181,2.37334998366872,0.776811836902847
SELENOI,,,,
HADHB,3,0.607661411962118,2.43064564784847,0.837002493078112
KHK,3,2.02650596581558,8.10602386326232,0.829870010065724
ADCY3,3,1.00489841509445,4.01959366037779,0.809134414379762
CYP1B1,3,0.684378049601335,2.73751219840534,0.949137951245436
SLC5A6,,,,
ABCG5,,,,
SLC3A1,,,,
CYP2C9,4,1.13268021086979,10.1941218978281,0.848975971884028
CYP2C8,,,,
STAMBPL1,,,,
CH25H,,,,
DUSP5,4,0.289646775489681,2.60682097940713,0.945638390208761
ENTPD1,,,,
PLCE1,4,0.802042771143653,7.21838494029288,0.812733933737323
RBP4,4,0.24556220782614,2.21005987043526,0.929839369192532
AOX1,3,0.388359894407105,1.55343957762842,0.949812637798538
ATIC,,,,
BARD1,3,1.04033721782246,4.16134887128984,0.791696799915918
METTL5,4,1.02912987800195,9.26216890201751,0.764341048938423
CDK15,,,,
MDH1B,3,10.3487415478044,41.3949661912174,0.760682063457735
HECW2,,,,
IDH1,4,1.18467496826909,10.6620747144218,0.935743887881326
SLC40A1,4,3.23276278728422,29.094865085558,0.821859190123295
PARP9,4,0.718943012932228,6.47048711639005,0.977912870451244
USP8,,,,
GLCE,4,0.45440980041924,4.08968820377316,0.94111181354443
PARP16,4,0.420881400358431,3.78793260322588,0.905440790097954
PPCDC,,,,
HERC3,4,0.27192979677827,2.44736817100443,0.878738862356104
NDST4,,,,
PRKG2,,,,
GPAT3,3,6.45565827402356,25.8226330960942,0.86972609830099
BMPR1B,,,,
PDE5A,4,0.420297637441543,3.78267873697388,0.811252567615906
NAAA,4,1.07839746560734,9.70557719046603,0.814464908253431
NUP54,,,,
CDKL2,3,1.26849087897323,5.07396351589291,0.871876821243908
ANXA3,4,1.24816824031999,11.2335141628799,0.868131683656963
PPA2,4,1.23991557881187,11.1592402093068,0.821864967996628
HADH,4,1.92347624979497,17.3112862481547,0.773514156841529
PAPSS1,4,0.906201488835849,8.15581339952264,0.844471567489506
PPP3CA,,,,
SLC39A8,4,0.408034434553484,3.67230991098135,0.960762766675062
MTTP,,,,
RNF185,,,,
B4GALNT3,3,1.1444292093394,4.5777168373576,0.760977818166534
ALG10,4,1.37813902809795,12.4032512528815,0.826292596360854
PIK3C2G,4,2.29310766476733,20.637968982906,0.871267822669128
PLCZ1,,,,
ETFBKMT,4,0.596949820866624,5.37254838779962,0.923934825665451
ETNK1,3,0.939386002132258,3.75754400852903,0.826441619820917
NDUFA9,,,,
SLC38A4,4,2.232411659699,20.091704937291,0.772622225975261
MARCHF9,3,0.686882010311049,2.7475280412442,0.796368098393888
GLIPR1,4,0.46707127528956,4.20364147760604,0.789456309666508
TPH2,,,,
PTPRQ,,,,
DUSP6,,,,
AMDHD1,4,1.45653512353573,13.1088161118215,0.94933777934549
SDSL,3,3.4841512725049,13.9366050900196,0.795915789603786
MMAB,4,0.966475082260029,8.69827574034026,0.928072274777475
GLTP,3,0.504399038424803,2.01759615369921,0.907590003631596
NUP58,2,1.09836984269512,1.09836984269512,0.846152019414123
SLC7A1,3,0.408963557994472,1.63585423197789,0.880435078484388
SUOX,3,2.28321748094891,9.13286992379564,0.772005531210017
SLC39A5,,,,
RDH16,4,5.2292307520208,47.0630767681872,0.816648112230376
ACVRL1,,,,
CERS5,3,0.208628202265205,0.83451280906082,0.821694585952732
MAP3K12,4,0.368458203401632,3.31612383061469,0.942764009226603
CSAD,,,,
ESD,3,0.165544064207965,0.662176256831861,0.978574094531063
METTL21C,,,,
TSSK4,,,,
FITM1,,,,
RDH12,3,1.30798714092955,5.2319485637182,0.942535288271502
AK7,3,6.34284194638514,25.3713677855405,0.806368704769885
SLC24A4,4,2.02250872826597,18.2025785543937,0.750057305020853
WARS1,,,,
SLC12A6,4,1.00673055503976,9.06057499535788,0.833938079699622
SORD,,,,
DUOX2,,,,
SLC27A2,4,0.554656042335536,4.99190438101983,0.962057565823145
GCNT3,,,,
UBE2Q2,3,0.357366864493124,1.4294674579725,0.91422250600198
ETFA,4,0.214599021346208,1.93139119211588,0.919911102021931
NCOA2,4,0.543577772885366,4.89219995596829,0.891537847308255
MAN2C1,4,0.499522603572318,4.49570343215086,0.773333126916025
IGF1R,4,0.20642141447687,1.85779273029183,0.943261438597512
CYP11A1,,,,
CYP1A1,3,3.0249144086809,12.0996576347236,0.847988642027405
ULK3,4,1.14182016452987,10.2763814807689,0.809018540132081
RHCG,3,6.33138907268168,25.3255562907267,0.828732138634769
RLBP1,4,0.061390551956535,0.552514967608815,0.929839369192532
TICRR,3,0.641362923645025,2.5654516945801,0.961544873711944
NTRK3,,,,
SEC11A,4,0.604129058770453,5.43716152893408,0.87528541034701
PMM2,,,,
SLC5A2,3,1.46494426116491,5.85977704465965,0.785532884244416
UQCRC2,4,0.510090749649178,4.5908167468426,0.784739001027267
MYLK3,,,,
CHST4,4,0.230037791197286,2.07034012077558,0.884981104401357
GCSH,,,,
NDUFB10,4,0.410300259849835,3.69270233864851,0.949923108236039
GALNS,3,0.31094953416952,1.24379813667808,0.793930388831481
NCOR1,,,,
DPEP3,,,,
PCTP,3,1.00971891742312,4.03887566969249,0.893050779700791
NPEPPS,4,0.135170011567491,1.21653010410742,0.893781602302935
SSH2,4,1.0756673940876,9.68100654678837,0.795006571934553
ABCA8,,,,
G6PC3,3,0.91505952416759,3.66023809667036,0.881531742314655
PTRH2,,,,
IMPA2,4,0.69660968872757,6.26948719854813,0.921747986774988
SLC39A6,3,0.711689995198547,2.84675998079419,0.830157223396974
GALNT1,,,,
ESCO1,,,,
NPC1,4,0.075901279868179,0.683111518813611,0.912469547731913
SLC14A1,,,,
PIK3R5,4,0.225255208876141,2.02729687988527,0.849829860749239
SLC16A3,3,0.18540150378431,0.741606015137239,0.958002107719416
ANAPC11,3,0.536310006086082,2.14524002434433,0.78852547413624
FN3KRP,4,0.48684974961559,4.38164774654031,0.934916768984684
MAPK4,,,,
NT5C3B,3,0.840227867542522,3.36091147017009,0.816566205127932
ERBB2,4,2.05981257533023,18.538313177972,0.752447706121313
PNMT,3,1.10302100792826,4.41208403171303,0.774173376500403
FKBP10,3,0.257454420052577,1.02981768021031,0.927857021623391
SLC39A3,4,0.869968739026584,7.82971865123926,0.815373238071679
PLPP2,4,0.404951135684754,3.64456022116278,0.961209494561627
PFKL,3,1.49918699504983,5.99674798019931,0.791033793799777
TMEM91,4,0.110870318054201,0.997832862487805,0.996102841020284
SIRT3,4,0.262670019603936,2.36403017643542,0.965934402822891
PGGHG,4,0.594255850984822,5.3483026588634,0.88920087925991
HUNK,,,,
SOD1,3,0.594372388981515,2.37748955592606,0.886095988399505
DNMT3L,,,,
TRPM2,,,,
AKT1,3,0.920977212855653,3.68390885142261,0.804323557351481
SAE1,3,0.94844881275172,3.79379525100688,0.807581874486983
LMTK3,4,0.377788758399715,3.40009882559744,0.859172808653015
CBLC,,,,
SLC6A3,,,,
CARM1,,,,
SLC47A1,3,1.01616647287872,4.0646658915149,0.880756858834628
ACP4,,,,
SLC2A5,4,6.14439547010891,55.2995592309802,0.753175053995906
PADI3,3,3.28133521880347,13.1253408752139,0.798376670740702
PADI1,,,,
EPHA2,4,0.126440167677563,1.13796150909807,0.968710158771217
PGD,4,0.91237876426967,8.21140887842703,0.905647546363503
PLK4,3,1.30444793343687,5.21779173374747,0.940145688528763
MAP3K6,4,1.90260297056596,17.1234267350936,0.751783967167623
HSPG2,4,0.196972263716753,1.77275037345078,0.966264144911851
PRKACB,3,0.736161927276454,2.94464770910582,0.846223077087977
PIGK,4,1.23724431161062,11.1351988044956,0.856609231084375
AZIN2,,,,
PTPRF,4,0.368326600333162,3.31493940299846,0.937396997141568
CYP4B1,3,5.75324957386765,23.0129982954706,0.826589476825061
SLC44A3,4,2.84265631395893,25.5839068256304,0.84062243641762
ALDH9A1,3,2.50303690365616,10.0121476146246,0.780389137051877
ATP1B1,,,,
NME7,4,0.331069697770669,2.97962727993602,0.800392252743587
MPC2,3,0.537196882437482,2.14878752974993,0.934100697583894
UCK2,3,0.311414830258377,1.24565932103351,0.821646549757764
MGST3,3,2.43633842193606,9.74535368774425,0.752625614262438
ADCY10,,,,
COP1,,,,
PPOX,4,0.988930364435824,8.90037327992242,0.92441665099865
SDHC,,,,
USP21,2,0.0694210420297279,0.0694210420297279,0.959124133749001
PIGM,4,1.13065171867296,10.1758654680566,0.884076529613417
ABL2,3,2.13370195776941,8.53480783107763,0.910462212086235
RGL1,4,1.32463949818074,11.9217554836266,0.921365763229044
PRUNE1,4,0.297187592952138,2.67468833656924,0.888058507573162
SETDB1,4,0.640522479229468,5.76470231306521,0.751218099199122
CTSK,4,1.23437833041705,11.1094049737535,0.837105490288449
PI4KB,4,0.462466491077023,4.16219841969321,0.823123412300043
PIP5K1A,4,0.180105779718782,1.62095201746903,0.91712059329852
CERS2,4,0.306380556465346,2.75742500818812,0.898352441951277
DYRK3,4,0.345097303038755,3.10587572734879,0.929949605925482
SMYD2,4,0.656808085695664,5.91127277126097,0.836795767340302
DUSP10,4,7.38884510628705,66.4996059565835,0.768971111217475
ATP8B2,3,0.550672677938042,2.20269071175217,0.856649286094606
NUP210L,,,,
SLC27A3,4,0.550076368629169,4.95068731766252,0.954394428102742
SLC39A1,4,0.511730606813351,4.60557546132016,0.835641106885862
AQP10,,,,
PKLR,,,,
HCN3,4,0.371692958683455,3.34523662815109,0.961801815416093
GALNT2,3,0.544193912014399,2.1767756480576,0.930266001155654
SCCPDH,4,0.480427963881905,4.32385167493715,0.960438496595349
MAP3K21,4,0.346897178226606,3.12207460403946,0.822928300455862
ACP1,,,,
DEGS1,3,4.07111000139222,16.2844400055689,0.781763464519013
ITPKB,4,1.22714693368972,11.0443224032075,0.811824120856313
GUK1,,,,
MBOAT2,,,,
PARP1,3,1.4954544422056,5.98181776882242,0.882587110715363
PYCR2,3,0.929984455185818,3.71993782074327,0.771600561491946
LBR,3,0.206364099593115,0.825456398372462,0.880409525692831
EPHX1,4,1.77846993380591,16.0062294042532,0.762102504531097
ETNK2,3,0.543227620574172,2.17291048229669,0.890356453744258
PTPN7,,,,
PDIA6,3,1.12340305393297,4.49361221573186,0.823091061239576
ATP6V1C2,3,1.16531425752473,4.66125703009893,0.92718138738733
GALM,3,3.83955484380807,15.3582193752323,0.752970184592649
ABCG8,4,0.424625440290799,3.82162896261719,0.84137135611968
DUSP11,4,0.268025150753208,2.41222635677887,0.800631775923321
ST6GAL2,,,,
SLC20A1,4,2.45426756707995,22.0884081037196,0.866675295643306
POLR2D,4,0.403979264057781,3.63581337652003,0.780633282716399
GALNT13,4,2.04837668219164,18.4353901397247,0.756679860658905
SLC4A10,,,,
UBR3,4,0.275462168892259,2.47915952003033,0.876615484889319
PHOSPHO2,,,,
METTL21A,3,0.931043927749089,3.72417571099636,0.818378665899487
CTDSP1,4,0.359070642373201,3.23163578135881,0.947652739296715
MARCHF4,,,,
GMPPA,,,,
SLC25A38,3,1.03383075681484,4.13532302725934,0.774270016194545
CTDSPL,4,0.286189571880179,2.57570614692161,0.972828654259686
PTPRG,4,0.137735221693697,1.23961699524327,0.943899558485753
SLC25A26,3,0.601175090965935,2.40470036386374,0.879066381197456
UBA3,4,0.69071639795591,6.21644758160319,0.856552850537937
ADPRH,,,,
ALDH1L1,4,3.35120941417891,30.1608847276102,0.75188957816763
AMT,4,0.500780738410276,4.50702664569249,0.915708512250701
ECE2,,,,
DGKQ,4,1.13437411159624,10.2093670043662,0.887701790140306
SLC26A1,4,0.545295076564284,4.90765568907855,0.901378750915311
EPHA5,4,0.514863503400572,4.63377153060515,0.878563649835866
SLC10A6,3,0.346436378274846,1.38574551309939,0.946635086261103
SCD5,4,0.244963345529359,2.20467010976423,0.915426378144817
TRMT10A,,,,
CAMK2D,4,0.199693534317622,1.7972418088586,0.809170278032142
FABP2,4,1.87391568050919,16.8652411245827,0.758769660360651
SETD7,4,0.25679380909416,2.31114428184744,0.868134899360931
MARCHF1,4,1.97777803387554,17.8000023048799,0.7916254637422
CBR4,4,1.24276976469661,11.1849278822695,0.831381834167947
CYP4V2,,,,
NDUFS6,,,,
MARCHF6,4,0.30816892913168,2.77352036218512,0.895154914609286
SRD5A1,4,0.496215673101115,4.46594105791003,0.970573018203221
PLK2,,,,
PIK3R1,4,0.770207154712565,6.93186439241308,0.887415322486856
BHMT,,,,
PPIP5K2,4,0.534100131583233,4.80690118424909,0.9374436209876
PAM,4,0.5547407962017,4.9926671658153,0.823447223786122
MYLK4,,,,
HIGD2A,4,0.329351116505154,2.96416004854638,0.83455043260057
PLA2G7,,,,
TNFRSF21,3,2.40353101234395,9.61412404937581,0.80469564477611
HMGCLL1,,,,
LGSN,,,,
CYP39A1,4,3.22587615928429,29.0328854335586,0.839095045903489
SLC2A12,4,1.60906740134902,14.4816066121412,0.777699316043239
SHPRH,4,0.492609434403469,4.43348490963122,0.872102835284869
TIAM2,4,0.863426299887212,7.77083669898491,0.786881173730734
SLC22A3,2,0.163282013099192,0.163282013099192,0.872996763697154
RBAK,4,0.200343011231802,1.80308710108622,0.89454468115878
MDH2,3,0.344449893786067,1.37779957514427,0.872805375050119
PSPH,,,,
MEPCE,,,,
TLK2,3,0.223473544611748,0.893894178446992,0.818979748975822
EPHA1,4,1.04425040472449,9.3982536425204,0.92576134292699
CLTRN,4,5.13277979744189,46.1950181769771,0.777924609826307
CASK,,,,
SLC16A2,3,0.266493371289933,1.06597348515973,0.808890748500303
CHST7,,,,
NDUFB11,4,0.24620995308621,2.21588957777589,0.92679596411493
TAF1,4,0.552687236584871,4.97418512926384,0.781978453467136
EBP,4,0.476865952545162,4.29179357290646,0.926728971494986
AWAT2,,,,
PRPS1,4,0.102833172495285,0.925498552457568,0.96452396526393
NSDHL,4,0.404606329207767,3.6414569628699,0.9393785425322
CSGALNACT1,,,,
ATP6V1B2,3,0.626710493339298,2.50684197335719,0.886551867294698
STAR,3,0.710014565852786,2.84005826341114,0.942282371184415
PLPBP,3,1.19496053317263,4.77984213269052,0.834629182574675
PXDNL,4,1.23302200432782,11.0971980389504,0.921900524953739
ADHFE1,4,1.51558405259068,13.6402564733161,0.884268901488821
SLC26A7,4,0.608263069966882,5.47436762970194,0.825054973720113
PSKH2,,,,
ATP6V0D2,,,,
DPYS,,,,
NDUFB9,3,0.287770563957987,1.15108225583195,0.874320800788308
NAPRT,,,,
AK3,4,0.19323474299606,1.73911268696454,0.963393583223483
UHRF2,4,0.489232247386498,4.40309022647848,0.760507432026186
PLIN2,3,0.79104338904621,3.16417355618484,0.920199142451113
NTRK2,,,,
AUH,,,,
UGCG,3,1.8504484952371,7.40179398094841,0.872186779905204
ALAD,4,1.46752248776378,13.2077023898741,0.935189605877131
POLE3,3,0.55417878440208,2.21671513760832,0.870406822144683
GBGT1,,,,
PTGES2,4,0.783683797712861,7.05315417941575,0.798239700660653
PTGES,4,3.61180196802821,32.5062177122539,0.851004270960818
IDI2,3,0.599935334941883,2.39974133976753,0.877172447275059
INPP5E,,,,
PDSS1,3,1.01616054067124,4.06464216268496,0.826721712713833
HERC4,3,1.19824434991586,4.79297739966345,0.780592899321831
CAMK2G,4,0.417993348862336,3.76194013976103,0.940580510564988
GLUD1,3,0.68813102061187,2.75252408244748,0.934028131563207
ANKRD1,3,4.53047155721609,18.1218862288644,0.766746856945886
CYP17A1,3,1.54914348079423,6.19657392317693,0.800440855344088
PAOX,,,,
GSTO1,4,0.554964510547148,4.99468059492433,0.896361607719504
TUT1,,,,
HSD17B12,4,0.471290374165668,4.24161336749101,0.811316208146988
APIP,3,0.160755600397976,0.643022401591905,0.944293460214619
DGKZ,3,0.897152217933747,3.58860887173499,0.756839498360481
SLC43A1,4,1.10709492756585,9.96385434809268,0.805495419620862
PTPRJ,3,0.892953908744497,3.57181563497799,0.886960404730178
PAK1,3,0.205748745706277,0.82299498282511,0.922559584588874
ATM,3,1.20099509881993,4.80398039527972,0.792046715167907
AASDHPPT,4,0.488696295079559,4.39826665571603,0.91100363267711
P4HA3,,,,
SLC22A8,,,,
TKFC,4,0.556118270239223,5.00506443215301,0.927377955303452
FADS1,4,2.57638117850398,23.1874306065358,0.801509130979453
PLCH2,3,0.540660598987964,2.16264239595186,0.802298772697674
B3GAT3,4,0.425839233060742,3.83255309754668,0.801569753347093
CHEK1,3,1.9522616752873,7.80904670114921,0.874906957840366
DUSP15,,,,
SLC22A9,3,1.31985751714625,5.27943006858498,0.761846122251246
PLCB3,4,1.51261066259913,13.6134959633922,0.802738146316575
TM7SF2,4,0.443045353530145,3.98740818177131,0.963159596145213
PPP4C,3,0.271786297181625,1.0871451887265,0.754905078657432
ALDOA,3,0.0419673675141856,0.167869470056743,0.983421233780457
HIRIP3,3,2.43899864207427,9.7559945682971,0.771085381929378
TAOK2,4,1.29538196775204,11.6584377097683,0.777370627816948
EEF1AKMT1,3,1.05898778623281,4.23595114493126,0.881147339873427
LATS2,2,1.83362632643043,1.83362632643043,0.769195390507887
HNMT,4,0.104854964404401,0.94369467963961,0.982301034441649
MTMR12,4,0.483331520379291,4.34998368341362,0.772769709549475
DLAT,4,1.04909234747251,9.44183112725257,0.764815020338073
PTS,,,,
PIP4K2A,3,0.468629548458651,1.8745181938346,0.909347964134303
SLC7A11,,,,
NGLY1,3,0.341429173206122,1.36571669282449,0.897057432429086
OXSM,4,0.732399459946295,6.59159513951666,0.856961208130731
UEVLD,,,,
UBE3B,4,0.37977188695136,3.41794698256224,0.84075596942308
IPMK,4,0.875063130476186,7.87556817428567,0.782526706345274
MAT1A,3,3.68358644907003,14.7343457962801,0.761283381456718
SLC2A13,4,0.292900921605507,2.63610829444956,0.815229526245941
EXT2,2,0.39043361945375,0.39043361945375,0.868205282270211
ALLC,4,0.061390551956535,0.552514967608815,0.929839369192532
NDUFC2,,,,
ME3,,,,
NEK7,3,0.274793781807077,1.09917512722831,0.893884917406848
FER,3,0.379730713743886,1.51892285497555,0.776207738151506
PTPRO,3,1.42942522368235,5.71770089472941,0.894668466785272
QDPR,3,1.04545209184108,4.18180836736431,0.865084371713073
QTRT2,4,0.82249327234302,7.40243945108718,0.766077742664987
MMAA,4,0.874704995658475,7.87234496092627,0.772222162104527
AKR1C2,,,,
PIGF,,,,
INPP1,,,,
RNF144A,3,0.234170564445666,0.936682257782663,0.929290626573498
ACSL1,4,0.549392948695076,4.94453653825569,0.945626121515522
SLC25A4,4,0.775134823427122,6.9762134108441,0.814590029174595
TDO2,,,,
PARP8,4,0.440115107509608,3.96103596758647,0.913709682252942
PTPN14,4,0.36271210323285,3.26440892909565,0.875038720206938
ATP5F1A,4,1.27405032152995,11.4664528937696,0.785967096371933
G6PC2,4,0.225255208876141,2.02729687988527,0.849829860749239
PDK1,4,0.628710384823583,5.65839346341225,0.939474722036952
PDE3B,4,0.345601276880981,3.11041149192883,0.935368306764809
UHMK1,3,0.612076495447648,2.44830598179059,0.818878155580461
GUCY1A2,,,,
SUV39H2,,,,
OLAH,4,0.283996004326517,2.55596403893865,0.98165895123485
USP12,,,,
CAMK4,4,0.443695818038981,3.99326236235082,0.929905592996465
PFKM,3,0.712658967831144,2.85063587132458,0.86835024719613
NADK2,4,0.391120247350865,3.52008222615779,0.925290756488851
GPD1L,3,0.77705536583587,3.10822146334348,0.881899294138769
SLC30A6,4,0.503706114400205,4.53335502960184,0.862736958762071
SLC16A12,,,,
PANK1,4,3.17501167026712,28.5751050324041,0.880450113719185
GGPS1,,,,
PLOD2,3,0.542587534222795,2.17035013689118,0.77820928617011
STK32B,,,,
ACMSD,,,,
MERTK,,,,
PTPRR,4,1.28752731139707,11.5877458025736,0.82455295965324
SLC25A27,4,0.631702416813986,5.68532175132588,0.932968672713191
LPCAT1,,,,
RPIA,,,,
PTPRD,4,4.34460961433067,39.101486528976,0.766335500251186
ZDHHC7,4,0.196212758867088,1.76591482980379,0.883589285244931
TRIP12,3,0.131233564843543,0.524934259374173,0.926178214546408
DDAH1,4,0.941372101528771,8.47234891375894,0.806110152371083
HS2ST1,4,0.559304529532736,5.03374076579462,0.902232618830036
HS3ST3A1,,,,
SLC5A10,3,4.33503699632737,17.3401479853095,0.821544195912796
AK5,4,0.797494516499082,7.17745064849174,0.903797755543687
CHST9,,,,
CERS3,3,0.07022126747901,0.28088506991604,0.965528166198301
PRKCA,4,0.948639888826473,8.53775899943826,0.795555324247841
LRRK1,4,0.400778038979207,3.60700235081286,0.893857137028786
GAL3ST2,,,,
ENPP3,,,,
TNIK,3,0.74746526592592,2.98986106370368,0.929090038684635
PGM5,,,,
PPP1R3A,,,,
SH3RF1,,,,
ATP5MC3,3,0.59200871064359,2.36803484257436,0.875156896696844
PDE1C,3,0.337390146016452,1.34956058406581,0.972210284865872
ATP5PF,,,,
PLCL2,,,,
USP43,,,,
EPHB1,,,,
ACSS1,4,0.739651678538307,6.65686510684476,0.965694807836119
CYP2U1,4,0.399766805381436,3.59790124843293,0.92657040521183
AK9,3,0.490376014007132,1.96150405602853,0.756798188902248
PTPRN2,,,,
ATP6V1C1,3,0.542266703493619,2.16906681397448,0.932262502474985
PIP4P2,3,0.768112092680441,3.07244837072176,0.833751403718569
CDK19,4,0.387824910878801,3.49042419790921,0.777068189765466
AGPAT5,3,0.75344854739513,3.01379418958052,0.89100369301744
PI4K2A,3,0.325388282656168,1.30155313062467,0.813992869847725
SLC25A28,4,0.941173177789504,8.47055860010554,0.827192109895938
DBI,4,0.813385032345569,7.32046529111012,0.957562640078705
SLC16A1,,,,
SLC7A7,,,,
NUP205,4,0.555491543873056,4.9994238948575,0.779919100298014
TTN,4,0.959318519839346,8.63386667855411,0.860950443233256
PDIA4,3,1.04807156093654,4.19228624374616,0.875344786746076
RNF20,,,,
SLC26A2,,,,
SLC24A2,,,,
PXYLP1,,,,
ADCY8,,,,
NAT2,,,,
ADK,3,0.647034153562116,2.58813661424846,0.799498159385328
DCK,3,0.356131446302808,1.42452578521123,0.872871502782122
PPEF2,,,,
ART3,,,,
SLC28A1,,,,
N6AMT1,4,1.00215222445517,9.0193700200965,0.840354597937009
CDK20,3,0.445011699947789,1.78004679979116,0.782222141958489
ATP5MJ,4,0.659235048003885,5.93311543203497,0.782611228428919
FUT6,,,,
SH3RF2,4,1.39256128726348,12.5330515853713,0.871914153093952
UQCRB,4,0.483101991910805,4.34791792719724,0.90395719745072
PTDSS1,4,1.19165174862352,10.7248657376116,0.852604397442585
PPP2R2B,4,0.147799362160118,1.33019425944106,0.957661718652542
EEF1A1,2,0.562429695403445,0.562429695403445,0.793670024466351
HKDC1,,,,
HK1,2,0.894996408943343,0.894996408943343,0.751577783091831
UBE2L6,2,1.47636611217713,1.47636611217713,0.857824754894053
GLYATL2,,,,
NTAQ1,3,1.12958838833514,4.51835355334054,0.76862237005902
COX6A2,4,0.424625440290799,3.82162896261719,0.84137135611968
GALK2,,,,
B3GNT7,4,1.08197931072864,9.73781379655779,0.801373099066005
BUB1B,3,2.06049426303231,8.24197705212924,0.939250290118393
PDE6D,3,1.06436421104516,4.25745684418065,0.78171480386884
SEC13,,,,
NTAN1,4,0.507952728562443,4.57157455706199,0.923995987644588
NMNAT2,4,0.993708079293426,8.94337271364084,0.906264626532223
ATP2B2,3,2.16115762895684,8.64463051582737,0.837425456125473
SLC6A1,,,,
SMG1,4,0.0744943816810819,0.670449435129737,0.962455397998942
CPT2,4,0.829892433486972,7.46903190138275,0.883958458560008
DHRS4,4,0.54523001920096,4.90707017280864,0.898530591305054
DDX19B,,,,
ST3GAL2,3,0.719034902230792,2.87613960892317,0.812516229721497
FCSK,4,0.425786623013058,3.83207960711752,0.928572234523965
ARSL,,,,
KIT,4,1.74604287629485,15.7143858866536,0.846815077510286
AASDH,4,0.475115002612511,4.2760350235126,0.86518833259661
DYRK1A,3,0.278414817367823,1.11365926947129,0.832207475348723
SLC35B2,4,0.545063496021313,4.90557146419182,0.847092631411627
DGKI,,,,
BRAF,3,0.646713213803379,2.58685285521351,0.896115289897364
SLC34A2,,,,
PAFAH2,,,,
EXTL1,4,1.95119284314432,17.5607355882988,0.773070516612421
TRIM63,4,1.38553724263698,12.4698351837328,0.819827326476916
DUSP2,3,4.78096875188915,19.1238750075566,0.800851411072351
PTPDC1,,,,
GALNT14,4,0.928050505638725,8.35245455074853,0.764098426407693
HPD,,,,
XDH,4,1.09876137291765,9.88885235625884,0.911657681512263
CDC25C,3,2.29950586644019,9.19802346576074,0.918643715210311
AHCYL2,4,0.364335733592949,3.27902160233654,0.929047421674714
B4GALT5,3,0.162153354002085,0.648613416008339,0.941825830420624
CPA2,,,,
CPA5,,,,
PFKFB1,,,,
ALAS2,,,,
COPG2,4,1.28672825120517,11.5805542608465,0.801769098171163
GPAT4,4,0.439148972903405,3.95234075613064,0.871657484593479
DUSP23,4,0.0425705852641893,0.383135267377703,0.993976486396348
PLA2G2F,3,2.5941972152488,10.3767888609952,0.771728005446925
CDA,3,0.178858694541777,0.715434778167107,0.862422205603468
PINK1,4,0.33384442218415,3.00459979965735,0.863715585044134
NDUFS2,4,0.794460532743157,7.15014479468842,0.802400566132467
SLC5A11,,,,
ALG8,,,,
SYNJ1,4,0.168542734640001,1.51688461176001,0.939195413742802
GART,,,,
ATP5MC1,,,,
UBE2Z,4,0.0865612874620258,0.779051587158232,0.896870841424932
CBR1,3,4.62122338839435,18.4848935535774,0.777233697619819
CBR3,4,7.1383176818833,64.2448591369497,0.788819685265281
HLCS,3,0.575192419691507,2.30076967876603,0.925401606754561
ADPGK,4,0.424507168286427,3.82056451457784,0.779730564742159
PLA2G4D,3,1.53425171600702,6.13700686402807,0.856026665891673
PADI4,,,,
CYB5R1,4,0.548746469641988,4.93871822677789,0.844428328056262
CES5A,,,,
HK2,4,2.62568059086825,23.6311253178142,0.906554885594781
ALDH4A1,3,1.73415549541906,6.93662198167624,0.85594685295395
STARD9,4,0.548055707492458,4.93250136743212,0.864146563309106
UBR1,3,0.28294973278777,1.13179893115108,0.851788103731564
AMFR,4,0.51076984203021,4.59692857827189,0.869853638010923
TGM7,3,0.274104447001392,1.09641778800557,0.817263701999072
PGLYRP3,4,0.6039516176407,5.4355645587663,0.896538000012096
NAE1,3,0.886795018781791,3.54718007512716,0.778087364534146
ACE,,,,
UROC1,,,,
CTBP1,3,0.992253641739622,3.96901456695849,0.805582451483878
ZDHHC1,4,1.9946896461503,17.9522068153527,0.785924556843884
ATP6V0D1,3,0.63913905133168,2.55655620532672,0.889402275263422
PSKH1,4,0.766986166240622,6.90287549616559,0.787502171578018
NPR2,2,8.91407981847862,8.91407981847862,0.850893168412251
GNE,4,1.02973245154147,9.2675920638732,0.765293353121041
CALM3,4,1.6516468453602,14.8648216082418,0.827759832751877
UBE2J2,4,0.314753511448424,2.83278160303581,0.944372362265144
KALRN,2,0.974075939596287,0.974075939596287,0.832359735856705
ABCG1,2,6.00578719834499,6.00578719834499,0.755785303320756
SLC37A1,4,1.03788253105287,9.34094277947586,0.799248247147868
PDE9A,4,0.772279200342365,6.95051280308128,0.7635191387405
NDUFV3,4,0.6821075358158,6.1389678223422,0.780188574277511
CBS,,,,
PDXK,4,0.222905462426929,2.00614916184236,0.877596594823711
G6PD,,,,
AGPAT3,4,0.65299599645393,5.87696396808537,0.864185521112668
CFAP410,4,0.299058926430677,2.69153033787609,0.945531769562335
FTCD,3,7.76078185219789,31.0431274087916,0.783056302847628
LSS,4,1.64324835865897,14.7892352279307,0.944252421581242
PRMT2,4,0.845913265609939,7.61321939048945,0.90246910513061
SLC2A6,4,0.31799552615442,2.86195973538978,0.981618738459548
ST6GALNAC6,4,0.386997340205149,3.48297606184634,0.908441177206851
RDH13,3,0.698756294471136,2.79502517788454,0.91390392344907
ZDHHC12,4,0.5174384170523,4.6569457534707,0.966751059634919
PKN3,3,1.13633668774634,4.54534675098538,0.758615622131706
BRSK1,,,,
COX6B2,4,0.265187056399252,2.38668350759327,0.961706052244652
PLPP7,,,,
TAOK1,3,0.259498653198058,1.03799461279223,0.815009694474102
SIK3,3,0.64421042060756,2.57684168243024,0.847401454812002
NEK8,3,0.22541496383161,0.90165985532644,0.940221548348521
FLAD1,4,1.34444619334334,12.10001574009,0.762571198005221
UBE2Q1,3,0.253353603847963,1.01341441539185,0.823485347123578
FDPS,4,0.855129067365376,7.69616160628839,0.926778158295453
FGFR4,2,1.39501534546913,1.39501534546913,0.905856659329377
CYP3A4,4,3.98448786469984,35.8603907822986,0.874538996894409
CYP3A7,4,4.48114072490486,40.3302665241437,0.75621399190899
CYP11B1,4,0.061390551956535,0.552514967608815,0.929839369192532
HK3,4,0.243320198097393,2.18988178287654,0.915641850792226
MGAT4B,4,0.474801389701519,4.27321250731367,0.893521476136443
PGLYRP2,,,,
PCYT1A,,,,
BDH1,,,,
COX7A1,3,1.77585798261622,7.10343193046487,0.812124197904073
FDXR,4,1.57231035636955,14.1507932073259,0.864974757201014
ACOX1,4,0.255092826946148,2.29583544251533,0.802503545030458
PLCD3,4,0.963619878987301,8.67257891088571,0.767692081020707
AQP5,,,,
SYCE2,,,,
IP6K3,4,1.55709769514268,14.0138792562842,0.799937476677913
ALOX15,,,,
POLR3K,,,,
HS3ST6,4,1.56003733619546,14.0403360257592,0.86711352576181
AMDHD2,4,0.436962112764974,3.93265901488477,0.85613909377972
NEU3,,,,
ASRGL1,,,,
RPS6KA4,,,,
CYP4A22,,,,
CMPK1,4,0.55656737296823,5.00910635671407,0.872222018720446
SLC1A7,4,0.550711014153936,4.95639912738543,0.857881028605436
ACOT11,4,0.861995533581282,7.75795980223154,0.953748564803767
USP24,3,0.0962980848697468,0.385192339478987,0.928105738890856
PLPP3,,,,
NOL9,3,0.616570639974647,2.46628255989859,0.80349265410402
PRKAA2,,,,
AK4,3,0.460069461297835,1.84027784519134,0.9290793631109
AKR7A3,4,0.570812884643686,5.13731596179317,0.83350017370572
DHRS3,4,1.67084814707927,15.0376333237134,0.877445952755048
TSSK3,,,,
ALPL,,,,
TTLL10,3,1.52796800196692,6.11187200786767,0.787914742550123
USP1,,,,
TYW3,3,0.903905219912436,3.61562087964975,0.788711280632506
B3GALT2,,,,
AGL,3,1.20953852935889,4.83815411743556,0.766144517393057
EXTL2,3,2.21735479468969,8.86941917875878,0.818213335282786
DDR2,3,0.810776662088056,3.24310664835222,0.883854007744228
BPNT1,4,1.56100790473472,14.0490711426125,0.804840331435579
ACP6,4,0.552148525821764,4.96933673239587,0.96566841984389
HAAO,,,,
B3GALNT2,3,0.291888233363951,1.16755293345581,0.866643307369491
DUSP19,4,1.685420968457,15.168788716113,0.898387536137235
NUP35,,,,
ZSWIM2,,,,
SGPP2,,,,
HPGDS,,,,
CTSS,,,,
RNF149,,,,
PGLYRP4,3,1.47045844867185,5.88183379468741,0.843817309516055
GNPDA2,4,0.502753724643071,4.52478352178764,0.863199286308203
ALPI,4,0.061390551956535,0.552514967608815,0.929839369192532
PMVK,,,,
LENEP,,,,
POGLUT1,4,0.958447202686712,8.62602482418041,0.918197065010841
ATP1A1,3,0.13022408048092,0.520896321923681,0.980792287923593
SLC15A2,4,2.01593299308169,18.1433969377352,0.861662910365833
STK36,4,0.0607815706067541,0.547034135460787,0.993480732840423
TGFBR2,3,0.187811364965652,0.751245459862609,0.915317689209616
GLB1L,,,,
STT3B,4,0.321294808431874,2.89165327588686,0.774201363756076
SUCLG1,,,,
NUAK2,,,,
SLC2A2,,,,
PPM1L,4,0.346235471843524,3.11611924659171,0.96020785303395
CDS1,,,,
PTPN13,4,0.33565142830829,3.02086285477461,0.937917849361392
ALB,,,,
PPM1K,4,0.423108782980264,3.80797904682238,0.765713959536156
GMPS,,,,
TIPARP,3,1.79847511245233,7.19390044980931,0.808145138308568
RPP14,4,0.367444003523005,3.30699603170705,0.775714772769673
ABHD6,4,0.330894964821975,2.97805468339777,0.937783103408817
MTMR14,4,0.184548068627887,1.66093261765098,0.879759056781439
MTHFD2L,4,0.388315750029572,3.49484175026615,0.776213280995195
RCHY1,4,0.291893836414867,2.6270445277338,0.906713688599664
GYG1,3,0.608602930274164,2.43441172109666,0.755735680363309
HPS3,4,0.738917866446599,6.65026079801939,0.932333914409542
RYK,3,0.527207632518554,2.10883053007422,0.801758597063864
SNRK,3,0.236316355518871,0.945265422075485,0.918765570937646
PLB1,3,0.97902381598594,3.91609526394376,0.857442906428028
TGM4,4,1.89935991829836,17.0942392646853,0.832340054189751
ZDHHC3,4,0.408985035627035,3.68086532064332,0.914079765226842
SLC6A20,4,0.653479331669414,5.88131398502472,0.888370024018907
NMNAT3,4,0.751112131742859,6.76000918568573,0.801055690197067
POLR2H,3,0.389827521587751,1.559310086351,0.787741664982955
RPN1,,,,
TKT,4,1.21093010451142,10.8983709406028,0.857569749072539
PRKCD,,,,
ZDHHC19,,,,
SLC51A,,,,
PIGX,3,0.958914524747275,3.8356580989891,0.750689643003363
SGMS2,3,0.112654245198145,0.450616980792579,0.95036005560709
BDH2,4,1.06036329454451,9.54326965090058,0.920219308670848
CDC25A,3,2.11283928257145,8.45135713028582,0.813472362672791
ATRIP,4,1.28367218378048,11.5530496540243,0.786144955824306
RNF123,,,,
MST1R,,,,
DUSP7,,,,
PPM1M,4,0.547066649236408,4.92359984312767,0.956229582579131
NDST3,4,0.941319475438567,8.47187527894711,0.838025103988706
GUCY1A1,3,2.84831732405425,11.393269296217,0.774915068250497
HPGD,4,1.48032301733477,13.3229071560129,0.842737693477629
NAA15,4,0.403993493186851,3.63594143868165,0.760015785246496
PRMT9,4,1.30959054182719,11.7863148764447,0.771515338650539
MOCS2,4,0.912669971497793,8.21402974348013,0.899288319549132
ELOVL7,3,0.173012127589568,0.69204851035827,0.986004357257653
RNF180,4,0.715100429437505,6.43590386493754,0.855662270412473
STARD4,3,0.883631717051826,3.5345268682073,0.839185905568694
NDUFS4,3,0.271462111467713,1.08584844587085,0.810373902352247
GPX8,3,0.632342234802216,2.52936893920886,0.937958274679557
ENPP6,,,,
TENT2,4,0.170256086491445,1.53230477842301,0.839791212661517
UBLCP1,,,,
GFM2,,,,
SLC6A18,4,0.154219581813813,1.38797623632432,0.929839369192531
ACSL6,4,1.02641598906924,9.23774390162319,0.962045518497268
UQCRQ,,,,
SLC35A1,,,,
FABP7,4,2.22741237282741,20.0467113554467,0.955161954412585
SFXN1,3,0.223527640845807,0.894110563383227,0.91555240545798
PDSS2,4,0.784555363738882,7.06099827364994,0.810024036443219
DAGLB,3,0.246693782391795,0.986775129567181,0.921645955092648
GALNT10,3,1.08648885032629,4.34595540130515,0.812676694587688
SLC29A4,,,,
FABP5,3,1.00781783149083,4.03127132596334,0.948597220121909
SLC13A4,4,0.467707821367382,4.20937039230644,0.900277729919527
LMTK2,2,1.41395820138831,1.41395820138831,0.8305443398898
ADCY1,,,,
PHKG1,3,2.25023906112926,9.00095624451705,0.763651238794446
NOS3,3,1.27419356787738,5.09677427150953,0.934237645947001
CA3,4,3.21388469896306,28.9249622906676,0.78160284386565
CDK5,4,1.4002714194779,12.6024427753011,0.908340015607465
SLC4A2,4,0.242155857798673,2.17940272018806,0.934273491702683
FASTK,,,,
ALDH7A1,3,3.10711913911175,12.428476556447,0.846927434647434
COX6C,4,0.842549059118269,7.58294153206442,0.838214151735677
SLC25A32,,,,
PDP1,4,0.520378310624698,4.68340479562228,0.89073236167089
NUDT2,4,0.495158100232618,4.45642290209357,0.900238778117687
SYK,4,1.26025928852518,11.3423335967266,0.919121626922968
ABCA1,4,0.59858234368735,5.38724109318615,0.901993054042096
METTL2B,,,,
FXN,4,0.90869332392804,8.17823991535236,0.768515039277746
CPA6,,,,
ALDH1A1,4,2.29950542309811,20.695548807883,0.914958962006101
HGSNAT,3,0.324077416636346,1.29630966654538,0.886024959481776
FBP1,,,,
PIGA,4,0.805885810440362,7.25297229396326,0.799710354628706
WNK2,,,,
NDUFB6,,,,
AQP7,4,1.19422400092637,10.7480160083373,0.756559610641535
AQP3,3,2.89639274066324,11.5855709626529,0.832855661444545
TRMT10B,4,0.303123643682214,2.72811279313993,0.874751339356381
PIGO,4,1.16955253769358,10.5259728392422,0.829093953654369
MELK,3,1.19249119989789,4.76996479959158,0.915370680903402
HECTD2,4,0.152458302187413,1.37212471968671,0.913756101688379
MARCHF8,4,0.524572754792914,4.72115479313623,0.822278462909055
PGM2L1,,,,
SLC16A9,4,2.43422456861843,21.9080211175659,0.893614736495275
FOLR2,,,,
INPPL1,4,0.158664377891927,1.42797940102734,0.937706394757127
CRYL1,4,0.432837522797257,3.89553770517531,0.939027966455923
RPUSD4,4,0.228672675641796,2.05805408077616,0.906096267234067
FAAH2,4,1.87126043272385,16.8413438945146,0.853778233717917
NUDT5,4,1.15547723642565,10.3992951278309,0.799122299333673
ATP5F1C,4,0.742186022489724,6.67967420240751,0.818072389088204
COMTD1,2,2.63805147647663,2.63805147647663,0.799045752377162
NSD1,4,0.288206191780373,2.59385572602335,0.791343713159041
PRDX3,3,0.678118982888991,2.71247593155597,0.878162231226778
PMPCA,,,,
AK8,4,1.02647310251274,9.23825792261468,0.78198445047933
HPRT1,4,1.4182664748422,12.7643982735798,0.756260918780567
RET,,,,
STK32C,3,0.505546855622599,2.0221874224904,0.819968752791445
PIP4P1,2,1.53089095438663,1.53089095438663,0.774532425505036
METTL17,3,0.749645328582624,2.9985813143305,0.841297039025452
SLC39A2,4,3.81744631767678,34.357016859091,0.856509817562433
METTL3,4,0.873526618642626,7.86173956778364,0.797044250127915
CYP2C19,4,1.27726414677628,11.4953773209866,0.813039287049293
HACD1,3,0.860970832907194,3.44388333162878,0.845519779751419
ABTB2,2,0.395725013318444,0.395725013318444,0.935759631840749
LIPC,,,,
GPT2,,,,
AMN,,,,
HIF1AN,,,,
NDUFB8,,,,
CKB,4,0.786432472472361,7.07789225225125,0.914518745497022
POLL,4,0.123837269949423,1.11453542954481,0.958427932143429
ASPG,4,0.435627585819313,3.92064827237382,0.957451706929651
SGPL1,,,,
PCBD1,3,0.446848701508301,1.78739480603321,0.956976298447694
FAM227B,4,0.476248880834919,4.28623992751427,0.937409835987764
SMPD1,3,0.627855825092914,2.51142330037165,0.7886913137547
ILK,,,,
TPP1,3,0.518071867150077,2.07228746860031,0.947785090374734
RAG1,4,0.191793878159256,1.7261449034333,0.959844820750222
CYB5R2,,,,
PLD4,,,,
TMX3,4,0.703946583370266,6.3355192503324,0.827018532238697
WEE1,4,0.91834483371672,8.26510350345048,0.754182811089121
MAPK7,,,,
PRKCB,4,0.798283674932455,7.1845530743921,0.918955471560313
NDST2,,,,
TK2,4,0.666821118455157,6.00139006609641,0.926888680164836
NNMT,,,,
ACSM1,3,2.31969121507669,9.27876486030674,0.817418530565621
PPIB,,,,
LDHC,,,,
LDHAL6A,,,,
LDHD,4,0.624281551153064,5.61853396037758,0.940827139203235
PEX11A,4,0.289974609908157,2.60977148917341,0.942274260614798
ANPEP,4,0.625591833375059,5.63032650037553,0.852725433715625
GLYATL1,4,3.89774605408987,35.0797144868088,0.75974071785577
PLK1,3,2.89171081833194,11.5668432733277,0.916680353841942
TGM6,4,0.304522858916853,2.74070573025167,0.837587808577679
MARS1,,,,
PDIA3,4,1.30761112993843,11.7685001694458,0.774547428301182
NAT16,,,,
B4GALNT2,4,0.73675309706488,6.63077787358392,0.913962401363594
PIP5KL1,4,1.05458293064732,9.49124637582586,0.909526240939688
ACSF2,4,0.584137958286702,5.25724162458032,0.952968967255354
SLC27A4,,,,
CERCAM,4,0.198950257690612,1.79055231921551,0.957115672996447
DOLPP1,3,0.391090428431649,1.56436171372659,0.903101257418422
UGT1A6,,,,
COQ7,3,0.30491809950869,1.21967239803476,0.916048670586061
DPEP2,4,0.641596901054535,5.77437210949082,0.80678569776375
ENGASE,,,,
ATP5MG,,,,
MYO5B,2,1.06383588775079,1.06383588775079,0.907549655048173
ART5,,,,
ACAA2,4,1.76000201218707,15.8400181096836,0.855788283604781
RRM1,3,0.542368348016455,2.16947339206582,0.852360678485178
FN3K,4,1.19295845043991,10.7366260539592,0.888582924578242
PRRT2,4,0.19035645060076,1.71320805540684,0.918074865406919
PPP2R3B,4,0.60615017972879,5.45535161755911,0.781295789668071
VKORC1,,,,
LPO,,,,
CA4,4,0.225255208876141,2.02729687988527,0.849829860749239
GPX4,4,0.411908722115014,3.70717849903513,0.916705744557876
MVD,4,1.69655212150543,15.2689690935488,0.937877587484428
KMT2D,,,,
AQP2,,,,
GPD1,,,,
CYP2S1,3,1.20522706362593,4.82090825450373,0.750835076945158
AXL,3,0.213384266056318,0.853537064225273,0.951153448895513
PLIN4,3,2.01176687075956,8.04706748303824,0.86541548512655
GLOD4,4,0.269686939617446,2.42718245655701,0.918138914345076
GPT,4,1.13472559449433,10.212530350449,0.75453062541194
SLC43A2,3,6.14013572606939,24.5605429042776,0.778406185942619
SRR,4,0.845556374618125,7.61000737156312,0.777409522048268
HSD11B1L,4,1.75433126157323,15.7889813541591,0.88028590377996
GGT6,4,0.993454829141972,8.94109346227774,0.887878855528296
KLK1,,,,
KLK2,4,0.147787123814876,1.33008411433389,0.966385103362599
ACER1,3,7.90595623688081,31.6238249475232,0.761734306969252
ANGPTL4,3,2.3379257094289,9.3517028377156,0.912881768915157
SPRYD3,,,,
SOAT2,,,,
NDUFV1,3,1.09545235815043,4.38180943260174,0.776707371946503
PRDX2,4,1.59328579692039,14.3395721722835,0.784771985404643
MRPL58,4,0.831622306571599,7.48460075914439,0.751324216905316
ATP5PD,4,1.17455722288701,10.5710150059831,0.750033317121852
MGAT5B,4,1.41595107410992,12.7435596669893,0.842208364129843
TK1,3,1.68800869736439,6.75203478945756,0.936136735030863
ECI1,,,,
ABCA3,,,,
FTH1,4,2.67237011544335,24.0513310389901,0.779388397626168
BSCL2,4,0.608970728478881,5.48073655630993,0.801264813574376
POLR2G,,,,
SLC3A2,3,1.67290510093886,6.69162040375545,0.755468632625923
ENTPD3,,,,
SLC22A11,3,0.272290105643743,1.08916042257497,0.898279739973385
MAP4K2,4,0.701357641643589,6.3122187747923,0.857269704460721
PBK,3,4.16572616527501,16.6629046611,0.89207646441534
PAFAH1B2,3,0.206733208280779,0.826932833123116,0.923063024547816
RNF187,3,1.13516531848192,4.54066127392767,0.769374878507637
GLYCTK,,,,
MGAT2,,,,
PDHB,4,0.69218319835169,6.22964878516521,0.856660630592807
ACOX2,,,,
DEGS2,4,1.9409522240126,17.4685700161134,0.900495649388013
DTYMK,4,3.4008204199231,30.6073837793079,0.75137931406333
MLKL,3,1.98031901104527,7.92127604418109,0.841176080321823
RFWD3,3,0.584168666686553,2.33667466674621,0.783019617158212
BMP1,3,0.663751436673093,2.65500574669237,0.847220348366976
POLR3D,4,0.297006051075346,2.67305445967811,0.771351944475133
SLC20A2,4,0.453148146583276,4.07833331924948,0.882256957576542
NDUFS5,3,0.74393560345173,2.97574241380692,0.827235334966003
UGT3A2,,,,
SLC16A4,,,,
CA7,,,,
GSTM4,4,1.2646311789164,11.3816806102476,0.873551436519207
PPIP5K1,4,1.00215496472537,9.01939468252831,0.759387463407894
LCMT2,4,0.643153314202499,5.78837982782249,0.860346793117554
GFM1,4,0.237596147068688,2.13836532361819,0.781986801059338
MAT2A,,,,
PLA2G4F,2,2.84128050333915,2.84128050333915,0.754494390803925
INPP5D,3,0.529664066267231,2.11865626506892,0.871608819394892
PPIC,,,,
JMJD7-PLA2G4B,,,,
ATP5ME,,,,
UQCRFS1,3,0.160646828997822,0.642587315991286,0.798159122544288
MAP2K1,4,0.17828559256943,1.60457033312487,0.877091287657983
ROR2,,,,
CHST14,3,0.761418434626025,3.0456737385041,0.858735870397544
CSNK1G1,4,0.355417005540441,3.19875304986396,0.917400835833716
CPT1C,4,0.526772460675139,4.74095214607626,0.917343862282125
XPO6,3,0.0581782289903507,0.232712915961403,0.942978950660548
CA5B,,,,
B3GALNT1,3,0.81552790641458,3.26211162565832,0.903798300431677
PGM2,3,0.648235653486319,2.59294261394528,0.751785563721636
STK32A,,,,
SLC33A1,,,,
SIN3A,4,0.34536190100914,3.10825710908226,0.841103802757601
PTK2,,,,
PTPN9,3,0.35063643287601,1.40254573150404,0.905702827716424
NPR1,,,,
METTL15,4,0.601219403656373,5.41097463290735,0.76706815965341
HEXD,4,1.23726843689988,11.1354159320989,0.878386329912528
BUB1,3,2.9260483398242,11.7041933592968,0.920798902465714
AGPAT2,3,0.157571900827887,0.630287603311546,0.965408112940551
FASN,4,0.609978512587221,5.48980661328499,0.923576898667684
DCXR,2,1.47030120829866,1.47030120829866,0.771396680772517
UGP2,3,0.933659786212133,3.73463914484853,0.850684343476935
BTD,4,0.31900393466733,2.87103541200597,0.932987882027449
CSGALNACT2,3,0.461671887109671,1.84668754843868,0.949581344139944
GUSB,4,0.720442099356651,6.48397889420986,0.808076142434321
MAP3K2,4,0.400487416860869,3.60438675174782,0.852367230382251
UBE2E3,4,0.245462088349172,2.20915879514255,0.955154142287392
SIK2,4,0.114103776362671,1.02693398726404,0.956136955248731
USP38,2,0.769537897210705,0.769537897210705,0.909898742694628
SLC16A5,4,1.72145695772928,15.4931126195635,0.903553186713062
ADPRM,4,0.375595733301427,3.38036159971285,0.820924665229258
FABP6,4,0.154219581813813,1.38797623632432,0.929839369192531
USP47,4,0.0808439733598709,0.727595760238838,0.921344332240944
GLB1,3,0.813416185757816,3.25366474303126,0.86493475791184
FAXDC2,,,,
CDK1,3,2.08422027693398,8.3368811077359,0.939772210254495
FABP4,,,,
FRMPD2,,,,
B3GNT2,4,1.20297147050647,10.8267432345582,0.845320155213859
SETMAR,4,0.0831245366523311,0.74812082987098,0.991595896789319
SLC30A1,,,,
DCLK2,,,,
SDR9C7,3,1.81596242064838,7.26384968259354,0.908455607174899
MGMT,4,0.473001311106209,4.25701179995588,0.916050820401629
HARS1,,,,
SLC23A1,4,1.14161597012562,10.2745437311306,0.832186872950837
NPAS2,3,1.04343263314992,4.17373053259969,0.765634626611997
NUDT9,4,0.448600284256991,4.03740255831292,0.810768684148498
ELOVL6,4,0.620198478374941,5.58178630537447,0.943087632259006
PFKFB3,3,3.23415098855019,12.9366039542007,0.790227036392258
POLH,4,1.23703332673816,11.1332999406434,0.832014742845475
SDR16C5,,,,
USP32,,,,
CEL,4,1.10721623667652,9.9649461300887,0.760925088295203
PPM1D,3,0.71213535353806,2.84854141415224,0.791813938717575
PLA2G1B,4,0.061390551956535,0.552514967608815,0.929839369192532
GSTA4,4,2.02477072609672,18.2229365348705,0.941997433552448
NDUFA3,,,,
HAS2,3,2.08688022133327,8.3475208853331,0.829569276147318
HS6ST2,,,,
ALK,4,2.84224314717376,25.5801883245639,0.801219198780275
KYAT1,3,0.326155380091789,1.30462152036716,0.932113683074592
INSR,4,0.46255344836515,4.16298103528635,0.921544397246583
FUT3,3,2.86367279064361,11.4546911625744,0.886706319918747
PRKCE,3,0.446987990961986,1.78795196384794,0.879191885316314
C1GALT1C1,4,0.340836545422109,3.06752890879898,0.935648104938981
RBKS,,,,
UGT2B7,4,0.548475461107922,4.9362791499713,0.8659116642799
GAA,4,0.290080461948011,2.6107241575321,0.900560895835367
ZDHHC16,4,0.874932522193239,7.87439269973915,0.878769485413384
CHST11,4,0.745399844570648,6.70859860113583,0.926460721054605
PGAM1,3,0.655060686846037,2.62024274738415,0.850750807809316
ESCO2,3,3.75076950094602,15.0030780037841,0.862762276797477
PDE7B,3,12.6291840122439,50.5167360489754,0.844720066023274
NAT1,4,1.89711243884021,17.0740119495619,0.801249523208927
POLR1C,,,,
PPID,,,,
ETFDH,4,0.52569993161371,4.73129938452339,0.815692165335809
FGA,4,0.061390551956535,0.552514967608815,0.929839369192532
PIK3CD,4,0.857329057250398,7.71596151525358,0.814251644385738
HDAC3,3,0.0626561173390853,0.250624469356341,0.922742638244115
GPHN,,,,
PAH,3,0.670250590647832,2.68100236259133,0.949274782762028
GATM,4,1.2034436748981,10.8309930740829,0.951451060798457
CTPS1,,,,
METTL18,4,1.94913158547615,17.5421842692853,0.768561482712932
RRM2,3,5.91954218100797,23.6781687240319,0.777960847531945
MRM3,3,0.27580931027515,1.1032372411006,0.807326594100618
AQP4,,,,
CYP4F11,,,,
CYP4F22,3,1.37240362413699,5.48961449654794,0.920695193922709
PPIH,3,1.46165383780518,5.84661535122074,0.88646060565366
LDHAL6B,,,,
THOP1,3,2.10467548834116,8.41870195336464,0.759744642225541
USP19,4,1.34096825814303,12.0687143232873,0.773706849742071
QARS1,4,0.726920518089534,6.5422846628058,0.923718001533899
NME6,4,0.627333135849043,5.64599822264138,0.823921329737461
MBOAT1,4,0.644378294460493,5.79940465014444,0.966159552423069
MACROD2,4,0.512283883448354,4.61055495103519,0.946490144410994
DPAGT1,,,,
CERS6,2,0.408757904412278,0.408757904412278,0.925561002421559
SPTLC3,,,,
TP53RK,4,0.207763636336,1.869872727024,0.829464964782285
B3GALT1,3,0.688579461214004,2.75431784485602,0.817263701999072
BPGM,4,0.713169504674481,6.41852554207033,0.81289000807461
ALG14,3,0.672984012225123,2.69193604890049,0.805536155362074
SUCLG2,3,1.2192780048695,4.87711201947801,0.85683437423856
FGGY,4,0.529377917650099,4.76440125885089,0.913615382214585
FUT9,4,0.225255208876141,2.02729687988527,0.849829860749239
AGXT,3,3.49866562500984,13.9946625000394,0.928073737025127
ACOT12,,,,
CARNS1,4,2.9035188265166,26.1316694386494,0.764838681615
PPP1CA,3,0.534602415453289,2.13840966181316,0.796455715156896
CTSW,,,,
PDE3A,,,,
RAD9A,4,0.477848154698559,4.30063339228703,0.90842174985237
FUT10,4,0.388228449981057,3.49405604982951,0.931601073982164
FADS6,4,4.13688465156957,37.2319618641261,0.895170054049825
CYP7B1,3,1.30575261065547,5.2230104426219,0.863902009146439
CES3,3,0.242881587102177,0.971526348408708,0.851137889182503
SSH3,4,1.17874238257503,10.6086814431753,0.79891099577189
CES2,3,0.634528765187961,2.53811506075184,0.898439620335019
NADSYN1,4,0.568883657806166,5.11995292025549,0.874233498114864
OXSR1,4,0.984307436719281,8.85876693047353,0.844763331653787
SLC22A13,,,,
LCLAT1,3,0.759660664604873,3.03864265841949,0.789620302944797
ADH6,,,,
SH3RF3,,,,
HPSE2,,,,
GRK2,,,,
HPSE,3,1.02256214491808,4.0902485796723,0.819890773171729
COQ2,,,,
ADCY5,,,,
PARP14,4,0.577734731248786,5.19961258123908,0.960238714811721
PARP15,4,0.061390551956535,0.552514967608815,0.929839369192532
ABCD2,,,,
GLRX,3,1.02839714396816,4.11358857587266,0.915307078938342
SLC2A14,4,2.73653414919995,24.6288073427995,0.756586681490197
PPP1R3B,3,0.907736672791283,3.63094669116513,0.863752226526406
MAP3K11,4,0.175545539827103,1.57990985844393,0.887791654802908
NAA20,,,,
PTPRM,4,0.376849883100765,3.39164894790688,0.86884156168064
FKBP2,4,0.749512502898268,6.74561252608441,0.772973476835936
PEAK1,,,,
GMPPB,,,,
SULT1B1,,,,
NUDT4,,,,
PC,,,,
NMNAT1,,,,
APOBEC4,4,0.424625440290802,3.82162896261722,0.841371356119679
SLC19A1,,,,
UQCRH,3,0.794725690286302,3.17890276114521,0.803694797837559
CNP,4,0.570064694673147,5.13058225205832,0.931459904429149
MARCHF10,3,1.23560926492759,4.94243705971038,0.752227431643382
PLK3,2,1.69625119846824,1.69625119846824,0.892642836687171
PHOSPHO1,,,,
ATP5MK,,,,
MARCHF3,3,1.23300296742057,4.93201186968228,0.911233776415256
CTSF,4,1.51907320651709,13.6716588586538,0.886925255400625
GSTA3,4,3.73836966231364,33.6453269608228,0.886385958874076
ZDHHC24,4,0.631481287162844,5.6833315844656,0.873133058758091
TRMT10C,,,,
PIGG,4,0.462729131748716,4.16456218573844,0.874497166714508
ADCY6,4,2.03087967313384,18.2779170582046,0.785186285831394
TNK1,4,0.302528534239698,2.72275680815728,0.883786559743973
SLC16A13,4,1.71303911934852,15.4173520741367,0.799622624621256
SLC6A19,4,0.424625440290799,3.82162896261719,0.84137135611968
ATP2A2,3,0.315724571849823,1.26289828739929,0.750400705766842
STARD6,,,,
GALNTL6,4,0.521600863007571,4.69440776706814,0.935883985291433
SLC26A9,3,4.77880160628296,19.1152064251319,0.852129904656294
UGT8,,,,
SLCO2A1,,,,
SLC29A2,3,0.83425232071531,3.33700928286124,0.842730138387304
BRSK2,4,0.849663319124409,7.64696987211968,0.842007698787012
B4GAT1,4,2.64949723407747,23.8454751066972,0.849585063171011
NDUFA11,,,,
PTDSS2,,,,
FUT1,,,,
SLC22A1,,,,
CHST2,4,1.28226313196572,11.5403681876915,0.803290837059734
ZDHHC14,4,0.4957358334347,4.4616225009123,0.788070805209983
ATR,3,0.46774376682882,1.87097506731528,0.868396351558665
UBE2C,3,3.54315367507536,14.1726147003014,0.922914909823667
GK5,,,,
PPM1E,,,,
PCCA,4,0.740116274700071,6.66104647230064,0.88291649694505
CTDSP2,4,0.251351317511449,2.26216185760304,0.9106091581613
GAL3ST3,3,1.9391182567002,7.75647302680078,0.867330384639069
CHST1,,,,
DOLK,4,1.17951612933523,10.6156451640171,0.868931162252057
PTPN2,,,,
LPL,,,,
POLD4,,,,
CLCF1,3,1.5032542129425,6.01301685177001,0.903324120116944
LIPT2,,,,
ALG10B,4,0.428266519321456,3.8543986738931,0.914000260140642
UCP3,,,,
UCP2,,,,
FOSL1,3,5.17123246603578,20.6849298641431,0.767142070966492
RPS6KB2,,,,
B3GNTL1,,,,
MSRA,3,0.16832371328091,0.673294853123639,0.913639891805491
CBLL2,4,0.061390551956535,0.552514967608815,0.929839369192532
ZDHHC21,4,0.605110060856134,5.44599054770521,0.832296302692631
UBE2O,,,,
AMIGO3,4,0.225255208876141,2.02729687988527,0.849829860749239
B3GALT6,4,0.124200544569381,1.11780490112443,0.908001597735751
IP6K1,3,0.485482787099983,1.94193114839993,0.871440015553889
GPX2,,,,
SPHK1,,,,
CIDEA,4,1.8934894554013,17.0414050986117,0.876378409612867
COX8A,3,0.192163395821819,0.768653583287276,0.94686743066479
B3GNT4,,,,
HSD11B2,,,,
RNPEP,4,0.347653107180308,3.12887796462278,0.958920464021759
CLK2,4,0.624623799204324,5.62161419283892,0.842294653125773
LPCAT4,4,0.269570379711893,2.42613341740703,0.864611267963568
SLCO3A1,4,0.20797536337419,1.87177827036771,0.894066382883516
PLAAT3,4,2.71506043275208,24.4355438947687,0.818379377117689
B3GNT5,4,0.268445810203005,2.41601229182704,0.898032051794178
RNF152,4,0.0581670100619425,0.523503090557482,0.95210729227814
ACSF3,4,0.288235548145492,2.59411993330943,0.895133329583524
TYMS,3,2.50939557496488,10.0375822998595,0.758683175753345
GCNT4,3,0.514982071304121,2.05992828521648,0.836884843073913
SHMT1,3,1.93792606944107,7.75170427776426,0.861065754688234
MTHFR,4,0.528458823269563,4.75612940942607,0.932302034031858
ZDHHC13,,,,
ACER2,4,1.00305675386507,9.02751078478564,0.838591593352058
POLE,4,0.580666777156666,5.22600099441,0.892490365754272
TALDO1,,,,
ULK1,2,1.22213132214298,1.22213132214298,0.899497699774159
RPS6KA3,3,0.277499329535669,1.10999731814267,0.787905920567006
B3GNT8,4,0.857173032833987,7.71455729550588,0.893000948050794
PUS1,4,0.605508930264649,5.44958037238184,0.752484867713029
CHD9,,,,
MAN1B1,4,0.777021222519016,6.99319100267114,0.905396013734156
UBE2U,4,0.211838300026089,1.9065447002348,0.887019573319419
ACOT4,4,1.36044966158873,12.2440469542986,0.800977241595264
SLC25A22,3,1.38727592905785,5.54910371623141,0.827533338837376
TBL1XR1,4,0.245363877030654,2.20827489327589,0.891627126912413
GBA1,2,4.56275103810719,4.56275103810719,0.76317739458072
ACAD9,,,,
PNPLA2,4,0.62998654198793,5.66987887789137,0.797509270867733
MBOAT4,,,,
POLR2L,3,0.502269434148427,2.00907773659371,0.878354871031185
UBE2N,,,,
IMPDH2,3,0.425679750337105,1.70271900134842,0.928279662495645
TSSK6,,,,
NDUFV2,4,1.17137308215235,10.5423577393711,0.777253880916181
GALNT11,4,0.546551531944447,4.91896378750002,0.911635148815241
GLDC,3,2.18367244786688,8.73468979146753,0.76431197183189
SLC25A20,4,0.428926403048278,3.8603376274345,0.965174715893932
CA8,4,2.68789065039409,24.1910158535468,0.78771243527521
ERBB4,,,,
ERN1,4,0.575040464270656,5.1753641784359,0.819613183506514
PARP10,4,0.646428373849128,5.81785536464216,0.970305397018314
NSUN3,4,0.252785528182983,2.27506975364685,0.951178166770825
DHFR2,4,2.46216020784431,22.1594418705988,0.850614213128151
COX5A,,,,
CPNE7,,,,
MPI,4,1.39425130728846,12.5482617655961,0.84136388793195
OPLAH,2,1.27468153384756,1.27468153384756,0.814511717204072
PFAS,4,2.91196950439104,26.2077255395193,0.756672810682315
HYI,,,,
TUFM,3,0.407992793921209,1.63197117568484,0.840381797786772
AURKB,3,3.911098928171,15.644395712684,0.886646642871187
DPM3,4,1.3283672304824,11.9553050743416,0.778634155899999
CYC1,,,,
FARSA,,,,
ALOXE3,2,3.02682706374805,3.02682706374805,0.822872665586787
FUCA1,4,1.00081818795738,9.00736369161639,0.947344546282841
NSUN7,4,0.671515445655377,6.04363901089839,0.938184545315469
MKRN3,,,,
ALOX12B,3,3.32722319694941,13.3088927877976,0.854378713263228
ALOX15B,4,1.92705058183481,17.3434552365133,0.910413300415179
PLD6,3,5.12279471961808,20.4911788784723,0.80021734835238
PIPOX,,,,
B3GNT3,,,,
SEPHS2,4,0.503261711902286,4.52935540712057,0.790118157525541
DCTPP1,4,0.95421684936311,8.58795164426799,0.809001442634784
PTGR3,4,0.280877535789108,2.52789782210198,0.93497870871998
CSNK1A1L,,,,
TH,3,3.9927113301593,15.9708453206372,0.769858489785862
F2,,,,
ZNRF2,,,,
SLC9A4,,,,
PAK2,3,0.599251489045354,2.39700595618142,0.834459538658733
CYP8B1,3,0.482117913104338,1.92847165241735,0.889627372503491
RNF182,,,,
FUT7,,,,
SLC47A2,4,1.84645513209336,16.6180961888402,0.928816889574884
CHST13,,,,
ZDHHC20,4,0.432924215864832,3.89631794278349,0.946133871152237
MAP3K15,,,,
PPA1,3,0.427655704017712,1.71062281607085,0.914449559164265
SSR4,4,0.502816418232789,4.5253477640951,0.778729428265933
ST20,4,1.36001097929111,12.24009881362,0.770410636088334
NQO1,4,1.41400862887812,12.7260776599031,0.818668876150952
SLC25A42,2,3.11168390713242,3.11168390713242,0.782792503313568
METTL23,4,0.252782904678785,2.27504614210906,0.825343243007933
MAPK15,4,1.53451242945388,13.810611865085,0.901709639064775
EHMT1,3,0.259872452676148,1.03948981070459,0.76955572603182
DHTKD1,3,1.0649269716662,4.25970788666478,0.843118812751398
POLR2A,4,0.423101343638961,3.80791209275065,0.892990148237143
AATK,,,,
ATG9B,2,0.491858045469877,0.491858045469877,0.984822576334323
COPG1,,,,
SLC9A9,4,1.6298011094947,14.6682099854523,0.923016776651248
RNF41,,,,
SLC2A4,,,,
ADO,4,0.514469948462649,4.63022953616384,0.787939250393377
MGAT4C,,,,
IDH2,2,3.82472828819524,3.82472828819524,0.792014939909314
ENPP7,4,0.424625440290802,3.82162896261722,0.841371356119679
UBA7,4,0.361651918552302,3.25486726697072,0.984665620357658
EXT1,,,,
SHMT2,,,,
CYB5D1,4,1.66534620682284,14.9881158614056,0.78120968556092
UBE2E2,4,0.186039429007819,1.67435486107037,0.81841320070854
B4GALNT4,2,0.262187328504907,0.262187328504907,0.833669960310512
LIPF,,,,
FES,,,,
LIMK2,4,0.633870417922423,5.70483376130181,0.803672165805035
ADI1,3,0.983861539336893,3.93544615734757,0.77885803993241
CSF1R,3,2.51033005749061,10.0413202299624,0.753064124870034
HS3ST4,,,,
PLCB1,3,0.601920285793658,2.40768114317463,0.756477277897571
TTC3,4,0.474846428303145,4.2736178547283,0.806279581927043
ALG12,,,,
GALNT9,,,,
GLUD2,3,1.18511547976483,4.74046191905932,0.909344086615179
SLC25A18,3,0.636843866545249,2.54737546618099,0.78912891270471
PYCR1,,,,
SLC8A1,4,1.94762657201437,17.5286391481293,0.830068776652262
SLC25A21,,,,
ABAT,4,0.530125704292367,4.77113133863131,0.860922014936472
SLC25A10,3,5.24533242461981,20.9813296984792,0.801685869579111
CAMK1D,4,0.874918938714696,7.87427044843226,0.864402761945618
AFMID,3,0.324267900317837,1.29707160127135,0.92660491563167
CHST6,3,5.37588161509955,21.5035264603982,0.75232757676975
EPHA10,,,,
RIPK4,4,0.416262123605142,3.74635911244628,0.79061133671504
TREX2,3,1.05813327885143,4.23253311540572,0.954457962643207
ACSM5,,,,
NDUFB1,4,0.878240517451187,7.90416465706069,0.838616294618187
MARCHF11,3,0.274104447001393,1.09641778800557,0.817263701999072
TRMT12,,,,
UPP1,4,2.53810472726544,22.8429425453889,0.947053944833111
ACP7,2,16.5630002562267,16.5630002562267,0.777107584917798
CHEK2,3,3.24718304385895,12.9887321754358,0.750238004273621
B3GALT5,,,,
NUDT14,4,0.159123762910823,1.43211386619741,0.969752295898573
SDR42E2,,,,
PRKX,4,0.839203288977407,7.55282960079667,0.890209805525249
KMT5A,3,0.804169116476425,3.2166764659057,0.775083741538021
ST6GALNAC3,4,1.68029213788681,15.1226292409813,0.811585917516179
PTP4A2,3,0.398508451816786,1.59403380726714,0.865557008464304
UQCR10,3,0.613497650850725,2.4539906034029,0.788635085983949
LRRC51,4,0.709752950489287,6.38777655440359,0.834565458469217
UBE2F,,,,
PGP,3,1.56580108335053,6.26320433340212,0.798698241615172
DGAT2L6,,,,
IRAK1,,,,
ACOT1,4,1.40053838776826,12.6048454899144,0.867390848951809
ALDH1A3,3,0.90206991722956,3.60827966891824,0.976966062726215
PRKD1,4,0.712804594599295,6.41524135139366,0.931997626541516
ZDHHC23,4,0.639698937761952,5.75729043985757,0.841904254307249
SRPK3,4,1.24343729707103,11.1909356736393,0.795957799863489
COPB2,,,,
TXNRD2,4,0.54769890588027,4.92929015292243,0.752188028203312
PTP4A3,3,1.01445161339085,4.05780645356339,0.780351246145006
DUSP8,2,5.78883611881005,5.78883611881005,0.806299248417843
PDE4B,,,,
NDUFA12,,,,
UBE2G2,,,,
SATL1,3,5.94177146238086,23.7670858495234,0.90958275323064
USP18,3,3.88520614080097,15.5408245632039,0.828243151077697
NDUFA6,,,,
SLC22A10,,,,
DGAT1,3,0.474383401713129,1.89753360685251,0.761835282270359
NT5C1B,,,,
CA13,4,2.47244966493161,22.2520469843844,0.815402253319994
SLC24A3,4,0.405208547197574,3.64687692477817,0.850418138403785
ADSS1,2,1.69768817198064,1.69768817198064,0.820244705966224
INPP5J,,,,
PRMT3,,,,
PPIL6,,,,
GALNT17,3,1.26544955432607,5.06179821730428,0.785289915712426
CDK10,,,,
ATP6V0A2,,,,
PRKN,4,0.766639288853203,6.89975359967883,0.93301598785147
HS6ST3,3,0.440032978337389,1.76013191334955,0.886443102364545
MAPK11,3,1.22518982752328,4.9007593100931,0.888794241766076
SMYD3,3,1.52499852837403,6.09999411349612,0.754172040026234
TMT1A,4,5.93508163715216,53.4157347343695,0.927744906043813
ROR1,,,,
PDE6G,4,0.83561956812257,7.52057611310313,0.801808113204911
PRKG1,4,1.83856259027109,16.5470633124398,0.815679282803092
PDIA2,,,,
UBE2L3,4,0.111858039231215,1.00672235308093,0.849162188620862
PIGP,4,0.282533180850557,2.54279862765501,0.955739937887357
PCYT2,3,2.98472896101657,11.9389158440663,0.760576044164385
NAT8L,,,,
BCAP31,,,,
THNSL1,4,0.329667320860841,2.96700588774757,0.92091483826804
ATP6V0C,2,1.8340064556798,1.8340064556798,0.825478240976095
TMLHE,4,0.558952915776369,5.03057624198732,0.847092581211683
GRK1,3,0.892404196605148,3.56961678642059,0.768247511246149
ATP4B,,,,
NDUFA13,,,,
CYP2R1,4,0.752154096797501,6.76938687117751,0.908251193477381
PIP5K1C,4,0.3649305648825,3.2843750839425,0.886958101265118
CYP4F2,,,,
POLR3C,4,0.132572992700301,1.19315693430271,0.950068453758426
WWOX,4,0.396926719159674,3.57234047243706,0.957337578728327
CYP4Z1,,,,
POLR1D,,,,
ZNRF1,4,0.959198908345581,8.63279017511022,0.86392796900273
CYP4F12,4,6.60992607655524,59.4893346889972,0.762632620176187
GPAT2,4,1.23650353891734,11.1285318502561,0.832856820228361
SLC36A3,,,,
SLC36A2,4,0.324824705193362,2.92342234674026,0.888207803195565
RXRA,2,1.24520753872043,1.24520753872043,0.80900544276967
CYP4X1,4,1.14971107789278,10.347399701035,0.873159851584269
CYP4F8,3,1.81657316822235,7.26629267288942,0.92438333447278
CYP4F3,4,1.27185419404808,11.4466877464327,0.863336960450933
UBE2H,4,0.78535054996437,7.06815494967933,0.841133032114399
PDE2A,3,1.29040311816594,5.16161247266377,0.810946972249062
BCDIN3D,,,,
BCR,3,0.204224059698058,0.816896238792231,0.908367390553251
HYAL3,,,,
ZDHHC17,,,,
PPARA,4,0.203234317029406,1.82910885326465,0.952858814969842
PNLIPRP1,,,,
PTRH1,,,,
CYP4A11,4,1.9552251060667,17.5970259546003,0.806197131875497
PLCD1,,,,
ENTPD5,4,0.748873284680394,6.73985956212355,0.819594287804025
AKR1C1,,,,
GCNT1,,,,
KCNJ11,,,,
NHLRC1,,,,
COX8C,,,,
DHRS4L2,4,0.451932254220838,4.06739028798754,0.946278238175516
B3GLCT,4,0.383592721878505,3.45233449690655,0.825404661831477
ADH1A,4,1.12154317173155,10.093888545584,0.850460910435793
RNF133,4,0.651965825799621,5.86769243219659,0.756443102579816
PLA2G4E,,,,
MAPK12,3,0.44114096890981,1.76456387563924,0.917722255039452
TMPPE,,,,
PRKAR1B,3,1.1669134143027,4.66765365721078,0.831939952751666
HYKK,4,1.74461297132267,15.7015167419041,0.840186515858248
SBK1,,,,
SLC38A3,,,,
PPP3R2,4,0.061390551956535,0.552514967608815,0.929839369192532
SLC24A5,4,0.188402821648259,1.69562539483434,0.956091243476298
DUSP28,4,1.97186947044856,17.746825234037,0.770092717523196
FBLL1,,,,
ASAH2,4,0.37672484548445,3.39052360936005,0.751261243165205
DPYD,4,0.385732849022055,3.4715956411985,0.957434725528793
IDO2,,,,
SLC4A5,,,,
UROS,4,1.975016214722,17.775145932498,0.823771045854358
ZDHHC9,,,,
ZDHHC11,,,,
ENTPD8,,,,
LRRK2,4,3.61455942363106,32.5310348126795,0.832379853526354
HACD4,4,2.45260046686804,22.0734042018123,0.876177014470156
NDUFA4,4,0.743374166187861,6.69036749569075,0.762887674231044
MAOA,,,,
FHIT,,,,
ALG1L1P,4,1.78656550737477,16.0790895663729,0.768750288503204
PTPRT,,,,
SERPINA3,,,,
AKR1C3,,,,
ACADSB,4,0.590535326097104,5.31481793487393,0.961983001582087
CTSE,,,,
PPIA,3,0.318116072606715,1.27246429042686,0.856295253875545
ATP2A1,,,,
IARS1,,,,
STK31,4,1.50272781181073,13.5245503062966,0.841026838040355
ADH7,4,0.845891875196416,7.61302687676775,0.976018070374485
NUDT11,4,0.264383572649912,2.37945215384921,0.903645324002246
FUT4,,,,
PTPN1,3,0.20804904871807,0.832196194872281,0.929567259766661
EPHB4,3,1.2070145475711,4.8280581902844,0.776821446424158
SIAH1,,,,
NCOR2,4,0.390684480348217,3.51616032313396,0.891545251867883
SULT1A1,3,0.731135517181522,2.92454206872609,0.920960877451114
TPK1,,,,
SLC6A9,4,0.42081310414908,3.78731793734172,0.929915989230567
MAN2A2,4,0.741101881029027,6.66991692926124,0.766291232105889
ADH1B,4,0.409865449170173,3.68878904253155,0.857901271712883
DAPK1,4,0.595179229360468,5.35661306424422,0.892613375903553
GM2A,4,0.183486645028362,1.65137980525526,0.880566514006236
ADA,,,,
FUT11,,,,
GAL3ST4,4,0.443544865978683,3.99190379380814,0.96202444016206
SLC25A29,3,1.55420587108223,6.21682348432892,0.876821186405047
PGAP1,4,0.319190360549972,2.87271324494975,0.949994096332657
SRC,3,0.241831869662019,0.967327478648077,0.837503122067333
ACSL5,,,,
SULT1A2,,,,
NEK5,3,0.613427537808397,2.45371015123359,0.876358121648046
SLC22A4,4,2.35747440209767,21.217269618879,0.759360417502197
ENTPD4,4,0.287711201006921,2.58940080906229,0.893558686508884
SERPINA1,2,4.11142922548348,4.11142922548348,0.836757589437242
FITM2,4,1.02347932371535,9.21131391343818,0.750536764424782
TRIM33,3,1.93199553016862,7.7279821206745,0.77274086483481
UAP1L1,,,,
SLC22A5,4,0.455601727445131,4.10041554700618,0.900172093182823
FABP12,,,,
SHPK,,,,
MAP3K5,4,0.721857083425746,6.49671375083171,0.865899599199462
OGDHL,3,2.0658709441418,8.2634837765672,0.794647355858392
CYP2F1,,,,
GSTK1,4,0.603261428824787,5.42935285942308,0.939062300519568
SLC2A10,,,,
SLC28A3,3,0.225443500247954,0.901774000991815,0.977778039016151
MIB2,3,0.273803117836191,1.09521247134476,0.873587779783623
BCO2,3,1.30490811729999,5.21963246919997,0.915592275357842
ENTPD6,,,,
ENPP1,3,1.84837194014962,7.39348776059847,0.862832585469248
FAR1,3,0.130031697490739,0.520126789962955,0.962003880558558
RPE,,,,
PSAP,4,0.29642349810049,2.66781148290441,0.918270797716605
TXNRD3,4,0.791234117122853,7.12110705410568,0.878578661206066
SLC9A8,3,1.02148930335026,4.08595721340106,0.771127234436115
GPAA1,4,0.573108915248145,5.15798023723331,0.770048667767196
SLC22A12,,,,
ADH5,3,0.901188433967149,3.6047537358686,0.889900925845737
SLC22A6,,,,
PLCG2,,,,
DNM3,,,,
ELOVL2,4,1.02425167535848,9.21826507822634,0.850050060985065
IRAK4,4,0.96644897255007,8.69804075295063,0.894300188010578
MARCHF5,4,0.212304822630304,1.91074340367273,0.834484469278274
AKR1B10,,,,
SULT1C4,3,0.279788262520389,1.11915305008156,0.903707618271735
CYP2A7,3,0.274104447001393,1.09641778800557,0.817263701999072
NUP62CL,2,4.03836750616325,4.03836750616325,0.750923556837215
ADH4,3,1.63938714638275,6.55754858553102,0.81535312989295
CHSY3,,,,
HIBCH,3,1.36797598790803,5.47190395163213,0.85235645156595
MAN1A2,4,0.44616989376556,4.01552904389004,0.819505102436967
HSD17B11,4,1.97760914231307,17.7984822808176,0.882195115878632
SULT1C2,,,,
SLC29A3,4,1.20145063844163,10.8130557459747,0.856095177935097
UCKL1,,,,
PIM3,4,0.512618166734627,4.61356350061164,0.845212360414784
ASPH,3,0.712121480860695,2.84848592344278,0.8300249635247
WWP2,3,0.407111641687888,1.62844656675155,0.889543960862507
NTRK1,,,,
TXNRD1,,,,
SLC34A3,,,,
AKR1C4,,,,
NCOA6,4,0.125320942025705,1.12788847823135,0.928365199878425
STK39,,,,
TAT,,,,
CALM1,,,,
PAPSS2,,,,
ABCA4,,,,
GPX6,,,,
ECI2,3,1.11997680415933,4.47990721663732,0.896294168189516
SMURF1,3,0.144976658358648,0.579906633434594,0.925952639697307
PLXNB3,,,,
OXCT2,,,,
COLGALT2,,,,
PNP,3,3.59139434105785,14.3655773642314,0.794001697920548
GK,,,,
INPP5F,4,0.14173697355351,1.27563276198159,0.921748582784691
STYXL2,,,,
CES1,3,6.41835949465111,25.6734379786045,0.865397589523904
PRMT6,4,1.64763676174033,14.8287308556629,0.841879690000406
MAP3K3,4,0.558705348339353,5.02834813505418,0.87286771233943
L1CAM,,,,
DZIP3,4,2.04631389031368,18.4168250128231,0.863245627887946
APRT,3,0.850859956207908,3.40343982483163,0.836010272566621
NAGA,3,0.893777577686725,3.5751103107469,0.843945555210682
TGM2,,,,
PJA2,,,,
SGMS1,4,0.810443904676204,7.29399514208584,0.920021406572501
EEF1AKMT2,4,1.08423374957915,9.75810374621232,0.849028320973886
DDO,,,,
PLPP4,,,,
HSD3B1,,,,
GLT6D1,,,,
INPP5B,,,,
NEU4,,,,
AWAT1,,,,
BMPR2,4,0.396294479389255,3.56665031450329,0.916156079948541
RING1,,,,
HSD17B8,3,1.52395941030891,6.09583764123565,0.753719982119976
RNF5,3,0.711551285161909,2.84620514064764,0.884599461969078
AGPAT1,3,1.1113071650661,4.44522866026441,0.803048479509164
STK19,,,,
SDHD,3,0.472454925640401,1.88981970256161,0.811226034959464
EHMT2,4,0.866678182793835,7.80010364514451,0.918357613878004
SLC44A4,4,4.0502536459014,36.4522828131126,0.799929392783441
NEU1,3,1.14006616090048,4.56026464360191,0.831579378168781
VARS1,,,,
DDR1,4,0.140923011085244,1.2683070997672,0.972506380553935
SLC35B4,3,1.6462854124256,6.58514164970239,0.768226664540727
CDKL4,,,,
PDE7A,,,,
NT5M,3,0.202338643779929,0.809354575119717,0.960698413590406
CPT1B,,,,
PLPP6,4,0.65262890021915,5.87366010197235,0.859174698197707
ZDHHC11B,,,,
ATP10A,4,0.234047093993731,2.10642384594358,0.956741674020275
HACD2,3,0.0359117366072535,0.143646946429014,0.97553561035937
GPX3,,,,
DIO2,4,5.07489855503304,45.6740869952973,0.835946167378062
DIO1,,,,
SACM1L,4,0.26427714258069,2.37849428322621,0.928354717860897
TSSK1B,,,,
NUP62,3,0.408304793939089,1.63321917575636,0.872065558576321
KLHL23,3,0.881920339155896,3.52768135662358,0.843193489739614
LTC4S,,,,
QTRT1,,,,
GSTM2,4,1.25955876387415,11.3360288748673,0.928988720377162
HEXA,4,0.633334590204815,5.70001131184333,0.890350348782234
NDUFS3,3,0.755991998733131,3.02396799493252,0.797584856493765
TREX1,4,0.175758106351595,1.58182295716436,0.977416748463453
DDAH2,4,0.31465741744231,2.83191675698079,0.91445547608521
ATP6V1G2,,,,
MDP1,,,,
CSNK1E,2,0.760201938716482,0.760201938716482,0.853964679384413
GALT,4,0.882616225441035,7.94354602896932,0.923193450491895
GANC,4,0.683262038439498,6.14935834595548,0.925835411251224
WEE2,4,0.601333789569978,5.4120041061298,0.918734059017233
ALG3,,,,
NEURL1B,2,6.65134566090991,6.65134566090991,0.807547320543449
ACSM4,,,,
UBE2QL1,4,1.42781924209329,12.8503731788396,0.758396535551388
CYB5RL,,,,
PPP2R2A,3,0.213574790812718,0.854299163250872,0.943222310522636
FADS3,3,1.06461891507431,4.25847566029725,0.889012002587308
PPT2,4,2.5945875965026,23.3512883685234,0.778573616438036
USP17L2,,,,
CKMT1A,2,1.28613535610326,1.28613535610326,0.866340476038623
CERS1,,,,
SLC26A6,3,1.3267662995758,5.3070651983032,0.862430404090046
PGAM4,,,,
AKR1B15,4,2.31356647373214,20.8220982635893,0.839097769923619
DHFR,4,5.07993383937014,45.7194045543313,0.765663224817927
SAPCD1,,,,
GK3,,,,
GPX1,4,0.686171898585031,6.17554708726527,0.798662687932843
APOC2,,,,
RPEL1,4,0.767141560441164,6.90427404397047,0.885183702744784
B3GALT4,4,0.687898220438928,6.19108398395035,0.931480774899839
PPIAL4G,,,,
B3GNT9,4,0.449100919781852,4.04190827803667,0.949218282632068
CKMT1B,2,0.909634669421165,0.909634669421165,0.87352454472821
RNF103,3,0.785010588546162,3.14004235418465,0.901975594863516
NME1,,,,
ADSL,3,1.09421868781794,4.37687475127178,0.81751401059901
AMY2B,4,0.64585473351182,5.81269260160638,0.887144097284923
ACAD11,,,,
PPIL3,4,0.885647862383319,7.97083076144987,0.899844433204223
AQP1,,,,
RDH14,4,0.839713428513303,7.55742085661973,0.781306992795448
PLCXD2,2,5.18276594103327,5.18276594103327,0.845884792193714
MIF,,,,
NSUN6,4,0.955195881518653,8.59676293366788,0.792065953346378
CRCP,,,,
RPL36A,,,,
PDXP,,,,
EGFL8,,,,
ATP5MF,3,0.991373800629955,3.96549520251982,0.750270585873064
UGT1A1,,,,
INMT,,,,
ATP5PO,,,,
PISD,4,1.22632283110737,11.0369054799663,0.770495782866665
HOGA1,3,2.66829361567285,10.6731744626914,0.856460282407533
AMACR,4,1.35166604409591,12.1649943968632,0.895714817568831
UGT1A8,4,0.651965825799621,5.86769243219659,0.756443102579816
UGT1A10,,,,
DECR2,2,0.89149564460115,0.89149564460115,0.774907213941365
EIF4EBP3,,,,
NAA80,,,,
NME2,3,1.15004676587426,4.60018706349705,0.788529126217636
PLA2G4B,4,1.72534246845536,15.5280822160983,0.832885674807525
LEFTY1,,,,
ACY1,,,,
DDOST,3,2.05742711290873,8.22970845163493,0.769665147434916
UGT1A7,4,1.20315569745248,10.8284012770724,0.855162490182762
UGT1A4,,,,
SCARF2,,,,
PGAM5,,,,
MARS2,,,,
USP51,4,0.445394457848524,4.00855012063672,0.968801688523238
BCKDHA,,,,
INSL3,,,,
GBA3,,,,
TRMT9B,4,0.615008840736282,5.53507956662654,0.919673749337999
CDK3,,,,
ATP6V1E2,3,1.92004243647926,7.68016974591703,0.755596354157279
PRODH2,,,,
ALG1L2,3,0.59480039050456,2.37920156201824,0.923940023314553
PRKDC,3,0.671317625015639,2.68527050006255,0.866253541576801
LYN,,,,
CHMP4A,,,,
FPGT,4,1.00529028243062,9.04761254187558,0.920691074706836
CYP2A6,,,,
CTSO,4,0.961338786667987,8.65204908001188,0.761686847121729
HMBS,,,,
POLG2,3,0.661685799644657,2.64674319857863,0.783457999872742
SLC5A8,4,2.07155130186445,18.64396171678,0.791668739248454
MGAM,4,1.71809719701558,15.4628747731402,0.785180642208462
FNTB,4,1.3645353226808,12.2808179041272,0.883440370034697
GALNT4,,,,
PDF,,,,
FPGT-TNNI3K,4,1.87585898640974,16.8827308776877,0.87843447970823
THTPA,,,,
NUDT3,3,0.576203162483533,2.30481264993413,0.85017226745118
